id_cliente,prediccion
2,0.7609759840836533
3,0.3362601971896064
7,0.49917535694500287
10,0.5556219753560271
11,0.8436715842112292
12,0.5401689986988332
14,0.4919044096403145
16,0.461699603083861
25,0.3097845055490789
32,0.43078548293034186
38,0.3906989354664649
42,0.7553985747694373
63,0.8146046168867243
65,0.6783186686941158
70,0.8198175005769387
74,0.48630357525419254
76,0.5898455264910673
83,0.5013498720165875
90,0.6859382614342859
98,0.5583206850181311
104,0.6212126980061874
121,0.6764732991504109
124,0.7266352502862727
125,0.4877380548305141
137,0.6548534437581425
143,0.31832819572000065
144,0.48555251496218216
157,0.5048487732997443
163,0.6143140764904856
197,0.6438663948141847
203,0.5913770617211723
205,0.4709292233555415
209,0.5630227794021442
228,0.5289341766508086
231,0.6426807587379361
237,0.554776712733088
243,0.43493732073404234
247,0.34449563265883537
249,0.5277260193395902
253,0.5099436716195975
261,0.8360320679029937
263,0.2744754540580037
275,0.23267300063503224
279,0.8693819588461396
280,0.7064317663862655
292,0.7188942507655719
297,0.7860866850517084
299,0.5661622198209003
302,0.19377666729431087
304,0.6318719607487205
308,0.9140868738132181
318,0.8010258304315822
319,0.52969442812538
323,0.5495559420370999
325,0.5591283864199879
339,0.4792455355812717
340,0.4874160817583782
355,0.47379735090080627
359,0.8858298670919617
368,0.44261967066386043
371,0.4369193050088256
378,0.6580274282589503
390,0.5031413480077168
392,0.7948160397911799
409,0.8859849997015004
412,0.5754250008560536
420,0.5088398204508616
422,0.7812431749146063
428,0.5407793202773752
429,0.3274164422118988
430,0.8573436994483843
434,0.3263390451520629
437,0.7319740854561942
447,0.35726349263473206
464,0.6754575105383231
466,0.58591699624288
468,0.8291674542558379
470,0.6907126155204738
473,0.42107455605166433
475,0.6722108477089821
476,0.6016512351458722
480,0.21220715045673355
483,0.5830292097222847
487,0.5399787404825475
495,0.8318394969443994
496,0.4865957469724876
499,0.5914187886014985
502,0.5379593673929532
504,0.6458095387466806
508,0.6170506850144029
514,0.7951953639175746
515,0.48468246470455023
538,0.668053796676977
548,0.5140373658594827
551,0.6970736196298234
553,0.5137504247401161
560,0.2091332129163431
564,0.45674035335314905
572,0.6440901744509536
577,0.12222480107363434
578,0.6698365367682076
591,0.26933691353796535
593,0.44713568339763393
604,0.5897060068975113
606,0.6858145303081626
614,0.414691350659141
616,0.3388725235376649
622,0.7625487487953477
626,0.19102892941433103
632,0.25256862625662774
637,0.6441941528581713
640,0.41638348464198355
647,0.40983152410097473
648,0.6108369713058711
653,0.8567707054344759
654,0.7212657646404741
659,0.7410575600388982
661,0.5325130502562332
670,0.29873308809255245
671,0.43844221398544825
673,0.8183518736451642
674,0.5294005662819272
682,0.5557094157690297
683,0.5235061135900951
687,0.41246889133798387
688,0.3275711900611342
689,0.726145379620447
701,0.4746122974884278
705,0.6984441033221745
707,0.6889233359046528
710,0.6089425340395371
714,0.6502771099933472
716,0.48739292339653634
717,0.6126263457132445
729,0.37537981563439865
732,0.534998386736347
734,0.5203039305005097
736,0.7544411750413708
742,0.504263946797034
750,0.8100131929545631
764,0.6106049555544995
767,0.407215389450793
768,0.8624271534862431
774,0.8798167810784077
777,0.7768768005674676
784,0.5489193126369624
785,0.46949812941332414
786,0.8492297061913359
787,0.8929834839526107
788,0.740577422425919
790,0.4497121359472824
794,0.5107318449733925
796,0.49266760516267094
802,0.596807307040188
812,0.4939334685492694
814,0.2226804990602941
816,0.25925079413133423
817,0.373926142584714
834,0.7933251369505339
835,0.5180839716995637
836,0.5938062126798762
837,0.4391957390268354
840,0.37484648268730403
841,0.3021594854543686
854,0.2899032944883125
858,0.4367855753385955
859,0.4575560342165977
883,0.7665838765896802
887,0.3366349311622481
902,0.4574267548050347
913,0.4800178466713906
915,0.7612037465528492
916,0.42378960259539494
917,0.49546165930447167
924,0.4957480796223408
929,0.7503275005334953
933,0.41687896276389863
936,0.8856404535818397
941,0.7137146686602741
946,0.5662212311189693
948,0.6758275125843307
952,0.5117378188817785
959,0.41096547879888473
963,0.44487949670972954
965,0.3594408213980359
970,0.8530814214457859
975,0.6653933223322129
979,0.507019585692775
982,0.6101418413181321
986,0.5006169040649234
992,0.8414296529283932
1003,0.38505999900953536
1004,0.813226488496027
1007,0.5080733111740079
1014,0.7588666213102004
1017,0.382727939002327
1018,0.5049308295486995
1043,0.7144134511250462
1046,0.3289085580042391
1052,0.3587314935070665
1061,0.2192062117681464
1063,0.47376317326070716
1064,0.6245484117760846
1067,0.5663323546601153
1070,0.41523178785369386
1075,0.2602189101246259
1105,0.7010965065111492
1116,0.8681590305076672
1117,0.5569048939599219
1123,0.7091653257284821
1125,0.8618122211015754
1132,0.5287875227664854
1160,0.7097782934782509
1161,0.5521091588906599
1165,0.6699671731357062
1171,0.6717947524256778
1181,0.5333786611963734
1185,0.6033331915913843
1197,0.8588134563907842
1202,0.655427674636619
1205,0.15919434530812526
1206,0.45786199315506665
1213,0.8141264419172329
1216,0.6062996059238384
1228,0.5652769920648913
1232,0.6196601833728125
1238,0.3176894748296425
1241,0.45246760806851105
1246,0.5579270827111524
1258,0.688629968571426
1263,0.7375538406825266
1289,0.506367446380628
1301,0.6255422239624118
1302,0.2048987840033062
1303,0.524492782104371
1312,0.7619587484624903
1314,0.4762311744427335
1322,0.3710263039321059
1326,0.7196724447831468
1328,0.5777548430463778
1334,0.7293829230117771
1336,0.4421646338815797
1337,0.5054748657597166
1338,0.3782494029712013
1340,0.6611681356939252
1361,0.795618058424654
1365,0.5066322311773248
1368,0.8071966394652627
1370,0.6429418547008979
1378,0.7828566800883733
1381,0.64404528472331
1388,0.4288711135141044
1393,0.5417403776325873
1395,0.7232676267423014
1400,0.3907162017299009
1404,0.19818646434804155
1405,0.35019008347073166
1411,0.5275562448182226
1414,0.46138442288204384
1415,0.10756186705012596
1420,0.7736853903503603
1425,0.43622824801487337
1434,0.5785326385552124
1453,0.733565639350224
1455,0.9230414118394634
1460,0.40189500010766604
1465,0.5726620015335426
1474,0.47517757677197336
1475,0.2668052301155912
1476,0.6151341215305737
1477,0.44410254624002865
1489,0.2729979461437912
1495,0.3369573019116962
1496,0.6191497744638663
1501,0.7137233801499921
1504,0.2158707704875495
1506,0.6056841826580592
1516,0.4687404012797806
1535,0.6329653891380952
1541,0.27590736377707764
1546,0.31436651859862025
1552,0.3073946374062261
1558,0.8184350803708301
1559,0.5032575892849077
1564,0.2967546936071502
1566,0.4525930294876047
1567,0.44987407286570297
1573,0.8904389752724342
1576,0.34383190752664916
1577,0.4993444143758711
1578,0.5582370506856141
1586,0.7001068313922392
1587,0.3540801025347256
1589,0.6956368498743766
1591,0.6816404091063393
1592,0.4120678723285185
1598,0.4768203306175333
1602,0.5186915932627235
1604,0.45505694024780974
1606,0.6775418466137162
1614,0.2437776058160569
1615,0.695351440835009
1619,0.44877615345602095
1623,0.5387286744943094
1631,0.8708197609745996
1639,0.18556894642746072
1648,0.15927201881628128
1659,0.5625262888300295
1669,0.570023964602016
1673,0.38189412584618665
1678,0.5877825126548352
1682,0.6469395652661609
1683,0.46593144426760874
1692,0.4212942746199875
1693,0.3628879069060236
1695,0.3886232706946491
1698,0.6241287922804373
1706,0.5939260164829137
1709,0.5416450668222793
1710,0.8367419981003009
1719,0.7581447046425585
1720,0.2970257882410359
1726,0.45271783116545167
1730,0.6809223096348941
1732,0.4994783731163022
1733,0.5028765099490967
1736,0.32262957208231463
1743,0.5243573291015027
1751,0.5210842765298567
1752,0.5798073070965123
1754,0.7849777446110244
1756,0.20521911180589006
1760,0.5422340623495266
1765,0.5146274301390052
1776,0.7952721897652696
1778,0.25640058472213656
1779,0.6418333075444157
1781,0.20193912247459503
1795,0.6089877203806958
1808,0.2677467479627973
1809,0.5289251856966034
1814,0.5280088564254605
1821,0.43081052507675055
1822,0.3460927052789413
1824,0.7735576172440815
1827,0.8566120495364734
1834,0.549008879130961
1844,0.6634982414002202
1851,0.5401305522642824
1867,0.5523785085198162
1869,0.7203205835475972
1875,0.6178285422957761
1882,0.5636784806861989
1897,0.7873300243778304
1910,0.4028151178003569
1917,0.6142132841333463
1918,0.35791663089048936
1935,0.5474475691409407
1936,0.7614303173811323
1937,0.6889984112250181
1949,0.7465263695943747
1952,0.23922882109170676
1956,0.3780722291398832
1969,0.3454154617179647
1970,0.4759755472833452
1971,0.8570702160550651
1977,0.8461169563464708
1982,0.5633954136220568
1995,0.8377949774348467
2002,0.8464400049305233
2004,0.5812500250769524
2011,0.47580057467898024
2013,0.6726967637612177
2014,0.7786239133166354
2026,0.4994696758781263
2040,0.4734243610245085
2043,0.8440852201322387
2060,0.8574733333734953
2069,0.4331587417012519
2073,0.5471987633328308
2076,0.23073328561173156
2082,0.6609475715822691
2089,0.3479887987623031
2091,0.8103876570440602
2103,0.2975732368719509
2109,0.27545331195660233
2112,0.4217111449017673
2113,0.9222657355202973
2119,0.4722996844516024
2121,0.8470269433311947
2125,0.45678463330874314
2127,0.7650645805199568
2128,0.4500612088933007
2132,0.4688289399583254
2146,0.41421810252063807
2148,0.15982912731150606
2149,0.7741386819675864
2156,0.31429614987497306
2157,0.5722683504568769
2159,0.4845775038030887
2160,0.5601407836484146
2169,0.8896923991928399
2170,0.4190242377853517
2186,0.6057055271154668
2188,0.46844921027708714
2190,0.5285110774757849
2203,0.40079032164651074
2204,0.8024599709448195
2205,0.5115788345859391
2207,0.7151938540986946
2209,0.6904145128589473
2211,0.3078213200524988
2220,0.19519140832234358
2226,0.8613083579100196
2229,0.5274598973391526
2234,0.6518571014854552
2237,0.5762112886916968
2240,0.8256489009828559
2249,0.2564338267297918
2252,0.6740787290865468
2264,0.8728805977011372
2269,0.7940769423244789
2272,0.6571708800144818
2283,0.5260702229143986
2284,0.8547222408650912
2287,0.5530784035650603
2290,0.7634053512874639
2298,0.29084774429691723
2328,0.368135599267676
2329,0.7954120423576162
2330,0.7414411839283116
2336,0.7433078725443237
2338,0.5574815811862666
2341,0.6230012054775292
2353,0.721959648743941
2356,0.23576420433575618
2366,0.6733106205800428
2401,0.4094301228217909
2404,0.6310107466366202
2408,0.5893556085547895
2409,0.6013552111146923
2410,0.6484165267253388
2421,0.7486884005954935
2425,0.4729854758931771
2427,0.43597629923361814
2429,0.8545848103916016
2432,0.42567710304405026
2435,0.5478588526702496
2436,0.827837191705491
2447,0.6735366200805866
2449,0.2050073028883546
2454,0.4007848082054163
2460,0.2231660490130044
2472,0.48372598127144867
2479,0.7704163703869444
2483,0.6860961798697235
2484,0.6329400790235015
2492,0.5845074125164629
2493,0.4213846346730468
2495,0.5897734913444687
2498,0.7695563944747833
2501,0.827487971005616
2510,0.5916963188125477
2512,0.16450410934786752
2516,0.24164514427102296
2517,0.5114804749644514
2538,0.4795073584221996
2561,0.7572164718451517
2563,0.46669810451088567
2567,0.460137890864342
2569,0.25902867850515465
2576,0.8420671272903628
2588,0.7888563891864925
2592,0.2977324420671898
2593,0.3928270714537035
2604,0.4708700127388433
2613,0.3693514441570772
2620,0.7635157103065874
2626,0.556729828739951
2629,0.4277464869076342
2634,0.5424187900793798
2637,0.4629068655764318
2649,0.5102413729881267
2653,0.5212428471685356
2661,0.47424458436833017
2662,0.5836935864653594
2668,0.6212377034034026
2684,0.46660578490839083
2686,0.5211172312797395
2706,0.506889275432867
2709,0.5669224346877546
2710,0.41498912334057103
2712,0.8045956681213979
2717,0.38273330536922345
2718,0.7848419563659548
2720,0.5868988225921162
2726,0.5240575202049913
2732,0.47168453574218466
2735,0.8707907577927155
2736,0.40131661182797207
2754,0.5094482813744237
2755,0.46888864872737307
2758,0.5345544391010434
2759,0.36610656890946713
2768,0.8331403042362403
2769,0.5790095970841055
2770,0.7512799364192965
2776,0.5424498893097711
2779,0.8789255859670874
2790,0.24515838396010092
2794,0.393868297964861
2796,0.2946788600699124
2801,0.4580026539478845
2810,0.5463317619210396
2813,0.5662513701942898
2820,0.3974610600249404
2822,0.6478861116179951
2830,0.3616756328691388
2831,0.5803332586452027
2835,0.5573623221763484
2837,0.9015535001419187
2852,0.8336358586867673
2861,0.7149722951060816
2864,0.25138543650020595
2869,0.5786701780326541
2870,0.73198635033806
2883,0.3399654623886547
2890,0.7015704566400264
2892,0.3800952389622767
2895,0.8271507869402067
2908,0.6386776766178934
2911,0.561754442050073
2918,0.36662183110786856
2931,0.5325893695127172
2936,0.7016914753091433
2938,0.9327279524182118
2940,0.508389051814207
2942,0.5303117430056603
2943,0.26261984181125314
2945,0.5064591271295977
2949,0.39536448444514244
2959,0.6072519786093932
2966,0.4612303880973376
2969,0.44038519554322897
2970,0.5244483676873293
2975,0.529616082068563
2976,0.580460052610715
2987,0.6081545231270956
2993,0.27400446678874796
2995,0.3557566844955447
2998,0.40639401536030045
3002,0.5092805195304861
3004,0.5214871914108176
3008,0.5759453282070256
3010,0.5849580523658826
3019,0.26156604092648633
3027,0.3531833650771489
3030,0.900486579873547
3031,0.6310892941318647
3037,0.48921261867316884
3038,0.39524603163344846
3039,0.3115314234900146
3043,0.4185073864579134
3048,0.6571321358750623
3049,0.798382927848384
3053,0.376108552174819
3054,0.5520207143152835
3056,0.8734369786244001
3069,0.7308226822230034
3071,0.6241800053991358
3072,0.46242978263567897
3075,0.48468050255635087
3078,0.8933215431888715
3080,0.7839542586393012
3104,0.8433932096215615
3109,0.7464930822651654
3126,0.3015235756640518
3137,0.44009605726083917
3139,0.6911056296208415
3142,0.8043642737735979
3147,0.1987887888497598
3168,0.7816049560393982
3169,0.42425134830795647
3172,0.7862104540833224
3174,0.8207771783689108
3178,0.6079121292458957
3179,0.40689009895739486
3181,0.833313659065471
3190,0.4303415510610229
3192,0.5178423061971682
3196,0.4634239010057714
3197,0.5316546197883036
3206,0.5110922507503395
3208,0.30911081709842914
3210,0.5584529660889734
3214,0.9004071449639411
3220,0.31987387334741185
3228,0.6671368691336339
3232,0.6042781929710851
3247,0.5058145016805335
3253,0.36155569520274305
3256,0.21053212186811623
3257,0.6904792708232692
3262,0.5381328339581662
3269,0.5227682992840126
3276,0.7502091784776553
3279,0.7133016765538504
3282,0.29763202009182965
3284,0.3864870492401054
3285,0.5803029680751383
3295,0.8334808808029294
3297,0.3709420447809511
3298,0.8326193213432146
3311,0.5881959997406825
3313,0.7537928061558763
3321,0.37295537032774206
3325,0.5126347755414826
3329,0.7834083457050466
3345,0.38566790205824686
3347,0.8068167235838489
3349,0.5516207379236919
3350,0.5635364926693093
3354,0.5335991099446206
3356,0.7129463617452692
3363,0.6610016544525193
3372,0.7751063151544908
3376,0.8464413273389118
3380,0.4286745376526112
3383,0.7412511541853007
3385,0.7037712463240254
3387,0.7859125763236156
3395,0.25512662434356104
3396,0.4876175802750738
3397,0.3962443321331041
3411,0.4511469375417309
3413,0.60073381188034
3415,0.5461734994239982
3444,0.5502239365480092
3446,0.5476158702341855
3447,0.706920102397188
3448,0.32857409548632327
3454,0.23318331148818144
3466,0.6843545918048297
3471,0.382548148862195
3474,0.5252249017717369
3488,0.5207162742409648
3496,0.377755827254888
3498,0.5147022608723135
3508,0.4499989948652746
3511,0.3457446798020033
3514,0.38382847362607514
3524,0.4018054543230152
3526,0.4387286350912121
3529,0.45191783260400803
3552,0.20800229338971502
3561,0.17965438779391527
3564,0.8569441316118386
3566,0.4257969429982197
3576,0.5025452322074735
3581,0.2386662665853397
3582,0.7157836544016238
3583,0.7092514122862263
3587,0.780505236973391
3589,0.6415549572762989
3590,0.20021397111222658
3592,0.4068475280348938
3594,0.30435394319484127
3598,0.4012626174466021
3605,0.6399365143203909
3608,0.8592920048529455
3610,0.4171452941974688
3619,0.550343775751786
3622,0.7303827552214804
3623,0.9286502544599504
3628,0.4117630717200058
3629,0.8165955338492478
3647,0.20010386046451398
3653,0.5162366135119413
3657,0.44236821810699695
3658,0.6545193221532235
3661,0.12883446898700676
3665,0.4746438286787612
3668,0.3403683111255173
3670,0.7651716734881072
3672,0.3349810469431718
3675,0.34801076146993537
3680,0.3888902313577327
3697,0.7054727405008443
3698,0.09857398368216919
3699,0.4698371256371233
3703,0.214527348623295
3711,0.4835595735921804
3712,0.8893031770700964
3716,0.5611643321926773
3717,0.40554277231189695
3721,0.3549952660081161
3726,0.8449484708371761
3735,0.8290059440037681
3736,0.7587834475720562
3740,0.6379518815377212
3748,0.279484486679789
3751,0.5799872362942674
3753,0.3496889048767666
3754,0.5722969349979216
3755,0.6864497015510624
3764,0.8137718937073661
3768,0.7206825144023169
3781,0.6934668177389002
3782,0.4060835214090576
3787,0.3775313047940969
3800,0.4096306036592389
3804,0.30924394372669933
3820,0.46268192501668076
3821,0.8117948530408604
3824,0.7271903611102232
3825,0.47130724045188566
3826,0.7838453911232824
3831,0.8106584831007597
3834,0.5257157556690792
3835,0.7219764477361533
3836,0.5180885759701731
3840,0.3476181260059676
3841,0.4408483663737927
3848,0.9031296990841513
3863,0.5981971049843431
3869,0.4179078017526329
3875,0.40426493304963695
3877,0.7190546069704773
3878,0.5185101397380063
3879,0.5676313699307223
3881,0.7639771903063682
3882,0.6186439944738087
3887,0.5399334571686323
3890,0.5328991009789811
3904,0.17613852363590649
3905,0.7738427957415642
3908,0.46770909019704504
3917,0.8081298558812702
3927,0.3953299625750383
3931,0.6997642800146417
3938,0.44273626282195905
3944,0.48381747432343275
3947,0.4486756996730284
3950,0.5062407181794278
3971,0.3965944598115478
3982,0.5424950527851509
3991,0.14568023381303985
3992,0.8542535114934517
3997,0.5320384122281792
4005,0.5495295745937904
4008,0.4500127453972828
4016,0.1945448474140579
4018,0.6172701661156742
4020,0.3651659002773334
4027,0.2786433073825413
4038,0.8082674387227566
4045,0.6914615407214059
4048,0.6725826303408431
4051,0.846088634887303
4054,0.46747381730241255
4055,0.4111097356263077
4065,0.6404298726701133
4066,0.4688957372994846
4073,0.6039643868781215
4079,0.65162224676613
4084,0.5388702163371949
4087,0.8950911765555631
4089,0.2287869448399546
4091,0.7197218724369479
4092,0.36447466204467704
4102,0.9076242698191127
4108,0.7189730598769717
4113,0.5329483486074093
4116,0.6019822212541696
4117,0.27424227860166966
4124,0.8228859417525626
4125,0.615392690935867
4128,0.5179431250518544
4129,0.5591085139696725
4130,0.32551125637308675
4134,0.7488930147878966
4144,0.8528133187335848
4147,0.8902374021722381
4150,0.38038904238060245
4158,0.8563785911777082
4162,0.48992538094234983
4163,0.8242546209575392
4166,0.36059420505156675
4167,0.40589544518795273
4168,0.5385681301727987
4175,0.2871113749774458
4179,0.6025717935776524
4180,0.8943234401854833
4189,0.5365416241116787
4192,0.8901840147545097
4195,0.42231421012046333
4197,0.7995259037639576
4198,0.6637436970285783
4202,0.5955858738689814
4208,0.3905064127189386
4222,0.4467403799604798
4225,0.27070295942876116
4227,0.48798002553726705
4229,0.6419718296460684
4230,0.6198103497851872
4244,0.8799965497867936
4247,0.4213046765771734
4249,0.8170841745806511
4258,0.7068156048594074
4266,0.9149791072952416
4283,0.6020063041940169
4286,0.416621968349193
4287,0.37145649223562643
4289,0.4292485683885133
4291,0.873902825947688
4292,0.8271449287447511
4296,0.6976390503905073
4309,0.2865592014140013
4323,0.42617988455132627
4324,0.5171379750530456
4327,0.5796540715848567
4328,0.48089442678916555
4330,0.7089382340994015
4334,0.3810111823866057
4338,0.2959365712871585
4341,0.4108166644110797
4343,0.7850211490199972
4349,0.35212206994193695
4366,0.7033032106957079
4367,0.7739213404497673
4373,0.30447284294337223
4374,0.6740380064764303
4384,0.9175039883733446
4390,0.6093743437596028
4403,0.4750302227469822
4409,0.4743756508470654
4419,0.45380624323899194
4427,0.33987436610145844
4428,0.5074255029765965
4429,0.5148337434138318
4430,0.3293590435063942
4431,0.3766569116721162
4433,0.34366075209001495
4434,0.7244171480941124
4442,0.3337602679308348
4444,0.5979753438912289
4456,0.5941364906623191
4457,0.8045572163649739
4459,0.843476873779285
4463,0.5856240164126026
4465,0.42286222127335316
4466,0.6311508629461753
4469,0.5653936575824564
4486,0.6946210600340048
4488,0.4136855030114535
4490,0.888448939769102
4492,0.6484087454217584
4500,0.5844715027451913
4502,0.5568717639855468
4507,0.5387091184254336
4511,0.5446088122686712
4512,0.3976488433944997
4516,0.4913516188410971
4520,0.4271339199984294
4536,0.4109232807428992
4538,0.26810662727074436
4549,0.2875247957952379
4554,0.5249661168765862
4561,0.8536832211532022
4564,0.7920711601657119
4566,0.7113247597458027
4568,0.4658359061512009
4580,0.518034012124229
4586,0.344170356252258
4594,0.4531266626160021
4598,0.5215901253978721
4602,0.5195793237892811
4609,0.4507579728126228
4610,0.5260527549101675
4611,0.4480967816493582
4619,0.5071727172329986
4624,0.4057430720282841
4627,0.5687761588191373
4631,0.6795420634903688
4632,0.5485305638190267
4635,0.4155295811924701
4637,0.7010350101108901
4641,0.8362842555390542
4643,0.28174037584429346
4660,0.5480944871299107
4665,0.5684143348287987
4667,0.17758102328083936
4668,0.4885942922927017
4670,0.8564341039973636
4674,0.2022744257716006
4676,0.49072118141621135
4683,0.6029165470625715
4684,0.31099426264637514
4687,0.49756004697419703
4704,0.43985380981955696
4706,0.798297496902976
4732,0.8366713238614438
4734,0.6809060917588391
4735,0.42997000278327013
4744,0.7151371919231408
4755,0.5157610616559493
4759,0.32853799654875593
4762,0.39694398900407335
4765,0.45369693424317953
4767,0.4019031692985786
4775,0.5915647572831898
4780,0.6021218857480455
4789,0.3533085645031644
4794,0.7916187428424883
4795,0.5561873595988168
4797,0.6488514154147
4803,0.36180766238635037
4810,0.7108344244734689
4812,0.5792931088789839
4814,0.5448056093880348
4818,0.5485776657050507
4820,0.3654595475877115
4822,0.4338294103682008
4827,0.7094967974043062
4828,0.4330765385919034
4831,0.17970487675286212
4839,0.41169641365653015
4841,0.6123066589623906
4842,0.26358690988001104
4844,0.4274491791501164
4852,0.3171697098846463
4861,0.4542564124947881
4863,0.5499023543187177
4878,0.7407212932855824
4881,0.5092824816925007
4883,0.5411480397777912
4884,0.6542379347113614
4890,0.4441935278746308
4894,0.18477312775510837
4895,0.5379502749031928
4898,0.36365310351894653
4899,0.21168389322018535
4901,0.40701637279321984
4902,0.28141098988498775
4919,0.7236478670705111
4934,0.7302921063182379
4937,0.42520553482547746
4939,0.1903584960235509
4945,0.5305826926820562
4952,0.42229471905531324
4953,0.6009091441822956
4954,0.748868081393912
4955,0.563859610376212
4967,0.2294323956830037
4970,0.6207209304447704
4979,0.5863617604093939
4983,0.5606860551244834
4989,0.7925404735464558
4995,0.5967316979795955
5004,0.6867780563196727
5007,0.7949579507177394
5009,0.4634852148091602
5010,0.38865585940072084
5016,0.5601212097375029
5033,0.2500466228566266
5038,0.17305173130646562
5045,0.41735616338854953
5049,0.2630392016717126
5051,0.5496066909032621
5055,0.35263203035353946
5058,0.666764757827538
5059,0.22501639615513158
5073,0.619426822271675
5074,0.5218418989333651
5076,0.43626640850747467
5078,0.3904371480540925
5081,0.7704944557370192
5082,0.7972142394884533
5084,0.14234388433245826
5105,0.8682868661494076
5107,0.5861673195251654
5111,0.3761131901668095
5120,0.3533608223474555
5121,0.5372991124936859
5123,0.45342147803253713
5141,0.6180577913656774
5144,0.44638342532814407
5147,0.6235267629807927
5149,0.12594657777757157
5152,0.13983761401858988
5160,0.6590363401509752
5170,0.669960684865262
5171,0.5166658357831716
5176,0.47136972681443173
5178,0.5923269131136231
5192,0.5596017608446039
5195,0.4141827136388415
5204,0.42334975498564326
5208,0.5436908334712174
5211,0.3563300104469055
5216,0.20452426861490142
5217,0.6481948997697515
5225,0.5778548009319949
5228,0.8890221439855347
5239,0.27646739999809605
5241,0.6560121949590596
5243,0.5385374162615486
5246,0.5257791674179829
5247,0.38954074848638204
5249,0.2829720236991814
5251,0.5047705193885677
5255,0.464257610420372
5257,0.38862616841373576
5259,0.6180012038178593
5260,0.8136790029312693
5269,0.7705332115600615
5281,0.8385774695099942
5284,0.5130103659229431
5286,0.7638811465832607
5292,0.31134576185985235
5293,0.48759578854412283
5299,0.4749597111614596
5301,0.5551335291489314
5303,0.5760035726697179
5305,0.7322569423599319
5319,0.7256275645648064
5325,0.6506808505566104
5331,0.6506295097297444
5333,0.7542419198827489
5335,0.4278625739703704
5339,0.3049044460791897
5340,0.4532856631174741
5341,0.35379240143663
5343,0.6063467012618681
5347,0.5761517283588015
5353,0.6572181042121334
5355,0.8454093898062519
5363,0.820764949697017
5365,0.7778874511045593
5373,0.4269966374534977
5377,0.5590919047217224
5379,0.37043224398575486
5385,0.5746202863912921
5386,0.23262441675396095
5387,0.7710810666580037
5389,0.18114414886478244
5390,0.4257067393747401
5396,0.22542131661717862
5397,0.5157380480688917
5404,0.4567215942238678
5407,0.5016537982055793
5410,0.2055780117178978
5411,0.4655613270568891
5412,0.5339813343749993
5413,0.6937234744949916
5418,0.832718800154859
5424,0.5085234859259262
5427,0.5239967037179708
5428,0.7546168606751498
5433,0.5529357278069214
5441,0.43224243365122034
5448,0.5146514987675764
5456,0.3522901736846692
5460,0.5713652264874935
5465,0.49223634414841055
5468,0.6816639345595575
5470,0.38323017424072964
5475,0.5918444954203813
5487,0.8361447559886673
5501,0.25252772019294056
5504,0.483935870969187
5508,0.42534761199210425
5510,0.44973100096877916
5514,0.3698452620298222
5528,0.7023522610917166
5540,0.7970966172563015
5543,0.6432536703884515
5545,0.29909528548441616
5546,0.36131959546728476
5548,0.44783708453486926
5551,0.5584280292912844
5553,0.44082148681092675
5556,0.8503523156516396
5560,0.36319124851553813
5563,0.43586794769422327
5569,0.2352906309658833
5572,0.5474927025836135
5576,0.7579446136730505
5582,0.49310113013140483
5586,0.29768432299448605
5598,0.44304106432007917
5605,0.6422970374318195
5608,0.7269548751826541
5610,0.4505299615108859
5622,0.27592467485206024
5628,0.8994206726720448
5632,0.8011843423787769
5640,0.45991110572119726
5641,0.7194268309178433
5647,0.32878817878560196
5654,0.9313520804476798
5665,0.45990354026804287
5667,0.5467952969686748
5674,0.7179450989714105
5691,0.7997449560354561
5694,0.618663353799181
5706,0.44418195681582173
5716,0.3923445321484616
5722,0.6321992761582254
5738,0.4662861693062011
5745,0.43263161969754
5746,0.5481908107288694
5755,0.5876914617037292
5756,0.1209391821956282
5760,0.8253203356111221
5761,0.4779980650144534
5762,0.2868546699036313
5763,0.28927155066407073
5765,0.3639707763109276
5773,0.42205353336297025
5781,0.7199196852139639
5786,0.8619698542718306
5789,0.5518772649882563
5802,0.5738911930932685
5808,0.4608715530804679
5811,0.8211179434860052
5812,0.7987449611089824
5813,0.42247438969641316
5821,0.5064961950027326
5829,0.39091358158760225
5838,0.7865678374887529
5842,0.9229785200549049
5861,0.4802746968598784
5864,0.8011119451011531
5871,0.4978282942119408
5875,0.45202063844391144
5879,0.4967031638246233
5881,0.6159975522776726
5891,0.6937706243799766
5903,0.4082918281252232
5909,0.5933926150892751
5914,0.5599739892135754
5918,0.8248858334545077
5933,0.19289948706338736
5945,0.27391042483153266
5948,0.38386768696045703
5949,0.45751038108413844
5950,0.5617434270135369
5952,0.49529019864251844
5955,0.8228250553224864
5959,0.6163161614893308
5961,0.7089291045010878
5964,0.3330869960565116
5966,0.8424506451978644
5978,0.5659294125719047
5980,0.49903159518909573
5983,0.8112329630411402
5985,0.4747278060705342
5995,0.6395988224617514
6009,0.6070602705003245
6016,0.6360540402648255
6021,0.7932455241910821
6023,0.6450450576403045
6029,0.7240866354287127
6033,0.7831003852105375
6036,0.21136939747625438
6039,0.8635183100930591
6046,0.6086502283347943
6047,0.8239596276720014
6051,0.48481777795192926
6054,0.38838908618262047
6061,0.4799053281004272
6065,0.8917782137807195
6068,0.4156119945249273
6069,0.5523862268038908
6070,0.519766555455411
6072,0.4374059028757029
6076,0.473149646285959
6082,0.31905950563741803
6104,0.7602515526806896
6110,0.42473477666364184
6122,0.6095541552951035
6123,0.8299195575001969
6126,0.8344214624496982
6128,0.8331697188980538
6131,0.6392639567818486
6139,0.6714171245634747
6140,0.8635047392603998
6142,0.8991945198715509
6143,0.5515815773940853
6147,0.577226016366858
6152,0.49677935213008795
6164,0.6758306138397868
6171,0.5147591538784432
6173,0.9084790978651663
6175,0.8635415946716327
6176,0.17179505300680456
6179,0.5684460935210921
6181,0.7425710348780301
6191,0.4549305082445238
6200,0.47690230115744003
6201,0.8542528658820269
6208,0.7187246320283807
6219,0.7652462262472123
6223,0.4470709227530113
6224,0.7900893450689329
6237,0.38934714213999766
6255,0.5285613595133685
6265,0.7178523741099193
6273,0.38619253326769243
6279,0.5096923774539093
6284,0.7940808923146252
6295,0.5511065850018444
6306,0.2125401644705661
6311,0.5896789526264914
6327,0.33282707793088867
6330,0.7440287338886757
6338,0.5593259121246136
6343,0.7107233348037704
6345,0.5958481003144381
6351,0.5184714992575021
6357,0.22951489895000607
6360,0.7731100985257117
6389,0.3576958767263127
6392,0.5676289524889759
6404,0.6782564880902272
6406,0.7858779449697546
6407,0.39263915179245407
6414,0.297727990174044
6419,0.6681574297642107
6425,0.7826509006931245
6428,0.22077610885548019
6431,0.825548474634846
6435,0.8667421563399317
6436,0.4877608688169095
6440,0.3982037039158896
6446,0.7970707759099139
6465,0.3706550666035964
6473,0.823609293766825
6476,0.34374693147794283
6477,0.5404025675356463
6478,0.5615255630638508
6494,0.8122159587783696
6501,0.4915645746167584
6502,0.5777866959554625
6503,0.5065364963986677
6514,0.2589645576686913
6516,0.6465887071088846
6534,0.3857715669435114
6541,0.7002647737292498
6553,0.5212983011290796
6557,0.8274966129751459
6559,0.8333615764156679
6560,0.5303992737974347
6562,0.8290871577909755
6575,0.8653328584006975
6583,0.28039406365207337
6588,0.7908775857508161
6590,0.5372696008467974
6594,0.35310498149797204
6602,0.48773107215097145
6603,0.5012533422965205
6606,0.3840913400003823
6614,0.4595059968022932
6618,0.7704632787171554
6628,0.4585478712074037
6633,0.331589826239408
6639,0.33421704793594886
6648,0.5375134519886537
6654,0.5902053057580324
6656,0.23376459823183404
6657,0.5434877535033531
6663,0.2684130807201676
6664,0.31535320861561145
6666,0.2196325565676406
6670,0.8208349211481243
6671,0.2627557331577812
6683,0.4600948810071698
6694,0.4316575301762654
6695,0.670280887171602
6699,0.7531766195734216
6701,0.7904539346352124
6706,0.43743390581748215
6707,0.20702693625703125
6720,0.43431854197499303
6721,0.6081732216984875
6726,0.8308791746322143
6735,0.4049112261865482
6745,0.5477522697069745
6746,0.7685783937047377
6751,0.5042535692182084
6759,0.4434109972713746
6760,0.348271576564673
6765,0.7314105329870605
6774,0.21113090886703678
6776,0.43314372406727186
6779,0.6062231797007736
6789,0.49823330767949714
6792,0.6201598583898041
6797,0.379868144888753
6807,0.7324428821068956
6808,0.531940027783162
6811,0.6569403881651938
6813,0.2895871852592284
6814,0.45550060798193015
6817,0.629682836251099
6826,0.708009261209336
6830,0.7393910766748545
6832,0.5159492864811341
6838,0.5427759713097826
6840,0.8070294263966865
6850,0.49670392075766673
6851,0.45018382998212964
6854,0.825941966843736
6856,0.5857373355204197
6858,0.288722160790233
6866,0.4836911175500961
6871,0.3983364718248234
6872,0.829128046198215
6879,0.8304398722001832
6881,0.746671220604853
6882,0.6703001778374196
6883,0.6848065548911593
6894,0.30659680225547176
6899,0.38160350271625726
6903,0.510794513816444
6908,0.43690345255617286
6914,0.585013999374974
6915,0.6715850365753734
6917,0.7459761833527374
6922,0.31531923974614445
6933,0.23405029084351803
6944,0.44277913044085165
6948,0.5117489292443514
6957,0.35729940099376506
6964,0.6854567156549696
6987,0.5098918437604735
6989,0.5471781846298591
6991,0.36516233456606306
6992,0.30674717404278284
7019,0.7862863716918009
7021,0.3609719479597313
7023,0.4332422642992803
7033,0.31558458492017355
7034,0.40005664237913097
7043,0.399244325844161
7047,0.453808077471763
7050,0.47165301071759497
7057,0.5793362444337617
7069,0.6911540722228667
7070,0.4655916559964655
7072,0.575633231664812
7081,0.7622995903138934
7082,0.321998887213237
7088,0.4804962111015398
7093,0.8655636276630919
7100,0.5630249604592856
7104,0.7548336865721874
7109,0.685432293932552
7111,0.5597429834739468
7113,0.3350671742427153
7119,0.5228143687872241
7122,0.30966342985243034
7134,0.9383348193440283
7147,0.5498980916130253
7155,0.5980954965977141
7156,0.5596145075730938
7163,0.8825808451589996
7173,0.6016281081360614
7177,0.4386758045086109
7179,0.8002101014134108
7191,0.7897131475897735
7196,0.5762196688217508
7197,0.18611430501391527
7205,0.32680080728739974
7209,0.3834983692808156
7215,0.4351730364145796
7216,0.36807373629257806
7217,0.42233699077418596
7224,0.8478699632056438
7230,0.6850127345695786
7235,0.43933229889828457
7237,0.860242141521923
7245,0.8296853130365567
7246,0.8480599973307568
7252,0.6825232501399521
7257,0.7903106588995438
7258,0.43211349187435544
7261,0.7246510207100413
7269,0.5088236773675912
7270,0.6626548165357248
7283,0.3697962530390595
7299,0.8150844066676747
7301,0.41058751604220994
7304,0.5521931330574356
7311,0.44911733260456604
7314,0.4581543736920342
7332,0.41876863216943555
7333,0.4797429068273078
7335,0.6039455712640742
7336,0.6463916109884487
7337,0.8451619292221934
7344,0.5328536207541296
7348,0.4373633175772095
7351,0.4641280552330948
7352,0.7240395212539674
7371,0.458224382410516
7373,0.5050591306817004
7376,0.34437412633389286
7383,0.6826038545776267
7390,0.540531382118772
7391,0.4751704924096876
7392,0.5422801981370543
7395,0.1958678892993246
7400,0.5429782868687729
7403,0.6968662193968919
7404,0.7286384948959422
7414,0.6085627082192842
7429,0.859409061208432
7435,0.7486605765668638
7436,0.5097086742646731
7438,0.7773163870228844
7441,0.5290861086247906
7443,0.8528148838405077
7444,0.7668380163963285
7452,0.27636488907507134
7456,0.38929467211478685
7462,0.5625511925348213
7483,0.35939543989695166
7490,0.8871064172483023
7492,0.4699077115029955
7504,0.43538136019999774
7507,0.505713747475391
7511,0.21514620666095383
7519,0.39644218412115056
7520,0.8115182651749177
7522,0.2233379902074068
7530,0.31295179909050447
7536,0.5762848743865415
7541,0.39030018348189566
7543,0.33381998199138463
7545,0.5836767150056659
7558,0.5509858794658432
7560,0.6018762836397048
7561,0.37716096455608394
7571,0.606019114408228
7579,0.43773988243334494
7580,0.34453300298472156
7581,0.4180959581698497
7586,0.5874642115333211
7590,0.4537930072599781
7592,0.8327311670608776
7594,0.4197828266928017
7595,0.464745431927077
7601,0.5231088574980366
7602,0.8474407885417881
7603,0.80576493290383
7611,0.382299359061787
7617,0.29978470365213983
7618,0.4245451607324734
7619,0.31377203457942066
7625,0.38302387194131055
7628,0.718475579880122
7630,0.2352092065120906
7631,0.7372019052083986
7633,0.8638511512682193
7634,0.5398985524886278
7641,0.760219411146604
7642,0.5955057376781702
7646,0.826348894739283
7662,0.7779026628373047
7666,0.4572668634716397
7674,0.7473453738513914
7676,0.6797072927703492
7679,0.46237261547775493
7681,0.5721198097245679
7686,0.19612650255844474
7696,0.8687068617159307
7707,0.27101355120632853
7708,0.5798665566911413
7712,0.47552587885234976
7715,0.5279805457053419
7716,0.3658009473886454
7717,0.7888116070584882
7719,0.634825282432034
7723,0.3292712407699435
7726,0.6394012083145107
7734,0.42471048851632875
7739,0.3947649534529849
7743,0.486271747545555
7751,0.5248121588698009
7752,0.5020863098477295
7755,0.39272499023291524
7758,0.2546168178484667
7761,0.47376140621254725
7767,0.26011229553795157
7773,0.45258710004036645
7779,0.3514885053222287
7785,0.3868094953916174
7792,0.5469640922524988
7800,0.4950456830005016
7801,0.4167796341849546
7802,0.27543048842785955
7808,0.5198455071601293
7811,0.7078466459069388
7816,0.7067015590211622
7822,0.4420733269226195
7823,0.3310211448755701
7832,0.7287124525440292
7833,0.4915254637585548
7838,0.38760738646642995
7840,0.3965768044930912
7857,0.7871496137160441
7877,0.3309614879617241
7885,0.911095290688777
7900,0.4149517028695891
7907,0.8072087027574251
7910,0.2978131937566979
7918,0.5837670915829818
7919,0.4462827677980562
7928,0.5725529688573118
7933,0.5076454374262862
7941,0.3742226859456377
7947,0.38532008368026877
7955,0.5420311940380877
7956,0.35850127743705956
7957,0.37990595211360667
7964,0.4088285127816361
7968,0.7282497296438112
7980,0.48489566196924994
8004,0.6034507991325412
8016,0.4121695265037685
8017,0.25097168255428803
8024,0.47905818406926926
8031,0.37900395050864
8032,0.19576948276631947
8035,0.6445835348707385
8036,0.8322631340257564
8037,0.19231633804963985
8052,0.5723850075274779
8055,0.5285444972638564
8059,0.804633565497909
8063,0.5881492868532499
8064,0.4258208460354423
8068,0.39814700146833526
8070,0.649733805691086
8072,0.7219806161682821
8085,0.4810398073740745
8089,0.35487723282687866
8097,0.32201652966522143
8100,0.3927302173215759
8102,0.8808360759251131
8105,0.40395431747046195
8114,0.5054251218906426
8117,0.4544879009338178
8120,0.7034278297830168
8126,0.5364460082225606
8128,0.7579321643401327
8135,0.2739998345285866
8137,0.8810108540513444
8148,0.41638065651464096
8169,0.24892874332957265
8173,0.6844815368148481
8178,0.6089599348880677
8179,0.535596948871454
8182,0.5256770202668897
8184,0.3821737250510785
8186,0.5015707290724393
8189,0.3965318125182201
8196,0.780094336115902
8216,0.4153238733428428
8219,0.8364760723424387
8221,0.42415843177255336
8227,0.40796990412191486
8232,0.4279845313211233
8245,0.8004287164492624
8248,0.5092293958317343
8249,0.43351781439828246
8250,0.4488749370302379
8256,0.5551419179303979
8258,0.3889442967291021
8259,0.17459825144515295
8268,0.8541143928361593
8271,0.6559367065016075
8273,0.8446524688415059
8275,0.52662024224105
8277,0.5249877186687366
8283,0.4882123716263923
8288,0.24121856635554206
8299,0.6401528210766383
8300,0.5237977440453923
8301,0.5020483937003174
8307,0.8566405853311896
8315,0.5071208713290385
8324,0.739833746030795
8326,0.5745454912917515
8351,0.31462539820436014
8367,0.344249783751115
8368,0.6054549558169603
8371,0.5616644650919502
8383,0.8006594318854118
8386,0.5544579211208287
8402,0.4457755045918259
8404,0.8754990764272234
8421,0.547334457141708
8422,0.20417545621688563
8425,0.5997044816146689
8429,0.7699605625337491
8433,0.7620894322867884
8437,0.41733902572272463
8440,0.39909579098435005
8455,0.7149650037407979
8479,0.4784694038746251
8482,0.5480173941294902
8485,0.8098622441722431
8489,0.24276625650784808
8490,0.14988514326821575
8492,0.24985158453922618
8496,0.6377901471798062
8497,0.6253795488148304
8498,0.5438564653997862
8500,0.6192451593902306
8501,0.7785208403574592
8508,0.6804276089812394
8512,0.609391839708268
8522,0.6333198236494567
8536,0.4150158475323795
8545,0.884383816782388
8546,0.8174724922658043
8554,0.46461204125606614
8556,0.5164159302997827
8557,0.8568949219985075
8559,0.5451378165014384
8560,0.7273214911512804
8563,0.6633667890403294
8565,0.6199546908814143
8574,0.7913148175152044
8578,0.2693819696360799
8585,0.47820033712545634
8602,0.8860612138613475
8605,0.5553554731792021
8609,0.8483175579887173
8614,0.26047573318616024
8619,0.7143405063838537
8629,0.6813135902964168
8632,0.8860165817399767
8635,0.5953669032907349
8639,0.4867888692495715
8642,0.2902494999665077
8643,0.6578689550292818
8655,0.6196039952310964
8657,0.6421246201291945
8662,0.5450581649298553
8666,0.6072061651200219
8674,0.2957141947932699
8676,0.9005752452108599
8686,0.366463529612531
8691,0.37584375432215095
8702,0.8601986730548933
8714,0.7277347011429454
8718,0.3263410072338229
8731,0.7953917205714629
8738,0.7643125775464823
8745,0.1828080664446739
8749,0.6840862151518754
8754,0.5049806424100061
8760,0.5392885516400353
8762,0.35969336273963115
8767,0.5504074770821541
8768,0.46111343105354957
8769,0.237233156787674
8771,0.6207794468453729
8795,0.8461310816765445
8796,0.260197018704706
8811,0.4469913719621717
8815,0.9072203177442157
8820,0.8518816163458883
8825,0.8806737035125811
8832,0.8302727628445372
8839,0.3955526260917772
8841,0.5303086609595772
8848,0.6292902573350969
8849,0.6772289666822826
8856,0.6767270113346283
8875,0.7132589402315178
8879,0.3006131644054594
8882,0.550426891774081
8885,0.45368432191848296
8892,0.6854577776915477
8897,0.3871424381754737
8905,0.1680889155542169
8921,0.2526772580547291
8928,0.41861010077797417
8935,0.6607731942165105
8939,0.19683693482655804
8941,0.41793613681973835
8942,0.5064064809320827
8949,0.5707848356567592
8951,0.614797648583989
8958,0.4276687478303996
8964,0.42130896403992757
8972,0.14978589603569886
8978,0.46293099997091197
8979,0.49211479250041607
8988,0.39996600017885076
8997,0.6273026617215179
8998,0.1190023720543688
8999,0.7210585187825463
9006,0.2141433433282571
9012,0.5483107414520749
9024,0.5366757779748693
9026,0.7216420749766732
9030,0.6420423935193523
9034,0.19401254883948582
9036,0.881080790262796
9038,0.560564863250895
9040,0.6260200564479343
9041,0.709495186405737
9042,0.2761077500204257
9046,0.19780097614626838
9051,0.46183145652118807
9054,0.5109400727895722
9057,0.2295368693930573
9062,0.3296278834133265
9072,0.414833508265337
9075,0.5486466944046368
9079,0.46389192663913703
9081,0.40373648951861923
9091,0.464910367058619
9110,0.2785635492766441
9113,0.8684770264493163
9116,0.5947651062269911
9120,0.31435437121329635
9126,0.46674742368714583
9133,0.6697949966869725
9135,0.42816132265323276
9144,0.3887754276661174
9146,0.4426665302814362
9153,0.429433667904515
9155,0.3546667350304612
9160,0.33326441302598814
9165,0.42986696910001915
9172,0.8688933021917874
9174,0.25652618486911977
9179,0.574764790909559
9180,0.539651059540467
9195,0.6837657560191129
9199,0.8573687789702594
9204,0.672390718728554
9205,0.23724867969513705
9210,0.8097165155046001
9228,0.8541634747770046
9233,0.39915840918813944
9235,0.44990015462353233
9237,0.5291464144141829
9239,0.4928313759822681
9240,0.15239936439013896
9241,0.6305475653754323
9242,0.5910940489711921
9246,0.19872193226358192
9248,0.6158151576934225
9253,0.8142792299621066
9254,0.7557141409506952
9260,0.8807480693117191
9261,0.28435838655017404
9262,0.5765943600414174
9263,0.5069309882527372
9268,0.7437356390378584
9275,0.34847900349132055
9278,0.8853774436620278
9287,0.8653280019683917
9292,0.4119800830105625
9308,0.5423798615345474
9309,0.7424382303447877
9310,0.44763521373978327
9312,0.44379249607060967
9314,0.5084418119277117
9316,0.27957749987003705
9318,0.4251654783420847
9322,0.8337475473153925
9325,0.7904994445799944
9327,0.43069573512216297
9336,0.42213596014201893
9340,0.4710228189126032
9342,0.7443587155205358
9346,0.3983317126612522
9351,0.48406853188648274
9357,0.3764018525571892
9372,0.4842177269231883
9374,0.23886037545154237
9378,0.6053783522177583
9385,0.44008575036727554
9413,0.48174848436068013
9418,0.5967177425549876
9420,0.4141540907015997
9422,0.38484914299619793
9423,0.7869105154493572
9425,0.8660488801955328
9426,0.8553382801125201
9434,0.676784833834756
9436,0.40567486754752524
9439,0.2096233223124385
9446,0.2233844651677803
9460,0.4282284370633108
9461,0.7294849826441863
9467,0.7475224688516976
9472,0.30541226424411533
9483,0.48120081279204446
9485,0.6804123368311185
9492,0.6866885363615994
9500,0.5336631195845909
9507,0.8880477135382578
9514,0.8303150609552743
9516,0.7531661298322239
9520,0.7404108724263465
9542,0.8448269585070558
9544,0.5667723103528255
9548,0.9046019241003007
9556,0.23851892376426825
9558,0.7121354288591488
9565,0.4940490878558946
9571,0.6752571203909729
9575,0.6042633615613328
9587,0.7424616508700654
9602,0.8976096690041703
9609,0.39765863028587595
9618,0.33325996477168135
9622,0.4019333311289533
9624,0.4781864505760246
9648,0.7243668641658337
9658,0.8618165511463671
9668,0.4868447503916908
9702,0.7457918356909682
9705,0.8512122086697679
9706,0.277006802760816
9707,0.8958298099852405
9708,0.70570656598579
9710,0.5644402138451793
9726,0.5242634929287397
9753,0.3089728813612599
9757,0.3845053617283688
9761,0.6836927412293579
9765,0.5626340611693279
9768,0.4177211074833724
9769,0.5302673208537266
9775,0.17427609278646633
9778,0.541366756516266
9788,0.7028244302276913
9789,0.8237400842081524
9792,0.44908074256897046
9815,0.48686452490552096
9816,0.3173296011629502
9822,0.6890995046436613
9823,0.4744922770065059
9827,0.626835946738562
9835,0.4299846190703621
9840,0.239427155639661
9841,0.4290957930783366
9849,0.6938539960765974
9853,0.7685599222978872
9869,0.2717332961032172
9873,0.6185116631892251
9881,0.383425217636745
9892,0.41574583989564823
9898,0.45071503422535514
9899,0.7401804778476965
9915,0.6227253298308026
9936,0.8892867950659415
9940,0.6781614135006064
9941,0.676466332253683
9947,0.16559561843809448
9957,0.5311203805540813
9962,0.3602275942850109
9963,0.544596375274462
9964,0.4642552285774502
9965,0.5047798187107158
9968,0.7731631056799567
9971,0.6625022354907184
9973,0.5531622931499495
9980,0.7157471433780759
10002,0.5158254868283613
10005,0.35846330489516987
10007,0.738438124285804
10010,0.554629860681884
10013,0.4436751395161522
10014,0.2790312403716989
10017,0.651313179404295
10024,0.4901332868688574
10030,0.6753453565672135
10037,0.8555131757110903
10046,0.767979593429888
10051,0.6303603777093181
10063,0.5065875559421269
10067,0.40780603638561896
10073,0.37122531964035305
10096,0.2871540446326581
10099,0.4460926398185766
10100,0.3567804511149993
10101,0.4176488720386341
10103,0.2928814460492296
10110,0.8569136832403088
10113,0.6631972501447022
10116,0.1798799373239986
10124,0.5333869472798363
10127,0.871681524490333
10129,0.6702206842733454
10139,0.6348453748229128
10140,0.732217920843442
10145,0.6182202764854582
10149,0.37832756091854464
10151,0.43873108280763906
10165,0.3552960021725167
10166,0.2946728371736123
10168,0.41152104297753844
10174,0.5612717314974092
10186,0.5056807559836795
10189,0.8590764020185909
10193,0.6325135501417868
10197,0.2577582028579068
10201,0.741617028131161
10206,0.47948326999035223
10211,0.5870687126390842
10216,0.4521831664579025
10224,0.478616243755509
10234,0.44433591361909475
10236,0.4956203764062749
10239,0.8337852296206737
10247,0.31416841071070295
10250,0.46868494914145814
10253,0.37054930866760893
10254,0.7318671521078096
10263,0.8191878515560445
10264,0.4016215078491788
10265,0.4668324241493619
10275,0.23747073495737586
10280,0.6615271913508064
10286,0.6499892707893221
10287,0.6108797309539112
10293,0.5046701136986337
10294,0.5909302410984696
10303,0.42852978141787607
10308,0.5856533275172837
10311,0.5775601289279564
10318,0.7946837480850742
10323,0.9000408796845849
10324,0.5478293207921694
10327,0.5332048262120173
10330,0.4409548533378741
10331,0.8941688363612191
10333,0.18573402840888537
10334,0.49303457691133296
10335,0.4296897739150136
10338,0.3918483618776354
10339,0.6728777474303819
10348,0.2519847923093082
10354,0.9128586243438128
10356,0.38127187646312494
10367,0.5853706916131377
10375,0.4269533743399559
10384,0.4813925700531591
10386,0.2739754591342665
10389,0.5199974532529548
10393,0.4194814992664547
10404,0.6982401693463063
10408,0.40131986897288174
10416,0.46431048720954426
10434,0.5105895657481622
10448,0.5391617081499105
10449,0.5453816233379891
10452,0.4854058822878123
10453,0.8054214866167818
10454,0.6262196119988251
10461,0.6738252453951431
10462,0.511447060891013
10472,0.5647814420525388
10474,0.8746445902776652
10476,0.7099985262455482
10478,0.24897001363133694
10483,0.4918236711154568
10492,0.48921910294499804
10493,0.43905940896628115
10499,0.28615005425890394
10501,0.2657184314550428
10509,0.46680209576761433
10512,0.8104899889597439
10513,0.877281395086399
10516,0.36337329792380785
10517,0.6342586597393585
10525,0.7196855518993571
10529,0.8281670245255113
10532,0.837204434318934
10537,0.5053738740668882
10541,0.41136190501185116
10545,0.38097678743367647
10548,0.7747757197103131
10552,0.17932800532368812
10554,0.5661250215012295
10557,0.5937564265164714
10564,0.49593434958245414
10574,0.2186182243648702
10591,0.2984752907990619
10596,0.534880107418459
10600,0.5769896394341002
10606,0.7165959493385176
10611,0.36961832609909645
10622,0.6948651421548083
10626,0.46007751702686933
10629,0.2996232092304014
10630,0.4130903837131218
10631,0.4012961116337932
10633,0.2893400736995478
10638,0.49785330453538856
10639,0.5227617706257927
10640,0.6753084903528076
10657,0.7131210627476885
10663,0.4561671169464139
10664,0.6950859998414539
10667,0.7505738705780558
10671,0.5573763305729222
10672,0.7982839038494386
10675,0.565510740230981
10679,0.7818896388143904
10681,0.7693770294826955
10683,0.28883923322133775
10688,0.55751212191129
10701,0.6447195520987252
10704,0.8282439889461017
10709,0.4431472654782382
10715,0.6689918380595957
10718,0.6382994504111655
10724,0.5352657525457094
10731,0.49905836834098394
10733,0.4660844689558766
10737,0.5311377302346494
10744,0.3399281280203364
10750,0.3489221116685301
10770,0.4119217109767178
10776,0.6883188969870748
10780,0.2113972784818553
10782,0.8104993394042668
10789,0.5608136217171404
10793,0.5805350072152092
10795,0.5785549873275772
10807,0.3928692199152158
10813,0.703315257007842
10815,0.43141362596572286
10817,0.46943035909964964
10819,0.5148715814224876
10824,0.7317541322356064
10828,0.606463529355087
10830,0.6755923739534304
10832,0.6358126792191291
10836,0.49591156354381954
10839,0.76683657933651
10843,0.7576789755446142
10844,0.3472397626400137
10866,0.795142349026211
10872,0.8476279091330499
10873,0.22336841251822148
10878,0.5781764025625312
10889,0.30576337866305625
10899,0.43049789104516156
10901,0.4973350579583808
10904,0.6965574934994926
10910,0.3832419075581764
10911,0.3942978041364857
10917,0.5382351863389667
10920,0.5512098706733861
10921,0.2485952490506618
10922,0.3263921288419559
10929,0.2082691418885891
10930,0.2819782686176133
10933,0.546083853928471
10934,0.3302541256427789
10939,0.45016287086242196
10942,0.12114156289024451
10943,0.5636707183876126
10945,0.49066757920037773
10946,0.5622777596216995
10949,0.48438791876053267
10951,0.3149739760229904
10952,0.38626615120483154
10953,0.29188953951121926
10955,0.2424221929557235
10956,0.8480068934498523
10959,0.6575268528742978
10963,0.7546161506167047
10965,0.45033323043604045
10971,0.2964132576229811
10975,0.47343377389073227
10979,0.475018862494213
10983,0.4314030822908674
10984,0.8474468226320495
10989,0.30599228702581066
10992,0.48911112810274643
11001,0.4007461986026346
11003,0.2715448686634208
11004,0.33812969551788613
11008,0.5367418323097647
11016,0.24710704221857763
11017,0.17829154591115765
11021,0.5196377293475977
11028,0.8751025605126361
11034,0.8780994771433308
11035,0.668038970653053
11036,0.3112179498441848
11041,0.4301367845103629
11047,0.87942422900791
11056,0.6213140169100821
11058,0.8437189897824665
11059,0.42391315256950063
11060,0.4953790362544101
11064,0.39393765311617696
11066,0.41329732541244285
11069,0.40566196827796863
11071,0.7670984232475767
11072,0.6350069362715519
11077,0.3841939653874436
11080,0.8606545417365907
11092,0.6048106700287502
11097,0.20498541444782786
11098,0.839570126091607
11114,0.777537661371219
11121,0.2830081833562626
11124,0.588728856267343
11131,0.7102444546787544
11143,0.5489045384315626
11146,0.7737372395392196
11154,0.4584112257476949
11164,0.5027642557596596
11172,0.660597071477763
11173,0.27102427088007813
11174,0.7362899420739042
11175,0.617348822204217
11180,0.8579015656674207
11184,0.39013865295706784
11188,0.42883626344777476
11189,0.3939892006848356
11190,0.3178323200307957
11197,0.17091973031911525
11201,0.6306388736167613
11204,0.8270557420270537
11211,0.44971813756706575
11212,0.4610122652478733
11218,0.6529640157543886
11219,0.8908090831686617
11227,0.41816886903847417
11241,0.479818603574769
11251,0.21935445911836557
11254,0.2567178630142707
11260,0.573282578998159
11264,0.6018108734427378
11273,0.7075560279709503
11276,0.2608900296336764
11278,0.3253443176856037
11282,0.7679115305201109
11283,0.46763927009878503
11291,0.5336114446862854
11293,0.699265798041741
11302,0.8179185201851047
11304,0.49962301051905617
11305,0.4383109161949101
11315,0.45526783488165634
11321,0.7794772735130372
11325,0.6132504992359566
11335,0.752597885371291
11341,0.47883640521619764
11343,0.6294252652655914
11344,0.5128189014392462
11361,0.4630899390130804
11375,0.5321105639764351
11377,0.32016687479447753
11379,0.4627841318933186
11380,0.8532031960281767
11391,0.7437769446249465
11393,0.9182144885538485
11394,0.8439758637097186
11398,0.8391661356388281
11399,0.6834506746302247
11408,0.564135878882994
11412,0.45737502105041467
11420,0.6762435755425771
11421,0.8806911731993149
11430,0.6289174465359176
11437,0.43168586872857084
11446,0.7894247993637399
11471,0.48000030517880404
11472,0.488637243617869
11475,0.2940484025642873
11483,0.66369861031581
11492,0.644072112496816
11497,0.46288680895345347
11498,0.5090954944410954
11502,0.8760112715214955
11504,0.9011755472131889
11511,0.5869229907945981
11512,0.3686329701202727
11514,0.20536726852475348
11522,0.8361043926618836
11524,0.47137119555781837
11533,0.6984056154069228
11534,0.6990937368762898
11541,0.5151759294514856
11542,0.3396074249684187
11547,0.6811272799873053
11548,0.7731585721344021
11566,0.771141770457282
11572,0.844473381182472
11574,0.4089484522521145
11576,0.5409758107498915
11577,0.26717286547382024
11580,0.714034893427511
11598,0.36247255851064314
11603,0.46212815680688607
11613,0.718931506913193
11614,0.5205203056765251
11620,0.6763665206098584
11621,0.78164317785473
11622,0.1956116466603777
11626,0.35776619484557404
11630,0.8628482863343127
11636,0.7142343364184753
11637,0.3973190010608281
11639,0.4184040931065397
11647,0.6977102556272505
11653,0.5266512462589851
11654,0.11559097599799331
11660,0.7342363819743979
11664,0.7051335619006437
11667,0.3655541714489914
11679,0.546681622560328
11687,0.547831333793003
11691,0.586394430031776
11696,0.8691695163226533
11702,0.8458534436105662
11703,0.18676051695473123
11705,0.5439634736886465
11711,0.8376995921507762
11716,0.6448020751560785
11717,0.5007659117171579
11722,0.453428796162564
11724,0.4931432040410345
11728,0.8296980701514733
11737,0.5547237304281878
11738,0.7143853025733509
11744,0.37933817788182256
11747,0.4988397016338233
11753,0.33597370801870285
11757,0.5361814738022482
11758,0.3273650862146583
11760,0.48444518131719055
11762,0.6304905254478266
11764,0.7281519371226896
11768,0.18461502346483463
11773,0.28714710285381395
11774,0.7294742465832336
11783,0.7378174103653395
11785,0.3682466736467556
11787,0.47935166090311
11791,0.45052216730580674
11796,0.18586077157764172
11797,0.6542662280492856
11798,0.76288105166247
11803,0.7013683746049928
11808,0.8371924810935828
11810,0.4732778508451432
11814,0.41261807816138996
11822,0.5345514791611419
11824,0.2681593600691349
11829,0.7837398345153704
11846,0.7685144688247187
11847,0.4710331390529973
11850,0.5834472664549739
11853,0.5533862375418447
11854,0.38758007671684563
11857,0.5447720798645583
11862,0.41681142507044017
11883,0.4459648248619603
11890,0.41175689156310263
11909,0.44786954818836183
11913,0.46020869307433143
11917,0.8131793646848188
11919,0.46745063481933485
11920,0.3420387551031943
11921,0.40253979440607984
11928,0.8414539943905052
11929,0.4261522678953439
11935,0.267446862798032
11936,0.3618585315433091
11939,0.4160729896283215
11942,0.7375640574147777
11943,0.5440065514019433
11946,0.7762290534995071
11947,0.5692652490724385
11952,0.5315320482506822
11956,0.44517981218856295
11959,0.6349207894914966
11969,0.5287568036914932
11973,0.8067896774661338
11974,0.4154380966733595
11975,0.5265078598726025
11993,0.6904431320405973
11994,0.6294568640280838
11995,0.4597659832050895
12002,0.6290860345432941
12006,0.7436713478266309
12007,0.49075249980203456
12014,0.4747089714772407
12017,0.7522575580295925
12021,0.5504193382138857
12023,0.44820711579750894
12024,0.714299205746414
12027,0.41537539832685494
12034,0.8141017146845542
12040,0.8821080747435417
12048,0.4858248332863555
12052,0.24368386624998972
12057,0.40462022212802395
12058,0.5171395332820755
12061,0.5574160880264234
12062,0.5977529247504293
12064,0.33741263431045054
12071,0.42582946312107084
12080,0.8359770426052239
12085,0.22811993498378397
12090,0.5521564455332446
12100,0.6680416188920734
12103,0.5804034781554762
12104,0.39198924949795977
12109,0.1278324630741384
12114,0.49806078451754016
12123,0.33720648161141237
12124,0.5683375432470109
12128,0.9342965972553606
12132,0.8008109384436236
12135,0.721564638630861
12140,0.7602533877011445
12149,0.368358110368104
12155,0.4355440110939303
12158,0.622121305427085
12161,0.7660818716954351
12163,0.6797404855461381
12164,0.42749645183746643
12174,0.35927518992478663
12175,0.7529835708264363
12179,0.7201750766077526
12183,0.5927805536718292
12184,0.44646547474570425
12186,0.19900483292991078
12190,0.7267170805472322
12193,0.6768890379608236
12195,0.6709174652180705
12196,0.6683854453061928
12205,0.6622851886271346
12213,0.8098592691717678
12220,0.38913928408648574
12221,0.3947754719998812
12222,0.4475640672001452
12224,0.7665656993100265
12230,0.8250062749823881
12239,0.8483037579709499
12242,0.6899968658493855
12244,0.720234697595337
12245,0.8126078031170907
12247,0.5032622370624936
12254,0.8784340683549197
12258,0.558130007941428
12266,0.3760974053598613
12267,0.4336551656804344
12272,0.6124868559667052
12273,0.45686958060493205
12276,0.44660787526770496
12277,0.43847748417456417
12283,0.4823364659222658
12289,0.19491444296727137
12297,0.43243839036899573
12300,0.7450979761379007
12302,0.3538223801165516
12310,0.30970158169336115
12312,0.40824483111377735
12314,0.34032759854173206
12315,0.4396398289082198
12327,0.31397867463050216
12329,0.719752315041301
12332,0.6098020223899439
12342,0.29089939695014283
12346,0.4216625898006179
12347,0.7922998420211893
12349,0.658635429614842
12350,0.32749627964060446
12354,0.6398045133697404
12356,0.5557193560896564
12359,0.6539406197708191
12360,0.7665845331390064
12369,0.8554400451515017
12372,0.7129717054405187
12373,0.44938730090624956
12375,0.46306029016798295
12376,0.8521897631045757
12379,0.6080316495818151
12382,0.5021506149208023
12387,0.3432224775962616
12389,0.6350912460840177
12394,0.5488076525030038
12395,0.6777495263526679
12396,0.4697402203205383
12404,0.3904348189591497
12405,0.48851453703401404
12412,0.930132690173904
12419,0.3148879868206917
12431,0.7530155639021049
12440,0.6268970708639304
12444,0.6328813046980576
12447,0.6003804302938448
12452,0.7066706105233811
12454,0.4918297184015457
12456,0.7208627853912306
12461,0.43710213217642946
12469,0.8466495163346054
12472,0.4701388092077883
12473,0.4562012154284056
12474,0.35123601457140724
12476,0.5220688817481464
12479,0.8790699074059362
12481,0.47024400652479864
12487,0.3081494265742877
12493,0.8325280134487302
12501,0.8786240347050904
12504,0.49097177709033646
12507,0.5866354890317929
12510,0.5803441265357584
12512,0.6817169476125711
12520,0.7783322953794735
12526,0.699571805464524
12529,0.46104559189126293
12532,0.8859008226935543
12533,0.6290099954419646
12544,0.6380846981736539
12546,0.38885490820659163
12551,0.663048819480439
12555,0.595318919650803
12576,0.5737318509054071
12581,0.863612239151329
12588,0.7806963529872235
12593,0.28798572697653074
12594,0.7040442675617274
12598,0.36865917993660674
12599,0.8786744119299335
12601,0.40834650777387155
12610,0.3805842706970983
12622,0.7624130266887839
12624,0.7302848398694278
12625,0.3981029372970599
12629,0.84558075709005
12632,0.25471973042960333
12634,0.2704512404148562
12635,0.5991850099504741
12638,0.5470561504547401
12640,0.1963234132210061
12641,0.57379520266652
12643,0.4965133469096588
12644,0.20429082859472775
12647,0.3904289956656839
12651,0.530788506896531
12657,0.717249044140081
12658,0.4029740668104573
12660,0.4529903931492071
12661,0.4196315729284819
12666,0.7846185890573284
12673,0.5770040588581039
12678,0.38322494594023176
12681,0.5153824440406193
12682,0.6385671355531067
12684,0.5169193339160348
12689,0.48470478696747277
12699,0.535089176964135
12701,0.4084277627679586
12710,0.3936231026313665
12712,0.44164039055282
12713,0.3947823840884484
12715,0.40812078136314905
12716,0.7107820269572274
12717,0.47541603033039903
12718,0.7156706693452302
12720,0.8614968417959452
12724,0.47047094060579114
12725,0.8246347682499654
12726,0.5593913057989052
12741,0.46183118645724824
12742,0.7976326581122092
12743,0.8863479759468575
12748,0.4786208804829389
12749,0.22816677223178305
12751,0.39073870844105996
12752,0.48998496924920193
12756,0.7928114720330734
12760,0.7875739539660827
12761,0.5102561971246623
12764,0.43291145201247855
12767,0.2979640538959855
12774,0.39990931725613826
12782,0.2546754903882023
12783,0.6452349121092862
12784,0.6272758668287466
12785,0.37873190541646834
12787,0.8528014194389613
12798,0.649736587319316
12805,0.4164999209906739
12806,0.4308887262780587
12809,0.3530327521078468
12815,0.8367495040876306
12820,0.278269007975464
12824,0.2933803415502412
12829,0.44674660564689295
12833,0.4688297623293875
12841,0.4479376922772267
12843,0.7927211079867162
12847,0.4695341055168084
12848,0.674721422026327
12849,0.5084610334441665
12852,0.49809635688247783
12855,0.5839878376386844
12864,0.5400471033551721
12872,0.6513351750354381
12873,0.47841697622398366
12874,0.8871313731287414
12877,0.6267332528217722
12879,0.4475360848696372
12885,0.729590760463248
12893,0.43136059846272445
12894,0.6000148043912037
12895,0.7347792005673234
12901,0.37126497295932354
12912,0.6489466416557758
12919,0.34084600596987064
12924,0.8350898263637323
12929,0.5681488830939717
12931,0.628788590826668
12945,0.7239899764204581
12958,0.31684209695028026
12962,0.5635491124665438
12964,0.43401810479246206
12974,0.4168268964950748
12976,0.5642748705622964
12980,0.7261280733177785
12984,0.40116234486829
12987,0.3903394896677022
12991,0.3867791021059844
12995,0.42566089640131183
13001,0.6234323257438502
13005,0.5017723950433566
13006,0.8588647685723122
13015,0.6377804684341432
13017,0.694877327844826
13033,0.8362331399693057
13034,0.548462517164329
13035,0.8221309071374591
13038,0.8420729998184958
13044,0.3026910635055092
13045,0.5038140514620985
13052,0.1750282828718494
13059,0.798080029493564
13060,0.5242948439693913
13061,0.38490388770842277
13066,0.4987069412320728
13080,0.5468810475599614
13082,0.6958625894624055
13105,0.6083736686415027
13106,0.7848859266080901
13121,0.5612694365310102
13123,0.4410156018361202
13125,0.2784467703705957
13129,0.8162194349850082
13130,0.5743830825313039
13132,0.8756451984872492
13133,0.8512177954912984
13135,0.3828918201548486
13141,0.3550353216350657
13145,0.6833806084904651
13149,0.7764136881367271
13153,0.4826114525637589
13158,0.5834266538147764
13159,0.799955784456582
13169,0.913498806572465
13170,0.7977204533209458
13178,0.864710425450955
13179,0.6068917955690134
13180,0.737626041760978
13181,0.7378784929962201
13183,0.1858260740514178
13196,0.5872278672012725
13200,0.8736336022045788
13202,0.48456731002050357
13204,0.2084665822628232
13208,0.47046481624089026
13212,0.46583213342134555
13213,0.5629774196478541
13218,0.795798791585966
13225,0.49194378049778353
13229,0.487247589107177
13232,0.4422405410044785
13233,0.6320051448460544
13234,0.48491232836960335
13249,0.428196358913433
13253,0.47883386489614793
13255,0.3561853971776666
13257,0.5946510882482001
13266,0.6853781974985538
13269,0.16051586332157677
13270,0.6511331683701994
13274,0.4997321469862569
13281,0.3848614759014577
13287,0.6210439952525924
13305,0.6825639463134393
13308,0.22575786708205756
13309,0.7386519746879553
13310,0.8937660845187165
13314,0.72692864614491
13315,0.17645528832160973
13324,0.6386181056498714
13326,0.41374105106923775
13333,0.703154500818709
13336,0.6574956399477714
13345,0.854471258596793
13348,0.3995011896169357
13350,0.6824906328852449
13354,0.526323251925958
13360,0.4030978276267713
13364,0.9077453668721416
13366,0.6059315635723639
13368,0.4618415665988657
13375,0.3724745122599796
13376,0.6131275917600179
13380,0.40442770476891593
13382,0.4227119351154037
13384,0.40268219451854415
13387,0.8448782483552454
13390,0.3228321215902084
13398,0.37126748650917546
13403,0.7741957356649097
13404,0.5392058150671024
13405,0.8100367044406995
13409,0.8599928644086435
13411,0.669525626366651
13414,0.6066663285522158
13416,0.684183349507089
13417,0.3111445967444801
13418,0.5399669966273206
13422,0.36889660672494046
13430,0.7054974932170806
13435,0.2751625484048713
13439,0.5580841090046711
13446,0.3841384345365819
13448,0.4593507771601791
13449,0.44662765370168855
13451,0.4497674263689035
13455,0.7035991679143916
13468,0.8285573193769113
13470,0.21232637209039154
13474,0.6389303101167775
13478,0.4852843015587364
13485,0.8104029630701217
13488,0.5560645625738044
13489,0.6482284341809366
13500,0.642011855427489
13505,0.19897253420938746
13506,0.5000268664539205
13517,0.3531592257504973
13518,0.3341773660634514
13523,0.35397594681035355
13529,0.808886527546148
13532,0.3936899944295938
13534,0.613354939371356
13539,0.46941495721293514
13547,0.5759603374273841
13548,0.732844605208379
13550,0.852953882619549
13554,0.5533242963372905
13555,0.4943643828682799
13556,0.6922174552320164
13558,0.21646136212580083
13562,0.4866281007976264
13566,0.633413989376612
13574,0.37171885412406935
13576,0.8112039835414592
13577,0.510355749253122
13580,0.25083787753828346
13586,0.8292840356992728
13598,0.8479132737584878
13600,0.4704210210897651
13602,0.43105997550931596
13604,0.4929542755684182
13616,0.5725006981434329
13623,0.7439499641443367
13627,0.7230102802449734
13630,0.3476893683751474
13633,0.8427517989660667
13635,0.4994035306328248
13636,0.5235865790013914
13640,0.5850687387087303
13642,0.6568525914802461
13647,0.5938272008751098
13648,0.7526392173621019
13652,0.3450107733899907
13659,0.22706300407242114
13660,0.548291912713705
13666,0.8666765714709225
13667,0.5675030651754922
13672,0.4381107489009517
13673,0.8826546603776594
13675,0.3466031938958998
13678,0.5603928982855196
13682,0.859739883167948
13684,0.8660227608339418
13689,0.7934695450264572
13690,0.39594685981303274
13696,0.48765827805002493
13706,0.6570655790343123
13710,0.8817773561343183
13711,0.8206292968383074
13712,0.6065052579797757
13717,0.6550585268626737
13718,0.5182871853804406
13719,0.492779182988358
13720,0.6254506487569695
13722,0.48818907103585885
13723,0.8274622393218077
13726,0.513530937219503
13733,0.28625373036344665
13739,0.5483906404258132
13743,0.7473024686755764
13750,0.5434439600303325
13751,0.3976531983858539
13754,0.6047583584965863
13756,0.5697538042904045
13760,0.43282964121008516
13762,0.6400518420477698
13763,0.8479034232125295
13766,0.23357989626600825
13767,0.6277874436186344
13769,0.3692561422958129
13770,0.5080700333183713
13774,0.705371023051597
13776,0.6824060075122061
13780,0.35606609049727966
13784,0.7155269730192627
13789,0.7744821392909156
13790,0.7891577710948253
13792,0.3290208529848371
13795,0.4767557944942861
13797,0.6421558023968993
13800,0.500944243092971
13804,0.5539579024131257
13815,0.8194641803149879
13816,0.6575057911285705
13817,0.36632041901719753
13820,0.6724730495827781
13824,0.529888344727801
13830,0.49076374271455464
13838,0.6028803690244946
13840,0.4763051326699883
13841,0.38612255890007624
13842,0.39286192424732114
13843,0.6405154259610881
13849,0.7546503583479857
13852,0.5970352374303262
13855,0.41627486131005503
13858,0.8657110903699451
13863,0.48994636010085946
13871,0.8814468594492572
13872,0.5885269315053033
13873,0.4754362594461514
13874,0.8407735765798386
13877,0.44230229874576144
13879,0.5389924700944102
13885,0.7153307848941239
13886,0.6828093436885933
13892,0.8648519775303414
13895,0.342884673328214
13906,0.3958375688270798
13907,0.4285608684550384
13908,0.6790568634248138
13909,0.4285487923800375
13911,0.35714295912799227
13918,0.8200958096162252
13919,0.6621654349946183
13927,0.5037338264198694
13930,0.5868750904664247
13931,0.6055218861755133
13933,0.8793926481025258
13938,0.8468617625671714
13943,0.2901304368478739
13944,0.36136601745672847
13946,0.5748130624037285
13949,0.34002322352440784
13952,0.49382986179807
13957,0.5818757683779247
13958,0.34726965915845076
13965,0.4197276784287245
13970,0.7185550924616423
13972,0.6911515492256801
13981,0.493844587396558
13983,0.255728943889449
13985,0.40529902658684575
13986,0.41787517885220776
13993,0.4577473810906963
13995,0.63655923226121
13998,0.39649266510145
14000,0.22184240251594167
14002,0.5770406928778412
14003,0.6145345582010708
14019,0.5209812900885359
14021,0.6337141002786663
14026,0.5708477059671477
14031,0.34595540170973615
14032,0.6645138064530174
14034,0.8317614692091984
14035,0.5013983635997461
14043,0.385728880274158
14046,0.4283505633704684
14048,0.7630322988278176
14057,0.5755932864424956
14065,0.4544917112554184
14067,0.24550658800665387
14082,0.22047072724372488
14086,0.39844553506115066
14103,0.8602315280956089
14104,0.8806495899015003
14106,0.5626445017223237
14107,0.4520199795949139
14111,0.3646690482492129
14116,0.17869117658343922
14118,0.6403341293052587
14119,0.6487335942344032
14122,0.7928933634634809
14123,0.42133781728498654
14124,0.48462649252839324
14125,0.7672042662595426
14126,0.6880500239570788
14127,0.34873546788541543
14133,0.6981682029507175
14137,0.41135846434549794
14139,0.39127596514480156
14143,0.7869038139584069
14148,0.7028735623010396
14149,0.6352515512792102
14150,0.5858098442213023
14162,0.6461875112225957
14163,0.6079327071878745
14164,0.6008517709479484
14173,0.393407388780078
14174,0.4819977703442778
14178,0.768333099719367
14181,0.3541280858154086
14186,0.39288187353103354
14187,0.6062230003491408
14188,0.4958239086475519
14192,0.5315097658372728
14193,0.8752818382200643
14198,0.7242516048578758
14200,0.8509485748837725
14201,0.8304526403729061
14208,0.5525551231553021
14214,0.3739482681591851
14220,0.4476123316964091
14224,0.4626871892023347
14229,0.7808150140030033
14233,0.38920215073040837
14241,0.43356973749469774
14242,0.6492984850749718
14246,0.4334449239004181
14247,0.36211099385971435
14250,0.29911210513168507
14251,0.9319860957689713
14254,0.44112832530657065
14257,0.2388508332917255
14259,0.6669760045703772
14261,0.8192202266123555
14281,0.5879018344945427
14282,0.7097935495747103
14285,0.26303702920483996
14286,0.5288141352375575
14293,0.4219977557469744
14297,0.38112848402110366
14298,0.8073715609135327
14301,0.2065955519020102
14308,0.39142830396717565
14311,0.5482435875130149
14313,0.5741734148573321
14314,0.2327571617945093
14315,0.732247530900597
14320,0.6248075881882285
14325,0.12567590746451657
14333,0.4276365086302797
14336,0.5330008252206232
14338,0.7264811662064923
14354,0.4326645860708167
14359,0.8637872685247675
14361,0.5825866093512772
14362,0.7214157726295674
14363,0.47631986499260104
14369,0.5166207368704272
14370,0.8540690951880394
14376,0.3572734968011246
14382,0.7686512104689528
14387,0.7953074481031567
14389,0.43191896506773597
14390,0.5318196807604704
14392,0.5180495628516857
14393,0.4504996950283695
14396,0.3740527648005978
14407,0.422013817832163
14412,0.6522278731865822
14413,0.6859191360034271
14414,0.16466902236917624
14416,0.6464342538842662
14417,0.3389290583580052
14423,0.7381021895339286
14427,0.4579980345151925
14430,0.44281996055019696
14433,0.6045612813787015
14434,0.49663877505369325
14435,0.40517939254606283
14436,0.49502880259457305
14438,0.4655183545101467
14439,0.47050157775415474
14442,0.31526368141428573
14444,0.42016749355048577
14446,0.6104489225717252
14449,0.9271782081619957
14451,0.8146799440572151
14459,0.4326244306079447
14464,0.7679374145531848
14467,0.4211537957230734
14469,0.48420160422954006
14470,0.2812168834818445
14471,0.4303969871850243
14476,0.1932598992380762
14477,0.5898057714551437
14479,0.44069948434855943
14480,0.662597990841645
14481,0.36843591631271116
14485,0.7512189581071644
14486,0.8162221463107767
14493,0.7909960576958391
14504,0.7251635327269995
14508,0.42333420430766355
14509,0.7399702433749205
14516,0.7768377960659147
14520,0.8438938136509544
14522,0.6118301170959455
14523,0.4301146527158692
14529,0.8886102651700258
14532,0.186948899942875
14537,0.3542663737136077
14540,0.32479061154421224
14541,0.4439561572804574
14544,0.5296670801311715
14548,0.5359667381551757
14550,0.8504545596793656
14554,0.2704578381085337
14555,0.6860648877955067
14564,0.5883476540808926
14571,0.7109864849571419
14572,0.605116328186047
14576,0.5935537313375515
14580,0.2285601120527094
14581,0.5035830798037159
14582,0.7810751427282386
14583,0.3973184271126769
14586,0.6215042032479018
14591,0.5882924789118945
14593,0.6139204382635255
14594,0.539062393844158
14601,0.4819477918101464
14602,0.6720616058589101
14604,0.8369252668248287
14610,0.4205709334236347
14620,0.8111268480975959
14622,0.7264029264282554
14628,0.17175678075341297
14629,0.7230565551012426
14630,0.5650541506691364
14632,0.7740065308311488
14634,0.5520123397408363
14646,0.5906004716219965
14648,0.5365654288635908
14651,0.5973920960353202
14658,0.8318042439231511
14661,0.5043202072003002
14666,0.23211338614413218
14672,0.5399911749105527
14673,0.6448703777490226
14680,0.6322879015613896
14685,0.9495278835361065
14688,0.37583376141077
14694,0.8458109184186314
14695,0.4792274335565017
14702,0.789498983832822
14705,0.5900204160179141
14706,0.46714971944581174
14707,0.8230106901171083
14711,0.5210056816828366
14713,0.5300572204523994
14714,0.7746792228192791
14717,0.6980392257605689
14722,0.5744224570557889
14726,0.5931375439313223
14735,0.38275581037844597
14736,0.6169642095814538
14742,0.46665112935587894
14744,0.8003533899237552
14746,0.587410559567563
14748,0.4289121859062702
14751,0.8661158634907612
14753,0.8546193696693123
14754,0.3684785889775942
14759,0.5130232546654632
14764,0.535872532893906
14766,0.7898726123130306
14767,0.45508480748193997
14768,0.48596564204326365
14770,0.4131159489374665
14773,0.46549350740760326
14777,0.47336218871306507
14778,0.6081205311773412
14779,0.7118911776122626
14782,0.6000698509430745
14783,0.8160642832791166
14784,0.3541793564925327
14793,0.25743729765557233
14795,0.7267392028624333
14797,0.756585528693666
14800,0.6429026205325079
14802,0.5536847899861856
14803,0.26086635191227225
14805,0.653601376711106
14808,0.8134616843240626
14809,0.3421911666812905
14812,0.852969533388424
14813,0.5849509284125601
14814,0.5159035662632335
14818,0.7722741194227705
14819,0.41369222155696483
14820,0.3654155792558592
14821,0.9203252763907603
14822,0.8512110208522835
14826,0.47442195829639455
14827,0.5745896879911809
14831,0.8488906579414138
14832,0.8296768249755865
14839,0.7057410867501829
14842,0.7626557485405902
14848,0.8794685672870795
14849,0.6591829745899047
14855,0.8430223156510281
14856,0.48558491673180576
14865,0.4478215907441655
14866,0.4240960368477031
14869,0.4190402162599047
14873,0.8327110868897953
14877,0.6371837847841189
14881,0.5525851743765526
14882,0.9007620852135347
14883,0.4565354912659437
14885,0.8509458942148215
14889,0.439683780851091
14890,0.6412928919445231
14892,0.5971145606262122
14893,0.3783673687173675
14894,0.3382791893588062
14897,0.86012971057656
14901,0.7396433417472481
14904,0.6510063537649943
14908,0.4729602176414514
14914,0.46664154872420044
14916,0.4606449921827537
14917,0.6614606688626079
14918,0.7974169887506097
14923,0.5753971515785977
14927,0.6092652698695972
14929,0.5244241164614428
14931,0.6079087695539324
14935,0.6063349006167617
14948,0.6388277304672918
14950,0.47631490415574024
14951,0.5616730713970387
14952,0.4364445036725739
14954,0.6091508057686466
14960,0.4126754393034133
14962,0.2074342263606723
14970,0.5879067191672105
14973,0.8074669102864845
14976,0.5429188386144601
14978,0.4950189687591488
14982,0.6355493116740063
14985,0.4252905212406828
14986,0.6913669812106928
14987,0.7932599976501462
14988,0.8848842665839489
14991,0.4910144886266284
14997,0.5950476138092957
14998,0.4295367229932725
14999,0.6670623986452413
15000,0.8081404178081469
15005,0.8569594161090119
15006,0.5566599932882981
15009,0.9084474967220516
15015,0.7304076447556294
15018,0.540064944276078
15029,0.8702705656242813
15037,0.5948998318369708
15041,0.38811819724942703
15042,0.7509312353316684
15047,0.7820654239183642
15050,0.5047021450962504
15053,0.4571194351298757
15056,0.4714819475070037
15057,0.4869029578150864
15058,0.8417740074148304
15060,0.7905922688572777
15062,0.6279213255971176
15066,0.4789408341158679
15067,0.5461381917914787
15068,0.32292102058224126
15069,0.37364549330089786
15072,0.3344952935689909
15077,0.7687593271035762
15089,0.4487826338565906
15093,0.8592806327009829
15099,0.4828960570407507
15101,0.48267531862633023
15103,0.7872634480122801
15104,0.4570533070378767
15105,0.5383047704939443
15108,0.48685485633512704
15109,0.4806987112401005
15112,0.4664133671462157
15114,0.8490627668527844
15117,0.5986586629992686
15122,0.5045709188726649
15130,0.23982954454299474
15132,0.3783601105661773
15133,0.8196368821234908
15134,0.299207572209744
15136,0.5172024747346643
15137,0.529079534796301
15142,0.344000312138966
15145,0.5136794521486475
15146,0.33997409570569564
15147,0.5840144194298382
15150,0.5107325628113437
15163,0.4259800800898224
15165,0.2598587867633881
15167,0.5766261584872532
15168,0.7290754299362148
15173,0.6433668076052468
15181,0.5011686059869356
15183,0.5228732662851013
15185,0.443489617761505
15186,0.8391434305696962
15189,0.2592831960843281
15190,0.4336276933827078
15191,0.8571825371448129
15193,0.6672227572690714
15196,0.3906787120092768
15199,0.8595494420818331
15200,0.7598002777845384
15201,0.9077305219599896
15204,0.7673757914589311
15207,0.26016618345238574
15209,0.5075539059058927
15212,0.7287619829698002
15213,0.892524694203382
15214,0.4512642247171969
15215,0.7622545220619794
15216,0.8061314422071546
15222,0.389799150091443
15223,0.7268433232909987
15231,0.7022338809151973
15236,0.7104280632892265
15240,0.5210849193379208
15241,0.36609499165032194
15242,0.6478680935523012
15243,0.41619082385785877
15247,0.648194867983118
15250,0.369435137706963
15253,0.5987346177122274
15254,0.47331221698490594
15255,0.41075951338037586
15260,0.4964567274863418
15265,0.21722014028412073
15275,0.5505396689700084
15280,0.5785929612665857
15281,0.6776219482397291
15282,0.885882448862059
15283,0.4960739915128852
15284,0.4448719031508275
15292,0.4957588988767015
15293,0.43697887754983544
15300,0.6717779253771954
15301,0.41350196979937337
15302,0.6537818039283861
15303,0.7069498390114911
15306,0.6379528625440133
15311,0.4400570489010706
15313,0.5729192790147706
15320,0.6794867664321491
15322,0.1642650193058417
15324,0.44759436321005086
15327,0.7787613981174373
15329,0.527130561405043
15340,0.863095931941756
15349,0.7321447847132196
15355,0.45015925992975403
15356,0.8295750097896644
15359,0.791153590817742
15360,0.534684055738209
15361,0.6404664951343441
15364,0.8909804546969511
15367,0.7537142399768838
15368,0.6211955242924896
15372,0.6720637986283484
15374,0.2668251928219912
15377,0.8991516729845249
15383,0.35627325528811177
15386,0.19352641549637714
15391,0.4454379890070406
15394,0.56066885330321
15395,0.7065709882354629
15396,0.2521072531084495
15397,0.6638701364928822
15400,0.3507431393713829
15404,0.5657961007041656
15408,0.6393412562668199
15409,0.43812567581030765
15411,0.6949179899216358
15414,0.855803641154553
15416,0.7299751345452116
15421,0.2930191678615401
15423,0.7019440758088431
15425,0.1918633932474755
15426,0.500110461607621
15428,0.7958629701267483
15429,0.5009823536917937
15437,0.5820258348322656
15438,0.26955083031019206
15449,0.4394201343189875
15456,0.49974250785796426
15459,0.8132710705377464
15460,0.42057028240344574
15465,0.8587899106472464
15466,0.3769336250032399
15468,0.3975436312285588
15469,0.6916853113030923
15470,0.4025181568635357
15473,0.9175607566171688
15474,0.31709572311727013
15484,0.68892903824262
15486,0.8612591718220757
15488,0.6739326690837716
15489,0.4205659187810858
15493,0.43929967656098595
15494,0.44537345402164086
15511,0.39109652073233386
15512,0.8351138225702991
15517,0.49428690698326894
15518,0.608870525430587
15522,0.1980627593812054
15524,0.7922572108410456
15526,0.4271490554117268
15527,0.701319747464718
15528,0.8932310610320998
15534,0.7867420137626668
15537,0.7110036349372723
15538,0.7424674973953566
15541,0.1970721638673353
15544,0.39755764909291946
15545,0.43442682022318624
15546,0.5482864607344001
15547,0.4139749610688677
15548,0.45186889615642845
15549,0.5653070289149296
15550,0.764529468135995
15551,0.6292970293701247
15552,0.2224266673058555
15553,0.36346092530054575
15562,0.5595230477918505
15563,0.7602926919434126
15564,0.47746271483726666
15567,0.52921681933198
15568,0.5624598055686769
15569,0.5357323021557169
15573,0.2130786189344202
15574,0.7552433222154108
15579,0.4430865666607972
15581,0.4952900641627544
15582,0.4080640476944204
15586,0.5981910142420804
15589,0.39719944826633086
15591,0.31734931464667154
15594,0.6820521429282065
15596,0.40423244667603625
15598,0.8086553062286466
15600,0.5812696732020399
15603,0.5746568819360862
15617,0.22291851780181546
15619,0.8991223720757837
15625,0.5159249860690326
15633,0.34711879648287886
15636,0.5013480373007623
15637,0.38691424903623206
15640,0.6187010580657234
15641,0.49360066063305924
15642,0.3779614130881172
15643,0.6388037616591867
15650,0.4471027603348294
15653,0.37011549631181967
15655,0.8832574176551062
15661,0.797521599058456
15663,0.7652960699145874
15665,0.3874062748512434
15667,0.4245492776476028
15671,0.27954534203342346
15673,0.6422544498560497
15676,0.560288387480318
15679,0.8693900413034337
15684,0.6098468309175266
15685,0.640181633441624
15690,0.7176345149587974
15695,0.4559334887035313
15699,0.6033940632285175
15701,0.20933095040185012
15705,0.7845075557669582
15709,0.20176532222014304
15717,0.5265024989256515
15718,0.555418768947299
15724,0.6500132904333734
15725,0.612579407858459
15728,0.8050720262209509
15729,0.3735029645178639
15731,0.30249863134106614
15732,0.7819801533794689
15733,0.4731964638686569
15739,0.5802529196299415
15742,0.2629103002832534
15743,0.37200103024034425
15744,0.5930090860309426
15745,0.4350966016427909
15748,0.7642475751232299
15751,0.8425484832674044
15752,0.40465413440931036
15760,0.42209327192682927
15761,0.22725701828210784
15764,0.7464428420125594
15766,0.8927783989537873
15770,0.3307576879631354
15773,0.2239361345626771
15777,0.6042815531779319
15778,0.5161949513640628
15780,0.33228755735857557
15782,0.7060044476621874
15783,0.7269336911854208
15785,0.3647034669341922
15787,0.39753869823526267
15788,0.5074846714379856
15793,0.67821881620511
15795,0.8273941914677494
15798,0.9170906597373225
15801,0.46791248873278296
15809,0.6442546430749168
15810,0.36276914927198534
15814,0.6462103296796958
15833,0.5971746512272149
15835,0.8141822348671192
15837,0.16068914044927782
15841,0.8391209722037789
15842,0.34246144816092877
15845,0.4144697800310192
15849,0.5953523547922408
15850,0.40161322119350906
15851,0.21165374930155592
15853,0.5235922192792126
15854,0.44102137320914525
15857,0.2631808712393276
15861,0.9207121904945789
15868,0.578354761861204
15871,0.845639961922018
15873,0.4823882989537855
15876,0.4441966088814911
15883,0.38603663956368633
15884,0.7514485968974989
15887,0.38759601414116224
15888,0.574074016414893
15890,0.693174514354448
15891,0.5626138869700111
15892,0.7577453156139043
15893,0.8507086028487902
15897,0.7704295807868121
15898,0.8062528052759802
15902,0.8823608068563101
15903,0.6453437526892112
15905,0.5738922289192275
15910,0.6281233549926446
15911,0.42449441650725744
15912,0.6269257032714282
15916,0.363077291825278
15917,0.3105831919882745
15924,0.5725099405907113
15930,0.8554534494772777
15932,0.41336398362741433
15937,0.7055149353610437
15940,0.42812082569342746
15942,0.6490779022137027
15943,0.5490142445526879
15946,0.41924963501871887
15948,0.6813368546662616
15949,0.5302935274206617
15952,0.4650030685275019
15954,0.5020911448838616
15956,0.4298043554497881
15957,0.5440757043651474
15960,0.4603589586896869
15962,0.5421083142490838
15965,0.43827980888394974
15968,0.6547552662101859
15969,0.4315182735320075
15975,0.760458844538412
15977,0.5859193406153325
15982,0.48026541100344017
15988,0.8070254773582977
15990,0.21001128287809112
15991,0.20965626826187023
15992,0.30072733705792015
15993,0.5318245329163485
15997,0.7666139730995198
16003,0.8389831265669297
16009,0.6011851917873487
16014,0.6581099351446336
16015,0.6362626220494101
16016,0.39183910398292493
16019,0.46623113186157217
16026,0.34018000028032724
16029,0.6140713195777624
16030,0.5961731115803052
16031,0.24027531512875505
16032,0.6332259603330558
16037,0.35258911411951965
16045,0.37643010514202074
16049,0.3681690522685752
16051,0.4289995331976448
16055,0.47306700901305093
16061,0.43794403862276554
16064,0.607776843973681
16065,0.4215649694956129
16076,0.6481596428396366
16078,0.8172564779247107
16085,0.42962739299327235
16087,0.5943424610039334
16088,0.7942891117383394
16091,0.39929398274639577
16092,0.47232013365184855
16093,0.6258067932481097
16095,0.46086751084608196
16101,0.8257855946349253
16102,0.8487798664740919
16110,0.5429900623008197
16111,0.3989701579951186
16113,0.7567273318056121
16118,0.3670250267710104
16121,0.41237853916776374
16123,0.7982529973493752
16127,0.41301791655994324
16129,0.30307454664679995
16130,0.41867146733033145
16133,0.5153713216214381
16135,0.7979118784175642
16136,0.7593265513819201
16137,0.3277906646358471
16138,0.6243889711885413
16140,0.4008692594957943
16141,0.858974492746751
16142,0.738953529263716
16145,0.7738909629516185
16147,0.8025277291025196
16148,0.8455388850301104
16149,0.5093078106300835
16163,0.5509673599568281
16166,0.33826082385114686
16169,0.3877204313307427
16172,0.5433579740058335
16173,0.4702003543811026
16176,0.32944059692250804
16177,0.7458963601284897
16179,0.7264968908436381
16181,0.19108124245433664
16182,0.511563800513935
16197,0.440622486648367
16198,0.4246827479011279
16199,0.6035059794042082
16203,0.3141289275136867
16204,0.652021827657309
16218,0.5529205056936679
16219,0.6364224981758028
16226,0.6228780558857194
16227,0.433170135214047
16228,0.4533757585096535
16229,0.4306806781695715
16230,0.39532389435463183
16235,0.5293014389539497
16237,0.621199231994737
16240,0.7592508974977752
16242,0.37391148432929605
16246,0.5179339780744253
16247,0.520871382480394
16248,0.37144011689441786
16254,0.8134892936056893
16256,0.5128412128365242
16258,0.3651412419255095
16260,0.37584926663922175
16266,0.865524411877954
16270,0.33680620146234475
16271,0.7507006291422341
16272,0.5227808757117501
16274,0.7442872677278894
16275,0.44170143508210896
16276,0.24715479303884905
16277,0.6091571821789388
16278,0.26946760894933375
16279,0.45914762909650053
16280,0.5978034574301166
16284,0.5530613297632974
16286,0.449438853136884
16288,0.565472659216724
16293,0.6960944811156295
16299,0.8780406374078159
16300,0.5360473215725544
16307,0.3717336360940161
16314,0.6953006173245689
16315,0.8581321225893742
16319,0.44804782498165835
16320,0.7871651053659895
16321,0.6196304530241445
16325,0.4823099526710717
16329,0.4390564615166352
16333,0.17216257604181237
16335,0.7050601354859578
16336,0.5887024451959196
16342,0.6325892703699706
16343,0.5269124809162054
16346,0.8336949908459743
16347,0.4890027396500212
16348,0.7568304254677669
16350,0.3190502545688763
16352,0.3090532175674779
16354,0.37511276151041695
16356,0.43261366575920773
16357,0.42260661299424673
16358,0.4365478390403034
16362,0.4288767620397473
16364,0.7043633775762178
16367,0.5918126093268614
16371,0.5561690371124282
16374,0.4542742200941963
16376,0.8817114847413132
16377,0.6145936665287953
16378,0.36598539260147417
16381,0.36604018700146407
16384,0.5439044805875806
16386,0.5016555490942256
16388,0.8029512101882323
16391,0.5112131259263767
16394,0.5531935822309932
16397,0.2198580804381396
16398,0.6120456602830117
16400,0.556152966107441
16404,0.5776685009534291
16409,0.58539051733928
16411,0.7003337232166961
16418,0.5703651111354767
16420,0.816946687255806
16421,0.5031987367428497
16425,0.4715245979626561
16426,0.612446922429654
16429,0.8911915750590969
16430,0.4161985634282234
16431,0.19250092810860464
16437,0.25833268453018543
16438,0.31081387346112843
16439,0.434891050832196
16440,0.332286617475906
16441,0.4623033219822094
16451,0.5311839797594591
16461,0.6022891214105337
16464,0.6779055185624084
16466,0.5407750026730733
16467,0.7078215967988123
16468,0.5163789665825201
16469,0.8025296399555633
16470,0.4887506896493979
16483,0.4794236438180905
16488,0.24624006929444756
16490,0.6455510206689687
16496,0.5233244165436877
16502,0.39078488131129596
16511,0.4843577431746968
16512,0.4738881939311488
16513,0.3923860703658274
16514,0.293450593889574
16515,0.5383795108907421
16517,0.7254756843079736
16520,0.578137175047948
16525,0.47321452531199637
16529,0.4017445539151769
16532,0.45128044268325757
16536,0.6371497884371767
16540,0.6193001818292165
16542,0.6070476596515111
16548,0.5890347616042924
16549,0.6947191049535711
16551,0.6909809283336771
16552,0.5042015404094632
16557,0.5350270849313292
16558,0.5180545259556584
16559,0.38453104815856587
16561,0.42155762003741737
16562,0.7939818245794145
16564,0.7528534571438688
16566,0.7808163438893144
16572,0.5538339549367202
16573,0.5897564770107689
16574,0.8636029462773859
16575,0.2681810161058893
16579,0.48765606857754734
16582,0.8483734508631838
16584,0.49091349389687483
16586,0.4464992016073718
16588,0.5749692862726784
16595,0.5353786169013748
16597,0.8024966727088891
16600,0.40225086887162304
16601,0.5146687078134492
16606,0.785604247597917
16608,0.28029574167259313
16611,0.35551440635136394
16613,0.4997584813606874
16619,0.6307935255883637
16622,0.47022358628442557
16624,0.7615713495714881
16626,0.8796021120700532
16628,0.4337281535236634
16630,0.7955416944827179
16631,0.2576270850456769
16634,0.6863603972969203
16638,0.552780070693309
16643,0.7793709212861233
16645,0.9018222315513479
16649,0.7987399912409521
16651,0.5925289782667604
16652,0.6100552534788019
16653,0.4722915645612336
16669,0.6267205272224112
16672,0.4574559453790122
16677,0.5704866536834594
16679,0.5541946175689516
16680,0.5320039114090486
16681,0.41193439094155926
16684,0.3360319558011448
16685,0.5968388732281085
16686,0.5595075731500946
16689,0.820883904398752
16690,0.46672582648745564
16692,0.5163409472831944
16693,0.3202836349323626
16696,0.7289635881359019
16703,0.5575687920442292
16704,0.1669014194264451
16707,0.36817748385921795
16711,0.45688525405092967
16713,0.844658998014014
16714,0.7355717474758149
16716,0.5531860578115151
16717,0.5926836686255338
16718,0.5512194831165469
16720,0.17236652232228175
16723,0.4448243671544022
16724,0.8288403600856981
16728,0.6651322030065278
16730,0.8959354294281392
16743,0.389309725410464
16744,0.262865124902731
16748,0.7296647659959937
16750,0.5220713151734809
16752,0.8772956392749548
16753,0.506371014819577
16755,0.6076776253792152
16756,0.24303394163243894
16760,0.43845473308879424
16764,0.6599653613721665
16771,0.5416898977469886
16772,0.8507255068340099
16776,0.8180108583951247
16777,0.691930615683749
16780,0.5088998890459504
16781,0.480177600363897
16788,0.41054521204478184
16792,0.657026123434682
16794,0.5835841993907956
16795,0.13749994478218458
16796,0.5471297226959957
16798,0.4831915567367447
16801,0.42895934386682316
16802,0.3661380947448345
16803,0.5484785907765621
16815,0.47644571289952947
16816,0.7278551556869555
16818,0.58203903050587
16819,0.6997006279018172
16824,0.35669554977050283
16829,0.7562352362398798
16833,0.4711979813941408
16834,0.3888122661770185
16846,0.7465793740036514
16847,0.4906602090941402
16848,0.7671981096125479
16852,0.6483008008269208
16853,0.5106068685619882
16857,0.505222099401506
16858,0.7908052658934471
16861,0.5756035144391124
16862,0.3969078679012157
16867,0.3302804853216344
16869,0.4315132135255771
16870,0.773876411288659
16872,0.504334945689383
16877,0.4500085780298825
16883,0.440587679793093
16890,0.41678009899477975
16893,0.5896316365427388
16894,0.3425650815854907
16897,0.6366157036263542
16901,0.5006141564553906
16902,0.6494091890412672
16906,0.23935271544410816
16910,0.5736188583049099
16911,0.6116219335800233
16921,0.47232572474466994
16926,0.4329758372072068
16928,0.5693533252116891
16932,0.4579050010178314
16933,0.4376200561755348
16935,0.49511809550592295
16943,0.5027588358981095
16947,0.21592968228811446
16948,0.41722805227102133
16949,0.20838034963578486
16953,0.5172044250263427
16954,0.4226500575542918
16956,0.5080762816940873
16958,0.20159617411369973
16962,0.6838097913098111
16969,0.25837713286601005
16970,0.3145402137767597
16979,0.5863475561955905
16981,0.8422755419320127
16983,0.4913221688371441
16984,0.7201080524909927
16985,0.7592747670420825
16987,0.586061824287118
16989,0.6941243183256783
16990,0.6882790505451013
16992,0.4389240479155848
16995,0.8636722021569383
16997,0.6948135144446886
17000,0.7578239333036049
17002,0.43369938792973406
17003,0.802611911178971
17006,0.6542936305658958
17007,0.847635614689428
17008,0.7345754864681528
17014,0.40647020911245346
17015,0.8730375813582043
17018,0.7894618006719871
17020,0.6919867498577918
17024,0.49707404449566295
17026,0.9101348768716304
17028,0.43057260236591643
17035,0.6847696377961626
17038,0.4343715678094443
17041,0.553630044942267
17046,0.4625038128534798
17052,0.2487802895059191
17053,0.5009592504238599
17056,0.35882720907589594
17063,0.43031014234621906
17068,0.849428447547608
17073,0.4846780270607038
17077,0.6922425485863061
17078,0.5934085842464236
17081,0.8498734692382205
17083,0.6000669197221982
17085,0.866707488892004
17086,0.48472768065033583
17087,0.5149488682595749
17088,0.4795249164241736
17090,0.7114069484264036
17093,0.2600496567561122
17094,0.49015169153706895
17095,0.4507908547064232
17096,0.27315670427283517
17099,0.6562932850869765
17101,0.521405621742853
17102,0.363476838048403
17104,0.5206328002103272
17105,0.85502500052608
17115,0.4399153725303506
17116,0.49548487895830573
17122,0.2980481229578915
17123,0.19226570363008527
17127,0.5272284541088254
17128,0.773329910442686
17131,0.40415054069271195
17136,0.650944166262327
17140,0.4177868247414791
17141,0.8291131833043961
17146,0.436139574425913
17147,0.21771749844172994
17149,0.46663243927967973
17155,0.6212005308412738
17158,0.5856484747810692
17159,0.6409288113724956
17163,0.3906268957550577
17164,0.681952618690166
17165,0.6804390509325752
17169,0.6147096872419824
17170,0.4169660707060178
17171,0.8390546154522689
17172,0.7931703642840738
17175,0.9086731693525418
17177,0.38242344520400406
17181,0.5338428043797316
17183,0.4967333063615524
17188,0.42004992668290136
17189,0.5062078843518009
17191,0.3382014830743893
17192,0.48919325090552424
17194,0.45167335501578953
17210,0.5814799646301667
17212,0.7990050201686956
17219,0.848954797344643
17220,0.8547437554309418
17225,0.5063505773690182
17227,0.8580196182732968
17228,0.40516111300072877
17229,0.33488424825873503
17231,0.571031365755821
17232,0.3557546047507073
17233,0.2853973592920274
17237,0.4385815264717295
17240,0.8789655118843533
17241,0.6420012053301046
17243,0.8145458429568053
17246,0.6150756071468911
17247,0.5295864367074943
17251,0.5905389645296667
17253,0.4079237722469316
17254,0.316293976588607
17256,0.2090217624180688
17257,0.6045382961059343
17262,0.768982828100996
17267,0.41821808778693154
17268,0.5709224797582717
17269,0.6612642148731183
17270,0.4471445167556731
17275,0.5110073869524714
17276,0.3601620998937448
17277,0.9388219865490186
17279,0.4827336593724013
17283,0.240281382496174
17287,0.5174865129284718
17288,0.33395895801571124
17294,0.37832568216797985
17295,0.14917632735210473
17298,0.5103658155199655
17300,0.23738508667505287
17302,0.9189405689051949
17303,0.6192099891530137
17305,0.6040550642571264
17307,0.8603029949214341
17310,0.8014629599555728
17312,0.1699646658449642
17316,0.8768451497713622
17317,0.8266720690851294
17318,0.2349075267177075
17320,0.6053970188870348
17323,0.8237788324454062
17324,0.4630317446061052
17328,0.6120844406299776
17332,0.5636788751437399
17333,0.5049346392987404
17335,0.2586287645989567
17338,0.5428798983865327
17340,0.6861170048542881
17344,0.8664375322740404
17345,0.5171965024838808
17349,0.778375801429093
17351,0.8107481213223162
17352,0.8483782659014099
17354,0.3584535471318634
17356,0.590821033925646
17357,0.504552666471776
17361,0.4510670392258866
17362,0.5749344309737184
17363,0.39185360014147985
17366,0.7896150748729104
17367,0.8897362286185088
17369,0.23116051219994113
17371,0.3523802962896695
17373,0.4548548635872175
17378,0.4120995220546813
17380,0.3887432139584149
17382,0.7554277006815577
17383,0.8413185609136736
17387,0.8804307374431647
17389,0.3865289948682966
17391,0.6838827631841954
17398,0.44150878882863137
17402,0.8641013093593035
17405,0.720143870986965
17407,0.2242093614639378
17409,0.4128647662907995
17411,0.6400821961257468
17412,0.2557640106888086
17413,0.4164621246726627
17415,0.4621292020115188
17420,0.3543741113734593
17421,0.6839080401478844
17422,0.8317811012670808
17428,0.6799459146764932
17430,0.7882403438429558
17433,0.6463810911298659
17435,0.8807362001285481
17438,0.33885177000530137
17440,0.5379747764575831
17442,0.4345685871864353
17444,0.4580436520596675
17448,0.5075650900353726
17449,0.5110004683447916
17462,0.6817803921382581
17464,0.5139556253299344
17466,0.41802631644692256
17468,0.5795046425189311
17469,0.449562027632267
17472,0.39666677201607825
17473,0.8415012223651833
17475,0.5123634775037543
17479,0.37518119512308334
17481,0.42665048320453625
17482,0.7318170733062797
17485,0.18395692390831525
17486,0.5831284013108653
17488,0.4165382027647284
17489,0.45053885966550433
17490,0.7965039531404459
17491,0.4241314625168324
17492,0.8304965495849153
17494,0.34110676102258697
17497,0.7824043418097917
17500,0.4203350850155133
17506,0.8479278881416973
17507,0.7195594129938128
17508,0.6346274539567833
17510,0.3669453051791525
17512,0.7906572626905688
17513,0.7741924754094629
17515,0.8038222873990387
17520,0.46760894292130967
17521,0.5093578051709124
17522,0.45018783656054806
17523,0.8714428350416101
17524,0.4624252837761793
17530,0.8299521786708303
17535,0.6295345435734072
17536,0.6367167916664029
17545,0.5094208345211809
17548,0.45549680489255717
17549,0.41038785147490153
17553,0.45094373628160067
17555,0.49043929851833656
17557,0.8615285761385654
17558,0.41658352973060786
17559,0.7758657534338812
17562,0.9180451863906339
17564,0.213468298223791
17565,0.6327570630200682
17566,0.7784457645093765
17567,0.49283658927637947
17568,0.22703146989811976
17569,0.3389331226648198
17572,0.6893308223084053
17573,0.560633616295022
17575,0.3843635751240874
17577,0.46421764168975405
17578,0.8069212852004514
17580,0.6083909181098793
17581,0.793746957935601
17585,0.4449724929754666
17586,0.37161254552006745
17591,0.6441100047860052
17594,0.5577475674352195
17596,0.3458451184573576
17599,0.661056635585139
17602,0.7510932457183773
17603,0.7263528434078583
17606,0.2199077504077608
17614,0.49083715925687404
17621,0.36713710845144837
17624,0.8432742567511695
17626,0.5282166702815688
17628,0.5720423380662073
17629,0.39682057386404
17630,0.7129984471335167
17631,0.3692558069860314
17633,0.4661498823596536
17636,0.4264345498839176
17641,0.5681422429380855
17642,0.8027080606806815
17645,0.47289229758227097
17646,0.7977061149693094
17650,0.6022006387979765
17655,0.3825526557349125
17659,0.4138834308001512
17660,0.5388552632847011
17662,0.3156815927787718
17664,0.6056218558106434
17671,0.3640744609284751
17673,0.8387605471856513
17676,0.5473220976656265
17679,0.5366603621165738
17685,0.45177226891461
17705,0.6603814538386962
17708,0.5741239155603513
17711,0.8417406505172537
17714,0.6982069565762927
17715,0.7205448723706258
17721,0.3778220467680949
17724,0.552785297774315
17726,0.6004734344637345
17728,0.5828249738347273
17730,0.41573175984888305
17732,0.824817400738358
17735,0.567728748434518
17737,0.5394275587321509
17738,0.6660962785947692
17739,0.8682836199409104
17747,0.7252300963072776
17749,0.5533745337963508
17752,0.6163865512035183
17753,0.5128732308776853
17756,0.48242217500432594
17758,0.6687076024867622
17760,0.638369205697145
17762,0.3803849209790939
17763,0.7886996186716774
17769,0.4857439726536533
17775,0.7838471769876952
17776,0.27548970150304863
17781,0.4811506745373507
17782,0.5107126791133392
17783,0.7125570037944581
17784,0.6879812108246576
17785,0.6712926218224009
17798,0.3306238506969706
17799,0.6269149271951879
17800,0.6838939752279338
17803,0.7937776157284575
17804,0.2801916329854368
17805,0.3285513004354131
17808,0.37557871922917674
17817,0.7730034833022295
17823,0.96095001146874
17824,0.5092278504905087
17825,0.7403350317755576
17827,0.28850551884459225
17828,0.871359341544014
17831,0.3739406936647926
17834,0.5908756713474245
17835,0.6654158802159768
17837,0.4766870404405087
17838,0.5660539421222723
17839,0.4596714563079546
17843,0.48436716151508785
17846,0.6804996050744153
17847,0.43406204625544326
17848,0.41906764066299135
17853,0.4179223310162895
17856,0.6387915699496503
17859,0.4411120861060431
17863,0.8103496706961452
17868,0.32751413769795107
17869,0.4902223631300738
17870,0.8568278667669863
17875,0.2523899618556965
17876,0.6300572031913397
17877,0.49853245570629257
17879,0.5465313809944112
17884,0.6294565313847037
17885,0.35893797649056725
17886,0.3579808987619522
17890,0.7155298951143415
17897,0.4297134270983678
17900,0.48084919964449296
17902,0.7776218499379463
17903,0.4346559030042011
17908,0.6210332620266011
17914,0.5599946286461711
17915,0.8375858627653024
17916,0.49484547093792003
17920,0.7933400070485833
17921,0.3627469072580753
17924,0.8376504264794441
17925,0.3109604349693811
17926,0.5653891376357106
17928,0.5107387514198112
17930,0.8505087966491737
17932,0.5786752716212539
17933,0.7106346095177801
17939,0.48106946309524706
17941,0.7352385141132497
17943,0.6343573937582888
17947,0.2578974480920095
17948,0.6819830444578914
17950,0.6772626431038308
17956,0.8447748708248024
17959,0.8148398328757925
17970,0.677177960312263
17973,0.6198229959041213
17974,0.6958319560810611
17975,0.3797036883057727
17976,0.8283953856560816
17980,0.37346834608423574
17986,0.56586647628061
17987,0.4910226258053113
17990,0.5175014031269644
17994,0.8447321407944118
17999,0.6105615316612144
18002,0.22202592123922354
18003,0.5989136927912784
18005,0.5930848687706063
18007,0.534877169810596
18013,0.536018854642047
18015,0.48959706729486174
18016,0.6579355798283488
18018,0.5062762041572569
18019,0.47877813404893693
18026,0.2654078006279734
18030,0.5270810998414117
18032,0.4480192518962079
18035,0.795570980444395
18039,0.36015852577478685
18042,0.7414114890639619
18044,0.6410052161488181
18045,0.3780332283859191
18046,0.6863264032826969
18052,0.5379017247127649
18054,0.3606808799629339
18055,0.518337454973942
18059,0.7021419891635663
18066,0.5999808816989615
18072,0.7776237685203482
18073,0.17120313576942373
18077,0.8410301127615127
18081,0.5242956442769893
18083,0.6815375088522697
18084,0.8839299116408362
18085,0.48114987994241876
18086,0.5558548305949139
18087,0.5574343992304691
18092,0.4596210341704211
18093,0.45714253413139694
18095,0.697557803869062
18097,0.4003791778301817
18100,0.6459167147777742
18101,0.4981125595376817
18103,0.3794512237852985
18104,0.7786907139625102
18105,0.6654171804705589
18109,0.4967782477416304
18110,0.6812433022911805
18113,0.4067499096334648
18117,0.3429929114235369
18119,0.45981080481637043
18126,0.5444629091020186
18127,0.5792894283608577
18128,0.21088186386603427
18129,0.5227203494375745
18130,0.4690300456604268
18137,0.8162985326454061
18142,0.34933744849195947
18144,0.25038394577371725
18145,0.4166418183691156
18146,0.5837407638564881
18149,0.8639684558789644
18152,0.6102528695190965
18153,0.671174476032235
18154,0.4963724896939228
18155,0.8189611773958052
18156,0.5069415419615044
18161,0.495685267085044
18163,0.3582628131124882
18165,0.2271395253215844
18166,0.38408219065254606
18168,0.49216418139205964
18172,0.8239539144756939
18174,0.5577629985399157
18176,0.31186889302212545
18177,0.7197104306700575
18179,0.4314407106908365
18181,0.47009866579708265
18182,0.6250686058203304
18183,0.4807565504598741
18187,0.6801123821112659
18188,0.8714217888538942
18189,0.8385819599299623
18194,0.8183657682075197
18196,0.49302694112853723
18197,0.48132264893190574
18198,0.37478793433886615
18199,0.5325513919483228
18201,0.5346615230405024
18205,0.44564461664929905
18206,0.5495069631406331
18207,0.5465426300727936
18210,0.6393111485276918
18212,0.6429718395680686
18214,0.5064782182310823
18215,0.48267877168007417
18216,0.8406291914606169
18220,0.2860963423350531
18221,0.6703045879803644
18222,0.37207362003090416
18223,0.442515489656711
18227,0.7204292408846054
18228,0.4725864274790958
18229,0.722717567179444
18232,0.4967348425766214
18234,0.7848657232282167
18239,0.4140820996776752
18243,0.4177522925935516
18244,0.2680513758591498
18245,0.4855179589667506
18246,0.3709276314461232
18248,0.49743589150742507
18250,0.8870375860133131
18253,0.5880330007813385
18254,0.8877082204002974
18256,0.6042340936570219
18257,0.7862629686911589
18263,0.350863873421696
18264,0.303419506064544
18266,0.4611152253645438
18267,0.4694491156607605
18268,0.4288508515559333
18269,0.5690825867692394
18270,0.49587144190370136
18271,0.9022753548777528
18272,0.7437674759244021
18276,0.4049887812921074
18277,0.27151884734808307
18280,0.6667557117473842
18282,0.19516431783017513
18285,0.4453943981081619
18288,0.8336779575643676
18295,0.4082669619557168
18298,0.33495034397849344
18300,0.3784327196687172
18301,0.6061480252466263
18302,0.776920414256899
18304,0.2284112800617825
18305,0.5501913633540849
18306,0.671129443656314
18307,0.256625599272253
18308,0.7181299990971581
18309,0.4485417913456048
18311,0.7865059677479673
18313,0.41012632848114816
18314,0.7615424244603949
18318,0.4839228957890268
18320,0.5470224362674811
18321,0.7277983733664383
18330,0.4445252962455332
18334,0.4097090668793965
18336,0.4855648845299893
18337,0.771229605926003
18338,0.5249358516894735
18339,0.4539363313181581
18341,0.543052890190384
18347,0.5184570912310172
18354,0.6819429343089192
18355,0.6090125111646854
18356,0.5188107181956352
18358,0.8893440980752775
18360,0.5689355605430062
18361,0.667878389093524
18363,0.6142965025620091
18364,0.8455731508707505
18367,0.5548270298244462
18380,0.6317080053467259
18383,0.33834390274353293
18384,0.6035983324183478
18385,0.37744018653171446
18387,0.7719710647297713
18390,0.7371372611154797
18391,0.5685075992970015
18392,0.8053495938273716
18395,0.912632906229002
18396,0.7666728676266991
18397,0.3521669306456145
18399,0.8219624279177279
18400,0.7916791587624736
18403,0.7348407357618681
18404,0.40833515875128185
18406,0.4629094149863908
18407,0.8328380073683596
18413,0.5840380479816311
18415,0.7736469313074199
18417,0.7034782719858964
18420,0.20768293539215146
18422,0.47730578737424945
18425,0.23066537329844194
18426,0.7910569393511085
18427,0.3092350220924109
18428,0.42769461390429075
18429,0.49088033057210445
18430,0.776158833998419
18431,0.5418816181794268
18432,0.5917267398383707
18433,0.7447433330319382
18435,0.46770293304665755
18436,0.7778389776299709
18437,0.4144463313362187
18439,0.7667094036274598
18444,0.6081903893231283
18446,0.8511857733417413
18448,0.5156085044591775
18455,0.33501690935911865
18457,0.8611064646368652
18459,0.6125640930388228
18463,0.5611790070604563
18464,0.7100911855166716
18467,0.8161850630229447
18469,0.5587979416333919
18471,0.18247700038771053
18475,0.7784815672029155
18476,0.3811616747841162
18477,0.6734649093745981
18483,0.6307342578508245
18488,0.47038528962599524
18489,0.6064487111767796
18490,0.46552208227298086
18492,0.666634248368259
18493,0.5369042501399606
18494,0.47079204687412474
18498,0.670732633837474
18502,0.7724224879038244
18503,0.6462195455653483
18504,0.5454261801560691
18506,0.48973382503616214
18507,0.5654796956447152
18508,0.5181395977533922
18512,0.4574589629468616
18515,0.29132643667245184
18517,0.8719580222478768
18518,0.786801334536854
18520,0.8292618974629645
18521,0.411119045751019
18522,0.6516238317525308
18523,0.4330079054955044
18524,0.28711063724085273
18530,0.7470764198572295
18531,0.5181090769417986
18532,0.5776677005072958
18533,0.4742745222048087
18534,0.7145074230779479
18540,0.770344219722625
18542,0.6902372551946393
18543,0.46549467288247287
18544,0.7367360572161092
18547,0.5459430179731493
18549,0.13899148775479428
18552,0.7892325289959813
18553,0.35389789168382707
18555,0.5285890625647355
18558,0.7512830210746129
18565,0.543015983688954
18568,0.5490882196742469
18572,0.8472286406871467
18575,0.888966244117094
18576,0.4858129655653256
18579,0.5187396106278693
18581,0.8916784509850822
18583,0.44613776296636076
18584,0.16660474036121772
18585,0.4222367188085389
18590,0.1857117407236266
18594,0.6660967348399898
18595,0.6019396030148857
18598,0.6162857319144465
18600,0.4857845432082154
18601,0.7752101483129079
18602,0.4609777345846662
18603,0.8132306090687993
18604,0.37060062650652037
18610,0.6817638509566258
18611,0.8430413950795924
18615,0.548955537493882
18617,0.4398837928745005
18619,0.4216851307233819
18623,0.44727397198483193
18630,0.4230698421960383
18631,0.5462959983575166
18632,0.7042457418474515
18633,0.347455575462418
18638,0.6636356857608658
18639,0.34625598276452013
18640,0.6271685277873011
18641,0.2495986185622517
18645,0.49039089279686776
18648,0.37030821692890886
18649,0.46649280292596046
18651,0.433528379600765
18653,0.38762513953679806
18656,0.8036061512942281
18657,0.7152892206316124
18658,0.8373434338265442
18659,0.46244111742492383
18661,0.768712885464816
18663,0.7339771466508653
18668,0.4845813489044021
18669,0.5860201920521451
18671,0.39446426917608707
18672,0.40754093073497416
18673,0.584104389261927
18679,0.5391731448004043
18689,0.47011979836627044
18690,0.4239685401809805
18692,0.5308302931887289
18694,0.4818359453424104
18695,0.4194245955810014
18698,0.345993413476403
18699,0.7433204100650592
18704,0.5668818530105211
18706,0.8898455893314425
18709,0.5217252720318026
18712,0.68855341728475
18713,0.7112794404992925
18717,0.46404372801877003
18719,0.7034567905043734
18724,0.4462817736299929
18725,0.6932547020037804
18728,0.8801936085113945
18729,0.3875381198809884
18732,0.31972887879800904
18733,0.8577131446918225
18734,0.739612924320587
18735,0.619262694130767
18736,0.344184796244253
18739,0.7935720960991317
18740,0.6947502820644217
18742,0.5867191166976363
18743,0.6107163545888493
18749,0.16910908589238138
18750,0.4359362544055814
18751,0.5399173498424404
18755,0.5594617111671333
18756,0.2680680543026199
18759,0.702456755067716
18760,0.3297678327517925
18762,0.798878704445573
18765,0.5796538135549033
18766,0.8434411325527003
18769,0.5525369633233358
18772,0.5033914224342665
18773,0.2989242659204223
18774,0.46918363091599385
18778,0.44319121983831705
18780,0.5489678773761452
18782,0.5876997100522166
18784,0.750942996164085
18785,0.8560051952075732
18786,0.840977902957554
18801,0.3198384500320203
18804,0.8681646000008257
18807,0.8663968185337233
18810,0.7088353106069557
18811,0.5448592164096393
18815,0.38439822291533343
18816,0.4163386655292781
18818,0.8440502930352339
18819,0.5756933180748862
18820,0.6924972635402673
18821,0.5326785462561884
18822,0.4213493261214678
18825,0.569709905468595
18827,0.7049238244354837
18831,0.45316881177425566
18832,0.7829166771140339
18834,0.533470588253894
18836,0.7826296076902342
18837,0.7833584236963566
18840,0.5889988994018325
18842,0.3327712149661573
18847,0.5904796852753912
18849,0.8184404836571746
18852,0.691952275283462
18854,0.45664208332545325
18855,0.4642652448563169
18857,0.7245248576231769
18859,0.8742467666469835
18860,0.4048433613235283
18861,0.8272939907803277
18862,0.18034837025186096
18864,0.36043458034239634
18868,0.757940151650865
18870,0.43067147850258497
18871,0.22449948046657156
18874,0.5151209141861272
18880,0.4951034190445882
18882,0.5128359492337974
18884,0.42876587591119936
18889,0.7406208629500917
18892,0.7041680606443917
18894,0.8254283786275098
18895,0.6256525713676723
18897,0.900840696932876
18898,0.6447348236221623
18900,0.7045595219249524
18902,0.7847310933994154
18907,0.6397315404788692
18909,0.5443922225990095
18910,0.7249404474601198
18914,0.7289442741127382
18917,0.45560397447582973
18918,0.5105409598240659
18921,0.6907483851797485
18924,0.7608569579082126
18925,0.6966337645150684
18927,0.9113409379011881
18928,0.6453696683176259
18929,0.6338066130001333
18930,0.39557363488993574
18932,0.4945285440881895
18935,0.5395811552855134
18938,0.33340297063011637
18940,0.797657633051444
18941,0.8747783320193643
18942,0.829314172683502
18944,0.21295923971325165
18946,0.5115811837248855
18949,0.36960635327837543
18954,0.42111822568929574
18956,0.8613700290958987
18957,0.3952966796520696
18959,0.5204988926731007
18960,0.579270628782288
18962,0.5126657142539174
18963,0.44070704937299743
18964,0.7725034604425413
18965,0.46907337014411604
18967,0.7936974375443132
18969,0.3611932590708135
18971,0.8940706896929513
18973,0.5665893355569787
18977,0.60378965498389
18978,0.47813608861143325
18981,0.5241374780126846
18982,0.2742210056295884
18983,0.577103105968534
18984,0.681177958233594
18985,0.41762128488795613
18986,0.5366631078115479
18987,0.6742548999453181
18988,0.7080213049876336
18991,0.39749584200947213
18992,0.40624402932956416
18993,0.5183981336761998
18994,0.5793635307663653
18995,0.5601556022996739
18997,0.42912589970851783
18999,0.7686543240033545
19002,0.6438503742728476
19004,0.42300738599349846
19005,0.5122983157976767
19007,0.6695716916492613
19010,0.45851486908739036
19012,0.5026102972539568
19014,0.7998940705353202
19016,0.5323394051343344
19017,0.7507335491708877
19018,0.7337934908995049
19019,0.4629957774693909
19022,0.8193465220520989
19023,0.746235859130895
19024,0.8087126964379494
19028,0.7232653789111669
19029,0.6444013668951657
19030,0.6884291481152899
19031,0.549444491317202
19034,0.7765075375243286
19035,0.7968240020050756
19036,0.6293657612932471
19037,0.6250498146180147
19038,0.7753547920505189
19040,0.259033815927704
19042,0.8891492553983487
19043,0.5398806597102613
19044,0.733107169102566
19047,0.703918997918487
19048,0.3814176303424847
19049,0.6892424165652165
19051,0.8675993402312181
19053,0.6394362236838601
19054,0.7247180641974538
19056,0.4975524195818261
19057,0.43038861737177275
19058,0.6504175438555053
19059,0.36304092064440574
19060,0.8443816510974492
19062,0.6362252707144667
19064,0.48510891862163574
19071,0.5111083181194085
19078,0.4465312763253692
19079,0.4241667033768095
19080,0.7048436768920178
19081,0.3681578656526896
19085,0.3448751237888689
19088,0.43845616224586753
19089,0.8210725317436008
19090,0.6947978002271236
19091,0.5642552564773928
19092,0.5199646654595723
19094,0.6675748847304421
19099,0.6962570509140582
19100,0.5545574841962804
19101,0.6096033163932619
19103,0.5844788368446069
19104,0.4609024444580869
19106,0.6279504242182898
19107,0.5896554655638654
19108,0.8787479406372297
19109,0.24721831911075326
19111,0.42800959389828275
19112,0.42777534118918265
19113,0.8765742234720643
19114,0.8133610200702369
19116,0.5056830979013566
19117,0.8301205807038557
19121,0.5302397972008196
19125,0.8990786388662249
19127,0.5522657004697779
19128,0.4588861662708663
19136,0.39629480345705687
19137,0.4056877193506923
19142,0.4655351493712566
19143,0.4470375841235876
19144,0.45486498714359797
19146,0.6818174196053042
19147,0.40007110541266055
19152,0.3180872641774036
19154,0.3960435424610343
19157,0.5284243932943627
19160,0.6890736288291218
19161,0.4256170747486952
19162,0.9107471634280239
19165,0.2515836518459572
19167,0.6193213686443794
19168,0.8678904900598016
19171,0.2413503706934962
19172,0.33461983320636146
19173,0.8294363998272734
19174,0.7094847072092854
19176,0.34132011794921296
19177,0.48655798517228405
19178,0.19003953392767856
19179,0.641675782601037
19180,0.7516671385556025
19182,0.4965237800670036
19184,0.6297143004854228
19185,0.35074242892952695
19187,0.3557795773050135
19189,0.8806202281594754
19191,0.8233139229481521
19193,0.5968689974959802
19194,0.8148619253668599
19197,0.9169825232983335
19198,0.8153328139622416
19200,0.4047348268662499
19202,0.2120508347772557
19204,0.7418532685251802
19205,0.6282491061629774
19206,0.4312228239048804
19212,0.5305325128733238
19213,0.663792726464224
19214,0.7312413522164879
19222,0.5255761105285085
19223,0.689597282257255
19225,0.8459144713118929
19228,0.7573438532602311
19230,0.9098999795503774
19236,0.6592995116314819
19240,0.7545276042053223
19241,0.8673150275867174
19242,0.4197441831655542
19243,0.6789028042208168
19244,0.8354949179187836
19248,0.381485442235015
19249,0.5455919605922542
19250,0.5136021519520441
19251,0.4594221786072866
19254,0.512399585338513
19255,0.8465638790920713
19258,0.5261172003524337
19259,0.46161983866351797
19260,0.6035300519191455
19261,0.4803056610144408
19262,0.5882441442231756
19264,0.47361959854342633
19265,0.5456358035833982
19266,0.7348364140860144
19270,0.44359705324522053
19271,0.4504977674706333
19274,0.8541855552336243
19275,0.4527067816574257
19276,0.29672868859645257
19278,0.34753517967836417
19280,0.5472980392617335
19282,0.8551056319624272
19287,0.5389045141543769
19288,0.5695589471849286
19290,0.30851096863150124
19293,0.40059846158506035
19295,0.6824444171140057
19298,0.5846373982595834
19299,0.574212759708445
19300,0.40653959053917904
19301,0.759476822455748
19304,0.5195753494189014
19305,0.7949804458943256
19306,0.7297645189024679
19309,0.6338731377824972
19310,0.46481904600333274
19311,0.59546184143638
19313,0.44959600916665965
19317,0.596742351805267
19320,0.452539577521401
19322,0.3870482609489953
19324,0.4467535888951793
19325,0.3781877736638472
19326,0.619566058064473
19328,0.7258763262419964
19330,0.4045796119312532
19331,0.7685654265868379
19332,0.5443138274034689
19334,0.5136771782911955
19337,0.7978702843379498
19338,0.49619167831494787
19340,0.742496620403746
19341,0.8775486705626415
19342,0.41356481766760633
19343,0.38820119168487854
19347,0.9303567972553421
19348,0.4605191760719689
19349,0.6924050487963784
19354,0.840250822029289
19356,0.6215296797233147
19357,0.45452894869982147
19358,0.8822955141815814
19361,0.42968208356120396
19362,0.560224936149519
19365,0.46177057209688094
19366,0.44053159349095455
19367,0.908021935904635
19369,0.7332790615825554
19372,0.7433022040628022
19376,0.5164279222978917
19377,0.8062666073910668
19382,0.27845200769403244
19383,0.9125434680786977
19384,0.5045259734646235
19385,0.5068368513809673
19386,0.37638430558654085
19388,0.699757666090421
19392,0.6254298393730696
19393,0.517902527456376
19394,0.6079049318759495
19395,0.6111554669865021
19396,0.6470293578250076
19397,0.6297579093518515
19399,0.6533553922010356
19400,0.8971798585442148
19402,0.8271243708814531
19403,0.39482719117367066
19404,0.5723112176586596
19405,0.7443304355608298
19406,0.520385077397256
19408,0.8002446307340477
19412,0.7692475578670822
19414,0.709865360037965
19419,0.5658645440565983
19421,0.701535745351526
19424,0.7377006889580514
19429,0.6704908637960303
19431,0.6949031862246512
19432,0.4386027151740994
19434,0.381930538421388
19435,0.6594283460218452
19436,0.6119098086006455
19438,0.49539489432150524
19439,0.4909242845603328
19441,0.35724158246217025
19442,0.7768434973479728
19443,0.6834852588868954
19447,0.4270057251619444
19448,0.4663192767859278
19449,0.7573552258922546
19450,0.6102179778437031
19452,0.7294179458837788
19455,0.5384726459880366
19458,0.7069109386648541
19459,0.788844823806491
19460,0.44433166084645026
19461,0.22584074471463228
19462,0.4208399747833451
19463,0.5269512754984824
19468,0.43525500637044384
19469,0.3886783068353373
19470,0.8634090611899032
19471,0.5599408758347219
19472,0.5301032179807008
19474,0.48215716357003213
19475,0.43954273911004554
19477,0.8424391820674919
19478,0.870141546065057
19479,0.8468584615163096
19482,0.38601464055664486
19484,0.6255532189572721
19487,0.823132361779484
19492,0.38506752356823265
19495,0.4315422088474544
19502,0.4796723771486533
19505,0.4648385710353183
19506,0.6976737299798323
19507,0.8246884878469488
19510,0.7733715250358575
19511,0.9226443910321362
19512,0.24512422670541228
19515,0.5111387538644524
19520,0.7934155770551071
19521,0.5147570817004203
19526,0.4590161986463586
19527,0.5284417562964989
19531,0.6731807839858145
19532,0.791489818931665
19534,0.7455140435321727
19538,0.4655307952906826
19539,0.29799501250886856
19542,0.4087376680752789
19543,0.8365142097286791
19545,0.6561465581049287
19546,0.40817046102249815
19548,0.9038026178443942
19550,0.4967845055913634
19552,0.8138992898222253
19553,0.3923292418893357
19554,0.4012974208385595
19555,0.8332277100640887
19556,0.7861296291613665
19557,0.4301510808608417
19561,0.3503117318544647
19563,0.6684693867249706
19570,0.8074887394929722
19572,0.780735385238703
19574,0.752029227757195
19578,0.6659315838634324
19579,0.8527834393975572
19582,0.4239328435789952
19586,0.18810235031956943
19587,0.30830511446670866
19589,0.448501270651311
19590,0.27458929722319136
19592,0.5354137163484566
19594,0.5131065394433226
19596,0.7733050976197181
19599,0.7119287393655337
19600,0.5458499278145709
19603,0.7529687580683214
19604,0.4988515166747705
19605,0.6372406370051835
19607,0.7275654909785528
19616,0.7124019274558366
19618,0.4072551859554992
19619,0.5618569036815217
19620,0.5534453283721872
19623,0.724001150781872
19624,0.7176067447717829
19625,0.5371531599608866
19626,0.44356118765597086
19628,0.7396980784984276
19629,0.43562519978958136
19631,0.6851154678926484
19633,0.36182436014175756
19634,0.5047403776639401
19635,0.8830573904958748
19636,0.34433148389170837
19637,0.3583910589315086
19639,0.7967026409769057
19643,0.36420525258730546
19644,0.39392249129941614
19645,0.9251967400380946
19647,0.519810213324387
19649,0.5722228577474031
19650,0.2637282460398088
19652,0.3824203185623589
19653,0.8947318705274802
19656,0.4038977543510999
19660,0.48361849189724954
19663,0.6649185524276846
19664,0.6790761324468665
19666,0.5055201703705217
19668,0.4911328453111926
19671,0.8845424905125219
19672,0.8703845631638503
19674,0.8809068774662883
19675,0.5339524678121255
19676,0.7955911773597106
19678,0.7474789999098924
19679,0.6797436322156445
19680,0.7218396044413127
19681,0.8612867820691349
19682,0.4198545769400861
19683,0.5155000170659103
19684,0.44375193618754777
19686,0.4528484476183856
19687,0.6357524207037092
19691,0.7225961336969343
19692,0.4850418808215469
19698,0.8252044096247766
19699,0.4246993472443302
19700,0.4548858679756983
19702,0.8647780878595227
19706,0.517357630145293
19707,0.6980463179181929
19708,0.365764635783506
19709,0.5355766045002559
19710,0.8278976512354176
19711,0.4008404231365478
19713,0.677150892437774
19714,0.9094417100788957
19716,0.40556808247603815
19718,0.7062640183255541
19719,0.9314327567715514
19720,0.3690300533439479
19724,0.2798650598899323
19726,0.9239467444594618
19727,0.6251915189297663
19728,0.7226041697157995
19729,0.43433480468454333
19731,0.7274500307033172
19733,0.41768542566555167
19735,0.5978424385097957
19736,0.4297475970160174
19743,0.7645349878184676
19744,0.5730153575247422
19746,0.7857200251792108
19748,0.783416849981946
19750,0.46239241925118335
19751,0.5487987293193992
19753,0.4585042627862849
19754,0.6101358557394939
19758,0.5152362392422924
19760,0.7256496146165686
19766,0.3359042565795168
19769,0.32352508758866305
19770,0.8124030645729866
19775,0.4815736362947968
19778,0.461527535488889
19779,0.6910913235064888
19781,0.4176093934459841
19782,0.7138248105246647
19783,0.45946581583290813
19784,0.302980661744153
19785,0.7862530645607073
19788,0.5414288489976412
19790,0.792699985967254
19791,0.6686285172014224
19792,0.38624329692825715
19793,0.8288815131998418
19795,0.42087640192985193
19797,0.5948630985165654
19802,0.4866927454690881
19803,0.4258776722286011
19805,0.48809376484388606
19806,0.6576679987785614
19810,0.5594378762731417
19813,0.19125177933534918
19818,0.3964255224816332
19819,0.6262246304495342
19820,0.7595923682502534
19824,0.5197201083105946
19828,0.46055197800160885
19830,0.4725929469032052
19831,0.8772568791550087
19832,0.21076320332653606
19833,0.832977386194575
19834,0.7268615019046253
19835,0.6028602592669594
19836,0.7688036978039939
19838,0.7492665254662411
19839,0.702733498908963
19841,0.8342162526477794
19843,0.3918076457632329
19844,0.6828645614804626
19845,0.6387495851097492
19847,0.7077932724648544
19848,0.7493055433175503
19851,0.559784776266716
19853,0.5006913712387262
19855,0.40254042879070273
19857,0.4903203988015765
19858,0.8100327231549879
19861,0.34738053904639415
19867,0.8577659194772428
19868,0.41482220018241756
19871,0.7253008085345451
19875,0.7282162000829753
19878,0.5013244802363138
19879,0.24838772099324702
19881,0.4034458225415508
19882,0.7320802798417821
19883,0.6349076678370446
19884,0.5877379526145713
19887,0.7659181858760743
19889,0.666098106056557
19890,0.8685740815266109
19893,0.5619008618585525
19894,0.6365845599531708
19896,0.35963994336233135
19898,0.8993175619463739
19900,0.7047616720864749
19901,0.4712855566408226
19904,0.788552604287503
19906,0.705640895150214
19914,0.15519710951791324
19916,0.2656730756879922
19920,0.8645034994911107
19921,0.7252068627615171
19922,0.4467520748953275
19924,0.725775602969577
19925,0.5439362989636036
19926,0.5447043398921538
19935,0.21505886330091994
19937,0.26618022170155187
19938,0.4080222992371345
19941,0.5075008252425353
19943,0.3686328857945201
19946,0.44300778693935555
19949,0.24593776873083106
19953,0.694877667773042
19955,0.8921853844081661
19957,0.7088617143236797
19958,0.8876305613030379
19959,0.5392679885903529
19960,0.522312244957646
19963,0.45418745824905205
19964,0.840266658430848
19965,0.6042663362717535
19966,0.6497294371974726
19967,0.6422351135754785
19968,0.45808838919556494
19969,0.21355410859605797
19970,0.5520879840298156
19972,0.49691568293616045
19973,0.8376059551310764
19974,0.48055447279655655
19975,0.6832561633688577
19977,0.6621595385503711
19983,0.36682398954907136
19984,0.32948909252175945
19986,0.8745221431389721
19987,0.7859706048988594
19988,0.8034246388461467
19989,0.7896798967940506
19993,0.4930630674364475
19995,0.463763751575336
19996,0.5142788359782441
20001,0.8530733276865118
20003,0.578936800496864
20004,0.46292276781750413
20011,0.5219851936299106
20016,0.8328982294352786
20019,0.8736726575335029
20020,0.3892439281427631
20024,0.7900682250955419
20025,0.834842155835505
20027,0.42241450870796593
20030,0.796748372005447
20031,0.47358894548349145
20032,0.49732404671498825
20034,0.34979638631203525
20035,0.6260205718112997
20037,0.5787392108948447
20039,0.8502729730025345
20040,0.4207108880638181
20041,0.8690051558081884
20042,0.6227580160032173
20043,0.6194214294253267
20045,0.44998232287681195
20047,0.5048491477826627
20048,0.7607305532400228
20049,0.4811534323403174
20051,0.6360171500397669
20053,0.6260304338837159
20055,0.7496947552325208
20057,0.674562575419332
20058,0.7923524306109754
20061,0.8091215793854699
20065,0.47249959847891754
20066,0.4327644020493382
20067,0.5796435585646548
20068,0.500004742603247
20070,0.8021228033152653
20072,0.4851990682257064
20073,0.5522081112166621
20075,0.5730823593116986
20077,0.7761594773609162
20078,0.5973352781324534
20079,0.8075794290198333
20083,0.3445960300199206
20084,0.41575327668650514
20085,0.3859627751996286
20086,0.6331764813090951
20088,0.5909999760672414
20089,0.43593060186682314
20090,0.5244490913215504
20091,0.8857835440294943
20094,0.4374480401750891
20096,0.38420356445301435
20098,0.43434511220270566
20100,0.6911721431255702
20102,0.5428736504486805
20103,0.7777332052392647
20104,0.8401438711608866
20106,0.7791201178974608
20108,0.9578883535396752
20110,0.48646177489506803
20117,0.6290228462833827
20118,0.7269740801078278
20119,0.8521151088248619
20120,0.598264189700672
20126,0.3821676417724807
20127,0.7503404707117673
20133,0.4699589741769162
20138,0.5723636211900716
20141,0.45552838320389155
20145,0.7174044777825661
20146,0.6823269491988798
20148,0.6494834197412973
20150,0.5421569548968109
20151,0.8196340076905977
20152,0.5314392508665797
20156,0.7292530833678412
20158,0.5042559948221788
20160,0.5526649755893911
20161,0.4705008646835085
20162,0.596068255718168
20164,0.5365717601219857
20167,0.5611135945837293
20169,0.37875563262838996
20170,0.7591013803137205
20171,0.4478507124288158
20172,0.16922055632653732
20174,0.7681290489123441
20175,0.5211470052041475
20178,0.5815948727328104
20181,0.5664969799802072
20184,0.40034412385499957
20187,0.6995118937740776
20189,0.6165741086550786
20190,0.8215037632926887
20191,0.742868415915996
20192,0.8370536982716661
20193,0.8141028854351225
20197,0.805336267016397
20198,0.48841468057290793
20199,0.40388247969847857
20201,0.5413168076515082
20202,0.6921700433555137
20203,0.4322268296189161
20204,0.5204613804450375
20205,0.7675238585418352
20208,0.2658213571582156
20210,0.852064683810528
20211,0.7396382706842887
20212,0.7574315055420789
20213,0.8519630623103974
20214,0.7921381745634096
20217,0.6035863202151176
20218,0.33850940760426496
20220,0.5903198863490485
20221,0.8458117915403325
20225,0.6279971716179057
20226,0.7530234266437961
20229,0.7172489590359682
20234,0.680058854879083
20238,0.8572207091460055
20241,0.6697706129004919
20242,0.6420112823609064
20243,0.5016489678098184
20245,0.511785481021089
20248,0.6776910611142893
20250,0.8477882719925673
20251,0.7080124054178665
20252,0.8191971451824294
20255,0.24944696032074598
20256,0.557501094259198
20259,0.2828567597137114
20260,0.698211653854005
20261,0.6545154906299927
20262,0.5055702608738317
20263,0.7879143651234549
20265,0.13992636894601262
20266,0.7180429741774313
20269,0.3519520918334384
20270,0.3830347070067288
20274,0.4443696887694813
20276,0.9044714549118026
20277,0.9253410389270714
20278,0.3763848030430515
20282,0.7384560619688925
20285,0.4861142297981594
20286,0.6855079213099999
20287,0.5551504050117748
20288,0.7934302773900633
20291,0.5534293625641894
20292,0.2874896858975577
20293,0.6342766428401904
20296,0.5798958764904039
20300,0.7812563649448765
20302,0.49501081430045885
20303,0.5426771827904766
20305,0.4446019985647503
20306,0.728698250521814
20309,0.7614889069778318
20314,0.600337369593287
20315,0.5753068689705677
20316,0.3866703596140521
20317,0.45604317979540027
20318,0.3721987999722103
20319,0.8168870070247634
20320,0.8811070591752039
20323,0.8091763536205282
20324,0.401889098409182
20325,0.3195288412105894
20326,0.2921532401482369
20327,0.3791713845514172
20330,0.4438573213472075
20331,0.41380882184451934
20342,0.8808870045919268
20343,0.4480795927751245
20345,0.5946331315761563
20347,0.6098017650918085
20348,0.4839993980806529
20352,0.38875587581710425
20354,0.6585808330809428
20355,0.48795709090284806
20356,0.8647332762244881
20357,0.8204527453269178
20359,0.7729776390054951
20361,0.6317620030898325
20363,0.6942415965203456
20365,0.648082430989764
20367,0.698384104155345
20370,0.5080211958647821
20372,0.8038326764302228
20373,0.37705950989618436
20375,0.9384613559945046
20376,0.7455985331467175
20379,0.23322611996491807
20380,0.7702722535035162
20383,0.38688449341786013
20384,0.5950666473304681
20385,0.8476455127244453
20386,0.5432553476036924
20387,0.4047403107747325
20389,0.6723824295291956
20391,0.6401180362200027
20392,0.5444376695692579
20395,0.4459363020534757
20396,0.6849706145377793
20398,0.9397652162641221
20401,0.6064905839318264
20403,0.8026442410265011
20404,0.6919772878158356
20406,0.6443606198629053
20407,0.45616747764693266
20409,0.4228692033395032
20411,0.5129074964286939
20412,0.5781430462715373
20418,0.863002252306603
20419,0.4691405081539894
20420,0.2081089363459721
20423,0.6036946864038383
20430,0.7782701924011745
20432,0.7813012873278127
20433,0.9067264458802491
20434,0.47426738586732775
20437,0.4566478717910706
20438,0.40592360263736865
20439,0.7924565419425637
20440,0.8508035016403687
20442,0.5647580459915706
20444,0.5986434129542006
20446,0.35084494409037476
20449,0.4080543845413787
20452,0.6486080026313844
20454,0.7354540497902236
20455,0.6420063856203958
20456,0.7129927370778646
20458,0.9003108076586394
20462,0.5635212654763917
20464,0.41550513000980244
20465,0.5366790709608351
20467,0.5189744383773414
20468,0.6951084636966446
20472,0.44013874103170364
20473,0.3330540427566728
20475,0.5165817484133035
20477,0.7476510817647961
20482,0.5358959159478413
20483,0.6744294573623019
20486,0.8193312802214012
20487,0.7966023737522218
20490,0.5084443708277478
20491,0.8492684147942368
20494,0.40492081079415226
20495,0.6292055979086594
20496,0.5320702932772088
20497,0.6324296023043894
20498,0.5946951844006244
20499,0.6126079555091658
20507,0.33466799690183546
20508,0.6579110296831785
20509,0.4447666989011899
20510,0.4822593615860041
20511,0.7964957338571733
20512,0.2806912569269722
20513,0.7118476961195651
20517,0.45053691196998524
20518,0.5228674880560729
20522,0.45267839011971006
20525,0.4674385913644236
20526,0.4098415118431432
20531,0.8608230516854801
20534,0.38916383710582436
20536,0.40212090826659946
20540,0.44323756723804897
20544,0.49762235346023326
20546,0.46633503088588074
20548,0.38099778003281065
20549,0.8865625544554193
20550,0.41999188011918837
20551,0.49864835186772427
20552,0.7102569243653307
20553,0.8286287996739993
20555,0.6813299756295911
20559,0.4924789729356822
20560,0.8149116127841884
20561,0.875594815125564
20562,0.5094557164284383
20563,0.4477753965612395
20565,0.6127940599362748
20567,0.6471667876631848
20568,0.4772027118330026
20569,0.3836545776854541
20572,0.4989114004484813
20580,0.5099755474481649
20582,0.5586202516227661
20584,0.9197725252099598
20585,0.4520173776559641
20588,0.4609761742558236
20591,0.863011207563293
20596,0.8007575960027208
20597,0.5761457727463757
20600,0.39640590514926854
20602,0.9086865276763939
20606,0.6201954425591554
20609,0.4420920513858892
20610,0.3636946214662745
20611,0.48635427516579
20613,0.8131680988647746
20616,0.7557339312783609
20619,0.22617585282320946
20622,0.6897196134717097
20627,0.45021115331137346
20630,0.5364767895670048
20631,0.1924128086727634
20637,0.5837515481504568
20641,0.7206580749428712
20643,0.6587415755055409
20645,0.5459790720968087
20647,0.45864810522765753
20650,0.8959090220365978
20651,0.5345877653476746
20653,0.7555145093667663
20654,0.6420869816994547
20655,0.5350753178624013
20656,0.8408689569772558
20657,0.827715197439393
20659,0.4886413030308535
20661,0.32752968764610596
20662,0.624872021549293
20663,0.8326330191024064
20666,0.8230519308659866
20667,0.6023571377541528
20668,0.409691857454656
20669,0.7646438571624209
20673,0.2817683591271709
20675,0.4236999337470949
20676,0.8873843306570559
20677,0.5084381232827848
20681,0.8545120080076309
20684,0.7422398132912851
20686,0.6234456070515101
20687,0.8515932784227208
20689,0.7234245353333765
20690,0.5082680197235049
20691,0.4749489928981033
20692,0.6461200973144022
20694,0.7027683666707119
20695,0.47992927107250005
20696,0.36536440372210954
20698,0.7993906596946518
20700,0.9030783668367678
20703,0.3536798703369803
20704,0.7254330357721485
20705,0.5095981082059177
20706,0.7953551909634533
20707,0.7669994663851473
20710,0.5740605490543293
20711,0.5617588471649277
20712,0.38539335711255013
20713,0.8692745817496268
20714,0.6197243946497532
20715,0.6407082668832256
20716,0.501912262567291
20722,0.6262212032404614
20724,0.6174134989201714
20726,0.6265912375562956
20728,0.5752816270510517
20729,0.6085574065614017
20730,0.4803978213830098
20734,0.3732821704050591
20735,0.5733991189376345
20736,0.8190157524169541
20737,0.3667182508976636
20738,0.6386337065250143
20742,0.5089006507743083
20743,0.2545684839358894
20744,0.48513818610753584
20745,0.45167570761292547
20746,0.48948719863447726
20751,0.5168023228031806
20754,0.46418065006895864
20756,0.7510678419043239
20758,0.5628292033369666
20759,0.3504000718595724
20760,0.4978480592262539
20761,0.7732376609025707
20762,0.3777970253951051
20763,0.308453080305924
20764,0.3696036215430869
20767,0.8534473191537746
20769,0.7453582873413073
20770,0.5263349619031019
20773,0.711229369642932
20775,0.8353556851101461
20776,0.6690108076353813
20777,0.6387385540448524
20778,0.562316280855646
20782,0.7813797559461739
20783,0.410121641767316
20784,0.6049813680017426
20786,0.4871195399893861
20787,0.8531814198713144
20788,0.38442701391841627
20789,0.20703522772473698
20790,0.34140811296826523
20791,0.742297251370474
20800,0.469233540211059
20801,0.8499807906563269
20804,0.43024546003084585
20807,0.432807136532933
20809,0.25068055872986594
20810,0.9348250191439488
20812,0.8104862456511321
20814,0.4368040642454363
20815,0.6082740019130266
20818,0.12824697037265959
20819,0.7882304659935543
20820,0.6558713088618636
20821,0.42633945662362327
20823,0.7227332653386205
20826,0.8632345536729426
20827,0.6012187919201447
20828,0.49887462440344793
20829,0.39328611879235165
20830,0.8022637882846334
20831,0.6776208097391818
20833,0.48513032247939236
20835,0.6351582909328858
20836,0.6458753846116545
20837,0.5555153597569875
20838,0.5499090105579411
20841,0.6877309452980543
20842,0.46285388204738365
20843,0.3809734886649948
20844,0.552791839437364
20845,0.5560438244124765
20849,0.4961604862915071
20850,0.8290212685324048
20851,0.4780516197041833
20852,0.40866096473874064
20853,0.8557390887769926
20854,0.7815669035119853
20855,0.4090647967949006
20857,0.5633414784682925
20859,0.8105375898613028
20861,0.7953750576336659
20863,0.4075955048851095
20864,0.5899686072776393
20865,0.4041270818367471
20866,0.5037376612234143
20867,0.8381099969629697
20868,0.9142791486138441
20869,0.8828640158323696
20872,0.45418004353818187
20874,0.612728437485735
20875,0.6133847762666197
20876,0.5292626152622331
20878,0.483573498538919
20879,0.39173356819669986
20880,0.6779696317215874
20882,0.5513473374551157
20883,0.8743681486602661
20885,0.3434017701806286
20886,0.6944785458439134
20887,0.2955792324740722
20888,0.3976219227090895
20889,0.4267077777836252
20891,0.5109328895955765
20892,0.48833052045755065
20893,0.5958019145536414
20896,0.6739223805408603
20897,0.24109652092614986
20899,0.43296142708154683
20900,0.8203796663802467
20901,0.5560167752996544
20902,0.49742216522904786
20903,0.3881944016021753
20905,0.4867212027596431
20906,0.6718710908755251
20911,0.4580409396153026
20912,0.7774686976617933
20913,0.7626723313582726
20915,0.34472041614410187
20916,0.4923874810419722
20917,0.7904014195780259
20921,0.8567230200765872
20924,0.4784724803652902
20925,0.7372677977208976
20926,0.4502864731863147
20930,0.4983353806028706
20932,0.565045501210557
20933,0.6996372082486887
20935,0.4662962265649725
20937,0.30728765421268156
20940,0.6434733923433029
20941,0.7708834825316446
20943,0.466133351051087
20944,0.34235517514170827
20946,0.573032839870984
20947,0.4606702493296233
20949,0.35115497297060305
20950,0.5143543847658851
20955,0.5988578731419789
20957,0.545027954123866
20958,0.3970906236234007
20960,0.47455331707494747
20965,0.6648458573164104
20973,0.6715355292733602
20975,0.7925391143338879
20976,0.6746428796424776
20984,0.6372595038141036
20985,0.6929596454521886
20991,0.6247777995129812
20994,0.1736724347431018
20997,0.5878753693102281
20998,0.663264563430344
21003,0.8776526622368812
21004,0.486610103588583
21006,0.37867242767656184
21008,0.3927433442507204
21009,0.20268491914089803
21010,0.41329476792116093
21013,0.65218426705782
21014,0.7036374511877558
21016,0.37903529315651785
21017,0.8943939679575753
21021,0.2134287822642102
21023,0.5437014624692457
21024,0.4427969540597433
21025,0.6391514984562761
21027,0.40334011715286117
21029,0.6795058237041429
21030,0.33986712831183297
21031,0.7778034539829026
21032,0.48163109674977833
21033,0.9112916601254759
21034,0.9072904030725467
21035,0.5796595717510278
21038,0.4891613339687007
21039,0.6579991726177541
21042,0.5051288657604992
21046,0.4553726544150427
21047,0.7733330877841944
21050,0.252847538295849
21051,0.5404137601901303
21052,0.40952132132147184
21054,0.23514037402721466
21056,0.5733889287569359
21057,0.7806820768927508
21058,0.5925183968680355
21059,0.7407990907566664
21060,0.7082621835357169
21063,0.25493203053212043
21066,0.37243327950934135
21074,0.3529958443961397
21076,0.55317282991468
21077,0.6216345112287528
21078,0.7346210497879399
21080,0.42050508227655625
21084,0.16281808297910344
21090,0.7207511168262528
21093,0.3974194101640326
21094,0.5587226472350212
21095,0.6725376399215456
21096,0.7892146297025749
21097,0.8644257653895037
21098,0.4956459239103984
21099,0.5399002415107884
21102,0.6477042685040171
21103,0.720071070639497
21104,0.7486104464668837
21105,0.8383233112619897
21106,0.875310995359319
21107,0.854697386284495
21108,0.608400167274273
21109,0.34474777895319386
21114,0.22207905776151882
21119,0.7418788607915324
21120,0.3628918765745003
21121,0.6152554724365872
21125,0.4509617178166466
21128,0.46970719082961016
21129,0.30470194274762186
21130,0.5516493604706664
21131,0.49597221139957137
21133,0.6436888340593941
21134,0.48315609951138444
21135,0.37930972425742415
21137,0.3174562906158523
21138,0.3207088228511168
21139,0.22208904311116362
21140,0.5299784527219792
21141,0.7055835990174775
21142,0.8408105759030514
21143,0.6482006125593907
21144,0.6549647565541451
21146,0.6293671776341556
21147,0.7528720073947184
21149,0.4555457060746018
21150,0.5125536030114705
21152,0.6314307476832611
21153,0.7044520329247391
21155,0.3564875060740417
21158,0.5133569708631619
21159,0.4875038935605963
21161,0.5810785516830268
21162,0.7070076237831875
21163,0.43651922012149125
21166,0.3727650579896067
21167,0.53706471672664
21173,0.7210467602214
21174,0.5407154037400408
21177,0.5699083995217734
21178,0.7917120573665194
21180,0.6273984240757542
21181,0.7187628375049183
21182,0.2766280626905069
21183,0.4871808594149406
21184,0.6577147913857314
21186,0.4476664222936971
21187,0.5456501261933795
21188,0.38907907379074247
21189,0.8458624728979095
21192,0.7526725113735503
21193,0.47743103470318377
21196,0.4543846368098598
21198,0.42588294112352265
21199,0.7624782448443431
21200,0.9110954007657909
21204,0.6474086261741496
21206,0.5578610874839477
21207,0.42959281188737986
21208,0.49018475423240737
21210,0.48484415645623496
21211,0.25854881351478853
21212,0.8520505277615956
21213,0.4769119293504659
21214,0.5329066275948123
21216,0.5676267137637842
21217,0.24619196194928136
21218,0.839867826170406
21219,0.7376534654724992
21220,0.7792655944521707
21223,0.6378918699799617
21224,0.45582803938190164
21226,0.7392971555568761
21227,0.630391517038884
21229,0.2554348337843946
21231,0.7106227826104721
21232,0.9000748860891474
21233,0.6041831781491982
21237,0.38703607998590384
21240,0.5358544855807919
21245,0.6592662897741227
21246,0.8041454025399771
21248,0.43722793970775753
21251,0.7022379851556536
21252,0.6070498168629601
21254,0.5482960841849447
21256,0.8914115036736403
21257,0.6111468559879824
21258,0.41377233773512095
21259,0.8791937196663008
21260,0.6245752714683596
21262,0.512998148265995
21263,0.39782456138234557
21264,0.561843478321513
21265,0.3622832812689495
21268,0.3438658783199535
21269,0.16294543611047607
21271,0.9135096017376206
21272,0.8517478610329371
21274,0.4488193354500343
21276,0.7863747352996344
21279,0.5321605969611565
21281,0.5600313103850101
21283,0.8596767581732392
21285,0.4709426297714256
21288,0.6972184428446649
21289,0.5477240226346485
21291,0.3370232348028755
21292,0.2469892371195172
21294,0.4915824192475752
21296,0.66799558332607
21299,0.7884002495419355
21300,0.5839419006454045
21304,0.22101896303997173
21306,0.4133335043675212
21307,0.5213978768206664
21309,0.6666362687376974
21312,0.41106807593137573
21314,0.6080531547942927
21315,0.7007594437121946
21316,0.5327664822037673
21317,0.5419312799919064
21318,0.36418466876900657
21319,0.7814593583209524
21320,0.8616595548486818
21321,0.4352357556510904
21322,0.8870802818278292
21323,0.45142286425055284
21324,0.5286577734404332
21326,0.5540704778131116
21327,0.5868956708276771
21328,0.48792723992714276
21330,0.4501215545074002
21331,0.5304216843677357
21332,0.7184165781092124
21333,0.43171278333032215
21334,0.8833970960846631
21339,0.33325298475754855
21340,0.551821112855245
21342,0.395892817173574
21344,0.8587314072264126
21345,0.7429315971739023
21346,0.8837698406359786
21347,0.6286667347396325
21348,0.4865930529159991
21349,0.3880503242624667
21350,0.5287489813784807
21352,0.5382025322690173
21355,0.3378431141696955
21359,0.8600548345619079
21361,0.7946612250164586
21362,0.48487440052181974
21364,0.7757196574612513
21366,0.7043762055461609
21367,0.5165656871365188
21368,0.38050617903025663
21374,0.5539027415848587
21379,0.36287862346171884
21380,0.8050185713493998
21382,0.7789255894497099
21383,0.5111913367539671
21385,0.6090954951964314
21388,0.8768469584681772
21391,0.44649206056273855
21393,0.8375004108116146
21394,0.698083405595623
21395,0.4234768350370376
21398,0.3907460113086063
21399,0.8240545541688173
21400,0.8763433653269408
21401,0.39532616841798
21402,0.6286608844035465
21403,0.5446848882587824
21404,0.526391270913165
21406,0.6987209205611273
21409,0.42998467950452207
21410,0.5069608744881215
21412,0.5655023757396386
21413,0.5023084298855941
21414,0.8621613651416008
21415,0.5930387076411553
21417,0.5565786673992774
21418,0.8099456884853553
21419,0.5428085510027837
21420,0.8080074310732438
21421,0.6413639370665659
21422,0.742371359194025
21423,0.7046510847286099
21426,0.48498197509700147
21429,0.7433195078138003
21432,0.808048052386498
21433,0.49333661673523277
21434,0.8278675024036187
21435,0.5500019643580119
21436,0.6839071945410314
21437,0.7789554973740995
21438,0.39506585661983673
21443,0.4511623986645846
21445,0.7705884344214716
21446,0.6431505512476431
21448,0.416183792368888
21450,0.7418649195279505
21451,0.6601836790860309
21452,0.6275632730656372
21453,0.4344849803805654
21455,0.48162348691135065
21456,0.35879594735881676
21458,0.698165290905738
21459,0.6589368501351092
21463,0.7873039130155478
21464,0.6518254610491021
21466,0.49335288891603724
21468,0.8535227364956994
21470,0.8776251051496909
21473,0.5557338206979942
21474,0.7806615771702101
21476,0.3676261466444475
21478,0.6129395894761962
21479,0.386235825829913
21482,0.7853896983367429
21486,0.4142914267525921
21487,0.7853928783554989
21488,0.6898142399709539
21489,0.4213264017903322
21490,0.41636004090820716
21492,0.7256220094261978
21493,0.634712518860372
21495,0.51752815830555
21499,0.42424762101691227
21500,0.7239217823562141
21503,0.7400249668329892
21504,0.647873739818322
21511,0.1855153270117885
21513,0.5472261456621861
21514,0.18350289049920748
21515,0.6199746110542528
21516,0.694730108177181
21517,0.4955753118661022
21519,0.8663845833421993
21521,0.7531332746773282
21522,0.6457294907207383
21525,0.2612163757706846
21526,0.522001598417878
21527,0.5150102474459459
21529,0.5710129133555457
21530,0.4972730513564857
21531,0.7030714668868032
21532,0.5533959471201096
21533,0.629795742347174
21534,0.7753258556453597
21538,0.3474864453793382
21540,0.5615376134300055
21542,0.4169689449189387
21544,0.6343057163161722
21545,0.3252591274980556
21547,0.5913425597344983
21548,0.8637649582605869
21551,0.3904461659911649
21552,0.5623748803610272
21556,0.41341254377388653
21557,0.5979093408469265
21558,0.5747988745886393
21559,0.6258961687784417
21560,0.5643094686656476
21563,0.2466222379480888
21567,0.431038178211839
21568,0.8120055371807896
21570,0.3591611329053637
21575,0.8596368247375569
21576,0.7300327479717063
21577,0.1957531100517419
21579,0.2133666955841848
21580,0.515711050396124
21581,0.7796364874338084
21582,0.7661162414669633
21586,0.7712876856342411
21588,0.5791938783770124
21589,0.49836911698161973
21590,0.489807626637532
21592,0.43906141170135493
21593,0.5993135836267657
21594,0.5160064163764523
21595,0.3690920674435776
21596,0.8174397230798084
21597,0.4476036854347071
21599,0.566187868024812
21600,0.43376496837712397
21604,0.203675138396355
21605,0.4549410672174196
21606,0.9495112161259281
21607,0.9141019400579995
21608,0.4394177377208405
21611,0.2999421741273493
21612,0.779626865701849
21613,0.6051174024849694
21614,0.37683767621933123
21617,0.8169555424045779
21618,0.7755823890129323
21621,0.2773534284563038
21623,0.8757396611496497
21624,0.8226083038242713
21625,0.701185650030122
21626,0.6248613729579207
21634,0.39536298445550055
21636,0.7155874207594976
21638,0.46759286717313625
21641,0.6242450791811034
21643,0.7842576328914033
21645,0.5552792157509362
21646,0.27438542993803594
21649,0.6058160029338416
21650,0.8637424132964944
21651,0.5679660080316207
21652,0.3545895691631729
21653,0.3687455509997383
21654,0.5398357953947865
21659,0.5797876224766044
21660,0.07608088851790566
21661,0.443833831244363
21664,0.47704845028930953
21665,0.7698007064893873
21666,0.8034559882682589
21669,0.5569098896717133
21671,0.46177401234220955
21673,0.7480813053647172
21675,0.7005222313253581
21676,0.517453503787666
21677,0.5585885984817647
21678,0.4381993606238646
21680,0.587249513210833
21681,0.6173515501488275
21683,0.5966216845123102
21684,0.5393506880866372
21685,0.19707455710876168
21686,0.47129488309494977
21688,0.4825665955340166
21689,0.49451724552566845
21690,0.7270337399327611
21692,0.6599659348421425
21693,0.6613432867300565
21694,0.4087189891491484
21695,0.3915245778493754
21696,0.8213691505208655
21697,0.727237041391925
21698,0.540015345977239
21699,0.8463780355090709
21705,0.8311208928454681
21709,0.45996336447179864
21710,0.5272123860301021
21711,0.8432088040869752
21714,0.47091635195679304
21715,0.3934943009947547
21716,0.7973133665904995
21719,0.7059960923762914
21721,0.7681999592651245
21723,0.6225639978339812
21727,0.7049292182741047
21728,0.42817369926874027
21729,0.49923698982841597
21730,0.3859640244443806
21731,0.8377842045215718
21732,0.3409704993796794
21733,0.6826749170022655
21734,0.5793294242309451
21736,0.6001733092034064
21737,0.7988117627474487
21738,0.5726480200138152
21739,0.8103338707355373
21741,0.5726040797859734
21742,0.5833789402241978
21745,0.5303022677237486
21746,0.4522921047733841
21747,0.3941423324488724
21750,0.7339438401426227
21751,0.4018260742346634
21754,0.8405376611999774
21756,0.6851668792219688
21757,0.6852054047320244
21758,0.5322892565090885
21760,0.5273450014653444
21765,0.42432684528576503
21767,0.3508809811337593
21768,0.7608144726740748
21769,0.8763244228154067
21770,0.4764725957964909
21771,0.49512420867668855
21772,0.3517732886831849
21773,0.7501612349170403
21774,0.806809034001263
21775,0.41042631875576124
21780,0.7914069363862484
21781,0.4054547078733872
21782,0.46271301022195727
21790,0.38801832054074986
21791,0.8601063464457489
21792,0.5676536143143925
21793,0.8743438322511135
21794,0.46993527209880714
21796,0.2328707913837164
21798,0.46597698281162875
21799,0.7320917648304351
21800,0.49173145116090383
21802,0.42052365932383456
21803,0.5833471519325477
21804,0.46565430958664245
21805,0.4690758131264103
21806,0.4422037489993517
21807,0.6333247093840774
21808,0.5243352342189813
21812,0.4895465156787719
21813,0.2081884014664331
21816,0.45205471232441724
21817,0.7868812514483934
21819,0.8384792172019784
21821,0.23783871007773685
21823,0.8569320441410018
21826,0.42125762004919143
21827,0.40351416264579704
21828,0.8011040918145453
21829,0.5041660174791895
21831,0.6392356242639613
21833,0.6213264594471484
21836,0.683121626365091
21837,0.9014676553216572
21838,0.3361433843290309
21839,0.41214717547314045
21840,0.63627862630468
21844,0.810078260808501
21846,0.37466126236156677
21847,0.8721057886506892
21848,0.6469691659204926
21851,0.6768899605147609
21852,0.47643427098525687
21853,0.6056375055874508
21855,0.4666312298069802
21856,0.6979181796495638
21859,0.5408571971345514
21862,0.3708716890972098
21864,0.37171566936885225
21866,0.6953622989184842
21867,0.7182076615626942
21868,0.645605205758269
21869,0.4221680794739429
21870,0.8035024761172922
21871,0.6013313332776731
21872,0.33597050689602315
21873,0.7666774794892259
21874,0.4915863359226597
21876,0.45053071596326427
21877,0.6323988717469876
21879,0.4155493267588093
21882,0.7549186495086233
21885,0.3718429602141578
21886,0.3574340786730139
21887,0.7216875193294523
21888,0.48015841201744364
21889,0.525087132990368
21890,0.4338251069826534
21893,0.42674574999575826
21894,0.7394094749340236
21895,0.8070976633070805
21896,0.8512416948390691
21899,0.7519956232192764
21900,0.5797987425035335
21901,0.7198524904826477
21903,0.7427231979468676
21905,0.5357140090410403
21906,0.6869199230949659
21908,0.4145497914292547
21910,0.6228737625974213
21911,0.721343397489584
21913,0.502649666605169
21914,0.5393151152445037
21916,0.4077793317472325
21918,0.18557468883075873
21919,0.7320858492396414
21921,0.392817138758221
21923,0.5372962455037508
21925,0.34242935763953253
21926,0.6914201689048526
21927,0.7756769976110349
21928,0.5615348224029718
21930,0.48605144344432744
21931,0.3524338139163797
21934,0.5091982382295261
21935,0.5187918079068914
21936,0.9514876285999698
21937,0.8079163370076875
21938,0.7133464051978299
21939,0.6958939134863364
21941,0.8160816569658531
21942,0.3752071122661081
21945,0.3818433988583952
21946,0.6155758456169963
21947,0.7488118481261359
21948,0.7646078325494253
21952,0.6231688578129537
21953,0.4810162615759798
21957,0.8912907974239161
21958,0.30194041791781545
21959,0.6658408696174121
21961,0.8004618461265901
21962,0.5962930539493916
21963,0.2841232127536425
21964,0.5964150962150004
21967,0.7038699684593306
21969,0.4041796080671576
21970,0.556034422392663
21971,0.310868881920557
21973,0.6278182072403933
21974,0.4987210212344438
21980,0.350533763118136
21981,0.7442791090956359
21983,0.6352376959288027
21984,0.44693459392539375
21985,0.8194715628661465
21986,0.7645354395832579
21990,0.45726613565503293
21991,0.5779278055244313
21992,0.7846132977321624
21994,0.496236312162855
21995,0.5827579632207645
21996,0.5533527859250131
21997,0.803349526361245
21998,0.8312246039424054
21999,0.8589473016130127
22002,0.5599261970109447
22004,0.8081218769168023
22005,0.9274111963981576
22007,0.5616285858257364
22008,0.7603640046525275
22009,0.5335475534375802
22012,0.7378849293879098
22013,0.40564513685923403
22015,0.7025416750504838
22016,0.8205740500970214
22017,0.5347485057428528
22019,0.6786803459056879
22020,0.7510200805836716
22021,0.17441362443703046
22022,0.5931808146516675
22023,0.8508978603817171
22025,0.4809457624471543
22027,0.6013211586369525
22028,0.29390882995383155
22033,0.40581716303949206
22034,0.46582078243238656
22035,0.4872785328613881
22036,0.4215393607489594
22038,0.2214679699815334
22039,0.7013963866653441
22042,0.719700651239664
22044,0.4943640860665029
22045,0.5419286248789278
22048,0.5758043487211388
22049,0.35236745008095816
22051,0.7256610908140678
22052,0.3098022972851355
22053,0.520393143260378
22054,0.4159725514404715
22055,0.650483092518733
22056,0.4649158080100313
22058,0.8820907630923878
22059,0.5721571396594134
22061,0.7225021940803783
22062,0.6899587450713786
22065,0.37604783898511585
22066,0.5548231489163324
22068,0.4969442235743889
22069,0.6042190506120525
22074,0.4423426711444431
22076,0.49832326485168515
22077,0.8396483984243927
22078,0.3876679051035956
22079,0.7336038781457007
22080,0.30710420975770775
22082,0.2515894859666731
22084,0.49079271595014473
22085,0.4728195858151577
22086,0.606161827727348
22090,0.8615080193815834
22091,0.6843415028151614
22093,0.7351807665566596
22095,0.5981175666230172
22098,0.43739722140916815
22099,0.43489313508190847
22100,0.5902858401523098
22101,0.33785611350828454
22102,0.9656163183417567
22103,0.5293836487149175
22106,0.45677382022033547
22107,0.5501954734228152
22111,0.8496847848478247
22112,0.8874954039148812
22116,0.6009820940125559
22121,0.46901375329145145
22123,0.2956167758461534
22124,0.4854035719613287
22125,0.4707588349503451
22126,0.4734044170027917
22127,0.7219664662447682
22130,0.46075987560841736
22131,0.4994131685980887
22132,0.26345150913096277
22134,0.9333139530862878
22135,0.7237822784994299
22136,0.8843638723053524
22137,0.6567408417901767
22141,0.3800705541981
22143,0.5577658276675032
22146,0.437209471857635
22147,0.75591870118484
22148,0.5948010328281783
22149,0.6759726717074217
22151,0.6623750022497094
22152,0.4678738073465473
22153,0.5233900900592474
22154,0.479191035663958
22156,0.9166714063683092
22158,0.7748929067804757
22159,0.7793294441728262
22160,0.747242753685568
22161,0.43369812471762303
22163,0.45523677106397886
22164,0.6295427945889334
22166,0.8493426743566238
22167,0.3774992371771229
22168,0.6403442207787091
22169,0.44745962198146133
22172,0.38221672983029525
22175,0.37607383642247827
22176,0.39713440081023677
22177,0.6176811831165047
22178,0.93371054279313
22181,0.59437431151324
22182,0.6698986570588957
22183,0.21460879239821756
22184,0.3494939958868833
22186,0.7613385260479987
22187,0.6466617375906348
22190,0.7053926156044296
22193,0.5227983950364498
22194,0.42955522391575457
22195,0.6452184796082441
22196,0.1966688826065215
22197,0.6855312793970103
22198,0.202102794866878
22199,0.5199867325143199
22200,0.6740104902100945
22202,0.6253708304464561
22203,0.7641540792590773
22204,0.6676153625554064
22205,0.6420052968847589
22206,0.9207022603296254
22208,0.5156302144317638
22210,0.5692528283091964
22212,0.5947957303202269
22214,0.6607954271299286
22216,0.8425418293650497
22219,0.8010763239616596
22222,0.596515177620101
22223,0.6296635655508023
22224,0.8587434513014036
22225,0.5304395440120044
22226,0.5426484765689764
22227,0.8109898627047752
22229,0.41136618939175434
22231,0.7284956609743937
22233,0.5049399261501606
22234,0.7624002203233354
22235,0.6410211923241371
22236,0.5912100822646666
22237,0.5184801114742024
22240,0.7472750734433307
22241,0.930460622251468
22242,0.8676129845750299
22243,0.6791238909466941
22245,0.6205577886952822
22248,0.8007728780149914
22249,0.6899283131328507
22250,0.7973462805864264
22251,0.35230714669213004
22252,0.3281990331093532
22253,0.4227127015652722
22254,0.7085884685101336
22255,0.7202887603109972
22257,0.6903300373846065
22260,0.7425273151661842
22262,0.6779456006447547
22263,0.6879473216039121
22264,0.7991859683160432
22265,0.5147417411661322
22267,0.6264460065831892
22268,0.8841684134939737
22269,0.6673269248272867
22271,0.5007244578602241
22272,0.6051509045592797
22273,0.7104194889988423
22274,0.5192919678829442
22275,0.6088653756038167
22277,0.8925981766506244
22282,0.5069711010354775
22283,0.6985628451150636
22284,0.2997372727920571
22286,0.3563401906952274
22287,0.2642457429363532
22288,0.5146775998212856
22289,0.7442858743289508
22290,0.4750320988926597
22291,0.8754649140930608
22292,0.4056715014313478
22293,0.7882432320408886
22295,0.4730910795341897
22296,0.7602704257652466
22297,0.3567298608534507
22298,0.42911536962239416
22299,0.7377431957133158
22300,0.8370535045667648
22302,0.848035241948149
22303,0.591618154294955
22305,0.5402144577068182
22306,0.6778298000030449
22307,0.5585573755170579
22308,0.7253334638644583
22309,0.3697846523671178
22312,0.7539967418949189
22313,0.7455486410960681
22314,0.7237126067069369
22315,0.7902472359385339
22316,0.7171611708944716
22317,0.6043895805775447
22318,0.5543346996913228
22319,0.7975082852136213
22320,0.43991665981670597
22322,0.7659117246493818
22323,0.8479643051741221
22324,0.67976332432608
22328,0.45422748066075724
22329,0.8414988075597666
22330,0.514779295503534
22331,0.5251682783743207
22332,0.8016827289060521
22333,0.7323294245639344
22334,0.4567728902128995
22335,0.6185658389102153
22336,0.38847357397227494
22338,0.6934220271071005
22339,0.66874943428659
22341,0.5244777240282344
22342,0.8080241315026379
22343,0.3782626475563779
22344,0.7730316161729467
22345,0.884643246170419
22346,0.5590028401575363
22350,0.5446426961769373
22351,0.4349239018981228
22353,0.42883555552545755
22354,0.42835766591346536
22355,0.4187859567007947
22358,0.5961269614773554
22362,0.45829052985573326
22365,0.8711105110432599
22366,0.4899496892888913
22368,0.5228234472825841
22369,0.509493187981361
22370,0.65571286823965
22371,0.37693400919885994
22372,0.8759531179172547
22373,0.45580340473950365
22374,0.7224452935432301
22375,0.41649513254472725
22376,0.8163259552991784
22377,0.48948641697766343
22378,0.6987569760085676
22379,0.6630705282197672
22382,0.4350169774367418
22386,0.7559162221828761
22387,0.8350033959819495
22388,0.661872158648103
22390,0.4237165256274778
22391,0.4303952068261265
22392,0.4236000629789375
22393,0.9242853371517752
22394,0.5836327744464821
22395,0.44737467008934634
22397,0.8727393862981431
22399,0.7977750350747017
22401,0.533106838357196
22402,0.31943845265554355
22403,0.8473915087948408
22405,0.7869893011411584
22406,0.43255752853312507
22407,0.7031279535940692
22408,0.5462884621639704
22409,0.3062685557084422
22410,0.3303658348576393
22411,0.9012595979708538
22413,0.8260532105514805
22415,0.7108130245794833
22416,0.4088287522426133
22419,0.4218852872692065
22422,0.5134953408733024
22424,0.8809583199041071
22425,0.5321421713749075
22426,0.6544516054838555
22427,0.44541135543674415
22428,0.6700488275953465
22429,0.5155065395296486
22430,0.7958765030585725
22431,0.7635114713781915
22432,0.45297036815006314
22433,0.6221923083726759
22436,0.8161526637410342
22437,0.5847373068269704
22438,0.6120816635921904
22439,0.7456541744057701
22440,0.6855496112765382
22441,0.3607045581924545
22442,0.7755068333986042
22443,0.7981692533319199
22444,0.48467996816145437
22446,0.3225663166765458
22447,0.8982887917793594
22448,0.4164455846200241
22449,0.656537852698385
22450,0.3315161323704239
22451,0.8556141168393329
22452,0.5451230745510678
22454,0.2794660912534171
22455,0.6927108511562573
22457,0.696232439007274
22459,0.5865966039301189
22460,0.7458974930306791
22461,0.440915572516316
22462,0.4758043256086092
22464,0.4593708174821196
22465,0.631792014874948
22466,0.8976909011925256
22470,0.6346262993420643
22474,0.4943470069666067
22476,0.4854117458074456
22477,0.3976270965685336
22479,0.6625222161487203
22480,0.6906624402571312
22482,0.7436800788162599
22485,0.8168202320639748
22486,0.9201572984043219
22487,0.6966941465433331
22488,0.44998328506285956
22489,0.7593342066482871
22492,0.8124685916718271
22493,0.4317282234585044
22495,0.7950193390532756
22497,0.77749837258484
22499,0.4391988615919695
22500,0.49599835921505914
22502,0.43500606590710855
22507,0.3675060168756775
22508,0.6442182493970923
22510,0.7053987808870602
22512,0.7320621796411911
22513,0.5872260735554007
22515,0.7383229497928051
22518,0.8317462060587895
22519,0.5008707314170777
22520,0.4068270386196819
22521,0.3610453269305488
22523,0.3546876546594136
22524,0.6551999650560877
22525,0.35010798487751
22526,0.8666316233182341
22527,0.3820833261408027
22528,0.388379572535763
22529,0.6006140754901835
22530,0.6669315930173958
22531,0.5312648300142074
22533,0.8555426493599694
22538,0.3809928317632287
22540,0.6610754246107629
22542,0.9036882834129984
22544,0.5612736145993773
22546,0.5855605199019769
22547,0.8080018809365479
22549,0.4728095530329781
22550,0.9376969733563767
22551,0.6400256022985843
22552,0.574909394252131
22553,0.29920760422954784
22554,0.7341379088093604
22558,0.6364792409438083
22560,0.41262103644176157
22561,0.8435161969119528
22562,0.5539081643434999
22563,0.9450229598775863
22564,0.7381095324883299
22565,0.4858966015370407
22566,0.7221450440163721
22567,0.6114379175623936
22570,0.4129841788908332
22573,0.4164420056913831
22577,0.7269210441300488
22580,0.6252093089055972
22581,0.4920090259901203
22583,0.5987964359933623
22584,0.47085832317418863
22585,0.383616490122281
22587,0.5738758261468337
22588,0.8453489273899873
22591,0.8046768248890213
22592,0.9261812722434817
22593,0.48676255133016183
22595,0.5818966979767979
22596,0.7015485299414319
22597,0.5738070599290962
22598,0.561866115066595
22599,0.37265180621198346
22600,0.3946594104646765
22601,0.8418504908525254
22602,0.37165826757636866
22603,0.5747907608128822
22604,0.6530824389063935
22605,0.5659108689534686
22606,0.32266918614712
22607,0.4539324753994724
22608,0.40419124213816643
22609,0.4486806411926909
22610,0.9168244279438899
22611,0.4195103614894273
22612,0.38595926139187153
22613,0.7375161086810956
22614,0.6292970452280162
22615,0.6310459066075549
22618,0.5201813300207749
22621,0.4574150929731789
22622,0.3496360354676339
22624,0.5153031432284799
22626,0.3942782746543007
22627,0.5002054828485816
22628,0.8313545385740003
22629,0.4171902821166347
22630,0.5918141178775599
22631,0.5110359663747837
22633,0.5259647427870137
22634,0.44616033148614775
22635,0.6417343642649512
22637,0.5479299232320222
22639,0.8887366010308422
22641,0.7982387964084244
22642,0.7266444935467069
22643,0.5552475330628867
22644,0.7270106249966073
22646,0.4168935209414282
22647,0.9178943022122693
22648,0.761126925085274
22650,0.8445551372226607
22652,0.5347411021281137
22653,0.6612569809811646
22655,0.7119538858822724
22657,0.12293871229301677
22658,0.8545798067839716
22662,0.4318896704442093
22663,0.4790937919067791
22664,0.7753601057817489
22665,0.42878873688947616
22666,0.9261943019004488
22668,0.8971566151234334
22669,0.7640908320364312
22670,0.6867239708232178
22671,0.8889784113184969
22672,0.5820355305263037
22673,0.34348473164251225
22676,0.6598194414389573
22678,0.38355135160739934
22682,0.7165879633045642
22683,0.6686406211294984
22684,0.8426696478992567
22685,0.4052194057342509
22686,0.3374230557378851
22687,0.8141666870806538
22688,0.6089204765313385
22690,0.5360224633275501
22691,0.3861835248700892
22692,0.7692460990297277
22694,0.42431964212036144
22695,0.6412473206282552
22696,0.3444308120766988
22697,0.9262806703520733
22699,0.5997227043678441
22702,0.5703804799444235
22704,0.44325147549383886
22705,0.5453619493453135
22706,0.5125069802795982
22709,0.2805750345832965
22711,0.6851770997585382
22712,0.7740235735032617
22714,0.5231724153227475
22715,0.37518330539412104
22716,0.5042575874938209
22717,0.704145783882653
22718,0.5874918958042149
22720,0.7522733018907444
22721,0.24126277579166341
22724,0.6438591920933658
22725,0.8305304059140924
22726,0.6166581327734088
22728,0.6197872720826905
22729,0.4155505261278967
22730,0.7836784592713589
22732,0.47962037594700413
22733,0.654347735775774
22734,0.6269320739537085
22735,0.8912985013928056
22736,0.4135266488708226
22737,0.8518289309526159
22738,0.19695546912188797
22739,0.5409909225039452
22740,0.724844715712396
22742,0.6337016391372615
22743,0.6288900028893134
22745,0.6602564521584153
22746,0.26722756003368514
22748,0.8328577285620617
22749,0.5495504513712399
22751,0.752532193008704
22752,0.4101733662544365
22753,0.7647185621513858
22756,0.4801702708837678
22757,0.7574698856255324
22758,0.8904749482086123
22759,0.5976929358645044
22762,0.9148031441165757
22763,0.6111785679443296
22764,0.5000928229158146
22766,0.6093464954257447
22768,0.4522551549534933
22769,0.4565340928793371
22770,0.4565401829322221
22772,0.8490736566643006
22773,0.44299142096224164
22775,0.3509874316827853
22776,0.611281449436929
22777,0.5391522940416081
22779,0.24397582183990052
22780,0.4559955122194507
22781,0.912707796675972
22783,0.6058945833342144
22784,0.5262792403351207
22786,0.5363552756244941
22789,0.6370047519036878
22791,0.38046776766643076
22793,0.4558927459448512
22794,0.6751997027004186
22795,0.38548139090343975
22796,0.6446596839200358
22798,0.5101972155809783
22800,0.5523325667260811
22801,0.5088981042441257
22802,0.7599831426270895
22804,0.2967971463083998
22808,0.4058784065722021
22810,0.808808261697362
22811,0.5882798486218279
22812,0.20451562738223494
22813,0.4448822808764356
22814,0.7709095328656635
22816,0.7434145454314861
22818,0.47603820996953616
22820,0.8395502377106396
22821,0.6728630717065295
22823,0.8288856504123471
22824,0.8922853603365607
22825,0.7636464801531979
22826,0.9221849993681813
22828,0.4177930821597353
22829,0.7293353349040105
22830,0.6540849611275651
22831,0.6479389975015557
22832,0.37300800631846787
22833,0.6482326972664587
22836,0.47943913435658375
22839,0.34419656074392063
22840,0.49124157161420284
22841,0.7309457781512028
22842,0.37247303024211115
22845,0.5606884540817361
22846,0.5249407987989834
22847,0.7789143042254558
22848,0.5657670737317423
22851,0.5042655206002609
22853,0.5701829513019628
22855,0.4548636506083632
22859,0.43618154723766805
22860,0.9062947851404647
22861,0.374302660206445
22862,0.5376514009145676
22864,0.546465027850453
22865,0.2069767132238564
22870,0.514176279429836
22871,0.676597278883258
22873,0.5579273123413324
22874,0.8679880744455402
22875,0.6016649355638641
22876,0.6485834841321362
22877,0.8826602410608791
22878,0.5532379455182661
22879,0.8054487784637046
22880,0.5234442389982491
22882,0.7773494582868812
22883,0.6220637739295978
22884,0.8102465177905082
22886,0.5675062545183364
22887,0.4652101500805796
22888,0.6644884498392293
22889,0.8198276943388232
22890,0.6985918264428479
22891,0.2838629937480885
22894,0.8667474033185835
22897,0.7716092960956911
22898,0.8964533462545422
22899,0.207742782692741
22900,0.45109784896202554
22901,0.744966127407151
22904,0.3614509884399641
22905,0.49543857154041704
22906,0.6036776443786985
22907,0.5086284599045158
22908,0.4867166492536085
22909,0.5960312913641721
22910,0.7535938376201495
22911,0.45850259254035036
22913,0.48311991691760614
22915,0.786016920065009
22918,0.3913066297163045
22919,0.9146598056153724
22921,0.5427883741016721
22922,0.32446041025783245
22923,0.8289025505257058
22925,0.34857829197502344
22926,0.7857608648641697
22927,0.6528802114501054
22928,0.7500024320388726
22929,0.637345022232514
22930,0.7688290892245415
22933,0.7109947487035048
22934,0.48388502743528006
22935,0.7016362473936851
22936,0.8031887286860202
22937,0.8206436914551652
22938,0.771090730284931
22940,0.8327934761631185
22941,0.7293613056965002
22943,0.8442720675305002
22945,0.45111713962854494
22946,0.7100131621378104
22947,0.5440215226840895
22948,0.5662784395385337
22949,0.9245840658298407
22950,0.7803462860296729
22951,0.4332280695416717
22952,0.5407806764379227
22953,0.5792746866216488
22954,0.6557200199702954
22955,0.6796603038257212
22957,0.7131410970670974
22958,0.5643285128298596
22959,0.8345896320051364
22961,0.5848874640770935
22962,0.5627570867718844
22963,0.33707894263677357
22964,0.5187404789394566
22965,0.37161222954238193
22966,0.34805278373034443
22967,0.7566542081661761
22968,0.7682192924722664
22969,0.3997605799462118
22970,0.35248471847914786
22971,0.8562913897637717
22972,0.678899956086975
22973,0.8950042646711286
22974,0.6275373359846005
22976,0.4514360350699527
22977,0.31766744759931154
22978,0.5214556758612326
22980,0.583663863751724
22981,0.5043865297519806
22983,0.43992236602529267
22986,0.793717964042428
22988,0.4920011659700447
22989,0.9324505118145487
22990,0.43741260529915293
22992,0.519414938358699
22993,0.1612588850273053
22995,0.4741911538496265
22996,0.24821456640877065
22997,0.33173743538859557
22998,0.7832162855265961
23002,0.4512838860025957
23003,0.39096255847490496
23005,0.6928168673021463
23006,0.39888847739036326
23007,0.6114445646111264
23008,0.40389835145885095
23010,0.46048700978871177
23011,0.7529391331124333
23012,0.60679095607456
23013,0.8906699283122756
23014,0.42666196141266893
23015,0.4865922154908257
23020,0.4581056623013911
23021,0.5230370138447693
23022,0.8584090398974323
23023,0.6536612946112358
23025,0.6179080247991015
23028,0.7198594207885861
23031,0.8639968290878748
23032,0.8997505485344486
23033,0.46987657843415126
23034,0.5141263170524573
23035,0.48455458874543117
23036,0.6008097505364933
23037,0.35971637046907246
23039,0.8569278770508777
23040,0.36864705850540325
23041,0.4611497719528337
23043,0.5413509422973211
23046,0.40252154603470774
23048,0.40841737230720776
23051,0.649279548823991
23052,0.7207464381155225
23053,0.5706613628683637
23055,0.771833480987362
23056,0.5963396454752894
23059,0.9089238151054922
23060,0.7298687983127381
23062,0.46566783103992276
23063,0.6139077979962067
23065,0.711239529714385
23066,0.4391397213894885
23067,0.7503338017553185
23070,0.49097968050831814
23072,0.5360285637901279
23073,0.5682920929244131
23074,0.6835041360870903
23075,0.8585721214267835
23078,0.4371576129599341
23079,0.3951991279467263
23080,0.5482393639260045
23081,0.33712523155566293
23082,0.6479766922827833
23084,0.6309355919426555
23087,0.5903769855153951
23088,0.6043852154896442
23089,0.49870736459688386
23090,0.49721858286112497
23095,0.7560985671162883
23097,0.38258821812591376
23098,0.3951662961621137
23099,0.3389966685975175
23100,0.755166877600872
23101,0.5283438471476937
23102,0.38730548321868336
23103,0.7670511477652688
23105,0.6532739791399328
23106,0.6531407108140891
23108,0.31904679737036057
23109,0.8743861498417552
23110,0.8177026560335949
23111,0.37850534661475027
23112,0.8264444328392917
23113,0.3273859847923811
23114,0.465171371159581
23115,0.6616532759474104
23116,0.2868500501308039
23118,0.7597713971641925
23119,0.6906500975591038
23120,0.8146766244469629
23122,0.43508588145426585
23123,0.3649313394512765
23124,0.6641653620847495
23125,0.7795734807307421
23126,0.6578568488987497
23128,0.8234183374639483
23129,0.828687930043057
23131,0.4222421650791913
23132,0.38148114352004425
23133,0.8568531322979822
23134,0.8194856731465513
23135,0.5079213807790782
23136,0.614001769661965
23137,0.4350809093249202
23139,0.513155177954021
23142,0.18395804510438496
23143,0.5011243149506375
23146,0.41787635794395733
23147,0.5457392001634743
23148,0.629783709526471
23149,0.6525745546153673
23151,0.4766578189625686
23152,0.539180842442442
23153,0.9127759006832735
23154,0.6864546079789116
23156,0.4788424844961678
23157,0.8262036784126342
23158,0.8216971011995611
23161,0.8100048383999651
23162,0.8861122831129554
23163,0.5385580377342158
23164,0.49328351391524994
23166,0.7184128843954583
23167,0.4441520042490461
23168,0.4046220837904284
23169,0.4898232619575432
23170,0.8298265081423194
23171,0.7220794547896728
23172,0.3172265229718186
23173,0.8124001600523466
23174,0.45303908932236653
23176,0.4986724306744246
23177,0.6413856007367529
23178,0.4148615079297722
23179,0.4227912465794151
23180,0.37194355640758014
23181,0.8640623101428664
23182,0.4480794322979606
23183,0.644133724727705
23184,0.3668464109703115
23185,0.49783880266720815
23186,0.540662826694692
23187,0.8060465372103466
23188,0.8461364597782313
23191,0.5822218950649697
23192,0.6872041429397028
23193,0.4133964722603311
23194,0.6358746374774507
23196,0.3307125552698816
23197,0.5606313385245291
23198,0.6771327211456583
23199,0.7595655712559684
23201,0.46679632667970533
23202,0.6738013752445922
23203,0.5130898567507609
23204,0.659282054099446
23205,0.49518388715159084
23206,0.768967396576338
23207,0.19555694212728156
23209,0.8023552611759993
23211,0.3559677315668042
23212,0.30530976965883616
23214,0.46147295422265067
23215,0.5538436860500269
23216,0.4641143954438442
23218,0.7135531280693985
23219,0.5222597469122043
23220,0.6267067801144554
23221,0.19121180794590883
23222,0.4787754620397039
23224,0.699436523491663
23225,0.7270489959909447
23227,0.7719528547006765
23228,0.39325493655273425
23229,0.5317576207320223
23230,0.34654134612541493
23231,0.705694870007976
23233,0.6236446333912936
23234,0.6632081601600159
23236,0.4546416951581704
23238,0.7948363174988257
23239,0.4098306279305346
23240,0.692362421496629
23241,0.673742677386501
23242,0.779207412957564
23245,0.8778197286654295
23246,0.5806573160879718
23248,0.4521965501482278
23249,0.5480077266009703
23250,0.9140645077921733
23251,0.5683007961472288
23254,0.4491481780681685
23255,0.40475000201453765
23257,0.7188091914697026
23258,0.6892896779518417
23259,0.8405372402036918
23260,0.7740015603964064
23262,0.5168354457441547
23264,0.6581767859935185
23267,0.48054608533976234
23270,0.485553765572129
23271,0.8821281442597885
23273,0.4716027643380402
23274,0.49241472923935437
23275,0.8651109775077949
23276,0.364836880640145
23277,0.3893795057504487
23278,0.5015197825199645
23280,0.49183761776003593
23282,0.9274494443763927
23283,0.863991612334323
23284,0.44450821815427755
23286,0.44452722600228334
23287,0.34675875213831264
23288,0.6947624849677784
23289,0.4061000102325748
23291,0.3673984022097387
23293,0.6129296048630746
23294,0.478180960783586
23295,0.7026354095700105
23297,0.5334268098623764
23298,0.7133649755788913
23299,0.4643853894138445
23304,0.6450187093983456
23305,0.5979516009947226
23306,0.4040804950477152
23307,0.19844092162364674
23309,0.7110822434603037
23310,0.5677508996882484
23311,0.4221909450100774
23313,0.7858174060440722
23314,0.6654254089730528
23315,0.7568263671554684
23318,0.7945543473067689
23319,0.7048374455440228
23320,0.586582486492675
23321,0.450286319384808
23322,0.49291235963528757
23323,0.8436347904261106
23325,0.38023402597153044
23326,0.8687955165138481
23328,0.8318331991595681
23332,0.541857566601298
23333,0.2919058229460502
23334,0.9446176255282087
23335,0.5964565919474346
23336,0.8730349281952018
23338,0.4544022843565179
23339,0.8407554125287631
23340,0.7450650705993743
23343,0.7343991515576622
23344,0.5540184895964754
23346,0.3299334555743229
23347,0.6179656366563845
23348,0.4463521690772006
23349,0.7341979171500569
23351,0.6904590619902601
23352,0.5537395453633314
23353,0.7656680215053003
23354,0.8427574679491875
23356,0.6649098233614672
23357,0.7994349862315155
23359,0.5040653094400424
23361,0.4435467542311653
23364,0.36694299811080777
23365,0.7016778008286414
23366,0.5408100038168203
23367,0.8102330271394567
23368,0.9196988364206288
23369,0.48763753997718035
23371,0.5641955494409026
23372,0.562220337121327
23373,0.2629510330739219
23377,0.5938586196322473
23378,0.46901733227807946
23385,0.526181617174105
23387,0.6984869629906757
23388,0.6597369705172326
23392,0.2730324327067746
23394,0.8344287134563863
23395,0.4080214554418609
23397,0.9310167190165218
23398,0.5955183850597263
23399,0.48231254967558673
23401,0.8364903566373795
23402,0.7882908245331298
23404,0.7222857825639327
23407,0.5388223640255332
23409,0.7295921190824711
23410,0.4474856723669814
23411,0.6504908330047144
23412,0.37765770268702165
23413,0.4306432002526571
23415,0.5091640197257064
23416,0.4795580915827373
23417,0.7033120857305909
23419,0.42007121866809527
23421,0.6339685748318686
23422,0.8255021356182832
23423,0.4927683605787023
23426,0.402475196232118
23427,0.612550624341617
23428,0.8284919796759871
23430,0.9081428072779171
23431,0.8365830087187568
23432,0.49680414241421206
23433,0.7417295330923322
23435,0.17984440301848956
23436,0.6304314559296643
23438,0.8966919156573682
23439,0.26348537157167273
23440,0.4689843713624989
23441,0.26340367398137
23442,0.8499430556642668
23443,0.37578031269573314
23444,0.7923837007948173
23447,0.3326137618681533
23450,0.5308808536315388
23452,0.5971403521192928
23453,0.4737466421143333
23454,0.46389277440261667
23455,0.5218828619519374
23456,0.32441329182557954
23457,0.5543898151326035
23459,0.345601607726107
23462,0.542800593806983
23463,0.6814696697083779
23466,0.47398561189459837
23468,0.6513875250589811
23469,0.8641273949660111
23470,0.49081833491038385
23471,0.707144319995785
23472,0.8167679813122917
23473,0.456926102500352
23474,0.8660532947509083
23476,0.41237470452621516
23477,0.3619111544798048
23478,0.48182000223455707
23479,0.688728078333487
23480,0.44225281539212036
23481,0.5658711040564629
23482,0.4565694490370197
23483,0.5490889736701938
23484,0.7385089301880661
23486,0.5742583108706681
23487,0.5794902491412262
23488,0.832862534410246
23489,0.7851176996430642
23490,0.6031148283746948
23492,0.8330508939491706
23493,0.1334805689787213
23494,0.49622571135267163
23495,0.9193569008811523
23496,0.5082741811291969
23497,0.5001763436426876
23498,0.39551147645081247
23499,0.7578198455252769
23500,0.5606816571115164
23501,0.5947926739310547
23504,0.5666048819653555
23505,0.6833825848910128
23506,0.771477879859396
23507,0.7172050707068438
23508,0.7614998572085512
23509,0.7135948074948665
23514,0.7299065971269004
23515,0.19333575900622899
23516,0.4226103652544219
23517,0.5412285047616613
23519,0.8575593500006592
23520,0.7214004321994456
23521,0.5880301543120668
23523,0.41909628347143907
23524,0.783021495313586
23525,0.5283765589675297
23526,0.499763686561711
23528,0.6399378033393288
23529,0.8527556036758397
23530,0.44554732965337607
23531,0.6760596476411294
23532,0.12815439657250138
23533,0.23799873731802715
23534,0.4267330677864796
23535,0.41770022910828214
23538,0.4176267722921959
23540,0.296908272937517
23542,0.17257672247923453
23544,0.41030136902686476
23550,0.5718692036037778
23551,0.8590289842258008
23552,0.5702765345509557
23553,0.6758390550379089
23554,0.6276453209629397
23556,0.768889372699505
23557,0.9493434813429676
23560,0.44306860506071094
23561,0.4108018174571105
23564,0.41266684441413315
23565,0.517882104991762
23566,0.41810169200442515
23568,0.5371647559217917
23569,0.2778765604821813
23571,0.38634149644480925
23572,0.5237826466839394
23573,0.6767290861046694
23574,0.8250396533310875
23575,0.46202909481355886
23576,0.3116483491782033
23577,0.5168619125438692
23578,0.5943736259264171
23581,0.4461927122806682
23582,0.5746675464696855
23583,0.36049471865325017
23584,0.6898843047050585
23585,0.2707976776183615
23586,0.4806474745054424
23590,0.8407827436400028
23592,0.6709046942726252
23593,0.7322108630702654
23596,0.7992998629867909
23598,0.39811443660404716
23599,0.8431097016118959
23602,0.8098218248392436
23603,0.7356815803779705
23604,0.8018288015726035
23606,0.7011320265288575
23607,0.3596756906364854
23608,0.4303044849090142
23609,0.769136254236149
23610,0.6798384046847074
23611,0.2817744404585651
23612,0.266783930487903
23614,0.6749830511027358
23615,0.742227187635106
23616,0.712523311345332
23618,0.48160347845844226
23619,0.859850224205045
23621,0.3497589012195882
23622,0.6628654573834929
23625,0.6047729441087584
23626,0.8596417334742634
23629,0.49649420654060167
23632,0.3247194004966303
23633,0.5561703132439557
23634,0.5392771029149063
23636,0.7422889766480026
23642,0.6795418527640107
23643,0.49216096316183905
23645,0.6052931160988743
23646,0.6745514137027715
23647,0.4496305828625067
23649,0.6995899145856996
23651,0.3120235599935976
23652,0.5450881987453611
23653,0.44274313282362027
23654,0.8108569820361641
23655,0.4537749164430908
23656,0.546732982983478
23659,0.5192165597574271
23661,0.31205838017692605
23662,0.7679158686162931
23663,0.9505633891250035
23664,0.5685310218116917
23665,0.4159514590267908
23666,0.5644241458852897
23667,0.3894083422692093
23668,0.24631514186458164
23669,0.9052351339598536
23670,0.4735443111224199
23671,0.8280105257623536
23673,0.785495144394108
23674,0.7210837503763462
23675,0.8162477637759769
23676,0.47185814176986746
23679,0.777521525257166
23680,0.44106227036449885
23681,0.442675918994177
23684,0.8693129392252812
23686,0.8031679338177993
23687,0.49073120134176557
23688,0.6748777054852645
23689,0.4697712559436311
23692,0.8520746361342625
23693,0.523768270478715
23694,0.4659155044952764
23696,0.4690166172099331
23697,0.6284309606619699
23698,0.5570697292868526
23700,0.42592435347958385
23701,0.3720663461805837
23703,0.47830970133165884
23704,0.3980114538554719
23706,0.29519210927554035
23707,0.5537773261176038
23711,0.3545572110911317
23713,0.7099608622555972
23714,0.5311372000172065
23716,0.5347591164790134
23719,0.8491309877404725
23721,0.7001338006797393
23722,0.8012097165509311
23723,0.6557606700384884
23724,0.5555541453070628
23726,0.2804996001419999
23728,0.8365706490241387
23729,0.9080257020019741
23730,0.7219475555783458
23731,0.5954613624284338
23733,0.7954629716763184
23735,0.6611757253948498
23736,0.4584735822001078
23737,0.4566052430696512
23738,0.667977731980241
23740,0.892426223981905
23742,0.4727121724262349
23743,0.8594422002854178
23744,0.39085971247393686
23745,0.8462529705370422
23748,0.5214244090495559
23749,0.7572340430460148
23751,0.6164184722884255
23752,0.68290801682633
23753,0.6240335530819031
23754,0.5963314290577831
23755,0.34039278348269103
23756,0.8857194551814187
23758,0.43401542653648395
23759,0.6368384761898052
23760,0.6274884089022432
23761,0.6395034399561654
23763,0.32975031527596094
23764,0.6270152367195891
23765,0.5333315250117733
23767,0.40567518181854045
23768,0.3892540682474368
23769,0.7919327134983796
23771,0.5101971311630066
23772,0.533313382488049
23773,0.5327011866649453
23774,0.9048763350971497
23775,0.7056691732415055
23776,0.3976742754752019
23777,0.19851429403339896
23779,0.6100314134877577
23780,0.3870481501401788
23782,0.4048327899884711
23783,0.43053802281139275
23785,0.47048326137067464
23788,0.5962971543657222
23790,0.8984728296565474
23791,0.4906131337790697
23793,0.8330871532540242
23794,0.40161196657123066
23795,0.8158247086353061
23796,0.4255315107356688
23797,0.39655592754862407
23798,0.30932413756833876
23799,0.4212861468386003
23800,0.5446690626813088
23801,0.8255590743563622
23803,0.7540430368755094
23804,0.6103564607161598
23806,0.3756244598932861
23807,0.5533805822751542
23808,0.47667242810530547
23809,0.38954423107830516
23810,0.5968203065525298
23815,0.5122063900606534
23816,0.49508238561945195
23818,0.7904098345762702
23819,0.9027450182070705
23821,0.39363185834324316
23823,0.5462468310437036
23824,0.4138384978926969
23825,0.5815654288515553
23829,0.5374663786818547
23830,0.4673828380689312
23831,0.23378126726251466
23832,0.4250257041762218
23833,0.5383290836977057
23835,0.5859870747479172
23836,0.49432844533970544
23837,0.5238490536633895
23839,0.6807798442310998
23843,0.5900618949684654
23844,0.9119386499920703
23846,0.5614210681079564
23847,0.746776641608128
23848,0.6510799402357048
23852,0.41633166278189665
23853,0.47155229323653375
23854,0.7540614624902071
23856,0.5564471317932912
23858,0.3896325961291841
23859,0.8267870607556617
23861,0.8519660456731091
23863,0.41322597918273835
23864,0.5419012606015997
23865,0.38649825427605305
23866,0.8169332720268312
23867,0.4510284998838815
23868,0.5447574636826287
23869,0.3458180173271065
23872,0.8425403555393723
23875,0.4856455338265079
23876,0.7009734759881219
23878,0.8155362300336247
23879,0.7001210208430536
23880,0.8181773315184816
23881,0.5714440915162307
23883,0.9190030411992026
23884,0.7937452964830732
23885,0.49944753663941555
23889,0.5590633514422734
23890,0.8871879279453817
23891,0.8059750179224722
23892,0.8117170603278965
23893,0.5812388134099142
23894,0.4950620802753193
23895,0.4435765118521366
23896,0.37917685008118324
23897,0.45451344799681354
23898,0.39006826648154225
23899,0.3115513024146144
23900,0.5681905330124573
23901,0.7615636406225781
23904,0.5290502132775627
23906,0.7984040279015545
23908,0.4215194158846334
23909,0.5185520807298213
23910,0.8406285249227757
23911,0.451290988119006
23912,0.6481420700117012
23913,0.8422624205960728
23914,0.5370933427675622
23915,0.8682274594925221
23916,0.8912666091247239
23917,0.5229992612587987
23918,0.4981618245738778
23919,0.8824230293298221
23920,0.7614648681994878
23921,0.7440467290137496
23922,0.7596367205483057
23923,0.8880221704125452
23924,0.5150350203093402
23926,0.47656941000184594
23928,0.5402715010409037
23929,0.5819491233103875
23930,0.5427394756044083
23931,0.5320590219188713
23932,0.4858162742168277
23933,0.5187363222707966
23935,0.6174910351984325
23936,0.44686086373981937
23937,0.3590251353556852
23938,0.8786925183507893
23939,0.457790470804724
23940,0.6310609428418236
23941,0.45585883648696834
23942,0.6595823741807596
23943,0.30880561844647136
23945,0.8952754535651516
23946,0.42580800987966344
23947,0.5426578385161965
23948,0.7690938641193703
23949,0.7300678971290074
23950,0.43607511155766226
23951,0.5136698318832699
23953,0.6020493355896805
23955,0.5872270307389342
23956,0.38667879478454875
23957,0.7171000905029452
23958,0.7283738702760807
23959,0.7427106676830906
23960,0.4352070944464967
23961,0.4132587135077491
23962,0.3689293086501867
23963,0.40319710216996524
23965,0.6738943006788873
23966,0.14237159575522507
23967,0.42995102316474304
23968,0.7680998846702589
23969,0.44908446500422894
23970,0.5451405093592177
23971,0.8205792124110415
23972,0.8978226920095836
23973,0.6666163522204739
23974,0.6399654737081708
23975,0.3809715936608786
23977,0.5529040148215153
23978,0.3552470348279669
23979,0.383772966101477
23980,0.6321873529172218
23981,0.49215407020893037
23982,0.40024172280663534
23983,0.6565533279338912
23984,0.684685562373831
23985,0.3439872954096639
23987,0.5730721049264141
23989,0.6325597380337321
23990,0.5510622857982596
23991,0.4652728788890324
23992,0.7078829830161781
23993,0.6698948499599778
23994,0.3442371905100806
23995,0.7711824907617132
23996,0.9011317472641808
23998,0.5537915542314233
23999,0.8194199311617386
24000,0.3399511835753109
24001,0.5484748644259956
24002,0.55863545331041
24003,0.3153354305988806
24004,0.41370707232002996
24005,0.5008651051331805
24006,0.7516247529284746
24007,0.6760409360123962
24008,0.3222759632516714
24010,0.7879093758628258
24012,0.6703216753603817
24014,0.8785712458528131
24015,0.9024150151467732
24016,0.9314870777876166
24018,0.6711806034767037
24019,0.6799007344737926
24020,0.5453084242420183
24021,0.4585195455760378
24022,0.5895868228098934
24024,0.38134291221159444
24026,0.3936414939400695
24028,0.5931545755255172
24029,0.8745196857449175
24030,0.5217882896345414
24031,0.39937798968081634
24033,0.638359072457724
24034,0.6595033890981479
24035,0.7715630608788301
24036,0.4690195072576512
24038,0.5429903420154321
24039,0.7657787812743199
24040,0.264080570521712
24041,0.83464670898892
24043,0.5580851818782341
24045,0.6392596882412193
24046,0.3873673221364596
24047,0.4099154664750648
24048,0.5132675359147326
24049,0.5510651724622956
24050,0.7871329266447519
24053,0.2666810760934068
24054,0.24833369529913388
24055,0.7365111906763979
24057,0.6887955078194279
24059,0.5907607416936284
24060,0.6023113061645534
24061,0.3699942762281083
24062,0.8287104716182252
24063,0.43593174529487594
24064,0.932698243859878
24065,0.7682995518686363
24066,0.523248799459251
24067,0.47628072066517374
24068,0.5999015122732214
24070,0.8922941261374422
24071,0.40002904109327997
24072,0.6099422606928921
24073,0.26432984071046495
24076,0.7562403602945774
24077,0.4054860854284729
24078,0.8508070880906423
24079,0.6699237122515402
24080,0.7844137904228434
24081,0.39767536007178894
24082,0.6282380083387811
24083,0.40730594286632904
24085,0.3461235314954343
24086,0.368099471632061
24087,0.5802348780148349
24088,0.812775142640431
24089,0.38648064759040557
24090,0.8244133347880916
24092,0.3854749126379874
24093,0.857203111865915
24094,0.2096611043412649
24096,0.39544049291607686
24097,0.7279366664852275
24098,0.486221568976083
24099,0.41942558324072404
24100,0.5715331649733401
24101,0.849693700455852
24102,0.8788999165746519
24103,0.8384322367671706
24104,0.34781911018262474
24105,0.8569471655509526
24106,0.4658763570291219
24107,0.3652468355523186
24108,0.8653826913100973
24109,0.9212785187729612
24110,0.46308618968336007
24111,0.44116757936275
24112,0.5557331221857047
24113,0.2924493449349429
24114,0.8493846392447018
24115,0.467879213870883
24116,0.44038329469481047
24117,0.7598531148158651
24118,0.6261774399741268
24119,0.7746848757351938
24120,0.4267088481810471
24122,0.7191695344276479
24123,0.7661708219486764
24124,0.4924351927905224
24126,0.4829772629231733
24127,0.5582821089557588
24128,0.9019838972437264
24129,0.39339934615596384
24130,0.6526632583527313
24131,0.24175788011725866
24132,0.6308637154077847
24133,0.16011392849133088
24135,0.43712545371125044
24136,0.6861260669763622
24137,0.8630732635941942
24138,0.6244644789715559
24139,0.5185641928118231
24140,0.503372112002368
24141,0.3279009693527445
24143,0.414197852589493
24144,0.8234161586963598
24145,0.8457710839719755
24146,0.28118256089973215
24147,0.6582641638824144
24148,0.605539033220498
24149,0.4905593459120978
24150,0.3534194343749488
24151,0.8634709372483643
24152,0.3901703754175138
24153,0.7316019593757964
24154,0.8335747756091725
24155,0.31109065969440514
24156,0.46179754030336106
24157,0.8934697634947224
24158,0.6006542199988111
24159,0.7411066428095299
24160,0.679113268842472
24161,0.6592737920623949
24162,0.2790037047957993
24163,0.39214972865074876
24166,0.9312135306482526
24167,0.4946961533901517
24168,0.8832669068573648
24169,0.7071958142409933
24172,0.6604507242813868
24173,0.46458994778517826
24174,0.5231539570000675
24177,0.347642074325197
24178,0.7638741258627665
24180,0.7176865811163743
24181,0.8190747993029067
24182,0.6819765810233327
24183,0.7977408711002022
24184,0.5025264179072811
24185,0.30209796021733115
24187,0.512747377640303
24189,0.421784974570402
24190,0.7511627659597394
24191,0.5606414846952775
24193,0.2562316647084012
24195,0.712375273877594
24196,0.414210884055997
24198,0.6429168309152771
24200,0.6485100080506278
24201,0.6092693674077403
24203,0.5907001701729546
24204,0.8443609485507839
24206,0.5769565729508626
24207,0.7771045927082814
24208,0.49610621807375166
24209,0.5742864517960585
24210,0.8054990125128733
24212,0.7914575561993719
24213,0.33426030180579897
24214,0.7941680480969245
24215,0.4921662433376594
24216,0.44261627535486614
24219,0.5850017299508012
24220,0.8185097381154981
24223,0.8594087958031911
24224,0.44028910027408763
24225,0.40939535583529507
24226,0.5348696990044388
24227,0.5743294438951353
24228,0.7722330688172258
24229,0.49560735298748737
24230,0.6388564482435094
24231,0.6730107752912006
24232,0.3338159034232475
24233,0.39588394630392015
24234,0.4894459394887285
24235,0.7144207230610521
24236,0.6864162989889868
24237,0.41167243683744154
24239,0.5855066195223226
24241,0.46225932662674585
24242,0.39333208748652454
24244,0.8405290811796718
24245,0.6515499166691446
24246,0.8327242737049017
24248,0.6215538760684451
24249,0.4224443851526957
24250,0.5201430635307266
24251,0.4834553690562005
24252,0.4269421754900378
24253,0.7449259323466159
24255,0.7093931670321878
24257,0.43719329473398383
24259,0.5789258756224915
24260,0.4333059233090686
24261,0.4994562266511135
24263,0.6864678774360083
24264,0.4791003246190008
24265,0.8182902075747003
24266,0.6674273515654683
24267,0.6091057547484076
24268,0.8979323637224971
24270,0.7349247386893445
24271,0.35446432672968775
24272,0.35711011634115575
24274,0.8894482569580692
24275,0.5293125260280033
24277,0.4689625679799659
24278,0.45747138661744036
24280,0.5343164077064058
24281,0.766595155945291
24283,0.5441033227811333
24286,0.7839603688011609
24287,0.8244686417563624
24288,0.5829626235626706
24289,0.37665141748893755
24291,0.6714989672100102
24292,0.5242015006423311
24293,0.5622869729807036
24295,0.7047694201563753
24296,0.49059510932439016
24297,0.796182382003559
24298,0.6084522101759169
24299,0.826982032905589
24300,0.5611672666103695
24301,0.5029204587893972
24302,0.72535571877252
24303,0.7265862914845352
24304,0.7669413961621673
24305,0.8531370187384724
24306,0.4243163969001593
24307,0.8222620110599077
24308,0.9056757930717038
24309,0.17646201476196505
24310,0.496961243296671
24311,0.5082830860981075
24312,0.4937954398105161
24313,0.8198854136159482
24314,0.6995574328477991
24315,0.6706008852931357
24316,0.697578560727204
24318,0.24056210094218516
24319,0.6115637229032503
24320,0.5955035528136124
24321,0.40342203442014146
24322,0.8510625435294954
24323,0.5891656463352644
24324,0.6020171260269079
24325,0.7478616990662149
24327,0.6206172530088143
24329,0.5571305055706892
24330,0.6080101998781171
24331,0.5247168776954569
24332,0.464368443637451
24333,0.919532736676577
24334,0.3615444340517267
24335,0.8170099657071639
24338,0.875598713044292
24339,0.45964454159579116
24340,0.5684477952367316
24343,0.8518779468984818
24344,0.30375831288337374
24345,0.5038002439722025
24346,0.7419596915373158
24348,0.8341551627865108
24349,0.6913371894841387
24351,0.3753167700504394
24352,0.8375837473208607
24353,0.3563639077592417
24354,0.860690054710991
24355,0.634298906687701
24356,0.7046518172546894
24357,0.38341945118795534
24358,0.8430812549192173
24359,0.4796551046338218
24361,0.7907039093275016
24362,0.6354808024270526
24363,0.24102496413403673
24364,0.5044628755613599
24365,0.8633777486089678
24367,0.47917528107070084
24368,0.15619742407640308
24369,0.7948286424618889
24372,0.8911684001761074
24373,0.24624422664820486
24374,0.7352101340872342
24375,0.41888003126810736
24377,0.7895391322129189
24378,0.33415830916566674
24379,0.7813487851183714
24380,0.33032014664174253
24381,0.6036638450159221
24382,0.39889003416389696
24383,0.5293497127345739
24384,0.22014051164056725
24385,0.639515354550073
24386,0.5755545724465756
24387,0.4814703846951339
24388,0.5962774255590757
24389,0.8544390106191173
24390,0.6953664069270087
24392,0.7803922339700982
24394,0.6295937102152075
24395,0.6016584968472934
24396,0.7913932137551914
24398,0.8198399534302167
24399,0.7058042040806087
24400,0.7228622947040202
24401,0.7942019515674789
24402,0.7786870656661791
24403,0.8845951278626579
24404,0.48560440097624213
24405,0.6568459029577307
24406,0.8199298190429036
24407,0.5320813701019584
24408,0.836902316358104
24409,0.3504684282496102
24410,0.3711725509988485
24411,0.36998299371765336
24412,0.6827801668133505
24413,0.34612443765540374
24414,0.8553413398046815
24416,0.926518695048215
24417,0.8063569076161395
24419,0.47247063040312126
24420,0.6882092788435289
24421,0.4600905676351452
24422,0.6779263707101465
24425,0.5844060749150409
24426,0.40193513460400115
24427,0.5284896705175588
24429,0.865671901441179
24432,0.7977279439704542
24433,0.36511627519348844
24434,0.4256326319523581
24435,0.6706935029945597
24436,0.45661552001419486
24437,0.7646986897615217
24439,0.7949372647837757
24440,0.3941599825679034
24441,0.41607459052317886
24442,0.42716546670599626
24443,0.40479313989936083
24444,0.47843617812897343
24445,0.6672050070134041
24446,0.841574345898025
24447,0.916645859900712
24449,0.4266208169840777
24450,0.3902093063155712
24451,0.7702117003025255
24452,0.7461622635968234
24453,0.6690529834107117
24454,0.2484109888976627
24456,0.8852540062768469
24457,0.778011374895828
24458,0.8310864917730844
24459,0.4240147090386288
24460,0.3490965735827794
24461,0.4858582483846732
24462,0.3112578215904266
24464,0.32676229969372167
24465,0.30987773186647766
24466,0.5675078429488432
24467,0.857572691668245
24468,0.38382758641794723
24469,0.5506439397278713
24474,0.7577735015678387
24475,0.41215611392502555
24476,0.5155827577056868
24477,0.4909933752982805
24478,0.9105863935958974
24480,0.8093816351457973
24481,0.7462303452251602
24483,0.5548570873458024
24484,0.7957160855041355
24485,0.5684373334684676
24486,0.8919441692669567
24487,0.8429195050307211
24488,0.6422839576199298
24489,0.8412875925117801
24491,0.42830278612727185
24492,0.9122408715726403
24494,0.33045993479271835
24496,0.7583337619009349
24497,0.4006171607340552
24499,0.38504709743567145
24501,0.3494135553499179
24502,0.517579468959363
24503,0.7600981183379176
24504,0.4237528699568332
24505,0.47701322860910844
24506,0.566963083244028
24507,0.7464784043668612
24508,0.32183543451317953
24509,0.39903492602897156
24510,0.4666891304787642
24511,0.6108685537892904
24512,0.2642848364370457
24513,0.5008731022346284
24514,0.36745994419953937
24515,0.5542212743689141
24517,0.5829567537523743
24518,0.6863954568745647
24520,0.5532202233200215
24521,0.5047524681349115
24523,0.4547842079170881
24524,0.6536481637348652
24526,0.401593682334855
24527,0.7262604467910699
24528,0.5373416559968028
24530,0.47087348611916524
24531,0.8399791998100974
24532,0.67648963283008
24533,0.3347770402714251
24534,0.8118937601227166
24535,0.6829965112463384
24536,0.8082953317043953
24538,0.5304534038200165
24539,0.5587946875492249
24540,0.6382098189979503
24541,0.3528016927258495
24543,0.3648828621057457
24544,0.5577532757219237
24546,0.5118639758098182
24547,0.8473818042358127
24548,0.33200810771473965
24549,0.7847592237451873
24550,0.6677045322779095
24551,0.42181575283904177
24552,0.3975092114342362
24554,0.5112820651803103
24555,0.7041321382740412
24556,0.6245284068510539
24558,0.9504822352445281
24559,0.8534982932392764
24560,0.6555686432112227
24561,0.3345361792906547
24562,0.6431124288243374
24563,0.5945319124866766
24564,0.8310659834990901
24567,0.5860259904707439
24568,0.7218233293245192
24569,0.47775715659833484
24570,0.3980891998752904
24571,0.3023364419270909
24572,0.713347376796879
24573,0.8735303586295964
24575,0.43597820656303937
24576,0.3574310346521463
24577,0.682128028717011
24578,0.6196168526768395
24579,0.5464817203036815
24581,0.6900382661041894
24582,0.8712512022592089
24583,0.5002045958693037
24587,0.8072444066917408
24588,0.3865625368232326
24589,0.4780141495017002
24591,0.8026823674887961
24592,0.36464020335078784
24593,0.4612665850931548
24594,0.43266528102458673
24595,0.7446839143009777
24596,0.5377568547472535
24597,0.834627799932628
24599,0.42645652604604
24600,0.7552139531877944
24601,0.5232520116191722
24603,0.7751216502204146
24604,0.831936384525813
24605,0.6125504952899653
24608,0.7368533613244158
24609,0.8225460836241625
24610,0.3617664069876928
24613,0.3896547510568983
24614,0.48466218829573793
24615,0.4599507659832392
24616,0.39819892976775395
24618,0.7719937010598608
24619,0.7577208745270092
24620,0.36102627391247744
24621,0.3701146632665675
24622,0.4110943404418663
24623,0.7222449217459636
24624,0.7883797903972715
24625,0.6458797814077338
24628,0.6937098630196693
24629,0.47888568260434844
24630,0.5768770663903422
24631,0.4904300128189857
24632,0.6005350746340078
24633,0.6726983813893443
24634,0.7495906312436373
24635,0.706815440469826
24636,0.41840459265451607
24637,0.8178943650008188
24638,0.5402238841404405
24639,0.5645482119946131
24640,0.8730274074304093
24641,0.5893273740307953
24642,0.2392402022691938
24643,0.5023607323389337
24644,0.45628705620116716
24645,0.7303969979057566
24646,0.5330482819471745
24647,0.7914037792996289
24648,0.5956752592233374
24649,0.8403914042431266
24650,0.5657759467509114
24651,0.823758348171337
24652,0.5220873537732025
24653,0.9382597267205749
24654,0.8507508104064598
24655,0.756257474339126
24656,0.6891279533304533
24657,0.7772116210590881
24658,0.21131307658258808
24659,0.6123436518119828
24660,0.6714044819452765
24661,0.9280348688890858
24662,0.7589016301390771
24663,0.5279523217499674
24664,0.8439237523637709
24665,0.6893735301365388
24666,0.6731290442173385
24667,0.6828699789184428
24668,0.5158084709013286
24669,0.7382596728209001
24670,0.7167012403476597
24671,0.8364989056125983
24672,0.8605903847536353
24673,0.6349754831521013
24674,0.7065487904371548
24675,0.8328619678335739
24676,0.5680671126646704
24677,0.6285664321342023
24678,0.7329750508051062
24679,0.8174413656771207
24680,0.7908971885702393
24681,0.5603396488817154
24682,0.5225753978597245
24683,0.7461643932649525
24684,0.8949039213788046
24685,0.317032006896388
24686,0.6385481651303068
24687,0.6707822066911758
24688,0.48051540423282774
24689,0.4689122600720185
24690,0.4370085011378453
24691,0.5497314345917249
24692,0.30455577989146626
24693,0.7099371287793464
24694,0.8339403780753287
24695,0.6424264986217818
24696,0.9180284754001135
24697,0.8667249498627663
24698,0.8142800394772098
24699,0.7953493054784463
24700,0.37724810380781654
24701,0.5452137292092853
24702,0.937450691728749
24703,0.5249506552868409
24704,0.5720682479292357
24705,0.5717619701230435
24706,0.40261425107818377
24707,0.6113595397476943
24708,0.8015501237073988
24709,0.5749583527037684
24710,0.6636592411775425
24711,0.8926016042465259
24712,0.8068916212967526
24713,0.6692719288356246
24714,0.9192835062420658
24715,0.701440572206629
24716,0.26726646429742285
24717,0.5104409139614954
24718,0.32178435969164565
24719,0.4933641805040895
24720,0.6358827650790492
24721,0.5475469892543354
24722,0.4853523061616468
24723,0.9011690342740528
24724,0.3185533205007098
24725,0.8361962712120828
24726,0.8478412956218115
24727,0.6354666542649848
24728,0.6994815670207428
24729,0.7087612719697568
24730,0.40556397917972925
24731,0.7282414113717299
24732,0.7229761521642345
24733,0.6717890313973794
24734,0.8379984293651945
24735,0.3873346788011266
24736,0.9300031935794776
24737,0.7107313679172221
24738,0.7751467722149775
24739,0.6701958168689983
24740,0.7040341493688891
24741,0.48300609281983425
24742,0.8902341894991198
24743,0.7347981481783272
24744,0.8016203147491456
24745,0.48474015539062526
24746,0.5223956678070253
24747,0.5013198262332883
24748,0.5227856118749908
24749,0.4712241668548903
24750,0.43301709108192593
24751,0.4110266658460862
24752,0.38701256760432956
24753,0.4969129677304145
24754,0.8853670098183178
24755,0.7575411664144144
24756,0.618748702043523
24757,0.7204996083282743
24758,0.530126078255425
24759,0.7811803105930739
24760,0.8318872600276033
24761,0.42681103544425747
24762,0.7098371068898351
24763,0.5267524230528715
24764,0.48067398050285215
24765,0.8530165566158991
24766,0.6688013842616988
24767,0.4616612998087546
24768,0.6947935956633672
24769,0.8219070165833589
24770,0.49983572198776804
24771,0.8530763049889514
24772,0.9394470233750936
24773,0.5777064558850064
24774,0.546124193982749
24775,0.8998847352763986
24776,0.677134542578653
24777,0.77136567423529
24778,0.8048349977714414
24779,0.47283274436211803
24780,0.5693605721362179
24781,0.5533292954016505
24782,0.42495855115949527
24783,0.3794386218206212
24784,0.5748688577216262
24785,0.8520470664704748
24786,0.8701679057783063
24787,0.5164133887902906
24788,0.8115480741090527
24789,0.840009758720452
24790,0.5129877727130383
24791,0.8554050042834447
24792,0.40159822209460105
24793,0.6966583867599883
24794,0.6349797249856566
24795,0.7171233148954479
24796,0.3416060230476274
24797,0.4544712000384587
24798,0.6097138223571615
24799,0.6513634637264727
24800,0.7262960590818068
24801,0.7427372731324906
24802,0.9128548594977787
24803,0.4768303559628063
24804,0.499391037327105
24805,0.6278220054455963
24806,0.8673517657521805
24807,0.5538269048857974
24808,0.6166442635627674
24809,0.8882798281237175
24810,0.9605761386357232
24811,0.9603172149389226
24812,0.7411288116521323
24813,0.48040273218140533
24814,0.4319245061229904
24815,0.43880955383645565
24816,0.44908517795851105
24817,0.6748292668009698
24818,0.36522574548402437
24819,0.7457866295863501
24820,0.1344144654932115
24821,0.7756823288062351
24822,0.35586817696935796
24823,0.572202877211632
24824,0.8621824556441778
24825,0.6795034964563872
24826,0.49293700414307795
24827,0.7727782832244591
24828,0.8910422063262242
24829,0.48387760715649036
24830,0.7969265184930847
24831,0.4695146917365334
24832,0.4003280019263267
24833,0.4244829068924367
24834,0.5744241392104426
24835,0.36676192384124334
24836,0.38239167001664226
24837,0.5226653127392158
24838,0.45473903150652273
24839,0.9431320417267804
24840,0.7285233095996595
24841,0.42085098259823206
24842,0.21166879374565006
24843,0.49751701352375294
24844,0.8762558827121145
24845,0.23104643405272546
24846,0.7490868349829811
24847,0.4981355853243178
24848,0.6085655557587795
24849,0.5500297820298929
24850,0.47298744981333407
24851,0.2794659513692089
24852,0.5101617847610654
24853,0.7092066620161297
24854,0.7796831700040112
24855,0.4322655969303229
24856,0.4124924658584518
24857,0.7667302470767462
24858,0.6559200043591595
24859,0.8448270989285763
24860,0.8330792542854093
24861,0.5441457534447482
24862,0.4939747088150151
24863,0.48834685907839737
24864,0.7474469885110531
24865,0.2660124591892624
24866,0.7810307282077408
24867,0.5876488012958785
24868,0.4681202527365453
24869,0.43184559434939607
24870,0.8217026821179861
24871,0.45672114047823625
24872,0.784999576281795
24873,0.9439009073758836
24874,0.7013131653077709
24875,0.8277150425440941
24876,0.4268661164968589
24877,0.7674123520903029
24878,0.8320145388574812
24879,0.7993959788215513
24880,0.6581842769181023
24881,0.8423298787305361
24882,0.8625137307879575
24883,0.886830704905912
24884,0.549605101940324
24885,0.5120600390112877
24886,0.8602205572662281
24887,0.4961580264952274
24888,0.5069722564772264
24889,0.8143686676513227
24890,0.9526531272232899
24891,0.8107084148716406
24892,0.5269341939640925
24893,0.39959039006231867
24894,0.43082567975383124
24895,0.8577528215211226
24896,0.7213123757711304
24897,0.6012512777747042
24898,0.7894258401444925
24899,0.8483160341043786
24900,0.3091370327740884
24901,0.5976255909799493
24902,0.6537098569725017
24903,0.8705728963226534
24904,0.30970693001079463
24905,0.5040560297587663
24906,0.7722925741991074
24907,0.45938525332045
24908,0.8440485282166781
24909,0.9060003591413146
24910,0.4905668203607467
24911,0.9116035465418465
24912,0.3304524431858822
24913,0.48718151976222646
24914,0.23162303165575868
24915,0.49465588311791137
24916,0.7005941426904748
24917,0.7227442279319295
24918,0.5059232346415338
24919,0.8684615165282046
24920,0.5722404054475921
24921,0.8393426928496678
24922,0.3929597310092207
24923,0.44316171777354774
24924,0.6741717133455164
24925,0.5507486135115721
24926,0.1833700448023334
24927,0.47810994071473034
24928,0.3548878728678719
24929,0.7057320705514125
24930,0.57530378351968
24931,0.953119216232025
24932,0.6761706801462487
24933,0.5338939684784298
24934,0.4034585586663132
24935,0.5021207077652932
24936,0.9607810252119425
24937,0.780796170349478
24938,0.8358390176673747
24939,0.7476413396496634
24940,0.7231702113611049
24941,0.4761451222446801
24942,0.4904352652071075
24943,0.22093355599472553
24944,0.7655928146321389
24945,0.8969883536187897
24946,0.6940407555744187
24947,0.9301930912020477
24948,0.43824205900203167
24949,0.4288216572295939
24950,0.45723595922557586
24951,0.6999100004273757
24952,0.38901087114888455
24953,0.5104797389443644
24954,0.5977607783957276
24955,0.5116111179699444
24956,0.7710947251420434
24957,0.5820639462570165
24958,0.2831543062896793
24959,0.49571997040525834
24960,0.499543273475057
24961,0.33769401732001647
24962,0.7512742947542407
24963,0.5103364215475307
24964,0.9153974143677204
24965,0.8220187018485592
24966,0.4231647711957255
24967,0.46091482044407245
24968,0.7029351826346193
24969,0.8400791830254263
24970,0.8589960026000228
24971,0.5775541788999223
24972,0.3080145956842969
24973,0.66607286250139
24974,0.6694863272918955
24975,0.6230973485235203
24976,0.9128114247253425
24977,0.4109090227734014
24978,0.407037835131541
24979,0.5970558603655535
24980,0.46185132069130697
24981,0.8061480890207824
24982,0.8593636321674082
24983,0.47271215574767295
24984,0.7635932243095206
24985,0.656980072155539
24986,0.546646610878641
24987,0.5718766553293817
24988,0.4989049317070912
24989,0.7378064646840535
24990,0.525435658538393
24991,0.7272705323751832
24992,0.5477018832514586
24993,0.70445112104393
24994,0.7118582197872865
24995,0.8486843152634299
24996,0.5588052636292645
24997,0.7011142918658663
24998,0.5798027759543019
24999,0.47757924677535524
25000,0.6991988364542825
25001,0.5062518312165964
25002,0.49741075150066877
25003,0.9023648335604528
25004,0.6117744207613203
25005,0.40357576650622917
25006,0.5436867936076544
25007,0.4026358162860061
25008,0.6842161490779636
25009,0.8764886423366179
25010,0.807538980455199
25011,0.8006476472399529
25012,0.7175627905009739
25013,0.912156970170592
25014,0.4977030324787128
25015,0.8871465889790977
25016,0.5710596367299063
25017,0.9194651237350084
25018,0.3829993317503512
25019,0.6678740297029733
25020,0.8271700624161635
25021,0.701104901103373
25022,0.5509533049106596
25023,0.40671354251898506
25024,0.47373527329588233
25025,0.4595405273140908
25026,0.933221256547756
25027,0.6469620156219568
25028,0.30712400572884513
25029,0.39137076912184077
25030,0.45871934083757715
25031,0.8283625107733922
25032,0.3178553797837052
25033,0.4617032904146391
25034,0.7158141793693331
25035,0.5913929283017354
25036,0.37710356126813743
25037,0.9586674490313085
25038,0.7761522924379207
25039,0.8571313253793887
25040,0.5466290229657066
25041,0.6222711652466646
25042,0.43313772570658193
25043,0.8704361995605018
25044,0.4310992620363623
25045,0.6073605393366688
25046,0.831460669209781
25047,0.18279729539384867
25048,0.8853644919565234
25049,0.8731010265544851
25050,0.5952549755957349
25051,0.6075359967583441
25052,0.6109299524773486
25053,0.19593420214570081
25054,0.6083691891882539
25055,0.442054051173053
25056,0.8824734112421788
25057,0.8131316204801033
25058,0.3896800934560066
25059,0.6659261782474406
25060,0.6672022453754552
25061,0.7513650901794696
25062,0.8240228968592868
25063,0.7566367405440296
25064,0.7358791937192687
25065,0.2113206509100874
25066,0.6528013074993751
25067,0.5403129793073882
25068,0.47522009567159273
25069,0.8876740682729883
25070,0.7628026068572468
25071,0.7324779941365609
25072,0.6865326497395844
25073,0.9146247405111954
25074,0.8690116976763417
25075,0.45296786277875545
25076,0.5320479622986866
25077,0.8258233921219145
25078,0.6562727191879076
25079,0.6769962922270516
25080,0.926554392701392
25081,0.5936683302349796
25082,0.9026774252262616
25083,0.40583833748049203
25084,0.4855472054573643
25085,0.7213016657620782
25086,0.5290354380883717
25087,0.9053360622334816
25088,0.6497558349123099
25089,0.7070549463882486
25090,0.5510709749891144
25091,0.9200971904092772
25092,0.7658946967194682
25093,0.8572794893206462
25094,0.5991149209238358
25095,0.42999914013012336
25096,0.7368889017966292
25097,0.770139350089827
25098,0.8088137555537401
25099,0.9098548068100143
25100,0.6056813768284296
25101,0.772797953084497
25102,0.6323866716136857
25103,0.4966176355827165
25104,0.5965538074173341
25105,0.3345977889429627
25106,0.717331683406972
25107,0.5390854406187106
25108,0.8086474311030037
25109,0.43892550991223855
25110,0.5070519676018066
25111,0.6043748126172382
25112,0.3480360244374789
25113,0.8940266395585879
25114,0.6357442063447972
25115,0.9074003823739701
25116,0.7956453986717174
25117,0.3715847820163474
25118,0.3704188294892862
25119,0.44016636548438914
25120,0.6244254249985022
25121,0.5738986970403033
25122,0.8101435972921768
25123,0.7063556206522971
25124,0.4526686774664507
25125,0.39216233783702187
25126,0.761476003935394
25127,0.6359945267210582
25128,0.7533202587541608
25129,0.803980986656601
25130,0.7139687472401555
25131,0.6715457057835035
25132,0.43634126485117214
25133,0.3819693453311766
25134,0.6301235521820427
25135,0.44700885353466346
25136,0.8517674541722621
25137,0.6172344543102058
25138,0.4388016129954182
25139,0.7081981902473646
25140,0.41313478051858354
25141,0.573361160361917
25142,0.5147372409729553
25143,0.689717116912904
25144,0.7514251671903364
25145,0.7395306387942341
25146,0.6985596499599523
25147,0.4234922604248562
25148,0.6120830778983571
25149,0.7798298330797804
25150,0.6590171972847949
25151,0.5239565542382134
25152,0.4464014654316517
25153,0.6198256355852583
25154,0.7272632901193273
25155,0.4670529845821038
25156,0.8564278092331173
25157,0.6572807919038264
25158,0.39220606540975933
25159,0.8025953080860798
25160,0.4789558370087946
25161,0.7983929573661401
25162,0.5890449463712165
25163,0.4251454658412273
25164,0.5302222975747728
25165,0.35320126388389034
25166,0.5138599436415988
25167,0.8921223689815503
25168,0.8650769306277541
25169,0.2586493356947659
25170,0.46373286175575856
25171,0.6881872553974818
25172,0.744657040544828
25173,0.651965878104821
25174,0.8268153862980268
25175,0.5021487515252291
25176,0.7153475934363376
25177,0.6764568256341231
25178,0.41273361063225117
25179,0.43075392338811114
25180,0.6656707783913168
25181,0.31465852193434185
25182,0.7942559391582927
25183,0.4680983760951967
25184,0.7527354564567997
25185,0.4910732390271928
25186,0.46487902530516073
25187,0.5675371138571862
25188,0.343803030028362
25189,0.5950070750177511
25190,0.8648300586237802
25191,0.8968180034739739
25192,0.9687592686542584
25193,0.7522394775778725
25194,0.5068296136119764
25195,0.9386675396046028
25196,0.701556824910869
25197,0.5260285396980977
25198,0.23484229476398374
25199,0.608833894819875
25200,0.6020044187314078
25201,0.7300513754749197
25202,0.4948445960148899
25203,0.8669554475703578
25204,0.6473644288222897
25205,0.6508708760448303
25206,0.561343807042713
25207,0.5398798056817276
25208,0.4891143057975108
25209,0.5809496237279306
25210,0.8184110583675602
25211,0.7254332172798219
25212,0.943232723193167
25213,0.7529216945227625
25214,0.8468577274761374
25215,0.5713248802744871
25216,0.8688721659938912
25217,0.7682832140358515
25218,0.4111385293565194
25219,0.8743377896372803
25220,0.7956054399053093
25221,0.774873783039761
25222,0.4972054040726071
25223,0.46711282191848236
25224,0.37382325254632265
25225,0.6705098058939887
25226,0.6688577139281692
25227,0.8716190970314314
25228,0.5361141965659436
25229,0.6172580418720194
25230,0.43592789873888793
25231,0.8340844536333886
25232,0.8147668120809181
25233,0.49748294903212564
25234,0.8851724212787179
25235,0.833019728793381
25236,0.5054028836259964
25237,0.8683571054999776
25238,0.9004280711337794
25239,0.47836635513185666
25240,0.7278800283064193
25241,0.8270703995937837
25242,0.41077854101080646
25243,0.7004094811244743
25244,0.6600302461887595
25245,0.7648870738779953
25246,0.6754650765223522
25247,0.6343297167834893
25248,0.12610830581079177
25249,0.6095865883602811
25250,0.5203367810464643
25251,0.4248902088852901
25252,0.6427955723200349
25253,0.2305918919503261
25254,0.4922317218069419
25255,0.7838512235557356
25256,0.8291676588463944
25257,0.7387116761394095
25258,0.8005467929934724
25259,0.40499452890922394
25260,0.7338335966762948
25261,0.7014562787483972
25262,0.4708552461792089
25263,0.865630298149305
25264,0.441645984174777
25265,0.39228577003579473
25266,0.5511688806196638
25267,0.5726008595027583
25268,0.8379970671224938
25269,0.5546929691308506
25270,0.3919090730199269
25271,0.2620346643737389
25272,0.6800990309321574
25273,0.9537533226057238
25274,0.7394856790358048
25275,0.9072038390999777
25276,0.595188038822727
25277,0.6972767323110227
25278,0.7459340008979166
25279,0.7634253509513561
25280,0.8872326350541977
25281,0.8775630792218664
25282,0.5171892753377411
25283,0.6748066591113245
25284,0.6483035817515861
25285,0.6001364716159384
25286,0.5654306749858319
25287,0.37470980724783465
25288,0.4192452179089826
25289,0.8115528704171016
25290,0.8541997304095837
25291,0.6121147699771986
25292,0.37607240847644763
25293,0.6159683044849735
25294,0.732626959507662
25295,0.36419909984289317
25296,0.5274627136105672
25297,0.42766114726074467
25298,0.7024424557311683
25299,0.8795885916438134
25300,0.5918788459216132
25301,0.5357804862837482
25302,0.34599302493673156
25303,0.5258810616162608
25304,0.4764629329418633
25305,0.8305099782125097
25306,0.6890000789093931
25307,0.5877685361426894
25308,0.41901015422544596
25309,0.6739721463057996
25310,0.5777502186989839
25311,0.4929824930218584
25312,0.3845674093691603
25313,0.5121202622633362
25314,0.9052109891263722
25315,0.42333910456579593
25316,0.6971803121570846
25317,0.3057263370201413
25318,0.5724161269983145
25319,0.584480524688285
25320,0.7124685680582186
25321,0.4702218324459383
25322,0.7049554689042284
25323,0.9048461776029837
25324,0.5761393886290801
25325,0.5079029199520205
25326,0.5527314744458836
25327,0.6370280932978009
25328,0.5321876913604604
25329,0.44882441599191975
25330,0.797917416336181
25331,0.2309150937328988
25332,0.9146111094147102
25333,0.7128041552448575
25334,0.7511329485903818
25335,0.8289455789557151
25336,0.7402127677680461
25337,0.6652993105954721
25338,0.5475353575390594
25339,0.820114694461665
25340,0.7983620973044938
25341,0.525659234073906
25342,0.8301165934165813
25343,0.9234446367530402
25344,0.879831692873535
25345,0.467654031863786
25346,0.6496762242831586
25347,0.43568036629252876
25348,0.5783535786450397
25349,0.6166898599812454
25350,0.4493811541009009
25351,0.4779652054716879
25352,0.31851531065395655
25353,0.8548563570597411
25354,0.8177428741128803
25355,0.815604648408028
25356,0.4048050002520846
25357,0.6489702841742898
25358,0.7667576201301523
25359,0.9423407443037922
25360,0.8896293223995555
25361,0.3936902368735871
25362,0.9220761946357808
25363,0.5069615357612237
25364,0.350328508554384
25365,0.854815291379843
25366,0.825999640926776
25367,0.42463187905035493
25368,0.39156852524346636
25369,0.7431843560238446
25370,0.4981343564048542
25371,0.4575039789523137
25372,0.49688811774541075
25373,0.5891114032187101
25374,0.7772970402409322
25375,0.9195014668204046
25376,0.42112519025841616
25377,0.8111549990592269
25378,0.6294172217251183
25379,0.5516164927771949
25380,0.4210162835167376
25381,0.36402880959130607
25382,0.538021419784192
25383,0.7526172452571803
25384,0.5114608282987687
25385,0.4038687262912437
25386,0.93280268233878
25387,0.798412450636005
25388,0.4718717546861884
25389,0.6349478149900121
25390,0.8869263925249752
25391,0.6285066673686384
25392,0.4924313328876652
25393,0.3966511335719214
25394,0.47307568069524364
25395,0.731157875064714
25396,0.7674095734891228
25397,0.3945767241388687
25398,0.8719038706344631
25399,0.8362790055817991
25400,0.36246075245461673
25401,0.6324578734357489
25402,0.6734696124388425
25403,0.9276851465029373
25404,0.5246866858978183
25405,0.4422817682462744
25406,0.5752966148940086
25407,0.4931878058190961
25408,0.8990160174236983
25409,0.4495217204734972
25410,0.9468795269425215
25411,0.5264984778790008
25412,0.6453599784216104
25413,0.46876143995174013
25414,0.519957522699265
25415,0.48804917625467625
25416,0.7553526414673257
25417,0.5534365490701405
25418,0.6955931292485755
25419,0.8922439864934821
25420,0.4520554260632194
25421,0.6934377937289559
25422,0.6685940111354239
25423,0.6958835729056815
25424,0.7156057454966936
25425,0.48991902697401624
25426,0.545364612580654
25427,0.43489129431201073
25428,0.8442755479652134
25429,0.921464988148834
25430,0.42501690868262176
25431,0.646238671439974
25432,0.5329508854040664
25433,0.802434647604949
25434,0.6729844892928278
25435,0.2982341461502714
25436,0.5219765208879354
25437,0.46057118202951236
25438,0.7947085139628041
25439,0.43540219419272264
25440,0.6797260372619947
25441,0.8779623305931805
25442,0.47193643470292457
25443,0.7322209181180119
25444,0.9401085250060482
25445,0.46766940638888294
25446,0.7235815687339067
25447,0.36403813130858936
25448,0.5009906791169597
25449,0.7543747930619346
25450,0.44338987103598154
25451,0.6984767731794363
25452,0.41921200213089815
25453,0.5776458409107363
25454,0.7439104317168644
25455,0.4913193316763464
25456,0.8356941085147549
25457,0.738687314513862
25458,0.4337424284415903
25459,0.5474484405741674
25460,0.6867808681648998
25461,0.8668629080582815
25462,0.5106004413334098
25463,0.5291369404330307
25464,0.8548381219500666
25465,0.7063896794968755
25466,0.6457107909771223
25467,0.3405383262890691
25468,0.3748747552408968
25469,0.37663480556393086
25470,0.7273132552581322
25471,0.550126651505177
25472,0.6308044806162862
25473,0.34488055708613774
25474,0.8213480318226162
25475,0.6779926759714481
25476,0.48176063639818806
25477,0.8749484032539173
25478,0.8023872628574824
25479,0.7347362713891279
25480,0.5475455174636817
25481,0.7766382484386213
25482,0.7707504087937107
25483,0.49592709418818537
25484,0.7292596148955446
25485,0.5184902330516322
25486,0.90178678652987
25487,0.7192554892818999
25488,0.6010326936071412
25489,0.8283383968771938
25490,0.4900020758740176
25491,0.5015679942562183
25492,0.6946988058354402
25493,0.5697547324309058
25494,0.47288911785050775
25495,0.4146904749646825
25496,0.3233432737857978
25497,0.3007031205048734
25498,0.7342575457206234
25499,0.6859518289657802
25500,0.5297232942965732
25501,0.7434794878558234
25502,0.8645207798937784
25503,0.8350440766607852
25504,0.701756660672659
25505,0.26110667233628115
25506,0.46470142952679716
25507,0.7150927531328677
25508,0.6817963700784296
25509,0.4392887503042298
25510,0.7717591401550202
25511,0.3487525550379346
25512,0.7068912430169124
25513,0.6187930060232882
25514,0.6556180870868702
25515,0.6608735206514476
25516,0.7748231204371389
25517,0.2024489928739069
25518,0.5614877998381241
25519,0.39424260422034024
25520,0.7751312866238061
25521,0.7924643835180029
25522,0.8382285425816096
25523,0.739657626928855
25524,0.832313717504408
25525,0.7294253568416889
25526,0.22382312235610022
25527,0.6761732762740554
25528,0.8042996043483688
25529,0.7361124053566
25530,0.25840315678255854
25531,0.659670339317121
25532,0.4964819407583444
25533,0.7091848560373927
25534,0.3877456239935127
25535,0.9090840391362625
25536,0.5103889663190184
25537,0.8627376555350917
25538,0.6879838139809493
25539,0.7809114996697156
25540,0.8534146058561419
25541,0.8496964070976714
25542,0.49944314024240527
25543,0.5138036959594153
25544,0.5970374581755741
25545,0.8094220762498014
25546,0.46992144870330177
25547,0.5429289006758468
25548,0.49616680991039314
25549,0.4133012524048554
25550,0.5065040798688926
25551,0.3460030515014676
25552,0.8614501641547558
25553,0.8611441238394985
25554,0.6880292320291299
25555,0.5865764398107322
25556,0.38616686055235944
25557,0.5665608409515687
25558,0.44428806178960145
25559,0.5056959294466876
25560,0.8401269140907909
25561,0.5048561167210587
25562,0.6061279567011905
25563,0.4058765660754958
25564,0.8161094903995891
25565,0.6129745470954178
25566,0.5739089672241026
25567,0.5272554096542886
25568,0.7226717284526583
25569,0.4839791776604796
25570,0.7564711809610373
25571,0.6898150299138163
25572,0.7301704393473606
25573,0.8987923682095273
25574,0.3637493626810568
25575,0.9067094518994555
25576,0.4665395687243728
25577,0.4754967097176451
25578,0.5948091353007207
25579,0.6934121457048851
25580,0.6747188793631261
25581,0.9355531678978224
25582,0.4732184533941767
25583,0.44637623011757277
25584,0.6355781326845844
25585,0.8532192377276028
25586,0.5641494473997354
25587,0.7073179368653539
25588,0.5940516930069234
25589,0.6795662345076728
25590,0.6570835915589165
25591,0.8015572533569235
25592,0.5332528642006761
25593,0.5968874210070536
25594,0.43369496328393153
25595,0.40558078604170683
25596,0.41639312018617053
25597,0.3344757778980435
25598,0.5144062972109085
25599,0.44033200847695314
25600,0.6326865899189283
25601,0.47772465130737485
25602,0.5096455400264802
25603,0.5657080768502732
25604,0.42514370335335483
25605,0.37201710733434284
25606,0.5525528223315369
25607,0.8349292553361486
25608,0.846419873323587
25609,0.39964342441260103
25610,0.5973537973959774
25611,0.4657669897300355
25612,0.5914285986685629
25613,0.5405963787931234
25614,0.6453283909307972
25615,0.637353790712754
25616,0.7634719400313754
25617,0.47215892443789875
25618,0.8139042951635701
25619,0.5899374310822327
25620,0.7458292551675175
25621,0.6267631354781047
25622,0.4152183177555327
25623,0.5561113527966635
25624,0.4810578802052493
25625,0.4207034645485257
25626,0.5270765377417517
25627,0.8818998728700485
25628,0.4480923018289167
25629,0.6727124493982453
25630,0.5455970248969445
25631,0.690884866040317
25632,0.7821308449083929
25633,0.5878418839130414
25634,0.5858643627970653
25635,0.8318007426756114
25636,0.4039131716822271
25637,0.5280951077940922
25638,0.7052803487430535
25639,0.5453159282600158
25640,0.38212746693195865
25641,0.6246208263360704
25642,0.37635575802505894
25643,0.8970028221685691
25644,0.6848358548711022
25645,0.5703500520107209
25646,0.4431216356949137
25647,0.6517372263382563
25648,0.4724311356857354
25649,0.8642887973583819
25650,0.7813244954278838
25651,0.8538809819741747
25652,0.9546504587569016
25653,0.5277773532620164
25654,0.7238065663142446
25655,0.7136379699847826
25656,0.9565525778413301
25657,0.5903507356473018
25658,0.5928102712879406
25659,0.8226678806526674
25660,0.5091999970545382
25661,0.5820707307636312
25662,0.6537335958451468
25663,0.7101559683573692
25664,0.8245608451768538
25665,0.605802672664024
25666,0.2802790469393423
25667,0.3797174288207024
25668,0.45275720184111995
25669,0.6703369884129963
25670,0.8480241527207751
25671,0.7852052502403484
25672,0.9246549309876315
25673,0.22745590645677827
25674,0.5370748885926696
25675,0.7252091788168331
25676,0.5279348685100794
25677,0.8108624796230846
25678,0.9164949350998896
25679,0.6365122523668596
25680,0.4152758227235004
25681,0.8943791325172163
25682,0.6892042320700493
25683,0.9627788277481346
25684,0.8495985912416218
25685,0.7258257582298719
25686,0.47739405951003483
25687,0.4330714448246302
25688,0.5504702652769209
25689,0.6514000868741834
25690,0.570247845706867
25691,0.7847768625740837
25692,0.610337536285638
25693,0.5911129149573756
25694,0.5372182420540682
25695,0.7300882985430754
25696,0.4640641434196988
25697,0.9213379032983198
25698,0.7773940948410077
25699,0.35938867098619354
25700,0.5499593315651512
25701,0.564775258730769
25702,0.7681944824045243
25703,0.6377168206888553
25704,0.9309972366251033
25705,0.8795734164100908
25706,0.4523877682776819
25707,0.6717931412687516
25708,0.6314176743272933
25709,0.40545327253622443
25710,0.42840093680458
25711,0.8033262418237574
25712,0.6575564885790878
25713,0.21875267836380752
25714,0.3561995419219361
25715,0.7868863299990728
25716,0.3943905264852935
25717,0.4330279066201761
25718,0.6986563497604966
25719,0.5404119903084975
25720,0.7874762633637518
25721,0.6797093658945077
25722,0.7122527493875753
25723,0.5929233738360796
25724,0.43046138443122617
25725,0.7902070549934499
25726,0.32925832493181073
25727,0.880311935747351
25728,0.38383160361324614
25729,0.44601239943967297
25730,0.3553475183644942
25731,0.5237231387815637
25732,0.5433033643329777
25733,0.6122026921419811
25734,0.6233631549451394
25735,0.43714792108715367
25736,0.43215865020553323
25737,0.6749665404246191
25738,0.752429168166421
25739,0.6917763780679446
25740,0.7935487817386782
25741,0.4801361358971343
25742,0.8193350207532585
25743,0.5115544410049638
25744,0.7960106193726421
25745,0.7477033318199593
25746,0.7737912546235425
25747,0.4248633044315308
25748,0.8557730039630496
25749,0.6091089416412099
25750,0.6959539448738399
25751,0.7062480252400409
25752,0.38095089339165666
25753,0.8260370648908647
25754,0.47193981078550296
25755,0.20745288086176078
25756,0.9418980351268318
25757,0.4109659124957952
25758,0.5777454758271227
25759,0.8009858955138024
25760,0.7720477532240249
25761,0.4185991585399568
25762,0.4358885427630042
25763,0.4057770352845384
25764,0.8372006414157284
25765,0.7158723247578133
25766,0.4048452670835865
25767,0.8882289080769866
25768,0.9090172508106534
25769,0.7265768358390817
25770,0.20565893572441402
25771,0.5875254109227799
25772,0.512729290677737
25773,0.4702477498438737
25774,0.7420641941574805
25775,0.809345839594902
25776,0.6431416854127588
25777,0.5195023391379117
25778,0.7219545669407178
25779,0.45732623161143715
25780,0.7309248951766736
25781,0.38681302517028465
25782,0.6482478629706883
25783,0.6262004704966212
25784,0.8746204457787918
25785,0.2515790156472064
25786,0.8328124076778766
25787,0.835984922114685
25788,0.7649510345837435
25789,0.4927085541574101
25790,0.4668523880429341
25791,0.35351490577670086
25792,0.5052470045296442
25793,0.8639116306772848
25794,0.8053824631380108
25795,0.8668041967506325
25796,0.5123400710229079
25797,0.8887265807925815
25798,0.8275817654844111
25799,0.6536410193490503
25800,0.8440195478444666
25801,0.4369403857851631
25802,0.7019241149660618
25803,0.8836654093141539
25804,0.2271497902358084
25805,0.7551375951126004
25806,0.3953126013088637
25807,0.8530304722672104
25808,0.5230249709667052
25809,0.6044350485763395
25810,0.5133767352024322
25811,0.1992826982499854
25812,0.3291790009409741
25813,0.45079327458886476
25814,0.8989789437165765
25815,0.5286887438244603
25816,0.3367332927935418
25817,0.8943082462063366
25818,0.526042994783169
25819,0.6097534331818408
25820,0.7828332231069901
25821,0.5542338027017691
25822,0.7632029422858081
25823,0.6405025196359228
25824,0.20916183104892083
25825,0.8949328823926819
25826,0.6282710889402825
25827,0.6352246051292577
25828,0.8318974281008267
25829,0.643898094950637
25830,0.47013686796680465
25831,0.4688128536334091
25832,0.6233034975253507
25833,0.6071963856858841
25834,0.7640785582408453
25835,0.8165577507640399
25836,0.79136781698505
25837,0.7763009816441651
25838,0.7995279921698851
25839,0.6003664708755552
25840,0.8089361514770738
25841,0.5079221942005682
25842,0.8266062883088477
25843,0.8490693991434842
25844,0.7105459686798419
25845,0.5710869777898229
25846,0.72889978867278
25847,0.348403354311415
25848,0.720481020641276
25849,0.28089760501916655
25850,0.6563730104461813
25851,0.5508639663820231
25852,0.7744535686332273
25853,0.429028343751056
25854,0.5133493348373084
25855,0.37299006841393434
25856,0.41203573001455207
25857,0.6652024109112108
25858,0.8660337633803528
25859,0.6191823021427241
25860,0.4809964777430157
25861,0.8962598956769395
25862,0.5572485932669128
25863,0.45463648867521805
25864,0.43734373203476995
25865,0.6625559171572011
25866,0.8982190882775684
25867,0.54287272903709
25868,0.4624215862487814
25869,0.47995640297129877
25870,0.7954384755877519
25871,0.9086984392279166
25872,0.6147292728685669
25873,0.5111714503685818
25874,0.2855877616091803
25875,0.7709914525359162
25876,0.41177134759931733
25877,0.40341743164150784
25878,0.8309154077675246
25879,0.8757937387251912
25880,0.6967882362086752
25881,0.5667337035588922
25882,0.4710019667878539
25883,0.3995374659668219
25884,0.7778314595872725
25885,0.640061159460345
25886,0.7788743118290811
25887,0.8790021375062288
25888,0.43195416132321984
25889,0.5039822128874585
25890,0.6558302226218005
25891,0.4268182794711339
25892,0.37290255063836997
25893,0.44102078151470164
25894,0.5969347335797838
25895,0.758454302241169
25896,0.5401320702756652
25897,0.7325340437208747
25898,0.4889774821136264
25899,0.22321651552435387
25900,0.6050723539504947
25901,0.8308334336154068
25902,0.44099192120134967
25903,0.5877593271238415
25904,0.8065758797480751
25905,0.6885268518387274
25906,0.6046888558943697
25907,0.6552068630254507
25908,0.5132739087251874
25909,0.6252556396403433
25910,0.4481179363364579
25911,0.5153870984945865
25912,0.8052614670786736
25913,0.6490461352551645
25914,0.5031394577248987
25915,0.5984467534509159
25916,0.793519306996183
25917,0.49698057673503093
25918,0.5101304054719027
25919,0.3293973211163687
25920,0.8418083904005599
25921,0.5104028193137946
25922,0.5930576075920122
25923,0.6904962472605826
25924,0.8982261021840896
25925,0.44425248826751945
25926,0.9272425774888019
25927,0.8434919794986202
25928,0.6789595802133536
25929,0.3843196287507288
25930,0.6093654714171899
25931,0.6858191429353436
25932,0.868850054917993
25933,0.4990132903892826
25934,0.8291181287940169
25935,0.2531974031043936
25936,0.859294450416743
25937,0.529289709632252
25938,0.35452933251520014
25939,0.6489400379185748
25940,0.5111488602539854
25941,0.5687427892944461
25942,0.49500321287727256
25943,0.4661261529443306
25944,0.5576145432866689
25945,0.6587360926764099
25946,0.38905363021914985
25947,0.8787596110278139
25948,0.5087038386008303
25949,0.8179661092770273
25950,0.38079852114404705
25951,0.4737785651549409
25952,0.6890534293886743
25953,0.43582019036596936
25954,0.6690766395876877
25955,0.4518242647630942
25956,0.7032476467042355
25957,0.5244637019537258
25958,0.4280058054303588
25959,0.6686257171258895
25960,0.888605176425979
25961,0.859638627709224
25962,0.7616797983395819
25963,0.4108486834235744
25964,0.878082738738918
25965,0.4751262640084867
25966,0.7669241565489249
25967,0.7799999854292737
25968,0.3781633199036237
25969,0.624737642901506
25970,0.49006661766829573
25971,0.39035774767785064
25972,0.8223486416356643
25973,0.35234846850500107
25974,0.5827882041639266
25975,0.7343480754199617
25976,0.8633808625817778
25977,0.9540583009825123
25978,0.8384089155288054
25979,0.8620030539144632
25980,0.5248111087940524
25981,0.9496222494104496
25982,0.13725861730047076
25983,0.2951201545861734
25984,0.19805530803065144
25985,0.8825558841474248
25986,0.7886763759296452
25987,0.6782126219956885
25988,0.549093496888494
25989,0.4778240988443808
25990,0.4732203524689985
25991,0.5529200750348543
25992,0.6322406791415668
25993,0.8955096228853351
25994,0.4199909638567718
25995,0.3853429350469431
25996,0.5206429615143416
25997,0.7758727721100589
25998,0.810840772296369
25999,0.8132116807996977
26000,0.806397812689753
26001,0.8049458907936047
26002,0.7247215921465029
26003,0.7585270304203444
26004,0.5051315391936264
26005,0.73549912633647
26006,0.47721236639147147
26007,0.4258267854234407
26008,0.4526727587672374
26009,0.7540643517276467
26010,0.8178550348237416
26011,0.4290979009208828
26012,0.3690140088337668
26013,0.8975117592372384
26014,0.7521457743229896
26015,0.8159377795922721
26016,0.5244102096799056
26017,0.876876708925133
26018,0.5267463917835135
26019,0.36720780086493937
26020,0.41510737131719216
26021,0.772199636188357
26022,0.45283990784209416
26023,0.4762308776265831
26024,0.6706404412984511
26025,0.815602034985056
26026,0.5450455001659764
26027,0.7038593664154715
26028,0.36153692148732886
26029,0.7259348876292335
26030,0.8032246817206165
26031,0.4733934717753057
26032,0.7474569312790087
26033,0.5509996696206332
26034,0.5041315499860898
26035,0.3741296574587191
26036,0.5611084574038747
26037,0.6106265686864352
26038,0.7236178123259003
26039,0.7121447522342998
26040,0.9441948556928754
26041,0.6725707431502691
26042,0.6446008021034798
26043,0.3695841237968088
26044,0.5441544868354832
26045,0.5898713819775496
26046,0.4191299018434365
26047,0.7991012402372043
26048,0.5324332842968643
26049,0.657656959857497
26050,0.4979107320735208
26051,0.5131689472356971
26052,0.2976117058528861
26053,0.5362651133330909
26054,0.444821173365582
26055,0.3811999106144101
26056,0.8764826789842847
26057,0.4833257483094214
26058,0.46637218118552926
26059,0.45986999670294193
26060,0.5820575753536761
26061,0.39875671048418576
26062,0.49099911012711295
26063,0.691985025908648
26064,0.5903230024749684
26065,0.9002678515922927
26066,0.4869057697750141
26067,0.36951226307535034
26068,0.7785499764208048
26069,0.5876165215242679
26070,0.6065895212079627
26071,0.5816505361213912
26072,0.5604676241173822
26073,0.6735078383894573
26074,0.43997774277069873
26075,0.7992664632589519
26076,0.3983512295256752
26077,0.5639557791332483
26078,0.6448702028077501
26079,0.469083617447284
26080,0.4219031991895715
26081,0.8520945411519429
26082,0.7251176262283842
26083,0.7339026165433674
26084,0.9000505055052954
26085,0.4852206361534849
26086,0.527732055204283
26087,0.4220784859799055
26088,0.4977680640752317
26089,0.5593698590132572
26090,0.7185020273991644
26091,0.8432888237079254
26092,0.5384730479415245
26093,0.565590930395771
26094,0.7419262325758752
26095,0.6544084288230838
26096,0.8526308284201846
26097,0.884355834436498
26098,0.7494209887090236
26099,0.8327257796102694
26100,0.4465360189778739
26101,0.7788341972611929
26102,0.7863147738375172
26103,0.8357940826622102
26104,0.7094830430501721
26105,0.422177463448345
26106,0.17799337308089347
26107,0.3756303610381641
26108,0.2993329733897048
26109,0.5328355259315068
26110,0.6083426322907114
26111,0.5337790182529896
26112,0.8103496050073646
26113,0.6765606225888157
26114,0.5089299689144697
26115,0.48234982876092086
26116,0.8018962937391259
26117,0.7980498170812466
26118,0.8933659072443254
26119,0.8360636253991238
26120,0.7146648712892261
26121,0.5946733730583122
26122,0.45973168775681295
26123,0.7046637700531646
26124,0.8769448537288349
26125,0.4296217696047096
26126,0.5374159865718191
26127,0.8273224355069833
26128,0.3294866616688289
26129,0.5958336677533314
26130,0.4285068440220769
26131,0.5175269834413829
26132,0.3734850826704406
26133,0.5936659304914578
26134,0.43013112003757314
26135,0.4789658873927044
26136,0.5547735929676114
26137,0.6039012029237657
26138,0.815594567744904
26139,0.8170150045238637
26140,0.6838122829497615
26141,0.6951739945300449
26142,0.8677376077278095
26143,0.4764873676041413
26144,0.4566559672068548
26145,0.8395657901741582
26146,0.47722893926569776
26147,0.30290495729789907
26148,0.863732081959891
26149,0.38978381382298055
26150,0.35542089988712
26151,0.5259112961424817
26152,0.49433526843269604
26153,0.7358310417577256
26154,0.7479355595545598
26155,0.9209681980138604
26156,0.5849025037697149
26157,0.4704786204055852
26158,0.3562583468259059
26159,0.8075096316972152
26160,0.865534354156789
26161,0.6038473150694178
26162,0.4641343912085336
26163,0.5272797261713735
26164,0.8395530294033945
26165,0.6017652585464255
26166,0.45884057548184426
26167,0.5971523977361117
26168,0.9122382712771856
26169,0.48964999667165604
26170,0.470574613948746
26171,0.9215668966565141
26172,0.5582309487096806
26173,0.525211669359391
26174,0.7702122812230138
26175,0.4414746460964641
26176,0.7173329379715944
26177,0.778978625580762
26178,0.6831137232026302
26179,0.5548590569514229
26180,0.5805857070800174
26181,0.858932945428401
26182,0.7945721315101063
26183,0.5479135337593413
26184,0.753249768349986
26185,0.8639764517472701
26186,0.7229760855380439
26187,0.8247050991093382
26188,0.7871442274339517
26189,0.4105805034080285
26190,0.45194129280659195
26191,0.526035303183146
26192,0.46178562265668155
26193,0.5966090513939106
26194,0.572429124781365
26195,0.3153141024293035
26196,0.2253287948286887
26197,0.8491302096088253
26198,0.46580032234224356
26199,0.7523072982803298
26200,0.8552408778849907
26201,0.508766761361219
26202,0.6348038992736371
26203,0.7949425510483885
26204,0.8602184016414736
26205,0.5305090779384822
26206,0.7856339430056706
26207,0.5085035105147464
26208,0.919186615918609
26209,0.6399881579439131
26210,0.6097897414739722
26211,0.9442592677076033
26212,0.6321286845459209
26213,0.5268549628147102
26214,0.8097946464834291
26215,0.5275427108888415
26216,0.44845189106957506
26217,0.5042276115641778
26218,0.57593350598303
26219,0.7703737260136515
26220,0.8409397771275279
26221,0.5031897144339235
26222,0.45368639320758525
26223,0.7387669596814974
26224,0.5522960387892716
26225,0.8341842297827397
26226,0.4037797518775793
26227,0.4574649051531818
26228,0.5505412281481901
26229,0.5549535726123926
26230,0.8780579203002058
26231,0.7231885448328396
26232,0.5192803950220254
26233,0.4466959279700596
26234,0.5894298018148091
26235,0.5149966505873108
26236,0.4815311883443441
26237,0.4805830787470275
26238,0.40104555305987916
26239,0.8834289478914914
26240,0.5959158013240442
26241,0.43577988143400326
26242,0.4366459273076513
26243,0.5090346170510184
26244,0.719220044201656
26245,0.8504912891660192
26246,0.5805554503672686
26247,0.5488086120070511
26248,0.6835286566849217
26249,0.8199070788115767
26250,0.510356861371208
26251,0.875889605699478
26252,0.36019809353136667
26253,0.4497400907416089
26254,0.5714552816497501
26255,0.8932606608797896
26256,0.6164100017355717
26257,0.6722546277671588
26258,0.935037381129984
26259,0.8439950256972
26260,0.6447075861550664
26261,0.5325826960424871
26262,0.7761059380503217
26263,0.48148125635514694
26264,0.43987329814132237
26265,0.47717206155352876
26266,0.38309432616646555
26267,0.5367423884189292
26268,0.6624356469005523
26269,0.8655429883058119
26270,0.4441217908110641
26271,0.7447609544819398
26272,0.613781067151576
26273,0.8890419021856141
26274,0.35497590078358365
26275,0.48022144585148135
26276,0.5366266954564587
26277,0.6839453347554519
26278,0.5880579313393877
26279,0.47201291756183716
26280,0.574261609287507
26281,0.49801253953621816
26282,0.788898899362766
26283,0.9156998211451531
26284,0.45048182999547814
26285,0.8130951707974656
26286,0.6906415260213998
26287,0.4252540407820073
26288,0.6472102773609882
26289,0.7619909029407513
26290,0.8186070340262522
26291,0.45094136574152943
26292,0.8792420460207694
26293,0.8415547787681299
26294,0.8191900804861744
26295,0.562150397621631
26296,0.5037683733122419
26297,0.5142787926646393
26298,0.756944787147573
26299,0.6663519235992866
26300,0.4965475925202891
26301,0.7285748781062549
26302,0.4354614788947048
26303,0.40095708504665856
26304,0.8203525227062272
26305,0.8540997882237767
26306,0.6296700006123943
26307,0.2989275017526119
26308,0.8682450857680926
26309,0.6079253144590131
26310,0.744408622645611
26311,0.9407002743917827
26312,0.7841744572705457
26313,0.24111924891586956
26314,0.39147612686492606
26315,0.8393455041398535
26316,0.6060985180977465
26317,0.7091936005914136
26318,0.6786720438691152
26319,0.5016147464925894
26320,0.72335565422414
26321,0.7228040800778096
26322,0.880860479300476
26323,0.8658666699939912
26324,0.6777702090909178
26325,0.48413798198918706
26326,0.26105621411668234
26327,0.23453543947998823
26328,0.4602316365654294
26329,0.743125589941264
26330,0.5752368630007494
26331,0.9587587478183024
26332,0.948354399966904
26333,0.3357624307243028
26334,0.8730735937685018
26335,0.7204589928904183
26336,0.6541458614567378
26337,0.8460810988512023
26338,0.638880788529804
26339,0.5283954176171666
26340,0.5111320294366305
26341,0.6468583751859361
26342,0.7357287406450126
26343,0.41826710943513074
26344,0.46281149997641763
26345,0.7632179069594349
26346,0.771240051161899
26347,0.3980914476096471
26348,0.5067789473464673
26349,0.4301309242945429
26350,0.7274323941732411
26351,0.42629601594986494
26352,0.7350521897703483
26353,0.6273668066053988
26354,0.1978823998328489
26355,0.5057397572345886
26356,0.8970967369949856
26357,0.47128904067765526
26358,0.6559212953565174
26359,0.18831018928285742
26360,0.8702802008314771
26361,0.7214933990643516
26362,0.5277981499567311
26363,0.49499786547918606
26364,0.7442289209316789
26365,0.5774694427042731
26366,0.733288623899719
26367,0.6754170006007068
26368,0.7682187542993081
26369,0.7204792812976404
26370,0.7236245408048918
26371,0.18244785261833177
26372,0.7371770377357504
26373,0.48777259187995786
26374,0.5339286437458561
26375,0.4117360199739094
26376,0.6641470447641428
26377,0.35470244539960694
26378,0.83811128882286
26379,0.5831813927891515
26380,0.5172443898644369
26381,0.6841369622531321
26382,0.5739561149767617
26383,0.7495750640839111
26384,0.46246793374557293
26385,0.6736073901281966
26386,0.5826998752807944
26387,0.8646345176702919
26388,0.7854973241312297
26389,0.4584442813198067
26390,0.6261497322438999
26391,0.3851341993664757
26392,0.8507910986071583
26393,0.8432515193906299
26394,0.4857370722714455
26395,0.7827066001794412
26396,0.5553226786919817
26397,0.7912561698820081
26398,0.7478810170499764
26399,0.4059219527293071
26400,0.6323454773551118
26401,0.8278613521322334
26402,0.754442731121829
26403,0.49873847409044036
26404,0.8567219336428925
26405,0.6808875782757233
26406,0.875612614141383
26407,0.6868404025872527
26408,0.5805938047361175
26409,0.4910227157368166
26410,0.6781522352584576
26411,0.5544099492743405
26412,0.670142273500411
26413,0.624909183610022
26414,0.5770351907181777
26415,0.34240065759640503
26416,0.5109783965105257
26417,0.7388757326484201
26418,0.9041903684127127
26419,0.6381522150055933
26420,0.4116447919295624
26421,0.6766525374243216
26422,0.4719128557133744
26423,0.4953591031170392
26424,0.5662687772788013
26425,0.5450454824472812
26426,0.5235321851710926
26427,0.6027765137320524
26428,0.8532087595403989
26429,0.4467669209610496
26430,0.48588699987381817
26431,0.5685402593263794
26432,0.3861271316778967
26433,0.5946559830270062
26434,0.43625015856250476
26435,0.6990085327608636
26436,0.43680355139149263
26437,0.6716371624719117
26438,0.8528461300381093
26439,0.5081969658247939
26440,0.39373140716038435
26441,0.48140241503637715
26442,0.7737613307125587
26443,0.8517867611471324
26444,0.6532341298760822
26445,0.4851889098994979
26446,0.7976844293072023
26447,0.7825725449709651
26448,0.4244081194254913
26449,0.4196033710532883
26450,0.2070130492091592
26451,0.8146933832389497
26452,0.5131110434035548
26453,0.6691883588123153
26454,0.48248179104885
26455,0.276302534780076
26456,0.727499249465003
26457,0.5090344215542484
26458,0.6153506108626505
26459,0.6453957064464884
26460,0.6356180173080825
26461,0.5541851894207149
26462,0.46801680332754886
26463,0.9087689096573222
26464,0.7243938561466284
26465,0.4137237953706272
26466,0.6322283099054783
26467,0.8571004164283791
