id_cliente,prediccion
2,0.12701275580942462
3,0.16275190353157265
7,0.1283768496524799
10,0.13183059335964215
11,0.13193752028160638
12,0.12442055013323565
14,0.1339779689819306
16,0.14471796332639952
25,0.12286617608041317
32,0.11625511590927436
38,0.12719742009531904
42,0.15741308050950792
63,0.13013399620086108
65,0.15197018720319114
70,0.136100302525552
74,0.13242138117211105
76,0.13012103266155078
83,0.13217652985033934
90,0.09910636550980942
98,0.22001921428667076
104,0.12943366849796967
121,0.12629093541907704
124,0.1751692255978556
125,0.16026217059047848
137,0.16711351346388018
143,0.125910025097997
144,0.1812152087231246
157,0.14401894385469582
163,0.1275488647881722
197,0.18584587626472837
203,0.21847783205826102
205,0.13297309221542972
209,0.15490777086281532
228,0.2051374904220427
231,0.13891348078933566
237,0.17885095681690227
243,0.13728192712591322
247,0.14413601028710019
249,0.15393217939918893
253,0.13482071477718985
261,0.1309588664587378
263,0.10319455418889571
275,0.12419094010630798
279,0.1518837698857526
280,0.1352823516809655
292,0.1263852954734543
297,0.13011144279902592
299,0.12263379066443883
302,0.12132912534904533
304,0.13402255677743138
308,0.15329879155587656
318,0.14797598224719868
319,0.21176861757672644
323,0.16411138537070066
325,0.16388659567861627
339,0.14284095616478723
340,0.13296717014757445
355,0.1297459884132192
359,0.1619419701564884
368,0.1508926551226537
371,0.13555108302378968
378,0.14026462173695028
390,0.14228861416270203
392,0.14499415841487473
409,0.11955682174470358
412,0.1781643522484149
420,0.14694393241339115
422,0.1356359511250649
428,0.14841143366614104
429,0.11411623158010857
430,0.1422685206541286
434,0.12920794414865988
437,0.1420199576285924
447,0.16300354610918089
464,0.121319639215615
466,0.196876663043071
468,0.16476428577760646
470,0.14561289074106085
473,0.14018426491443986
475,0.13021276612335134
476,0.14489035738337463
480,0.12125011077644551
483,0.1345611643538249
487,0.15931607165682946
495,0.19635076295993117
496,0.16240326099629512
499,0.12724556084560582
502,0.1730611355655966
504,0.13006399028197374
508,0.12629239192962793
514,0.13006970418084418
515,0.14441768049740775
538,0.1221240996469868
548,0.13187731279161496
551,0.14048892742628313
553,0.15446374843882751
560,0.12587955598398515
564,0.13108997077775475
572,0.15868052092141208
577,0.13219314484581784
578,0.18778788462486934
591,0.13354850650076652
593,0.12979500754682222
604,0.13339739125056818
606,0.13609170596389658
614,0.1374316193128649
616,0.1194810017032441
622,0.13436292566848315
626,0.13001660552758323
632,0.1327517320290011
637,0.12680947131176812
640,0.09883850525187252
647,0.12190801591021581
648,0.1252869393630457
653,0.14277915796203683
654,0.14297484793657614
659,0.15895882055349222
661,0.14599726664114498
670,0.13189489440148564
671,0.14696636225024626
673,0.12285181304044714
674,0.148673279400294
682,0.12637092357589
683,0.13015239887592345
687,0.13166341239492546
688,0.149172884846165
689,0.1368072147598991
701,0.13856338816727032
705,0.13197669133584247
707,0.12549011258551784
710,0.16638111996630198
714,0.12014932226112231
716,0.12975315845373064
717,0.17304569975025352
729,0.16453481726757305
732,0.14964111256770954
734,0.14387487622167106
736,0.12933757498159038
742,0.12299234091455999
750,0.15109476643673558
764,0.13943140562213238
767,0.12008689616918161
768,0.1379921543841032
774,0.16780250760930454
777,0.13189117019729088
784,0.12879961001884832
785,0.1357012794870318
786,0.1290177348975721
787,0.1553177430708894
788,0.1391705474381614
790,0.1902262425724163
794,0.14791470986250366
796,0.1455844252657304
802,0.12189090511829828
812,0.17648183532013034
814,0.11371101411126294
816,0.14160985914312427
817,0.13139211369087528
834,0.1318181600461192
835,0.1315589689490242
836,0.12851704509454318
837,0.12516893899251483
840,0.1513552158617433
841,0.18643457074277078
854,0.17948488215418293
858,0.13140385010605377
859,0.14380722757083658
883,0.13500646471708622
887,0.149680549099181
902,0.13200248807061488
913,0.1292642796995359
915,0.11607854864612571
916,0.1449382058930636
917,0.14959310508031792
924,0.13209341562237215
929,0.15038756804555903
933,0.1418562111907758
936,0.15027842896415497
941,0.12449684188476381
946,0.15704354195148193
948,0.12974249678047928
952,0.12523291060927053
959,0.12983423292681948
963,0.13430603410823225
965,0.10744318707695281
970,0.14701283374973514
975,0.20767994791767916
979,0.13266789484013736
982,0.1262514817213183
986,0.1456498696259955
992,0.14497791866594806
1003,0.10476781742373997
1004,0.1410353022268914
1007,0.1698247209660301
1014,0.1022501233608714
1017,0.12740369580345673
1018,0.1215350998042709
1043,0.15467864678152912
1046,0.13093739590622602
1052,0.12953532935268552
1061,0.13016198083348568
1063,0.13074319797215006
1064,0.15461037637286004
1067,0.14634171022573766
1070,0.16574562405727827
1075,0.1397477936502393
1105,0.14137341081644417
1116,0.15269125378080428
1117,0.2290364027159794
1123,0.15902760018770057
1125,0.13088087565346673
1132,0.1258312601786085
1160,0.11729620303670199
1161,0.1466781373274412
1165,0.1572369973281916
1171,0.1577242577523196
1181,0.1865160944461745
1185,0.14228120936138
1197,0.15536429288691073
1202,0.13778703855103136
1205,0.12911665717526696
1206,0.1344867332804139
1213,0.16036403018651518
1216,0.13810089062823244
1228,0.15077070536917908
1232,0.13816433538357392
1238,0.1064090029362746
1241,0.14302480631652043
1246,0.12935240556711775
1258,0.11840728482876932
1263,0.124706252236669
1289,0.13015791045950792
1301,0.13733039504484493
1302,0.12673190130395678
1303,0.18884824639836237
1312,0.11830076439164286
1314,0.13522317862636252
1322,0.10521786989667976
1326,0.16299287776702112
1328,0.15219681361759044
1334,0.1478687544708354
1336,0.1316554684432954
1337,0.12594149610887392
1338,0.144588026988651
1340,0.13338276673436203
1361,0.15147400028509095
1365,0.2141590440039466
1368,0.201690235925132
1370,0.10201304119423055
1378,0.13555557828865653
1381,0.19298799122846774
1388,0.13520441778397543
1393,0.1366582195407622
1395,0.12223143660650004
1400,0.12996843979053452
1404,0.1356406034459241
1405,0.13357716366185138
1411,0.14034672160134984
1414,0.12841279978879827
1415,0.12350422291141656
1420,0.11124240394797075
1425,0.1007966535093763
1434,0.15448670801532027
1453,0.1628022076887547
1455,0.14855619095805261
1460,0.14837406280380588
1465,0.19433650331995733
1474,0.14356259830912171
1475,0.11727449693789971
1476,0.18190845166277864
1477,0.12405456212307421
1489,0.10159239474632555
1495,0.11903655217728619
1496,0.13379322058331952
1501,0.1351987279455391
1504,0.13095128681042117
1506,0.14239168771124766
1516,0.1710576200377906
1535,0.13959824431608406
1541,0.15139772667988063
1546,0.14447281911722096
1552,0.13020068262720258
1558,0.13505486834864078
1559,0.15561462050372896
1564,0.1214617312928062
1566,0.12776806370790225
1567,0.1809844571780084
1573,0.15412639857528596
1576,0.1518626163813408
1577,0.13706251650491183
1578,0.1373381783088085
1586,0.13033099266977646
1587,0.16497144021757712
1589,0.1395169525308191
1591,0.129774515880141
1592,0.1826659273626972
1598,0.1297002448366713
1602,0.18046827079405792
1604,0.15245000948272308
1606,0.16300264985273746
1614,0.13129701407728397
1615,0.14919831140800396
1619,0.122280606118651
1623,0.1256539015672893
1631,0.1447312882439072
1639,0.1265963864571709
1648,0.12370343586582408
1659,0.13087553092322154
1669,0.1892408426481852
1673,0.13552985188967176
1678,0.14336807556265108
1682,0.18044413530644499
1683,0.12935186314167793
1692,0.1340554192675018
1693,0.15686417321521828
1695,0.15026699635528448
1698,0.14783029124004907
1706,0.16959621214504653
1709,0.12811592305666825
1710,0.14902930043443216
1719,0.1256152275052248
1720,0.1248857761822175
1726,0.1330554183025171
1730,0.12830644169723968
1732,0.12040271099179235
1733,0.1468421848012371
1736,0.1006034027929082
1743,0.15691618526662873
1751,0.13430863452678554
1752,0.1309678356080584
1754,0.17695406253078383
1756,0.1540895478488798
1760,0.12401034010338476
1765,0.1323596112669184
1776,0.1475952593686276
1778,0.15089380006334788
1779,0.17842230166609974
1781,0.1298543104703406
1795,0.1770363175644678
1808,0.10485911555647691
1809,0.14592361143263655
1814,0.1396089313684122
1821,0.13945224968947578
1822,0.12219027225930904
1824,0.1349276887280558
1827,0.1657045695704293
1834,0.1413899087253876
1844,0.2056453988204645
1851,0.1445318277845366
1867,0.16767506210279043
1869,0.12704411001819035
1875,0.17465985708018836
1882,0.1342269109748863
1897,0.1987155936872931
1910,0.13501831275642068
1917,0.1277234476678154
1918,0.17708981332229307
1935,0.1457818207671217
1936,0.1420274104317221
1937,0.13778517539352458
1949,0.17041692966575725
1952,0.12201197641049959
1956,0.14184658665741826
1969,0.14358677670403805
1970,0.12643284752241982
1971,0.1319367602377033
1977,0.17626303883740915
1982,0.17938693759905863
1995,0.1262638491714121
2002,0.13462936772161796
2004,0.15110697398061548
2011,0.1609793992778503
2013,0.14828934285561912
2014,0.1307781854733292
2026,0.12540226543434113
2040,0.1354964973249549
2043,0.1481067558606874
2060,0.12476644574684741
2069,0.11111124633136228
2073,0.11309440150117928
2076,0.09973550646733112
2082,0.13709892928716155
2089,0.12234397337768103
2091,0.14666029806220363
2103,0.20376139111390668
2109,0.13178562458540288
2112,0.1371300575661352
2113,0.1411614412659092
2119,0.13423600521222884
2121,0.16710818251799944
2125,0.12657154351248065
2127,0.17133969661667026
2128,0.1310548409685605
2132,0.14178218427380934
2146,0.16329869309726092
2148,0.15486949601041614
2149,0.20992078686256102
2156,0.14348540387415293
2157,0.13192989324485938
2159,0.19221474163913596
2160,0.12807983488546934
2169,0.17749253959859895
2170,0.14353698063414935
2186,0.137126732848921
2188,0.13036597520514193
2190,0.12061136271756542
2203,0.12101644127109251
2204,0.14259845054152304
2205,0.1838766632632289
2207,0.1399859748678543
2209,0.1257365287247906
2211,0.09851174744812961
2220,0.12216001808589064
2226,0.14444461671766398
2229,0.12314214717697683
2234,0.12408326054705114
2237,0.14302748588960712
2240,0.12693852922930304
2249,0.13135145016257388
2252,0.15316493007771723
2264,0.18234032240389975
2269,0.12968298505667472
2272,0.132741630844636
2283,0.12423787521252136
2284,0.17782993586560428
2287,0.15539083051561559
2290,0.12662701140746654
2298,0.13417858680625777
2328,0.14336125285618723
2329,0.1995719548271626
2330,0.1843788929821657
2336,0.14597859104314734
2338,0.12897069285531867
2341,0.15291105449402065
2353,0.14890624248627693
2356,0.13725396532140247
2366,0.12658778575116744
2401,0.1306958606430592
2404,0.1371487416040382
2408,0.1248344607689652
2409,0.12531071769405738
2410,0.14116461806940422
2421,0.1643525472116395
2425,0.14294777617918691
2427,0.2138629852512446
2429,0.13930699908087793
2432,0.1426771800078123
2435,0.13936527489461845
2436,0.1318252270548033
2447,0.12445262059734184
2449,0.12835965184493264
2454,0.12920740953849671
2460,0.13165937182320908
2472,0.143801565105769
2479,0.13332290215494602
2483,0.14247578566533153
2484,0.1296925628297937
2492,0.15086610790270943
2493,0.12920877526644362
2495,0.12653073190403244
2498,0.16078879465984927
2501,0.12829862271131673
2510,0.13020311880410407
2512,0.10253301174981762
2516,0.16120274171526103
2517,0.17769357121203525
2538,0.13910689786611488
2561,0.12562978687947698
2563,0.13098379614464487
2567,0.1238471217808761
2569,0.10137056022016927
2576,0.13706345954014176
2588,0.13345491937583584
2592,0.10793105543042676
2593,0.15661159100092983
2604,0.11680862258598995
2613,0.1315988636954774
2620,0.12828455572691513
2626,0.16933935033842684
2629,0.12593913100329301
2634,0.1337941247414694
2637,0.1427784152151761
2649,0.1722331344005699
2653,0.21663877735270742
2661,0.15545342405837084
2662,0.13591286108218087
2668,0.1059867207687365
2684,0.1455073235470595
2686,0.14078476237245516
2706,0.13493824740846438
2709,0.12615752639510802
2710,0.12446794833430634
2712,0.10478591891088149
2717,0.12451158260646975
2718,0.14031597812625013
2720,0.12922169280989113
2726,0.14343702507690628
2732,0.20600534386530972
2735,0.19229957229278222
2736,0.14022389978355995
2754,0.13251385414093558
2755,0.12519839154826776
2758,0.13230773493002063
2759,0.13078612250428162
2768,0.14190014554091226
2769,0.20255229845948172
2770,0.1377446191125149
2776,0.11819480900697901
2779,0.1461393380605037
2790,0.12509297193440477
2794,0.13324733890100787
2796,0.14823747560555783
2801,0.14007165224326518
2810,0.13402814286235648
2813,0.1346901757569286
2820,0.14613582691752464
2822,0.16070425335246669
2830,0.13630702005514306
2831,0.13981177162235955
2835,0.13657388516169722
2837,0.1424906216868637
2852,0.1718851028721952
2861,0.12814304226747453
2864,0.12333497536139795
2869,0.1458351699237899
2870,0.16600043044155394
2883,0.13220699344310227
2890,0.11944609095786672
2892,0.14007331346664756
2895,0.15178348531426153
2908,0.15632173271161243
2911,0.10360759779132175
2918,0.1386245970983135
2931,0.2021147386043521
2936,0.19506844775741522
2938,0.15850629287136647
2940,0.20691610828362828
2942,0.13429088786416443
2943,0.14274549373737805
2945,0.17473339538744584
2949,0.15616716403805428
2959,0.1388236797720912
2966,0.14137039191806686
2969,0.13583720467358043
2970,0.12362532588072564
2975,0.12412555694893537
2976,0.1530467856853211
2987,0.12947285260797223
2993,0.1767184064426353
2995,0.12472560725391328
2998,0.1252315366355039
3002,0.15581417323147315
3004,0.12389967970983681
3008,0.13469445399336044
3010,0.14645241250203095
3019,0.16830975748042265
3027,0.17294366587584606
3030,0.19976531640022735
3031,0.14083564848126034
3037,0.12976456008348097
3038,0.12219621189143573
3039,0.13802319398069232
3043,0.11938058403543356
3048,0.13096667241784557
3049,0.17379263796455827
3053,0.13833738531109419
3054,0.1358422816574993
3056,0.11748948452710667
3069,0.14375085942423926
3071,0.1462884554946263
3072,0.1428606629941657
3075,0.16120446902544588
3078,0.1415867049405673
3080,0.11513276484917899
3104,0.15174709834816683
3109,0.14036637281038353
3126,0.12951333687736757
3137,0.1294144855811142
3139,0.11967917959556608
3142,0.13415815880329113
3147,0.14939207116792994
3168,0.12149116245091099
3169,0.1504746960347518
3172,0.13332168340236542
3174,0.1534965549537744
3178,0.1483271765185945
3179,0.13223983646804452
3181,0.12143621630834117
3190,0.15824516411309034
3192,0.14900493223982367
3196,0.186536104834844
3197,0.21642195547709783
3206,0.14855251192044597
3208,0.12552378746623588
3210,0.12389095626287176
3214,0.13842408650365073
3220,0.10052316654773387
3228,0.13095429171592166
3232,0.13323576586193703
3247,0.13924990393034348
3253,0.16042003312179562
3256,0.12241228802533508
3257,0.127489318907238
3262,0.11707108586161988
3269,0.11271630040996079
3276,0.15339312339021138
3279,0.17087438229306906
3282,0.10589484980132366
3284,0.16007869684623638
3285,0.14118747900756612
3295,0.12201078539014568
3297,0.1295909005283241
3298,0.1288049041318953
3311,0.1193805975851079
3313,0.13168275736781776
3321,0.12691274114391038
3325,0.12091156650793627
3329,0.14746288733596352
3345,0.1853439101230794
3347,0.11774704401009518
3349,0.13050500718312216
3350,0.10882562696223841
3354,0.15376294544405025
3356,0.16546369287705512
3363,0.12520365777036774
3372,0.1604465680171476
3376,0.12052471046518604
3380,0.12541708883373878
3383,0.13074615890188956
3385,0.14251868449380334
3387,0.14297029276073914
3395,0.13875238709604246
3396,0.12701337258141931
3397,0.12433896436149593
3411,0.14330977120135976
3413,0.1219817157473166
3415,0.10573390231290035
3444,0.1884010440554751
3446,0.13109644422599165
3447,0.1311584187167
3448,0.11289884733208636
3454,0.13082617877358155
3466,0.12996220790718335
3471,0.14023123374100666
3474,0.13075632435770562
3488,0.143361104545261
3496,0.14007656705726107
3498,0.14242006234329246
3508,0.12975431784094754
3511,0.1590329426534462
3514,0.13595266050506177
3524,0.12608842836056902
3526,0.13151618566251871
3529,0.13548726879066303
3552,0.12652287381481947
3561,0.1257244883851887
3564,0.14997579573964978
3566,0.1336873711682982
3576,0.14824858686413106
3581,0.12681047637563145
3582,0.13021523526937892
3583,0.15806437634327214
3587,0.12725769562449335
3589,0.16331733501775886
3590,0.16093036495042928
3592,0.12745983249576412
3594,0.12811529350213594
3598,0.12933460858560486
3605,0.17081474306215502
3608,0.15017078700739664
3610,0.1512335973927757
3619,0.14180567889995516
3622,0.11389311198656184
3623,0.205021046832891
3628,0.12257739161459258
3629,0.13276819391445938
3647,0.12484764106108287
3653,0.11994413596773201
3657,0.160353734406672
3658,0.13870928201970226
3661,0.1310958100297649
3665,0.14367526248338622
3668,0.11375488763748895
3670,0.10105832443324
3672,0.12410383305128257
3675,0.13921102438335697
3680,0.14466768363084287
3697,0.17221189451443075
3698,0.11481038624747238
3699,0.13485860375535033
3703,0.10817127888296553
3711,0.13445044096730385
3712,0.2073660423996547
3716,0.12532328679577853
3717,0.14313045337397373
3721,0.1418068195383023
3726,0.13373742669747615
3735,0.15420390923176955
3736,0.17440521519238278
3740,0.1315714980155257
3748,0.16044454909496061
3751,0.13898661794405634
3753,0.10259353342342797
3754,0.11169089404691607
3755,0.177446255887879
3764,0.11611205341246757
3768,0.13083433478659187
3781,0.13006417305262313
3782,0.14578291724107847
3787,0.14300396846223593
3800,0.1298480281070665
3804,0.15360101547147306
3820,0.11824739898911983
3821,0.14894435488165078
3824,0.10105396069952133
3825,0.13965789371363674
3826,0.16514354454724747
3831,0.12940312735784043
3834,0.19229777311652016
3835,0.13792693653661633
3836,0.1242276303605121
3840,0.10287386755968553
3841,0.14914252822353405
3848,0.1888146468120002
3863,0.16706842702569802
3869,0.13474469033808983
3875,0.14811162723211607
3877,0.16112819795432073
3878,0.14454327933765337
3879,0.18756928445492888
3881,0.14360362894457523
3882,0.11973999379388683
3887,0.1367632313540973
3890,0.1266822461183696
3904,0.1357584407691751
3905,0.17748422777480152
3908,0.13941520495341916
3917,0.2181285962655194
3927,0.14050787038904958
3931,0.15275078795617295
3938,0.1428221763687739
3944,0.15389836250122513
3947,0.12777984070627071
3950,0.14029973277180677
3971,0.1283112912762755
3982,0.1506202488554304
3991,0.12293026751296397
3992,0.13431950567480927
3997,0.10561397324574379
4005,0.14577476186422778
4008,0.13332952498376446
4016,0.15068800046071826
4018,0.12495776756981579
4020,0.14791267857887191
4027,0.16852607749898202
4038,0.12779425037412284
4045,0.14371014968570092
4048,0.16181579649437997
4051,0.12577019938913886
4054,0.13248106105785326
4055,0.1494592233329393
4065,0.1273524248865869
4066,0.14260229276991399
4073,0.1596531413310568
4079,0.14975570268820826
4084,0.11342659622060994
4087,0.20873704310182364
4089,0.11828310577314453
4091,0.16530667436586255
4092,0.1251717373620531
4102,0.1736540452387408
4108,0.1497880203908184
4113,0.1446460962455516
4116,0.1507346500611646
4117,0.11157947726079803
4124,0.13090971391572725
4125,0.1497645148673793
4128,0.131441752163493
4129,0.1361045336358296
4130,0.1404175666548379
4134,0.1582060912514596
4144,0.13050274111981336
4147,0.15798582886811618
4150,0.12740429588933105
4158,0.15141300808961944
4162,0.12797077464782347
4163,0.12666203531895812
4166,0.1257302654171117
4167,0.15265680047589836
4168,0.14013453063643005
4175,0.13684904296570238
4179,0.19472493202219443
4180,0.13162238344114702
4189,0.12967900809011132
4192,0.1735242863284396
4195,0.12862975171084923
4197,0.13264190960633385
4198,0.16295106965312325
4202,0.13434360067283552
4208,0.13840690277991088
4222,0.15818136664312948
4225,0.12731823920624513
4227,0.13006382097583016
4229,0.14748439008876116
4230,0.14794233777319543
4244,0.15862643656959508
4247,0.12014100995724647
4249,0.13508987112097096
4258,0.13574970776232032
4266,0.2096606003285962
4283,0.10526786983321211
4286,0.20900690327063393
4287,0.12884059107149903
4289,0.11731121796864047
4291,0.14866731786200632
4292,0.16052424425046216
4296,0.12820239707432168
4309,0.11981247525876021
4323,0.14882584408024632
4324,0.14874708675607737
4327,0.17799814293380398
4328,0.1249003682263526
4330,0.15608612280166392
4334,0.13092706119953434
4338,0.12904708803853232
4341,0.1462933086256799
4343,0.1445119358177019
4349,0.12334558749456309
4366,0.12411942612225893
4367,0.15741184634510536
4373,0.11480811377197518
4374,0.22043154248082136
4384,0.14295620341069745
4390,0.21817693893103313
4403,0.1391288207876902
4409,0.11348047528670369
4419,0.1474239128441811
4427,0.13518552773166384
4428,0.1407365466414277
4429,0.1325005302091276
4430,0.09953512826069677
4431,0.13213780583662668
4433,0.15573171913458303
4434,0.12781375816844273
4442,0.11285212134300096
4444,0.13815744662319132
4456,0.15106793368309565
4457,0.1472483722317251
4459,0.13384430976147313
4463,0.13894292348975776
4465,0.1493313335579651
4466,0.18233413896576112
4469,0.19976288911857282
4486,0.12985673723479918
4488,0.13926360616905864
4490,0.12859594897179755
4492,0.13058462033590054
4500,0.1529515840476455
4502,0.2017669186903623
4507,0.12874131424305424
4511,0.1293206131630368
4512,0.12733739457637866
4516,0.122816348261355
4520,0.13157120125157604
4536,0.09983468575343327
4538,0.12162122364847139
4549,0.17043359495910843
4554,0.12990710363382352
4561,0.15184388025407197
4564,0.12598342112015323
4566,0.13302585057310956
4568,0.1466260142477575
4580,0.15355863461032174
4586,0.13147512191583133
4594,0.14457041060134532
4598,0.13226409861261298
4602,0.1274405536172819
4609,0.14517597313677452
4610,0.12422709042557928
4611,0.1314314471067298
4619,0.14785981258830003
4624,0.14980673540809236
4627,0.12623255475765977
4631,0.14101150398347445
4632,0.16466610758795705
4635,0.1489229576298725
4637,0.1398405371735796
4641,0.1538027266065808
4643,0.13546608900913906
4660,0.12152290833136128
4665,0.15725400380556429
4667,0.18195646604859103
4668,0.12483137029070052
4670,0.13086380331571013
4674,0.1442251805455546
4676,0.1290309303600013
4683,0.16025382089341014
4684,0.13141177077367105
4687,0.1261658761427881
4704,0.13263990614256208
4706,0.1490828978048173
4732,0.14420710213487398
4734,0.19929582830945036
4735,0.12050778705776534
4744,0.14220160868971718
4755,0.12705352157072744
4759,0.1283716574405483
4762,0.132145875773506
4765,0.18625669711284867
4767,0.12584958783326913
4775,0.15068147269202964
4780,0.16616068849588467
4789,0.14396544716659346
4794,0.15828205342297383
4795,0.13003059200923292
4797,0.12593812523519762
4803,0.1375808465832304
4810,0.14561519684062443
4812,0.17903479376711798
4814,0.1417867733547544
4818,0.11925921521619691
4820,0.1486722741466769
4822,0.12980440014558067
4827,0.09943640802735418
4828,0.146746420831678
4831,0.13409014122471716
4839,0.13675587116291535
4841,0.13703628932776965
4842,0.12191302431067255
4844,0.1497353070110405
4852,0.12491895494013103
4861,0.16200193100144503
4863,0.1763951995306652
4878,0.16768613159419252
4881,0.22611306754948632
4883,0.222330902258488
4884,0.1296831115533243
4890,0.1278364903351602
4894,0.10615607879555337
4895,0.1972754996943483
4898,0.14226285395815602
4899,0.12411698816571698
4901,0.16336540005732617
4902,0.1047814740784599
4919,0.1329321862476845
4934,0.13551463228570157
4937,0.122239353684
4939,0.12509862460178395
4945,0.18173502408525433
4952,0.13319154370786054
4953,0.13733790928994488
4954,0.12578091182552276
4955,0.1262249086172236
4967,0.12475589372414404
4970,0.14531907058449478
4979,0.1445988973383654
4983,0.12285292397125061
4989,0.16682317900644275
4995,0.13098428449425448
5004,0.18047136121165727
5007,0.1478279938767386
5009,0.12624574714475778
5010,0.12296961726919498
5016,0.1310481528121547
5033,0.12260807921025685
5038,0.12476950364320884
5045,0.1031309932277131
5049,0.12385982109800327
5051,0.12925675521418478
5055,0.15401588806233374
5058,0.15859362412534422
5059,0.12174042954324402
5073,0.16369552912215882
5074,0.15860380676709465
5076,0.14488263437106136
5078,0.1355851460474687
5081,0.12786983503863558
5082,0.12312458466269274
5084,0.11628927149176738
5105,0.12628023707291858
5107,0.16843336125716438
5111,0.1422112578908045
5120,0.13205207702143384
5121,0.11850146462176751
5123,0.12522921800108575
5141,0.13083906056154987
5144,0.13036260239650005
5147,0.15853874517867436
5149,0.12704988705432232
5152,0.152808600705811
5160,0.1210661085440613
5170,0.17613861479167736
5171,0.14054231876293088
5176,0.21520183113025843
5178,0.15873657570716862
5192,0.1379770189050813
5195,0.17160272177502728
5204,0.13009734395829117
5208,0.15822716583453317
5211,0.10982534128392595
5216,0.18527514006888154
5217,0.13339407556515814
5225,0.16171542707434258
5228,0.16494350345906694
5239,0.10143687724935352
5241,0.17104076859478584
5243,0.15182735679566625
5246,0.1566137307121693
5247,0.1519751441176173
5249,0.12980539856608114
5251,0.21271089610135704
5255,0.13659059320487915
5257,0.1387741530361365
5259,0.17342008533814174
5260,0.14083546052805643
5269,0.17103862349383284
5281,0.13584386737029236
5284,0.13137322583319952
5286,0.16364263301662843
5292,0.16077261875571672
5293,0.1404000394547235
5299,0.12847949898074051
5301,0.12454720893752992
5303,0.11835611976778292
5305,0.15770460797683056
5319,0.19232709609581833
5325,0.13159606277163258
5331,0.12973098280431344
5333,0.12556401490198932
5335,0.12649169995754048
5339,0.1590620607640888
5340,0.12447870451599355
5341,0.15301944494584077
5343,0.11081444306048051
5347,0.2244320738576571
5353,0.14689057324361868
5355,0.12136213273106089
5363,0.13163256170677193
5365,0.15514505955818525
5373,0.13794307772926537
5377,0.1504392575618921
5379,0.1574662747206648
5385,0.13650118437564215
5386,0.13893947992030284
5387,0.13706011891413059
5389,0.14915291086446153
5390,0.15583747547972854
5396,0.13245355027388125
5397,0.14783075257134667
5404,0.12511223364420448
5407,0.13407814693970363
5410,0.122873906784457
5411,0.12417212291977406
5412,0.12261690653441264
5413,0.11955615620697517
5418,0.15732586399451276
5424,0.15681656536685704
5427,0.1480103920942548
5428,0.12655861662469667
5433,0.1403793317980021
5441,0.14711172988151192
5448,0.125150376622597
5456,0.1325957806534341
5460,0.10571044579736469
5465,0.1510623094944092
5468,0.12500870114538723
5470,0.1703615121878598
5475,0.12617068659968783
5487,0.16623680906486732
5501,0.12963293692573483
5504,0.13284506510594335
5508,0.1385833401878919
5510,0.11021488971857521
5514,0.12582456478925344
5528,0.15931920118054926
5540,0.11886292069546797
5543,0.12554185905420664
5545,0.14412693283484693
5546,0.14323830419885816
5548,0.1419034495973168
5551,0.18274821514956044
5553,0.12933074016489302
5556,0.12800015146730312
5560,0.1366207193092222
5563,0.12697718267178723
5569,0.12604895797310148
5572,0.1297222466833686
5576,0.16579682911643787
5582,0.13476206834195684
5586,0.14711269288890547
5598,0.14380209383093853
5605,0.12867341851921085
5608,0.12658284161566022
5610,0.1328729327916571
5622,0.10036680789138583
5628,0.1304547060956684
5632,0.12256280360086955
5640,0.1435287598732902
5641,0.18432394919295342
5647,0.13703262920127476
5654,0.18981902533953063
5665,0.13382577230158918
5667,0.1831978575870215
5674,0.16140531180616244
5691,0.14522388925023147
5694,0.15567635170590644
5706,0.12731998598175487
5716,0.15718242399289573
5722,0.13793709671658472
5738,0.13221684518031235
5745,0.1435576706754261
5746,0.10559716959265456
5755,0.17854002210257344
5756,0.13578194855751105
5760,0.1432959651981178
5761,0.13734072909460598
5762,0.17053164763732026
5763,0.1333332441482728
5765,0.1436637701557193
5773,0.1346263338691343
5781,0.13266921048216337
5786,0.18368779609959077
5789,0.14350491399616241
5802,0.14795856814943342
5808,0.1401852731825727
5811,0.1284466862912693
5812,0.1743066654873197
5813,0.12935577750550098
5821,0.13514322267831363
5829,0.1429678928908206
5838,0.13693964886274435
5842,0.1780340042852687
5861,0.13463693802544416
5864,0.12458896463955499
5871,0.14070652372039952
5875,0.14136787311175764
5879,0.14329398647200398
5881,0.13298199035332453
5891,0.13629544127890858
5903,0.09858204179297321
5909,0.1580657011411249
5914,0.19447249885504397
5918,0.14869645565716136
5933,0.11757206650761251
5945,0.13615469062270302
5948,0.13530207825015936
5949,0.12192021914067364
5950,0.13114545770910963
5952,0.1588552427280886
5955,0.13993756180339895
5959,0.15789021747356455
5961,0.13018570832377482
5964,0.1622409210936073
5966,0.16648319735009875
5978,0.18100393116566685
5980,0.12362651854744157
5983,0.14465740316482134
5985,0.13072619956709824
5995,0.13096433339468924
6009,0.14022273377343272
6016,0.09752106686065196
6021,0.17711483322445729
6023,0.11981880947242841
6029,0.17932271321549798
6033,0.1869944806231057
6036,0.1757413532955485
6039,0.1208732180020631
6046,0.14187386667741325
6047,0.11850586043911926
6051,0.11639390296792906
6054,0.1403005219321127
6061,0.1474211943581171
6065,0.11850581948949217
6068,0.13525279512371874
6069,0.156614410367325
6070,0.1306431299203099
6072,0.12798349041410265
6076,0.13310051974190026
6082,0.15130287802918405
6104,0.12151350504775806
6110,0.14964795458334465
6122,0.1427721527632287
6123,0.1596702481195646
6126,0.11640045375916293
6128,0.14363860678930696
6131,0.13560325966220468
6139,0.12954303455878868
6140,0.14110276457947774
6142,0.17588382173633768
6143,0.10394636578499884
6147,0.14175594413904402
6152,0.1526032054565253
6164,0.1323546299223244
6171,0.16401429566370498
6173,0.18075088945131532
6175,0.18597958605746504
6176,0.1318813476868485
6179,0.14408356262935615
6181,0.1346427650363949
6191,0.1534196368754648
6200,0.13568760926150253
6201,0.13814325848912234
6208,0.203820400466046
6219,0.15598763233033042
6223,0.13938499362504136
6224,0.16313726030276632
6237,0.15188601276696873
6255,0.14619011731551304
6265,0.14755099879197023
6273,0.12727558821663296
6279,0.14446663479160843
6284,0.14269265123189684
6295,0.14444428009354823
6306,0.1288694744043206
6311,0.14482061462325618
6327,0.12017771281882828
6330,0.12656808198562997
6338,0.1651509332945414
6343,0.16987196801255067
6345,0.15383890132577072
6351,0.12707000918374525
6357,0.1512844790466736
6360,0.1313141521737175
6389,0.12482206409900967
6392,0.1437090839854713
6404,0.12912932935301688
6406,0.12534674663796194
6407,0.13339002502490882
6414,0.17287015896302363
6419,0.15213227317657094
6425,0.13412872223619532
6428,0.1467297905591947
6431,0.1200794981362203
6435,0.13868176092221543
6436,0.13912724891043637
6440,0.12013775547136384
6446,0.13112173660514254
6465,0.12395790520619936
6473,0.12998188808023578
6476,0.13061907555519528
6477,0.12134300072988458
6478,0.14780025816267364
6494,0.1471642857449409
6501,0.18780962414081437
6502,0.1400179071329277
6503,0.12448932072182721
6514,0.10118240170630981
6516,0.12761731692878614
6534,0.12740381607895201
6541,0.120131024456105
6553,0.13493703535899523
6557,0.11771111611792738
6559,0.1679439500039024
6560,0.16392907527954148
6562,0.13142672918086334
6575,0.14826192649025655
6583,0.14207218712649897
6588,0.13741303607255173
6590,0.11412564202558402
6594,0.10316365521752427
6602,0.1845271258575929
6603,0.1360939847882551
6606,0.12232661945453077
6614,0.1497593988708109
6618,0.12344678946478282
6628,0.13602066347115796
6633,0.14214379411252437
6639,0.13295489452813544
6648,0.15587861918153545
6654,0.11797635480385803
6656,0.12580435780175486
6657,0.15688088744098985
6663,0.13026489640166902
6664,0.1173984924712895
6666,0.1475997691117752
6670,0.12281636027428208
6671,0.13682701969216118
6683,0.13247745314888937
6694,0.12870324693606375
6695,0.14037054450745443
6699,0.12985024790518337
6701,0.14468128199694993
6706,0.13031752705733113
6707,0.12848346659816767
6720,0.12945291231151346
6721,0.18463816589415818
6726,0.15879278546626452
6735,0.12388852584186237
6745,0.13509481691147202
6746,0.12095734960346487
6751,0.13152189440366166
6759,0.18047736824354882
6760,0.14662905590370834
6765,0.13124460930739032
6774,0.1389072986716886
6776,0.13587447306992614
6779,0.14199884779418728
6789,0.14552546923135407
6792,0.15131391845145123
6797,0.12916972159426646
6807,0.17183096095760464
6808,0.1760593023907164
6811,0.16691519354439857
6813,0.1825629682846422
6814,0.13392914988445712
6817,0.1277741453385336
6826,0.13369928381635499
6830,0.13265658935921332
6832,0.1369491157156943
6838,0.17075189206566907
6840,0.13111875913622603
6850,0.12799648419309273
6851,0.13099314200240872
6854,0.15354313051981114
6856,0.18886516444414403
6858,0.14213090101261863
6866,0.14709407516736855
6871,0.1486473099299574
6872,0.13095855282548918
6879,0.1430657536526654
6881,0.13493333939658536
6882,0.14300697230837828
6883,0.15068903783184934
6894,0.1465776755315205
6899,0.1324423779706411
6903,0.13675569938021107
6908,0.17971025794773557
6914,0.1489906029459158
6915,0.21716955545335967
6917,0.13373095422319917
6922,0.191583882120486
6933,0.1320556607323508
6944,0.13896670662423286
6948,0.1480919300524829
6957,0.13018670580541136
6964,0.14759112852899844
6987,0.12817799673630298
6989,0.11100140596501393
6991,0.1261850578706916
6992,0.1351474744959135
7019,0.13092106089128314
7021,0.15305082530471453
7023,0.1389591444394679
7033,0.15284545028053723
7034,0.13463192951187122
7043,0.13609745113041172
7047,0.12553121853852614
7050,0.13031342087099926
7057,0.10652563788647493
7069,0.13461485356479239
7070,0.13831004936769162
7072,0.14649179149714925
7081,0.13951308804792367
7082,0.15330483823042398
7088,0.1883594077463756
7093,0.16218823975094007
7100,0.140719356613714
7104,0.10356482686405757
7109,0.12348143113573307
7111,0.16046370733853943
7113,0.13021559067271757
7119,0.12542631034703533
7122,0.12478772590610175
7134,0.18412942943566907
7147,0.1745979216441271
7155,0.13018300099388486
7156,0.1315552590685593
7163,0.16877505091485848
7173,0.09674569700234213
7177,0.12653599447631683
7179,0.15056668175231863
7191,0.144237953544413
7196,0.1739062769711767
7197,0.14690287361990667
7205,0.12752780954686335
7209,0.1343309100509917
7215,0.13314204229169826
7216,0.11586886032807253
7217,0.128549177291431
7224,0.1236959877524741
7230,0.16639256792492021
7235,0.15844815614527435
7237,0.22987163186349516
7245,0.16111795413314847
7246,0.12717740098464478
7252,0.14999596630517176
7257,0.14274535837249627
7258,0.12860149297983034
7261,0.1681783118453412
7269,0.13111721615045172
7270,0.13802909275426048
7283,0.15265516355877937
7299,0.12392859444904514
7301,0.12102502127360124
7304,0.16294092327759457
7311,0.13687523818555197
7314,0.13318097950465832
7332,0.12992547892702375
7333,0.17335055762636445
7335,0.14052140628221443
7336,0.13628791996478673
7337,0.15251153388181116
7344,0.12229675988379625
7348,0.13938403741695482
7351,0.12269699637724513
7352,0.1490861778139248
7371,0.13540045328360445
7373,0.1292969757234698
7376,0.10787229810008654
7383,0.14882630056209184
7390,0.18700819481730346
7391,0.1424685323374658
7392,0.14108738826018252
7395,0.1285272427446553
7400,0.13930098148007317
7403,0.13137829436208143
7404,0.12533314060896222
7414,0.11766543512814125
7429,0.15308876094900659
7435,0.13833849760459008
7436,0.1280711567436971
7438,0.1186558955044623
7441,0.1266361780102533
7443,0.1598148837284843
7444,0.18781181031843394
7452,0.10461815118282462
7456,0.12175214548337304
7462,0.10100790646810033
7483,0.11769302607900148
7490,0.15623633483259813
7492,0.17078995657958101
7504,0.14006384832387817
7507,0.12518549359385933
7511,0.12489893478114854
7519,0.13223085373845367
7520,0.1960669136570068
7522,0.12470623758435904
7530,0.12127298098109608
7536,0.13537833369605565
7541,0.1488563170355662
7543,0.1457900793060547
7545,0.14438181765165653
7558,0.17402283909210162
7560,0.13810926169164
7561,0.12468372719466575
7571,0.13846718234412214
7579,0.12405317634225471
7580,0.15751424820559992
7581,0.1286770922518408
7586,0.12780921535033307
7590,0.14418955377776566
7592,0.12936721182463906
7594,0.12173163894732447
7595,0.1951600660370077
7601,0.14455496772614507
7602,0.1538778511794331
7603,0.12634485057448597
7611,0.1337447017602773
7617,0.1046225633804658
7618,0.18281924686595394
7619,0.12722779640078327
7625,0.1317791766749965
7628,0.14697565661302128
7630,0.10389033018351468
7631,0.12657333139593868
7633,0.15053045684656283
7634,0.1344779711085834
7641,0.1639328641965012
7642,0.16796279472981052
7646,0.11990542867243872
7662,0.1706147764112853
7666,0.14048476136719887
7674,0.12254579386437617
7676,0.12018815676148521
7679,0.17427503493031868
7681,0.13068129223043937
7686,0.1280852888214736
7696,0.157395114992145
7707,0.14977835054511218
7708,0.12098228597001255
7712,0.18223533345674525
7715,0.15025717205447423
7716,0.1650032815698766
7717,0.17917730135865362
7719,0.11937973212760945
7723,0.16569368927653316
7726,0.1343179108794592
7734,0.14756460561643742
7739,0.10257277705893479
7743,0.13561473659273807
7751,0.12990329287973687
7752,0.14784649606725175
7755,0.13955610782696884
7758,0.14554658829701275
7761,0.12475593920677211
7767,0.1264776161799513
7773,0.1426042939892359
7779,0.18443053632377318
7785,0.17705676749161633
7792,0.1323541209307898
7800,0.1539586738819517
7801,0.1958556255205727
7802,0.15864225230167642
7808,0.22110654927141282
7811,0.13093018804115442
7816,0.14703425473806297
7822,0.16347923392954913
7823,0.17872335699111178
7832,0.12459792443005864
7833,0.12935630184623234
7838,0.13203292906839048
7840,0.13013579506671416
7857,0.14340582152517023
7877,0.1359024677584718
7885,0.14505516612167438
7900,0.13333562797257062
7907,0.12932875801850477
7910,0.12773904529040378
7918,0.1741059152761807
7919,0.16072094695614772
7928,0.12931762834962815
7933,0.14207172075370686
7941,0.1350123491064747
7947,0.15864191769998412
7955,0.1348538022284997
7956,0.13185589131549297
7957,0.14399727268861226
7964,0.15239075550454986
7968,0.1563401283358932
7980,0.16080775014225987
8004,0.1584471142356999
8016,0.14067790236495645
8017,0.13068198551944313
8024,0.15528970084471025
8031,0.14344928680447877
8032,0.1607611091811264
8035,0.1242060388826098
8036,0.13486115640110793
8037,0.15243584293149384
8052,0.12997464565021669
8055,0.12274457928651616
8059,0.13483582776272068
8063,0.1934133541128441
8064,0.15053257694828223
8068,0.15065712552923669
8070,0.1387760585166995
8072,0.1449112605874936
8085,0.149522884166387
8089,0.13263506793918592
8097,0.11567083889447496
8100,0.13383092857378195
8102,0.15157514477775755
8105,0.14311865182026745
8114,0.11938753810690343
8117,0.13044122846866454
8120,0.12429987933444074
8126,0.12179478959449726
8128,0.13318454934980023
8135,0.1322043429301961
8137,0.1216943503730256
8148,0.13052688400437062
8169,0.13226435663331726
8173,0.12652347548821577
8178,0.13166744534769287
8179,0.162042430824503
8182,0.1485933356144544
8184,0.12445602427342373
8186,0.1319280919613757
8189,0.13541875649078017
8196,0.1341468328965697
8216,0.14268787608557965
8219,0.14680259257623657
8221,0.13179500563163407
8227,0.13377909275612254
8232,0.1299179696788858
8245,0.134083253799215
8248,0.12345680965249839
8249,0.1383129451180681
8250,0.12932963517459076
8256,0.12459926916525928
8258,0.14019875148668948
8259,0.12949675276247077
8268,0.12726743051463205
8271,0.14500978889304156
8273,0.15159526969667683
8275,0.1516702442118062
8277,0.13986762783513773
8283,0.1317069080972368
8288,0.13563393842567564
8299,0.13329506347304818
8300,0.12538006122212403
8301,0.14335584978821708
8307,0.15106190821221285
8315,0.17222572292868918
8324,0.18193283107165517
8326,0.13184818948831378
8351,0.14863231614815428
8367,0.17169670295698453
8368,0.13968433518517906
8371,0.16579975283474468
8383,0.1286259096880025
8386,0.12770930991224738
8402,0.12709221388145817
8404,0.1685336772529093
8421,0.18586699191444908
8422,0.12409404392152817
8425,0.18576349976896225
8429,0.12646500083077697
8433,0.13889445437967207
8437,0.13707629402697422
8440,0.14090303320501574
8455,0.1802402563749915
8479,0.1903893519359453
8482,0.1418876010840333
8485,0.1384579443122903
8489,0.15488227009187192
8490,0.11930365879119936
8492,0.12545473635125742
8496,0.12709639415956242
8497,0.16213442152625213
8498,0.12241165809636315
8500,0.13325447566321003
8501,0.1310975748256052
8508,0.16369324796747556
8512,0.2336755924880965
8522,0.2225737773405768
8536,0.17138674382157712
8545,0.12779953235246266
8546,0.13330181884912326
8554,0.16409827882461597
8556,0.13331465914181706
8557,0.13372928423349495
8559,0.13439236528383625
8560,0.17287452096889377
8563,0.13532696012591766
8565,0.13500691311094434
8574,0.12238491658650709
8578,0.13099398017203195
8585,0.14600979398677952
8602,0.1831702468020528
8605,0.11017361138896761
8609,0.13423441491935142
8614,0.13219401578223042
8619,0.13723033978880328
8629,0.13340350064821455
8632,0.1497323423723119
8635,0.16355700759104452
8639,0.12629164973259047
8642,0.18068807866268435
8643,0.17684459875837805
8655,0.13861410735453647
8657,0.12900190886807983
8662,0.18536707413311326
8666,0.1975620516093659
8674,0.13292433869125128
8676,0.14183540284618767
8686,0.1295525839209431
8691,0.12075695841954706
8702,0.1379191017099033
8714,0.15191486611599814
8718,0.13386685381899663
8731,0.13417396320584543
8738,0.1383372346538806
8745,0.12024046301977989
8749,0.14121840745315553
8754,0.1367356922084675
8760,0.13274292409729127
8762,0.12945770294121106
8767,0.13433382708414934
8768,0.1366514660484265
8769,0.12698449890239752
8771,0.1322226514525404
8795,0.11890072399641233
8796,0.14978922652167836
8811,0.12909026525289422
8815,0.17284148002668764
8820,0.13468626418199947
8825,0.14141124361399907
8832,0.12046594448095363
8839,0.18169492456943823
8841,0.14205904376032322
8848,0.12610063151611048
8849,0.14515167284931133
8856,0.13671228791877985
8875,0.13046041581283116
8879,0.1752175894187491
8882,0.12580932046137433
8885,0.12388967341280345
8892,0.12848389918151917
8897,0.14948063167590206
8905,0.13650579017673473
8921,0.14228972628281444
8928,0.1316290039286584
8935,0.1275727760750306
8939,0.1441464605791544
8941,0.13484534965900297
8942,0.13916463411502847
8949,0.16749702582202264
8951,0.13188945395877508
8958,0.18118403561055746
8964,0.12920208263879668
8972,0.12804017279038826
8978,0.20566825802333685
8979,0.15071911330749818
8988,0.19698461956043575
8997,0.12223957462367017
8998,0.15623926256891127
8999,0.14974706411907354
9006,0.15505305112228404
9012,0.15425961231783275
9024,0.14559149425010023
9026,0.1423200244976693
9030,0.17013132575889253
9034,0.11821029872144277
9036,0.14248199041942294
9038,0.13285768734288575
9040,0.13724845192454577
9041,0.1031389221402389
9042,0.12872704584481948
9046,0.13212088133762934
9051,0.13798874595625543
9054,0.21134997141466233
9057,0.12965172988234602
9062,0.13642433993954564
9072,0.13331842688238615
9075,0.13048240232471012
9079,0.13607659667278243
9081,0.13913581958310411
9091,0.13349410029552025
9110,0.12771148172739827
9113,0.13579676892362139
9116,0.13187271869978892
9120,0.15490764963341347
9126,0.20232106798863553
9133,0.13979624171252086
9135,0.15137944310983723
9144,0.12000696745754127
9146,0.14012923093482682
9153,0.12769003250833055
9155,0.143820453727196
9160,0.10278121040168726
9165,0.15199566350698251
9172,0.15397495378043866
9174,0.1466552708203635
9179,0.09743580780823644
9180,0.12068551031434419
9195,0.18604546330594762
9199,0.13929487587874106
9204,0.14063884838554785
9205,0.13356622996358214
9210,0.1491923383812497
9228,0.12476795795551088
9233,0.13747467881521755
9235,0.12524744345130168
9237,0.1265801809821242
9239,0.1330019004336408
9240,0.12404517533469282
9241,0.1548266156285753
9242,0.12427867727506511
9246,0.1413830746821434
9248,0.12864881054593774
9253,0.12792659887037594
9254,0.13563412033223204
9260,0.12056925782515812
9261,0.14164432022301185
9262,0.17593007821933512
9263,0.15855251564995837
9268,0.1310719497288269
9275,0.12545915365971114
9278,0.11798918942003087
9287,0.12684008568688082
9292,0.16979473142138682
9308,0.17798234821432135
9309,0.13653634437347953
9310,0.14734570602196886
9312,0.10124494290827042
9314,0.1521324638385868
9316,0.10954202860761776
9318,0.12962204563235044
9322,0.14460161829491058
9325,0.14142137413290629
9327,0.13068903105331467
9336,0.125589899749874
9340,0.13888803640075034
9342,0.14055689893979964
9346,0.1231093735571424
9351,0.1603926561479465
9357,0.12916217381219944
9372,0.15321800355031437
9374,0.14315509467097962
9378,0.13616920671961896
9385,0.15841144904464635
9413,0.12434118739685839
9418,0.15342706999431466
9420,0.13931517195618498
9422,0.12703606348778135
9423,0.14165307552771347
9425,0.12251616656587597
9426,0.15149460141484888
9434,0.13810052428258965
9436,0.1406999962301485
9439,0.16403810633656749
9446,0.13236665699737815
9460,0.15982618761200257
9461,0.1691070861815203
9467,0.16114264147670457
9472,0.12486590808481764
9483,0.12403585879348276
9485,0.14272385970881987
9492,0.16101589309997327
9500,0.1293873547240254
9507,0.1412241813784515
9514,0.1446657944267392
9516,0.1567826389526133
9520,0.15214596488674062
9542,0.12401020627761508
9544,0.18358301442114242
9548,0.1941892130960247
9556,0.13193250397267692
9558,0.13749824426761081
9565,0.14316461809103914
9571,0.141178806326568
9575,0.141024909628793
9587,0.12456795470329284
9602,0.22757310352607873
9609,0.12520090764187455
9618,0.1110095898745476
9622,0.17044680575674903
9624,0.1497812553783344
9648,0.14770796757761917
9658,0.17728989714618063
9668,0.1500785386470188
9702,0.1196367539702598
9705,0.12224521283756358
9706,0.1509932227358536
9707,0.1373370328010043
9708,0.17455099385720999
9710,0.1469309833033961
9726,0.1388884249313898
9753,0.1308624107415983
9757,0.1130890556702023
9761,0.14983474682412876
9765,0.14173057811769182
9768,0.14968536126343465
9769,0.12992549140252838
9775,0.12930239280375044
9778,0.13436686806881615
9788,0.1033350267143924
9789,0.15160852341695322
9792,0.13897579233207757
9815,0.1229784993094045
9816,0.14427888830330277
9822,0.17225214588985555
9823,0.1805809944557214
9827,0.14114287866315656
9835,0.13801652175711313
9840,0.12100296055996512
9841,0.13152615889659167
9849,0.14338961678102388
9853,0.12778089535575063
9869,0.17128927621956266
9873,0.11668586798391177
9881,0.10543729192306946
9892,0.1809300360298145
9898,0.12458253513227167
9899,0.12873089585965974
9915,0.12445047152606192
9936,0.1466841365046133
9940,0.12714531069401525
9941,0.13833460140778864
9947,0.14101794195166392
9957,0.13077069538192085
9962,0.1204033297286699
9963,0.13774386834424635
9964,0.13500675544569415
9965,0.1749455945356967
9968,0.14478430789145347
9971,0.1297975961096439
9973,0.15360496956759118
9980,0.1304062022997842
10002,0.1628240106420696
10005,0.17571161244301642
10007,0.13626250166022585
10010,0.1440466958076201
10013,0.15964953675304733
10014,0.12842224126322124
10017,0.12710044336559942
10024,0.1388024563662091
10030,0.1053867028799568
10037,0.12973207048386343
10046,0.11362254784464425
10051,0.13054014669592903
10063,0.15194936691223643
10067,0.13078181301375713
10073,0.1250620035675014
10096,0.12604838256046505
10099,0.17390923763222882
10100,0.14007127845492853
10101,0.13187971182765282
10103,0.17273962949392055
10110,0.1478563756926129
10113,0.16298886932329962
10116,0.12626201706230333
10124,0.15224956779870405
10127,0.12464382359942373
10129,0.15640442465150714
10139,0.14448841063698467
10140,0.17724033814559856
10145,0.18425469025564906
10149,0.11917354948097612
10151,0.15952339319841063
10165,0.13824154407814354
10166,0.14252239858430804
10168,0.1438504854138951
10174,0.10219316666224604
10186,0.17883385241526648
10189,0.12408689104060278
10193,0.15903979032843316
10197,0.11784842465495782
10201,0.12921992971906707
10206,0.1369356996490068
10211,0.12485687674020583
10216,0.13124314154530256
10224,0.1722966698312358
10234,0.16455025669069984
10236,0.13267575802854892
10239,0.1433204658569614
10247,0.1761636375572484
10250,0.12006804499814587
10253,0.13567039178348655
10254,0.13196753801843578
10263,0.14241561564517813
10264,0.14703067515376703
10265,0.1353770386725322
10275,0.13059020723893722
10280,0.13134160833892572
10286,0.14613018535629996
10287,0.1517782075426026
10293,0.13094214050589487
10294,0.12764882867013733
10303,0.15595215733861914
10308,0.15101930407610364
10311,0.1310114921064789
10318,0.17599387888409684
10323,0.21502885516288767
10324,0.13536997117952188
10327,0.11744800794487391
10330,0.1304620622155591
10331,0.1268842582982299
10333,0.1279957465307792
10334,0.14929443176203686
10335,0.1457713519770446
10338,0.1324436615136974
10339,0.16265597741037477
10348,0.12168768762829452
10354,0.17238171225641835
10356,0.12720407467478398
10367,0.13461359414821114
10375,0.12720004139115654
10384,0.12918243562238874
10386,0.12838568328784045
10389,0.147005774071011
10393,0.1540997055874017
10404,0.13775056658217616
10408,0.14714175252687534
10416,0.1461002558117932
10434,0.15694837185291152
10448,0.17071149567491892
10449,0.12703219153973475
10452,0.12298024254599352
10453,0.15349054514296742
10454,0.14798144990240567
10461,0.12832424160524614
10462,0.12431976046896591
10472,0.12289731193614573
10474,0.1487650539446693
10476,0.13707949736398023
10478,0.1413488034530201
10483,0.10386583992744923
10492,0.12278079251897532
10493,0.1523884976243683
10499,0.14062860927056114
10501,0.11941073075804065
10509,0.12567363838905762
10512,0.1301733080451021
10513,0.11517981121696207
10516,0.13023684107007058
10517,0.13201104871081457
10525,0.13419512437791967
10529,0.12073606939309396
10532,0.1383456075898713
10537,0.13185582142198632
10541,0.15881779905093646
10545,0.11564187729309945
10548,0.1244681557935081
10552,0.16146249650579234
10554,0.15931569394253847
10557,0.13380091442254344
10564,0.13791533394580435
10574,0.14801224316839864
10591,0.11836404129272082
10596,0.1358320115527931
10600,0.1920803156475616
10606,0.13168704218067603
10611,0.12977076596120338
10622,0.12774310275776346
10626,0.14239378284954074
10629,0.1359754925566453
10630,0.12201806254628383
10631,0.14733170530742398
10633,0.1374660270814767
10638,0.15886026909674628
10639,0.16290442734516436
10640,0.13279909928418968
10657,0.14012145201131335
10663,0.14463395686255978
10664,0.12246287260282232
10667,0.13466656406717248
10671,0.12985335998930694
10672,0.13382217520421372
10675,0.13265813956144157
10679,0.17442675973902863
10681,0.1459164555197943
10683,0.13073248036942733
10688,0.12836255944311864
10701,0.14342775260266147
10704,0.21752319720069185
10709,0.1532102993639091
10715,0.13931762444584245
10718,0.1496452534448534
10724,0.13531670289652367
10731,0.17808295558444323
10733,0.12340029366103485
10737,0.22143837180952083
10744,0.10305386383981469
10750,0.13615360386684172
10770,0.11712076885040804
10776,0.16474026161916588
10780,0.1270032711890356
10782,0.18057903244272944
10789,0.16666555064916336
10793,0.1506050770610831
10795,0.18980945231443855
10807,0.12955718839771865
10813,0.1329990003111613
10815,0.12469284788069819
10817,0.1546779647139399
10819,0.12109017369213092
10824,0.1350233326638178
10828,0.19042630219000883
10830,0.17114033692057223
10832,0.1319941805251274
10836,0.1413772812419633
10839,0.14095373275473685
10843,0.12824017423557216
10844,0.14215670670800618
10866,0.1652974326768219
10872,0.12163795949611449
10873,0.1416761766616949
10878,0.1467415503914798
10889,0.1389439717609286
10899,0.14669087478016074
10901,0.14102687196325256
10904,0.15699121622696927
10910,0.1567607948819218
10911,0.16051849872459575
10917,0.11805753891097612
10920,0.1430550979371789
10921,0.12627958136915868
10922,0.17133249203704204
10929,0.1315130350137616
10930,0.1442324163842694
10933,0.1334861911624504
10934,0.11878750126444725
10939,0.14145753282805143
10942,0.13378411988308891
10943,0.15507970817173858
10945,0.15449135675173514
10946,0.14764729310927327
10949,0.1380531907978854
10951,0.12577139673513546
10952,0.14425210629187643
10953,0.14361480588558478
10955,0.13136176242250122
10956,0.13828282042102358
10959,0.19572460217747573
10963,0.10715843675525326
10965,0.15513185548359593
10971,0.13912245783393745
10975,0.14155157123045967
10979,0.1250114765604666
10983,0.13722234525285343
10984,0.12418852348161812
10989,0.16247689458667852
10992,0.12106806258155904
11001,0.12958087175517308
11003,0.16180141138540233
11004,0.16545317217683386
11008,0.1509131315926172
11016,0.13596261292966444
11017,0.12552462010133283
11021,0.21637382023217597
11028,0.15106248397963778
11034,0.1393329355018585
11035,0.13307292698981518
11036,0.10212038938685639
11041,0.12336038666311468
11047,0.1539433338610756
11056,0.1452694588201912
11058,0.13066974129067202
11059,0.12832832766089217
11060,0.1401143394979907
11064,0.1362781574749753
11066,0.13147533463721384
11069,0.1455170366516985
11071,0.1262897679390122
11072,0.14049796226330483
11077,0.13367112919612303
11080,0.12265738284964729
11092,0.12953249001446174
11097,0.12485316157219795
11098,0.1320177637483881
11114,0.12334298313898677
11121,0.1566749051212604
11124,0.16596372691740946
11131,0.13949964603746015
11143,0.20584264312716308
11146,0.0993435435178636
11154,0.1281276785987242
11164,0.17368940186880236
11172,0.12848644751350546
11173,0.1348156154248082
11174,0.12198968330177878
11175,0.13471211709978148
11180,0.14042777704920978
11184,0.1266686595292213
11188,0.12137545492142446
11189,0.17447282118956506
11190,0.1104920209381566
11197,0.12099995858583065
11201,0.20045163405819255
11204,0.16716756956095508
11211,0.12809611066143464
11212,0.1328569779029067
11218,0.12765169018826922
11219,0.12536121570385905
11227,0.13126266282593382
11241,0.12952325632050404
11251,0.17236430128020575
11254,0.16754202418101835
11260,0.15532571007718174
11264,0.1307720124057653
11273,0.18164741370031767
11276,0.12743113457922614
11278,0.1214056268033428
11282,0.15882784728091404
11283,0.12505723350812684
11291,0.14248395991701315
11293,0.1707146912089425
11302,0.14686285805992097
11304,0.17702597188888844
11305,0.14274946283802203
11315,0.14803898876569654
11321,0.12338450472861412
11325,0.1474577617088776
11335,0.13188059498135085
11341,0.15512927931874884
11343,0.1528451044646271
11344,0.1868548644388655
11361,0.12968792518389294
11375,0.15087652586868527
11377,0.15117197064629
11379,0.16713908728605276
11380,0.17685681294138356
11391,0.13135599045128554
11393,0.1539660095099635
11394,0.15292830951626413
11398,0.1396288792252445
11399,0.12998440459205682
11408,0.12059476664743467
11412,0.13250589383236294
11420,0.14558461992181249
11421,0.15544618254989354
11430,0.14656056801611766
11437,0.14796366295527172
11446,0.15378208210322294
11471,0.11963489055281594
11472,0.15303717986836768
11475,0.15817770202857082
11483,0.1514826899104251
11492,0.1383132635328751
11497,0.12120033128473048
11498,0.13364292120296145
11502,0.1481828167196585
11504,0.15994185285104548
11511,0.14046208062033488
11512,0.12806000254936006
11514,0.13274459231544253
11522,0.15218653783982747
11524,0.13322305946909094
11533,0.1385283035989088
11534,0.0991494353836163
11541,0.12089836086131421
11542,0.12989522933922182
11547,0.12540528295435466
11548,0.10237546101863185
11566,0.20923020329106237
11572,0.17382354201078057
11574,0.14127182069759253
11576,0.15627564132613572
11577,0.14517716495278374
11580,0.13554070560119733
11598,0.1431066930833369
11603,0.12133748488749181
11613,0.14767400616768908
11614,0.16041565508715894
11620,0.13162720334236536
11621,0.15470011627726668
11622,0.1250603226374279
11626,0.1376012433342127
11630,0.1339634293409465
11636,0.14025077221768728
11637,0.13244438967813268
11639,0.11183087108432137
11647,0.12254937629725371
11653,0.1354607264324949
11654,0.12632123322998184
11660,0.1239785854015216
11664,0.14181303782696372
11667,0.13449707835741276
11679,0.1627019153340408
11687,0.15058145178141097
11691,0.13118558530766
11696,0.14146137296910702
11702,0.15767953470306062
11703,0.1438494343733294
11705,0.14846460659489655
11711,0.1542437231950497
11716,0.11454556829846792
11717,0.17545770455803036
11722,0.13900184618390785
11724,0.12975106307512943
11728,0.16755776286454657
11737,0.13121208399594433
11738,0.12520001905602282
11744,0.12505821831200184
11747,0.15662161675887576
11753,0.17385941740379604
11757,0.17406874463657773
11758,0.16449191507535388
11760,0.16112627818794928
11762,0.12812142707291985
11764,0.12756123415172596
11768,0.1303747383698616
11773,0.18302911797549817
11774,0.16602655795694918
11783,0.1367199951313793
11785,0.1319587043791056
11787,0.14394261008472414
11791,0.14261201726970663
11796,0.12198212475245468
11797,0.10229624153612149
11798,0.12211650968029016
11803,0.16194928803562253
11808,0.14495889002100823
11810,0.15048591513671541
11814,0.15578934515083306
11822,0.18159415399360176
11824,0.14292252554834023
11829,0.14179379185106816
11846,0.134987141978995
11847,0.13257318089304823
11850,0.17640703249047668
11853,0.13055112281632955
11854,0.14269759246004196
11857,0.12715791017018135
11862,0.12496251616627731
11883,0.12604879767177435
11890,0.14888813445983987
11909,0.12163252318942272
11913,0.18974523104266802
11917,0.1320473237335285
11919,0.12933957336738333
11920,0.13181413401837092
11921,0.1348319410362402
11928,0.12243598931131183
11929,0.13111855704196135
11935,0.14185142094919043
11936,0.11944938540431917
11939,0.15212351887714906
11942,0.1204675682620412
11943,0.1319217429400211
11946,0.1266379335187314
11947,0.1297605067789059
11952,0.14118760629273144
11956,0.13036099218348743
11959,0.16262798836335282
11969,0.14874856759684515
11973,0.15446623617037594
11974,0.11714079361168571
11975,0.15010912899508697
11993,0.1492621039745713
11994,0.13267625870372163
11995,0.1684296366804641
12002,0.13877386066800904
12006,0.11310807254015914
12007,0.12386977916493094
12014,0.13686366041634102
12017,0.21063495894084383
12021,0.1871845068124661
12023,0.1661753976235994
12024,0.12841962080601219
12027,0.1593056734769157
12034,0.14103842529569807
12040,0.12984853286638412
12048,0.14430881522073924
12052,0.12999775238632172
12057,0.14628215294544353
12058,0.24899427019122394
12061,0.12490054666748067
12062,0.12390839870147488
12064,0.13636594284922704
12071,0.15473530140713104
12080,0.16560744249383844
12085,0.12649963146755153
12090,0.15016701805750912
12100,0.13759771412011046
12103,0.18184853833833725
12104,0.124965318128643
12109,0.1587923014544386
12114,0.13629249619599315
12123,0.13447326506932783
12124,0.1526349970411678
12128,0.1546404630235568
12132,0.13688046751788474
12135,0.12768029332293557
12140,0.1873173183721421
12149,0.1238938691386152
12155,0.12729966559685055
12158,0.11591928171642409
12161,0.1874176790021285
12163,0.2320030803967282
12164,0.13263557930840283
12174,0.13737352885427612
12175,0.13651973732294903
12179,0.16281080681765403
12183,0.1328888563309936
12184,0.16684309194613767
12186,0.14113696661329267
12190,0.1263397978389714
12193,0.1381472887698368
12195,0.15910223489125577
12196,0.12818496787568567
12205,0.13153791254631284
12213,0.14193353375424372
12220,0.12979670198396195
12221,0.1348838480188472
12222,0.13787838550562095
12224,0.12998292840935075
12230,0.1458154299971642
12239,0.14001779760865032
12242,0.12706473116287176
12244,0.12496296397136301
12245,0.14465448768841316
12247,0.13413049469190994
12254,0.14895553334940642
12258,0.12532562943393813
12266,0.13744401945332654
12267,0.14649741837514194
12272,0.1895077683329336
12273,0.1313910695844445
12276,0.14013159756514473
12277,0.13099673280747742
12283,0.12875109969374537
12289,0.15048977401847694
12297,0.12819427613440082
12300,0.1920118302779101
12302,0.13044007973589458
12310,0.12879095964618983
12312,0.13027271599004359
12314,0.1385410265733776
12315,0.12359354506499856
12327,0.12621691632037896
12329,0.13513561451388917
12332,0.13598980164236626
12342,0.19000529464355256
12346,0.1383342617442825
12347,0.17138766025336402
12349,0.1285751612218685
12350,0.12235492656087492
12354,0.13640637439185538
12356,0.10913018326588693
12359,0.1396853674494751
12360,0.18640242669433976
12369,0.1307226948628467
12372,0.12139040541112621
12373,0.12745728912106025
12375,0.14463106507882553
12376,0.18793178323687393
12379,0.15236244903422064
12382,0.13597621188357129
12387,0.18464364123429408
12389,0.13398390069723032
12394,0.2006465808960779
12395,0.1363868783746724
12396,0.17411319046227422
12404,0.191475191187761
12405,0.1339860987006344
12412,0.1738997415397995
12419,0.16098314400866545
12431,0.13154183072696052
12440,0.14320826688508007
12444,0.2279980750016112
12447,0.13781400118562867
12452,0.12345217162216938
12454,0.13173386773025664
12456,0.15918516522555862
12461,0.16043654728861564
12469,0.1260069366041695
12472,0.18234148823555282
12473,0.12607096192386766
12474,0.13049104798020655
12476,0.14265613812791006
12479,0.14088415269040905
12481,0.15543000459295975
12487,0.13434214418631052
12493,0.13625966287202051
12501,0.12977967497096174
12504,0.13602216218025298
12507,0.12596262591429516
12510,0.13598083006177328
12512,0.18230760656898445
12520,0.14094364294657777
12526,0.13580081756576654
12529,0.13615123531645945
12532,0.12285826061238449
12533,0.1725162972850452
12544,0.15312855646613777
12546,0.13768730692342815
12551,0.14367200268199057
12555,0.1887557344029346
12576,0.13981000912618916
12581,0.17634683135691095
12588,0.22938996458715888
12593,0.10351552827965536
12594,0.11947829867291197
12598,0.14614217390429077
12599,0.14896612218829478
12601,0.13107634817292266
12610,0.14768573027539614
12622,0.1514868114744274
12624,0.127523087328604
12625,0.1403457588638054
12629,0.18469020819480958
12632,0.12990277968778943
12634,0.10977973002504278
12635,0.13179720044792975
12638,0.15440649732651504
12640,0.11576558747748099
12641,0.13534432317457304
12643,0.1253897645019622
12644,0.19635704346116573
12647,0.1254122874974262
12651,0.18891325838025563
12657,0.13155647827834824
12658,0.13545927035982347
12660,0.1338835254803802
12661,0.1183286510712106
12666,0.12628365456375593
12673,0.11755600939240475
12678,0.13448668703560604
12681,0.1339909479492356
12682,0.1596938035046761
12684,0.13294812668122258
12689,0.14076304168210152
12699,0.13473483018659946
12701,0.14241853512776742
12710,0.10560802128083044
12712,0.15893685798970625
12713,0.14441023124682087
12715,0.1518206165197701
12716,0.12796026643521133
12717,0.18205491846867342
12718,0.1288950278140476
12720,0.1234685131352473
12724,0.12743113623914037
12725,0.14409262868421746
12726,0.14003665785167607
12741,0.1491764797923995
12742,0.16177894433757245
12743,0.15063035835806182
12748,0.14459339300197466
12749,0.1558527624207016
12751,0.13870533050695727
12752,0.13211945879370143
12756,0.14018770894070515
12760,0.1316618515098696
12761,0.132001506324574
12764,0.13605974391726702
12767,0.16624124211525246
12774,0.14488690250859237
12782,0.13337913908071944
12783,0.15232273980964536
12784,0.12758213547910457
12785,0.1375945607923807
12787,0.18847776861176455
12798,0.12318063981883852
12805,0.13045305986448516
12806,0.1708073109674661
12809,0.13705758522310862
12815,0.14516565158015537
12820,0.12837327949322005
12824,0.12788976771636099
12829,0.13166950122158583
12833,0.13090438815447852
12841,0.1347785838754553
12843,0.1680786993592889
12847,0.12725690126027028
12848,0.13388090834837085
12849,0.15481204032362803
12852,0.16092192536120564
12855,0.1365270084134345
12864,0.1582720803869688
12872,0.18676434236019673
12873,0.19285211184088974
12874,0.15234649697330918
12877,0.15958015522735988
12879,0.12745959729998507
12885,0.13431325962927546
12893,0.12749590685545314
12894,0.16538082207119262
12895,0.1409657262243545
12901,0.1173859504636505
12912,0.12515391864402756
12919,0.13657827665623312
12924,0.1259795218793383
12929,0.14969910636218667
12931,0.1339777340022112
12945,0.1202606638304665
12958,0.14516332137421645
12962,0.14416662707047784
12964,0.15028159068308014
12974,0.13915691976176514
12976,0.1585679424670278
12980,0.13311183555775635
12984,0.15169137281068368
12987,0.10377866206529657
12991,0.13450012677543563
12995,0.16497775400495704
13001,0.15121153163051515
13005,0.15465796361889422
13006,0.15455214801445963
13015,0.134191418891932
13017,0.1302062488102169
13033,0.21949712964496615
13034,0.17374881171372797
13035,0.13919295029587253
13038,0.1450379285890066
13044,0.16224004528424046
13045,0.13057607804941498
13052,0.1253763215912328
13059,0.14360759252548227
13060,0.12208370565883732
13061,0.1694182530937139
13066,0.1525979692759502
13080,0.17321146010231794
13082,0.1537344097492037
13105,0.1594480896075206
13106,0.17203912645956265
13121,0.20134070170275176
13123,0.15013451159557198
13125,0.13004665171833374
13129,0.12880945103279648
13130,0.11515756152214728
13132,0.17459940914065003
13133,0.13014839804478676
13135,0.13822477106923511
13141,0.12316775354650954
13145,0.15973631592607315
13149,0.16146436959861304
13153,0.14142135633152692
13158,0.1428882732103886
13159,0.13769277918380896
13169,0.17143697580253092
13170,0.12808377649278685
13178,0.1443479593901911
13179,0.13152433126581792
13180,0.14024817491831146
13181,0.1301195268330904
13183,0.12972925656317263
13196,0.1306837004999502
13200,0.15856122511153115
13202,0.11017814283626137
13204,0.1302199418760095
13208,0.12780026811595122
13212,0.13895730656506597
13213,0.130618883211137
13218,0.13868383099602283
13225,0.12894544638821606
13229,0.132215028431527
13232,0.13458373678063373
13233,0.13723597179560187
13234,0.127614397271911
13249,0.13932802364496713
13253,0.165375961539198
13255,0.1394222474682853
13257,0.17201013341256544
13266,0.14066535650190673
13269,0.1356079879094047
13270,0.13890062591001284
13274,0.13441964272058846
13281,0.1694695357887044
13287,0.12360352104061571
13305,0.14974578239243097
13308,0.1456065755264759
13309,0.15880905118438002
13310,0.2207026169342865
13314,0.1397879627971296
13315,0.18426440580859513
13324,0.11915145770268072
13326,0.13207566446287566
13333,0.13889416835413035
13336,0.11991468282797851
13345,0.12085836392080401
13348,0.1445116426544616
13350,0.15162147860985975
13354,0.18887929772965176
13360,0.14167934627861806
13364,0.1474943399558931
13366,0.1523851031605382
13368,0.1460839258160928
13375,0.12560670083985695
13376,0.12128162692539608
13380,0.14542919379309496
13382,0.12105179155713763
13384,0.14598576739501343
13387,0.1742648638428552
13390,0.10285913110662769
13398,0.1346360485570357
13403,0.11632414663604002
13404,0.1443365017471708
13405,0.1268338242388665
13409,0.1979778640286233
13411,0.13974461038258296
13414,0.13457791943956784
13416,0.13259625953932433
13417,0.15249055070551043
13418,0.18041304978247225
13422,0.1334778516347054
13430,0.15738758301646572
13435,0.12925534731591165
13439,0.13431141232068783
13446,0.13213671795241094
13448,0.18033324310267193
13449,0.12411338156203854
13451,0.13188888425771447
13455,0.13874247780213952
13468,0.16537129023052452
13470,0.1295779232407037
13474,0.13937191097633259
13478,0.16194717716993987
13485,0.12868604272360604
13488,0.15935774355116214
13489,0.16322709786589643
13500,0.15893911474155817
13505,0.12954254261240358
13506,0.13050133130418543
13517,0.13770590975211816
13518,0.10480394872700081
13523,0.12495323311675839
13529,0.13167408798711225
13532,0.14381969652307372
13534,0.14962999353619194
13539,0.13464025452058984
13547,0.12992343628375522
13548,0.1383434374400994
13550,0.16557786701805424
13554,0.1554190045933708
13555,0.1710204551744219
13556,0.14681273740912085
13558,0.18204912483549637
13562,0.13839256231509217
13566,0.12349824177108652
13574,0.17889710547561308
13576,0.13789148642793303
13577,0.15222891858106152
13580,0.183250691719832
13586,0.14624026865132014
13598,0.16844817920391117
13600,0.13977064152693927
13602,0.12578361780739172
13604,0.1271787797411535
13616,0.1322127168614609
13623,0.12599170297431833
13627,0.15308675331600083
13630,0.18082968051749498
13633,0.1619440020342749
13635,0.17625037611616218
13636,0.18207716893068188
13640,0.12961001817189302
13642,0.15429050922507373
13647,0.14473666848536718
13648,0.1608738804106589
13652,0.12314820168423564
13659,0.2122212447463306
13660,0.12360940341248873
13666,0.15412889991955098
13667,0.16292039454291105
13672,0.1333368366205934
13673,0.1348180778692277
13675,0.13360381445219852
13678,0.16704542309662815
13682,0.12147365974544899
13684,0.16159498746720102
13689,0.12375176699532443
13690,0.12911513243075795
13696,0.12813262876545653
13706,0.1426922415111772
13710,0.21161221588916687
13711,0.13873042126375074
13712,0.1717351156839276
13717,0.12677664431944483
13718,0.12915791455143782
13719,0.12911503645728262
13720,0.10434539208995013
13722,0.14430649698206044
13723,0.14650588262792436
13726,0.13208554623424756
13733,0.12941695583605908
13739,0.1763455599558216
13743,0.144265292859137
13750,0.14078153238293073
13751,0.11638629430668587
13754,0.21944266855614686
13756,0.13985039650965597
13760,0.1292131262520315
13762,0.13656733733382406
13763,0.13989597270605528
13766,0.13561897214812946
13767,0.14827879724602475
13769,0.10686032738333674
13770,0.1301223792673226
13774,0.14127217320127858
13776,0.14644298436242928
13780,0.16358507518640258
13784,0.13397376555198304
13789,0.13642967977209763
13790,0.13902193898811835
13792,0.19658905241128966
13795,0.13492191765453146
13797,0.12449201794444568
13800,0.12699195106227437
13804,0.16752139635409652
13815,0.1330437723944612
13816,0.189267085944354
13817,0.15059170780451214
13820,0.15183040465356468
13824,0.1460971264010239
13830,0.14650617372925578
13838,0.15103352724859034
13840,0.1362295765602962
13841,0.13737041482643
13842,0.15346660430858475
13843,0.13566545665662008
13849,0.16739446690155677
13852,0.1438450640075297
13855,0.14852591625791114
13858,0.12534717357705777
13863,0.13607013752319375
13871,0.13475975004058816
13872,0.14667816797651675
13873,0.12952280353052756
13874,0.14401601254293844
13877,0.14484638366845112
13879,0.12782109307372896
13885,0.1374695048996007
13886,0.13872470518368155
13892,0.14123777114171007
13895,0.14603591991841222
13906,0.14092498380473134
13907,0.14193499899861353
13908,0.15553456676495453
13909,0.13085931644896223
13911,0.12150572242627468
13918,0.15129934345529755
13919,0.13147470302894837
13927,0.15471541953861817
13930,0.1446304037860981
13931,0.1522813451991871
13933,0.1488219931934286
13938,0.13901049390223755
13943,0.14509940589785755
13944,0.14073950288327727
13946,0.12521271888839702
13949,0.11094317363732825
13952,0.2455412096218728
13957,0.1690516849253847
13958,0.13828390865503598
13965,0.11676881724362045
13970,0.12121373474468244
13972,0.14290459570927158
13981,0.13944478593737214
13983,0.09682052770852852
13985,0.12464213290129161
13986,0.1154122480874037
13993,0.15422030795439512
13995,0.13941675072487988
13998,0.12894121099493897
14000,0.1492449386443194
14002,0.15648590807562457
14003,0.13106458821551253
14019,0.1485924863996561
14021,0.19343556109159488
14026,0.1403212449999729
14031,0.16998219710768905
14032,0.18637752752177128
14034,0.1304939347455655
14035,0.14935771892408953
14043,0.13094720106782667
14046,0.1835765412234293
14048,0.13437330344859225
14057,0.15216973956426166
14065,0.13923934709288238
14067,0.17365092192327053
14082,0.13143816033551287
14086,0.14248056307478224
14103,0.17560069003589826
14104,0.22380782715253486
14106,0.17516123882032852
14107,0.16044037856866145
14111,0.14281647379202742
14116,0.12310865319710038
14118,0.13169154447852008
14119,0.12631190835923436
14122,0.12402224731193101
14123,0.14369026064006618
14124,0.13216988759453743
14125,0.15107830160572902
14126,0.1493911950383272
14127,0.12868967362382797
14133,0.14564724333648477
14137,0.1294637258616178
14139,0.13544920202257077
14143,0.12924263981526196
14148,0.12975648275680143
14149,0.12965402670771992
14150,0.1419501419229501
14162,0.18476910964367896
14163,0.13368379115551418
14164,0.1298873796515434
14173,0.21383178636535802
14174,0.1950148091168181
14178,0.13343583302703182
14181,0.13713913557044172
14186,0.16542873559925114
14187,0.15006850738717709
14188,0.12346372296471628
14192,0.1456852932067403
14193,0.12839660400604194
14198,0.16445439112478077
14200,0.14323979090025316
14201,0.17611867911966222
14208,0.1528836706376336
14214,0.19188164758498838
14220,0.12255559522971933
14224,0.13140047848713832
14229,0.12930468969818906
14233,0.12623478210085806
14241,0.13283600545633853
14242,0.14376555522160903
14246,0.12927591861579438
14247,0.12511989816733018
14250,0.14655564478339206
14251,0.1530669556414998
14254,0.15883314638838988
14257,0.1676415279216556
14259,0.14442821133690298
14261,0.1415629920109998
14281,0.13576119844085666
14282,0.1432831595432543
14285,0.1480695030441418
14286,0.134294337763914
14293,0.13510961557313172
14297,0.14467689615931345
14298,0.11980975542665374
14301,0.12404388826109033
14308,0.12690897764417883
14311,0.19395363061743268
14313,0.15771044353799762
14314,0.14431277734214468
14315,0.125923733357492
14320,0.1269099421742607
14325,0.13723523648080507
14333,0.12286346971023152
14336,0.17164997889541717
14338,0.1509380088785518
14354,0.15731589448931613
14359,0.1473423863737358
14361,0.1436273494202177
14362,0.13697290025061257
14363,0.14524633306571558
14369,0.18070058424868882
14370,0.16472084909875914
14376,0.12533766522300901
14382,0.16002551118809222
14387,0.12107402932928212
14389,0.17409357060437855
14390,0.12916626379634497
14392,0.13675994250570014
14393,0.12244717384750867
14396,0.15561428515781658
14407,0.1362905374838713
14412,0.11369685838002876
14413,0.14951856985171288
14414,0.11227577189904621
14416,0.14614090038868172
14417,0.13046119365622863
14423,0.14840588617265377
14427,0.14502989037366254
14430,0.1522335911235421
14433,0.126403544939023
14434,0.13278049864585362
14435,0.20845473494845204
14436,0.12957917797652566
14438,0.12613934585552178
14439,0.13410321030149222
14442,0.12374560824081846
14444,0.1478647649047352
14446,0.12960043537565907
14449,0.15226865371654377
14451,0.12267667745687401
14459,0.13716709658519532
14464,0.1463189534926992
14467,0.17265522497075783
14469,0.15167481727696336
14470,0.1416755752845039
14471,0.18395819789926404
14476,0.12922864034294704
14477,0.13945739690192044
14479,0.13042073746505795
14480,0.18041513602376333
14481,0.12246492588680098
14485,0.13147084236126494
14486,0.12377952522724903
14493,0.1552853165833498
14504,0.15262203732107915
14508,0.18564169078747364
14509,0.1870327453423489
14516,0.1491423738165006
14520,0.12883369397291863
14522,0.17994757984932774
14523,0.125948997642188
14529,0.1424726921724216
14532,0.13973361410481952
14537,0.12790783270115563
14540,0.1264082176253966
14541,0.1290841001212581
14544,0.1251247133110404
14548,0.12968728365285007
14550,0.16792793531964617
14554,0.14524528144468202
14555,0.14562531845634077
14564,0.13433354868427838
14571,0.1602662277550462
14572,0.1374358294554736
14576,0.1382709969936468
14580,0.17482732621954025
14581,0.1345986899277264
14582,0.1643920179118503
14583,0.13053575543742832
14586,0.127522801009358
14591,0.1450844617409148
14593,0.13655913152973212
14594,0.1257482959675315
14601,0.1394002912476722
14602,0.13575082798623184
14604,0.14690042760405128
14610,0.15871226852899306
14620,0.12901730546739074
14622,0.24003849890788584
14628,0.12932933261063223
14629,0.17218795738821938
14630,0.12295302295676024
14632,0.2169333247739118
14634,0.1321183065947664
14646,0.14921532495553566
14648,0.1696167930619067
14651,0.12892767529009347
14658,0.16365124777831436
14661,0.1320592142827789
14666,0.12427467093490771
14672,0.19524994329879192
14673,0.1213453598749432
14680,0.1271095621772329
14685,0.2325173833308348
14688,0.1471707731796746
14694,0.13972752740356104
14695,0.16004244425075756
14702,0.14099294540591736
14705,0.12650289791125743
14706,0.15733236635359532
14707,0.17779811935330544
14711,0.14007475829283844
14713,0.12850544062328248
14714,0.12753013475841565
14717,0.1316335695794019
14722,0.15931989914619635
14726,0.12576637594897522
14735,0.12558958890572366
14736,0.1417894641763904
14742,0.16000472635466298
14744,0.23945590140607453
14746,0.13144948425883293
14748,0.1387247235200864
14751,0.21814520811456778
14753,0.17983666100639759
14754,0.1406112837165443
14759,0.14925682220466588
14764,0.14317766860024445
14766,0.13816926450278583
14767,0.12038288000355671
14768,0.1533751846031998
14770,0.12535593087355495
14773,0.21599592020990516
14777,0.14227811782173286
14778,0.13479663023507923
14779,0.12471230969661835
14782,0.16016776335868801
14783,0.1585255685223569
14784,0.1550477369177875
14793,0.15555973657922692
14795,0.13194744936367642
14797,0.15016870653595202
14800,0.1265895544151127
14802,0.1405954837790801
14803,0.12779834816184515
14805,0.24434484896250322
14808,0.16408185730184158
14809,0.13822892473803325
14812,0.21820879711310212
14813,0.20566734357444244
14814,0.15706874128569115
14818,0.15671166070978576
14819,0.10056626835251131
14820,0.12882630593718072
14821,0.17930738892640682
14822,0.18202817767988136
14826,0.13928553606655927
14827,0.14367060188873398
14831,0.1474388443486154
14832,0.12821926117553767
14839,0.14230562007581748
14842,0.14759781459473598
14848,0.1320640120761969
14849,0.15656895719124603
14855,0.15262226413689164
14856,0.19354434738670964
14865,0.17697840930065145
14866,0.21238213462343628
14869,0.1256020696629485
14873,0.15555831245095314
14877,0.1265587286778654
14881,0.15040597041893994
14882,0.16649518991567644
14883,0.14167374902616017
14885,0.14171884190933137
14889,0.1535675025150071
14890,0.14366957091534643
14892,0.15112806221081312
14893,0.11810621727308607
14894,0.1403895611909818
14897,0.15068850755554694
14901,0.13826113104897073
14904,0.12165046947403335
14908,0.14356790232473465
14914,0.1304416484159854
14916,0.10808938998034452
14917,0.12816254872690364
14918,0.13412323168598997
14923,0.15053164204343092
14927,0.13868631290535113
14929,0.1470801384935564
14931,0.1309856968680977
14935,0.15741184057611
14948,0.18082250864210672
14950,0.12862384002661825
14951,0.15730453291706417
14952,0.1453701619752608
14954,0.16180790822974941
14960,0.16651318147131197
14962,0.1264671147851865
14970,0.1324805580510251
14973,0.1336234356648239
14976,0.1366764497968813
14978,0.13449774370501844
14982,0.14383231171071945
14985,0.12114874392807323
14986,0.1340269357098347
14987,0.11064243754948154
14988,0.2097261989724601
14991,0.16367273981183803
14997,0.13433303101542587
14998,0.13827025368119067
14999,0.14983420725786076
15000,0.11980724664094054
15005,0.14925405833200292
15006,0.13183555597919167
15009,0.15242144533564772
15015,0.16827518712282338
15018,0.1257175483735209
15029,0.20145044335348666
15037,0.19074202923127528
15041,0.1343674556222082
15042,0.13177189722964433
15047,0.12385230772807389
15050,0.13581839201690787
15053,0.13518186783316832
15056,0.18850175266546818
15057,0.14263446651198963
15058,0.12597316867849181
15060,0.14960192361656793
15062,0.14229532451475221
15066,0.18970493853497353
15067,0.14407843131771078
15068,0.15079528773367548
15069,0.15058047401137964
15072,0.14064262550192488
15077,0.14912385322131563
15089,0.1346862839549555
15093,0.12302008626327235
15099,0.12284344687392759
15101,0.14908160441648452
15103,0.1394749706370476
15104,0.1629077616577504
15105,0.14352942155817772
15108,0.12036247030227369
15109,0.17346705853746452
15112,0.13145898711783022
15114,0.15713766116599615
15117,0.13330504538788926
15122,0.12914808057668653
15130,0.11784738224322094
15132,0.13043548978439495
15133,0.1669077677199215
15134,0.1329192753166682
15136,0.17907426997116183
15137,0.15550096221672532
15142,0.18285757988536125
15145,0.12036211069821764
15146,0.1451182774554262
15147,0.12731416576879168
15150,0.14830475849079378
15163,0.20263131403562779
15165,0.1301569970953771
15167,0.12070164076251311
15168,0.12220253622366901
15173,0.13112171467359313
15181,0.13163981153749083
15183,0.16343076102181198
15185,0.14654072605550267
15186,0.1581145850368243
15189,0.14200898882094887
15190,0.15228269433008162
15191,0.14186778702198863
15193,0.1512243754093122
15196,0.14312316645466827
15199,0.13632201006405922
15200,0.17976645864238106
15201,0.15128920630549336
15204,0.1950146920221619
15207,0.15234366045664874
15209,0.13720920273464363
15212,0.16756200492841306
15213,0.15967357018768868
15214,0.14137225473537765
15215,0.1939506594776691
15216,0.18569685215843254
15222,0.13208429037621447
15223,0.17552139914375456
15231,0.12706265621520524
15236,0.15108818561297843
15240,0.1635774030815541
15241,0.15752182578560678
15242,0.21515659063762343
15243,0.14556227107188668
15247,0.17799763832080015
15250,0.12343362521760028
15253,0.14648113009641978
15254,0.1368005512652366
15255,0.16279793258019765
15260,0.12723316213001115
15265,0.13070951028156597
15275,0.11613664164364114
15280,0.1416336849160349
15281,0.2120349927348045
15282,0.22184590726195325
15283,0.22521416841225472
15284,0.16978473466658103
15292,0.14109869329122457
15293,0.11839353816339175
15300,0.237308675713009
15301,0.13323235780999385
15302,0.17354032439418554
15303,0.13243926252528082
15306,0.12786804014456346
15311,0.13645577559486335
15313,0.13382449758548845
15320,0.144536724855581
15322,0.1268828216365708
15324,0.1390010167331519
15327,0.16164380874754364
15329,0.15760675550545045
15340,0.16616694876071547
15349,0.14003149350821095
15355,0.14012976151642595
15356,0.16594642454877775
15359,0.17063023467272997
15360,0.17264650084636513
15361,0.16777341394602505
15364,0.170035727675958
15367,0.17519343822905412
15368,0.15305838812032435
15372,0.16960319998907322
15374,0.13287503276966156
15377,0.18119180263868956
15383,0.14493138120400548
15386,0.12486723429618034
15391,0.17831980511988277
15394,0.11018118035561383
15395,0.13980513787978738
15396,0.13367525202191827
15397,0.1414870557810545
15400,0.11501319376677947
15404,0.1313999733719536
15408,0.13798265262560255
15409,0.12397568424049524
15411,0.15101911674100998
15414,0.14810615468984398
15416,0.12473043874354296
15421,0.10118563718713286
15423,0.12644348340678743
15425,0.1266286526552761
15426,0.148606136857172
15428,0.17875735773954407
15429,0.13360051384226393
15437,0.1855964492565328
15438,0.13917710524189533
15449,0.12964780295465095
15456,0.14515427985591653
15459,0.17188545273490966
15460,0.1425987482143249
15465,0.16191598723223694
15466,0.16237176547741428
15468,0.16693123137219007
15469,0.15489793148005726
15470,0.12985567954676086
15473,0.14071031240540194
15474,0.15757761739913717
15484,0.12958966708744357
15486,0.12882717034610824
15488,0.1660253947043967
15489,0.13431493586322996
15493,0.14480508481220541
15494,0.12608388383874392
15511,0.14838923488247163
15512,0.19746226380123005
15517,0.1507327307963893
15518,0.1319466776904269
15522,0.10777365715846646
15524,0.14398900811469495
15526,0.12605268824549012
15527,0.15017289847366577
15528,0.13992068883909528
15534,0.139468034311152
15537,0.1822960153694278
15538,0.12998604451970638
15541,0.13719929992740554
15544,0.14664134167655563
15545,0.13154816284957968
15546,0.144118813254355
15547,0.13440180960289766
15548,0.1448968892742903
15549,0.24072498000629455
15550,0.14684863766266235
15551,0.1887682580222813
15552,0.12963444177082054
15553,0.1352291486291558
15562,0.14904971397053327
15563,0.16531579164830246
15564,0.13921971663138918
15567,0.16123366350452806
15568,0.13371313971443105
15569,0.15891546490054698
15573,0.14759247882979845
15574,0.12336409122352221
15579,0.15047227101277957
15581,0.12903789122905987
15582,0.13696427209784423
15586,0.13649068052243968
15589,0.13491705913654342
15591,0.12276225715823894
15594,0.125338009953813
15596,0.1296046722635937
15598,0.14083498269958583
15600,0.12905277706545193
15603,0.19467432065151713
15617,0.1299210486731448
15619,0.14462930869186544
15625,0.12499852771171663
15633,0.1629958944970068
15636,0.14169210243186728
15637,0.13480350278106049
15640,0.13026318994051903
15641,0.12500750223711482
15642,0.1463077797728964
15643,0.10544282816752548
15650,0.13701429662776074
15653,0.13317747133395672
15655,0.15116559087697543
15661,0.17546102646664957
15663,0.13940082066388443
15665,0.155268322658504
15667,0.14702540839757272
15671,0.15184134405275007
15673,0.17521211400939385
15676,0.1310370025684283
15679,0.17157019238213053
15684,0.15164139183174485
15685,0.14489204427697097
15690,0.13663294365516246
15695,0.1308767550057594
15699,0.24160704880459624
15701,0.19778602389027744
15705,0.15529214499401872
15709,0.1263470556158614
15717,0.13743004413716892
15718,0.17682717476225854
15724,0.14881268517297552
15725,0.1436105348502066
15728,0.13624647328314898
15729,0.1362505894823114
15731,0.13017109202927865
15732,0.14320536758548605
15733,0.15135050477326017
15739,0.1501757109635533
15742,0.12244468666077526
15743,0.13353062963022155
15744,0.13223298021508875
15745,0.16857560162272597
15748,0.1687762195248363
15751,0.16921729317312403
15752,0.1442447053567866
15760,0.13405627097010697
15761,0.1327539572375192
15764,0.15788669587525053
15766,0.18396897092155037
15770,0.12881344619245044
15773,0.15717400925692648
15777,0.14897312137186625
15778,0.154277157093294
15780,0.16622360559503652
15782,0.18027527220342243
15783,0.14938941590947996
15785,0.13697132328595896
15787,0.14068288082477515
15788,0.1635593351129633
15793,0.14838739212302657
15795,0.14779938403692178
15798,0.2535843179497301
15801,0.1532473782568481
15809,0.13777815091444467
15810,0.1326987205607164
15814,0.14799081239813483
15833,0.18322729455672965
15835,0.1580331132096238
15837,0.12054667086631607
15841,0.14800073632145883
15842,0.18640392860248925
15845,0.13552635731278703
15849,0.1304200836214833
15850,0.13738651126932558
15851,0.12519256511762644
15853,0.11650473346916364
15854,0.13504416781819426
15857,0.1374159808993173
15861,0.20147960882431465
15868,0.15276169213338145
15871,0.13268373437907457
15873,0.1224184570186119
15876,0.12939761896219393
15883,0.13471231852326204
15884,0.16082168045248502
15887,0.10659141520179519
15888,0.12785345012175686
15890,0.11603640114886787
15891,0.18154255754159587
15892,0.13041339738307361
15893,0.13028348622106692
15897,0.1382383401624638
15898,0.17834547738853568
15902,0.15198400079671864
15903,0.1324447177816998
15905,0.13118812060945045
15910,0.134208331284586
15911,0.14673262803104947
15912,0.15275852744827953
15916,0.13389067312032585
15917,0.12646244480621596
15924,0.15428807314609783
15930,0.17324749528011196
15932,0.15449344713713162
15937,0.14982021280276261
15940,0.1284889629394678
15942,0.1649928981510363
15943,0.16837740660249007
15946,0.1417019870903467
15948,0.1288751382001301
15949,0.1255173310673447
15952,0.14695308329433376
15954,0.13274748444480047
15956,0.13394379116240018
15957,0.20587773705941106
15960,0.1837447812807609
15962,0.1230038796033375
15965,0.12243896729036129
15968,0.14046240510464725
15969,0.13383029228729879
15975,0.12382012036071426
15977,0.1741805025620254
15982,0.14338429678392403
15988,0.15284734518256135
15990,0.19365359234082385
15991,0.12997796996012106
15992,0.18170086986642936
15993,0.22051307264689685
15997,0.1492134079286749
16003,0.128385263637055
16009,0.13536481182763457
16014,0.13659606693874168
16015,0.1449797070457536
16016,0.1498554372001787
16019,0.15978400538601922
16026,0.13354323739242235
16029,0.2104209663412143
16030,0.15317972858322781
16031,0.15670754191593306
16032,0.13580948664118636
16037,0.1298895823319135
16045,0.16527522982352127
16049,0.154267400282478
16051,0.1436166897462781
16055,0.22982898123181286
16061,0.14561720512867243
16064,0.16112397836414194
16065,0.15653824394691732
16076,0.1859838927680804
16078,0.15768224092731423
16085,0.1364113164437341
16087,0.17889697440050908
16088,0.23489428254109354
16091,0.15610701787575318
16092,0.12801799873256708
16093,0.14392901553511608
16095,0.14186158357645848
16101,0.1205372326339622
16102,0.1652963372245263
16110,0.20706937166642855
16111,0.14204295761871705
16113,0.12027932350461353
16118,0.1491395971574716
16121,0.18491295152836854
16123,0.145458244767998
16127,0.1422920930400853
16129,0.13401467290121458
16130,0.16652279685109192
16133,0.1318220294743559
16135,0.1281756252257015
16136,0.12449251620020338
16137,0.1658633617150034
16138,0.12211841642562124
16140,0.15511261509016655
16141,0.1771097395900353
16142,0.13268516872664665
16145,0.14329269002031364
16147,0.18323752487021686
16148,0.17206434041190302
16149,0.1459707624093437
16163,0.17497351677199996
16166,0.1267870707449946
16169,0.12422078845722265
16172,0.15647612224836355
16173,0.1891640624041108
16176,0.14338497132073325
16177,0.13749028876983677
16179,0.14885044796556715
16181,0.13616596411640564
16182,0.1851232623786912
16197,0.14673393744169752
16198,0.1271242630007043
16199,0.15415277927135992
16203,0.154356593484236
16204,0.20114695901975665
16218,0.10431524364079284
16219,0.25122618957906334
16226,0.1720529518058976
16227,0.12432631944445782
16228,0.14021721854135014
16229,0.18053489602846506
16230,0.14033165543929932
16235,0.12995689301326563
16237,0.15909094944523597
16240,0.1253957159851826
16242,0.1471845229217994
16246,0.14324033844649198
16247,0.16746417524147517
16248,0.13223910116231405
16254,0.21527014935261932
16256,0.2334104848686956
16258,0.14725453356062942
16260,0.13124653020191213
16266,0.17625007988607239
16270,0.1336082131808962
16271,0.13362275173517543
16272,0.13568304122742847
16274,0.12716605055573407
16275,0.13955519304825806
16276,0.13400687845740752
16277,0.1683518029524631
16278,0.16448442318759104
16279,0.1819777144807313
16280,0.1595990217656054
16284,0.16369472027449
16286,0.12308413246952993
16288,0.16027131994663385
16293,0.129975185018737
16299,0.1666011988362536
16300,0.13533894537522786
16307,0.12015421490044106
16314,0.13924242320107505
16315,0.12927353497730107
16319,0.1360962540908005
16320,0.17785913271440854
16321,0.13869333737641815
16325,0.11893693890713539
16329,0.14331697865949058
16333,0.16203822593674294
16335,0.14459427013596884
16336,0.14519497990865377
16342,0.13707044129816748
16343,0.15581355487488566
16346,0.1763856774423517
16347,0.12756035409855931
16348,0.22177131375224018
16350,0.14720683777738866
16352,0.12580468660000893
16354,0.15890655750629135
16356,0.14223641333693757
16357,0.1629053388329285
16358,0.13772186813081838
16362,0.12953173750391989
16364,0.14236018326497332
16367,0.1392513205348367
16371,0.12736740251653106
16374,0.14954274184561853
16376,0.14326027975717076
16377,0.21451729047873686
16378,0.1552781757235148
16381,0.10354907169885424
16384,0.13686197129722688
16386,0.14368247562851094
16388,0.13098396920570493
16391,0.15519154480130734
16394,0.140523529714271
16397,0.13444507617386106
16398,0.18271851808584122
16400,0.1437092903728309
16404,0.15382100098749085
16409,0.12822799607436502
16411,0.1201980353323916
16418,0.17873304314210545
16420,0.1362997308678371
16421,0.16833515018442075
16425,0.12420163968212398
16426,0.13453820737837477
16429,0.22630674404364473
16430,0.1414859184704852
16431,0.15391078804050026
16437,0.15414290119437662
16438,0.1584710596604351
16439,0.1309849400506288
16440,0.13632029865715595
16441,0.1446213967374348
16451,0.1321734917014671
16461,0.17578973388648836
16464,0.15716231135864223
16466,0.15608693261495016
16467,0.13611096237021858
16468,0.23153627005617283
16469,0.15874882256342032
16470,0.18921078598148952
16483,0.16144948232094652
16488,0.14887316798892006
16490,0.13230300461036393
16496,0.2624749383858163
16502,0.1535801928837452
16511,0.12792480039192594
16512,0.13646036929719424
16513,0.13884782819989286
16514,0.1005874020098094
16515,0.1204767837053743
16517,0.14302207961737903
16520,0.143565161108333
16525,0.14393290573241738
16529,0.13352198691255995
16532,0.12391377589933883
16536,0.19478658591548292
16540,0.1812535226851001
16542,0.16050538590085806
16548,0.13793481242921143
16549,0.1231519627394773
16551,0.19804929881862718
16552,0.12402758039387779
16557,0.14931188230437392
16558,0.1358347469699962
16559,0.15114879541372842
16561,0.1325127318023151
16562,0.1746618406606681
16564,0.13095166604434594
16566,0.13712989344847318
16572,0.17099396838795017
16573,0.15984087724602408
16574,0.17418982503885164
16575,0.12254622351277747
16579,0.2541292266865693
16582,0.1219365485592006
16584,0.18643025012053882
16586,0.15965372868432273
16588,0.14191861173499423
16595,0.1882690452846663
16597,0.1278432632101791
16600,0.1356637732240827
16601,0.1578511362785071
16606,0.17697998936442558
16608,0.15948378485956163
16611,0.14179545349052572
16613,0.1613178380104809
16619,0.13845743978935443
16622,0.14380924379437385
16624,0.17600940163364934
16626,0.14686209528714217
16628,0.12465959703453094
16630,0.129860141014312
16631,0.19794629356644458
16634,0.1412035303581832
16638,0.14449230660027357
16643,0.17331006605511637
16645,0.14007660571579653
16649,0.15217010254415453
16651,0.14188462969638865
16652,0.12675128614389977
16653,0.10274768852090725
16669,0.16431854815641142
16672,0.1518052316017479
16677,0.18612243742012177
16679,0.13126042789204792
16680,0.18095572063252727
16681,0.12319554128024339
16684,0.10336986426066579
16685,0.12783419352735387
16686,0.14556838669268124
16689,0.12294826464376328
16690,0.10440700291095162
16692,0.13367154848710144
16693,0.1301303881146406
16696,0.1587719078659552
16703,0.13888658561355566
16704,0.16944487185627705
16707,0.13277135405770976
16711,0.1277064288577042
16713,0.12306669519053458
16714,0.21277801943548175
16716,0.14392797829979748
16717,0.14606847962606725
16718,0.13380744204190956
16720,0.12776219760596505
16723,0.12928081670843838
16724,0.1464140075311978
16728,0.19878192797157135
16730,0.13280280603676753
16743,0.11791558512779826
16744,0.12933932262376507
16748,0.1753772157609028
16750,0.13313171094919504
16752,0.1372630031380815
16753,0.13190098059486718
16755,0.15130481155359563
16756,0.12086130949926496
16760,0.1331093942340489
16764,0.13361687079305792
16771,0.1311750357411041
16772,0.23415500118714125
16776,0.15997453303307899
16777,0.16286685344479035
16780,0.19022912419299123
16781,0.13386690580346894
16788,0.12341821190512374
16792,0.12931162023121714
16794,0.16257910246033813
16795,0.12498981313317037
16796,0.18480604398915068
16798,0.13256024037076364
16801,0.14824097033713135
16802,0.141020565583225
16803,0.1474341574110202
16815,0.13701789284461396
16816,0.16322816992590045
16818,0.16570724323378921
16819,0.17682649656346974
16824,0.1309520784273181
16829,0.13990716812967133
16833,0.12952202709975336
16834,0.13124000889999238
16846,0.13078162400781462
16847,0.14231962090626069
16848,0.13437174615215225
16852,0.1276282342132571
16853,0.18178869504244627
16857,0.13108515568232415
16858,0.1578359063375228
16861,0.1624200629322032
16862,0.1444970786747238
16867,0.1254373656855182
16869,0.15618971567570017
16870,0.16227400776817932
16872,0.13849828175564827
16877,0.10930878332812645
16883,0.12518345619940222
16890,0.1392034652207036
16893,0.15035457578985964
16894,0.148553407968486
16897,0.13763090758672658
16901,0.14098387551836436
16902,0.11233943239464164
16906,0.1070010007871759
16910,0.13605986938170309
16911,0.20257846284096984
16921,0.13400939990648517
16926,0.1432290198138786
16928,0.14093083002670811
16932,0.20511093027220728
16933,0.13585189945313408
16935,0.12822223943473754
16943,0.175759665459888
16947,0.12718215725643792
16948,0.1630645293730064
16949,0.12845508781620774
16953,0.14994800898719907
16954,0.12350234010239723
16956,0.1311386456277704
16958,0.19062055072057038
16962,0.15742131722426525
16969,0.13366720908447433
16970,0.15465693806919759
16979,0.15503170348971815
16981,0.13014354882634746
16983,0.13377322825520743
16984,0.123992491902772
16985,0.1457929998966438
16987,0.1533247300458522
16989,0.18978237392531866
16990,0.15251597481879142
16992,0.14121881226005492
16995,0.1380934761393681
16997,0.15662806888252562
17000,0.22881988849654644
17002,0.1658784025772853
17003,0.11609734242590172
17006,0.16320062588691947
17007,0.1751807386333527
17008,0.12676365659040467
17014,0.129622088115216
17015,0.14972569758564966
17018,0.2125819556006591
17020,0.10246841135546503
17024,0.19197913036895084
17026,0.15428796858666255
17028,0.15180354239697305
17035,0.12364665371014494
17038,0.15275801036476894
17041,0.17548736277582502
17046,0.1490032379728636
17052,0.20159581749357458
17053,0.15984374772837118
17056,0.12704741167960384
17063,0.17613016673978654
17068,0.13225131006987903
17073,0.15758271088071463
17077,0.13762565198145313
17078,0.12927793177634747
17081,0.17523110557333668
17083,0.13161363954526867
17085,0.12223255713404904
17086,0.14198358431527944
17087,0.1501493689171984
17088,0.15014007675415256
17090,0.13824984742503693
17093,0.1280629611167329
17094,0.13664849937362888
17095,0.1282397310494214
17096,0.1774438753084663
17099,0.16663164401891495
17101,0.184434168340835
17102,0.14076851922151523
17104,0.15647576406135766
17105,0.13224354410516437
17115,0.13008805005760374
17116,0.1666860002647485
17122,0.13129508962341685
17123,0.13336313815438697
17127,0.1353484984203854
17128,0.1545688473898274
17131,0.15242499193600642
17136,0.1433096146633312
17140,0.14876397189993742
17141,0.14338148115352625
17146,0.11138081743502865
17147,0.1289861117003826
17149,0.15839105710827056
17155,0.18431388086670558
17158,0.14899388772231745
17159,0.13248867915859674
17163,0.13884445802283119
17164,0.1274096298856742
17165,0.16309488068759273
17169,0.15425535403045934
17170,0.1256881981431851
17171,0.18952253766985472
17172,0.10834037138835283
17175,0.17955965915386865
17177,0.12599402192349873
17181,0.18437094997306727
17183,0.14314584065546254
17188,0.1232905250558651
17189,0.14555504161781146
17191,0.12644339726762685
17192,0.1436366562894466
17194,0.12955800079437452
17210,0.12950827966279582
17212,0.2178628711378652
17219,0.16359954784717584
17220,0.14740973738524782
17225,0.1459846439537555
17227,0.14751376249549164
17228,0.12018205473110098
17229,0.13214169061427447
17231,0.17577390319683764
17232,0.14791964375148775
17233,0.12427649777222793
17237,0.13434513669935744
17240,0.17642089092497742
17241,0.1306660629128805
17243,0.1159685680942634
17246,0.24320464240097497
17247,0.13553139191130517
17251,0.2269026376002104
17253,0.14410536581589198
17254,0.15312283448435235
17256,0.12656473906062352
17257,0.13850516371349264
17262,0.12483755846453519
17267,0.15853236728903702
17268,0.13103463291671538
17269,0.13547340161258628
17270,0.1588554417366429
17275,0.2334323637871288
17276,0.1702779673327703
17277,0.18596283810742814
17279,0.15059114737821788
17283,0.13801188501000142
17287,0.12871774888991347
17288,0.13243843722652296
17294,0.1272244111887416
17295,0.15150646993847106
17298,0.1400813348663404
17300,0.12516727332048433
17302,0.16425347845325386
17303,0.1542721111806222
17305,0.13014361163356303
17307,0.16685718130774332
17310,0.1291703326563669
17312,0.2131683156677356
17316,0.1827554241939448
17317,0.12763832719907495
17318,0.14476924762958987
17320,0.11265691602801013
17323,0.13284792612921387
17324,0.12782318235281936
17328,0.14727758867324903
17332,0.13396710306420948
17333,0.12706501613963292
17335,0.17666468592719628
17338,0.13478312878140553
17340,0.1467133030689401
17344,0.15095888552146766
17345,0.15825921662458448
17349,0.1565233844226837
17351,0.14540904773756905
17352,0.12786443866604785
17354,0.18602126758545912
17356,0.15722052103985085
17357,0.13364872576600872
17361,0.16905891271000076
17362,0.18935196412499414
17363,0.14033722635623425
17366,0.15951601895452175
17367,0.13288062308329188
17369,0.15327634514754124
17371,0.1466820094427327
17373,0.1484746261126986
17378,0.15619554600383673
17380,0.14559521255500765
17382,0.1558841493551495
17383,0.15970687408936055
17387,0.12750738509904835
17389,0.18774090757251208
17391,0.10507994714231819
17398,0.14682129875118027
17402,0.14249749530723263
17405,0.16011896050507177
17407,0.12951229322281768
17409,0.1396862580833986
17411,0.16938878110939046
17412,0.11480818721015455
17413,0.12773559232466436
17415,0.13703516206924665
17420,0.13359339153428357
17421,0.13914350290232005
17422,0.1529920588630916
17428,0.14251942649997995
17430,0.10552023763984279
17433,0.13139108845280378
17435,0.14412038941971478
17438,0.12609433514292157
17440,0.149456822316219
17442,0.12783423325878196
17444,0.13121281255457237
17448,0.15338178542273911
17449,0.15120195673060902
17462,0.1575801557399934
17464,0.14733334411973165
17466,0.18532269672215707
17468,0.14607295545394855
17469,0.23379551785159672
17472,0.14689070404406995
17473,0.13430794464846227
17475,0.1280905460568214
17479,0.1413683340249419
17481,0.1548933367144697
17482,0.1371644475987035
17485,0.12277392228095563
17486,0.14815645820536016
17488,0.18681919426363827
17489,0.15271141204295896
17490,0.12099701592472266
17491,0.16403542837500823
17492,0.13075964397480766
17494,0.13155923037991848
17497,0.17036404884988518
17500,0.1462757679953089
17506,0.14237095047726092
17507,0.1539020406148944
17508,0.16040208730523797
17510,0.17872967702715942
17512,0.15663414713775886
17513,0.15603077181591707
17515,0.1455860694854343
17520,0.1935730130146699
17521,0.14799103891921658
17522,0.15864125870349355
17523,0.14381762736960463
17524,0.12187111218683477
17530,0.15679877872713957
17535,0.19932270695729
17536,0.1453771632912303
17545,0.16946690038650666
17548,0.18364222802072486
17549,0.1389347259611533
17553,0.14226027454188347
17555,0.22488890459477653
17557,0.15612616316556457
17558,0.14253929113495248
17559,0.14068902564829616
17562,0.2287288976166763
17564,0.15092510581481633
17565,0.14255264687311703
17566,0.18566857504031398
17567,0.14758320018393123
17568,0.153387827429403
17569,0.15834519658535826
17572,0.1481041404630066
17573,0.14621674807204768
17575,0.1518589870754322
17577,0.1453266289709815
17578,0.14290802083436824
17580,0.12840627609316482
17581,0.15971155034990878
17585,0.13483955261283515
17586,0.1626972373893788
17591,0.1467901957761842
17594,0.1474546927177544
17596,0.1250097803091014
17599,0.1554355683549264
17602,0.15972624335300503
17603,0.18861392616715061
17606,0.14312860102243857
17614,0.20693935054618817
17621,0.16973287509640586
17624,0.16119045861395284
17626,0.16659009958340795
17628,0.13659336735659455
17629,0.1553858246773785
17630,0.159097184570877
17631,0.1696624843397218
17633,0.20098482310963173
17636,0.15366029951185767
17641,0.14558870982250788
17642,0.1825455733685608
17645,0.20302670844491724
17646,0.13247578640242055
17650,0.14310655786322285
17655,0.12834404478166753
17659,0.17616728912780716
17660,0.13179120214460502
17662,0.14092507575282606
17664,0.1906521647718384
17671,0.12729355571623244
17673,0.13966443678949161
17676,0.14683743788864176
17679,0.12097208277613837
17685,0.1516958327592877
17705,0.15984573557472698
17708,0.15438450514281665
17711,0.15173098564051837
17714,0.20671054051608673
17715,0.13026756765651804
17721,0.1362858721249023
17724,0.18159000434823433
17726,0.14151306752984316
17728,0.15415031172516505
17730,0.12620724491618768
17732,0.12514874149663321
17735,0.2111996181970139
17737,0.12626503327894215
17738,0.13794053137939902
17739,0.15442427104586368
17747,0.13139978133271746
17749,0.19453212212888038
17752,0.14858107906758056
17753,0.1469965082248708
17756,0.14697188375723666
17758,0.10193260990809362
17760,0.1380116429615782
17762,0.14329615823550138
17763,0.15644722455805574
17769,0.13742809250888438
17775,0.13312311600025076
17776,0.13951187910789012
17781,0.147247142026127
17782,0.12897943156390523
17783,0.12747889342849603
17784,0.19238781693588905
17785,0.13266155586629502
17798,0.1253796974375785
17799,0.1790882314516022
17800,0.188634745288271
17803,0.13546097778113997
17804,0.14029982068022437
17805,0.13882739841761885
17808,0.18139123018168887
17817,0.14758568832594188
17823,0.20963096164333297
17824,0.13780395205054943
17825,0.15716910116410368
17827,0.16922314650548567
17828,0.15903472628171852
17831,0.12860914611924817
17834,0.14726614458463416
17835,0.21116159840900592
17837,0.12886875218648153
17838,0.21200923502389712
17839,0.15935101416049133
17843,0.2340545608328235
17846,0.20577643836839302
17847,0.16007571380837646
17848,0.14266955317361021
17853,0.1925790695115505
17856,0.1455719857423554
17859,0.12980946762384005
17863,0.14652412467049777
17868,0.1269062411274133
17869,0.12749181347708904
17870,0.1397413739291918
17875,0.1358613322483739
17876,0.1263733347776998
17877,0.14154877500250798
17879,0.14527515655328507
17884,0.13355635628019796
17885,0.16393658527176094
17886,0.17122546125901195
17890,0.1421894367449874
17897,0.10173662334424487
17900,0.10614702679381698
17902,0.18950620100611634
17903,0.16623775243873876
17908,0.18753618092608795
17914,0.1472793255413257
17915,0.14159828378198283
17916,0.1321436984287275
17920,0.13633043299447467
17921,0.15256254331038682
17924,0.15145180291026492
17925,0.1691150719353418
17926,0.10374429932922934
17928,0.14033137800344922
17930,0.11994905437220671
17932,0.12048733910163155
17933,0.13973882137791907
17939,0.1525040495139152
17941,0.1718377205835228
17943,0.16209414369993255
17947,0.13092248264971054
17948,0.1372004314421255
17950,0.13545165289380312
17956,0.1277449678651279
17959,0.13268113738713044
17970,0.15150564931623267
17973,0.15829420979535197
17974,0.17940290537150688
17975,0.13326957321736332
17976,0.14669671524148167
17980,0.1075577954839167
17986,0.2083039177221413
17987,0.16147712422344737
17990,0.14265701007588644
17994,0.1407676511601365
17999,0.1388222534937159
18002,0.13050927396675852
18003,0.12794318871832716
18005,0.14171810850798375
18007,0.15494786082752313
18013,0.13250336437409818
18015,0.14758443991929007
18016,0.12743414914795695
18018,0.12774763069542747
18019,0.1596612448928195
18026,0.13211302534555397
18030,0.14837318711044592
18032,0.18936787437984354
18035,0.14783700647699993
18039,0.1468042313496189
18042,0.13410873198811848
18044,0.14760414297092453
18045,0.11736423480398125
18046,0.13620452068964317
18052,0.15679181848141208
18054,0.17286096596601705
18055,0.15237088803358734
18059,0.11832487620497323
18066,0.22680515105368468
18072,0.16097317343324355
18073,0.14160793640835626
18077,0.15232520934548052
18081,0.13503517008867819
18083,0.12733104423602012
18084,0.14850811759233198
18085,0.13805751081405307
18086,0.1274689121820165
18087,0.16737585963621876
18092,0.14107276733080173
18093,0.1092480851451739
18095,0.135197861164081
18097,0.13070698061037508
18100,0.19717314299601973
18101,0.15274297629890124
18103,0.1421549106185758
18104,0.14399236987042058
18105,0.12415698160977628
18109,0.11459261440946268
18110,0.16455173965606898
18113,0.1686024706777104
18117,0.13868947927738226
18119,0.17623110021810245
18126,0.23986332325493953
18127,0.1279241500613225
18128,0.12525943348946897
18129,0.17672138224826084
18130,0.15102343463363788
18137,0.23815151544481258
18142,0.139701220607068
18144,0.12975405778750027
18145,0.1257700175830581
18146,0.1366869961802418
18149,0.16329039082108535
18152,0.12560086205454993
18153,0.1412480398163373
18154,0.1379968528012357
18155,0.13829103146577373
18156,0.16260870140091568
18161,0.1847935877843468
18163,0.16554816779115428
18165,0.13603383613472989
18166,0.1401632474611692
18168,0.13621641846443475
18172,0.12067962072084384
18174,0.1913039013465168
18176,0.15477389537088038
18177,0.18913117872377544
18179,0.1520686351651608
18181,0.21449058260320122
18182,0.12896507689043385
18183,0.20745802759573975
18187,0.14403797607907196
18188,0.15628859323732644
18189,0.16344958622037004
18194,0.14552572307396847
18196,0.1450863850115916
18197,0.12989097228203242
18198,0.10594605945553959
18199,0.144355597140928
18201,0.14758608434727602
18205,0.1407063385768036
18206,0.1350266617702199
18207,0.1522020724478483
18210,0.1211510971557724
18212,0.1601131308096821
18214,0.12802495837196548
18215,0.13231575448886096
18216,0.13791466351463288
18220,0.1883729705912374
18221,0.15990745146668228
18222,0.1264404101232329
18223,0.24337373379230878
18227,0.12564920218193865
18228,0.21084539036446026
18229,0.14832535684118225
18232,0.16767871252063338
18234,0.19552128283292572
18239,0.13888254628662283
18243,0.15749440949989832
18244,0.13753649774211796
18245,0.14524513855431465
18246,0.10844140343294617
18248,0.1325446764039599
18250,0.18332346210724898
18253,0.18410983499024514
18254,0.12591682330311374
18256,0.15106004249241453
18257,0.1744782014799677
18263,0.13423595827625234
18264,0.1492694814211392
18266,0.13299934503378694
18267,0.13855068027457768
18268,0.11805361144704386
18269,0.14068190090953833
18270,0.1901701628529977
18271,0.17071465526262083
18272,0.12131388528922653
18276,0.16539237526099848
18277,0.15981773152222772
18280,0.1357078295244875
18282,0.12472246305909813
18285,0.13358303426433696
18288,0.1863735158821319
18295,0.16325325262934384
18298,0.22014842453987482
18300,0.1350621195917973
18301,0.1348807588678154
18302,0.12814177167923652
18304,0.1801110298254756
18305,0.13953220550107226
18306,0.15388742562871904
18307,0.13316138393687363
18308,0.14817732833231514
18309,0.13799329920836303
18311,0.1386732417324573
18313,0.14382900099367993
18314,0.17521443928782798
18318,0.23636291555787367
18320,0.15060628573623333
18321,0.131976680749162
18330,0.16079801562035972
18334,0.1340867886878799
18336,0.13164138035650533
18337,0.15611501925563656
18338,0.1451611082122388
18339,0.13077433048507087
18341,0.16008923610537798
18347,0.17788046591279313
18354,0.16072256008528818
18355,0.13236912883573945
18356,0.2318198719239641
18358,0.12648314670724117
18360,0.24285041695924364
18361,0.14079403461829496
18363,0.18876184458386888
18364,0.17291267679616865
18367,0.15369402977732743
18380,0.1292143030523019
18383,0.13278802788384259
18384,0.17406002436301196
18385,0.13992368198577404
18387,0.19590527770194344
18390,0.13604359541765332
18391,0.20422606690422818
18392,0.1359850458564286
18395,0.18222812303820524
18396,0.15268483442070538
18397,0.15046243943303192
18399,0.16574841050581357
18400,0.15444592589166187
18403,0.18747271569068227
18404,0.13238690439210604
18406,0.12100290702261031
18407,0.16908837535998858
18413,0.13626726372457093
18415,0.166920358006517
18417,0.15455042354186596
18420,0.14455257580785752
18422,0.13358906812507496
18425,0.19262158175412758
18426,0.21746465312262114
18427,0.0988843402475956
18428,0.13685832383336274
18429,0.14531393741837464
18430,0.12896912742211222
18431,0.136969508408999
18432,0.15303047695886
18433,0.23495870092059024
18435,0.12681188346858152
18436,0.11750240472734548
18437,0.1300404415621673
18439,0.12089632768994897
18444,0.13190464938582414
18446,0.15542513061731905
18448,0.14264300403252977
18455,0.10666202246416051
18457,0.12778805457109157
18459,0.15746287096745634
18463,0.17802371547767493
18464,0.1294376999460068
18467,0.1495268925796954
18469,0.148395227456592
18471,0.12939084408923393
18475,0.14556997636666882
18476,0.12826733826598988
18477,0.13179390607239286
18483,0.14074284934459466
18488,0.1881385811356903
18489,0.15799969024808916
18490,0.15176775445806667
18492,0.18874160807176504
18493,0.12414376701972189
18494,0.1646256976711712
18498,0.14061762591009203
18502,0.15854702401147205
18503,0.14189576999287629
18504,0.13631032446648877
18506,0.13512411759165255
18507,0.15921639596347928
18508,0.13580810277578056
18512,0.1273406281699793
18515,0.10455433303192078
18517,0.14794650376906324
18518,0.1531686470692353
18520,0.13298258331219787
18521,0.13842546002401696
18522,0.13733721163435675
18523,0.1360924141302876
18524,0.14508501059835135
18530,0.13168557832257893
18531,0.15073304716934438
18532,0.12762907512961263
18533,0.1335316133377963
18534,0.15732852207828146
18540,0.13470864383450756
18542,0.1348180208152464
18543,0.14058766337034387
18544,0.14965093615679925
18547,0.14486919966399486
18549,0.1331872213010778
18552,0.23715710506920418
18553,0.16422424296289034
18555,0.1556442318237764
18558,0.16354455784323843
18565,0.15971132572207042
18568,0.1622945799337444
18572,0.13101721762604934
18575,0.19631421327383408
18576,0.1663480549207927
18579,0.14352944540705
18581,0.15477371114671612
18583,0.10624053851973816
18584,0.1289346983522556
18585,0.12676965871228715
18590,0.13024976078323516
18594,0.1622902602907215
18595,0.1330302819023141
18598,0.14919771311851618
18600,0.15737923357401165
18601,0.174387437422264
18602,0.1274288908745194
18603,0.17211931849920192
18604,0.13225122038945494
18610,0.14909584464494183
18611,0.1437502996862873
18615,0.1472315401128382
18617,0.1228296240921526
18619,0.17996877885905713
18623,0.14874199211774844
18630,0.12972276092851642
18631,0.17095540942313145
18632,0.1263156906254104
18633,0.14971323545804482
18638,0.14145460186360753
18639,0.12216566355719509
18640,0.14635972574937764
18641,0.13045518986992638
18645,0.15280541282460305
18648,0.10778741132057189
18649,0.1317351609090357
18651,0.14477588873161026
18653,0.14037822069385908
18656,0.24037958705775028
18657,0.191830819973239
18658,0.12757984863703498
18659,0.1443049504075309
18661,0.13511827921817543
18663,0.1797531548679295
18668,0.15253121357118896
18669,0.13753216494044032
18671,0.18765732497325455
18672,0.10203007260690704
18673,0.16440688832655304
18679,0.13350854905408246
18689,0.16216632418187923
18690,0.14756833741451716
18692,0.17490696616482188
18694,0.13638393983382371
18695,0.16920728693109743
18698,0.1590808259606999
18699,0.15156597573415687
18704,0.18707568575008224
18706,0.17484636457935807
18709,0.18982301862071582
18712,0.19281624177024367
18713,0.1605832173615183
18717,0.1520029487064187
18719,0.23469411347107494
18724,0.13096160634244944
18725,0.15957691228270587
18728,0.15500833353366278
18729,0.13070913126567285
18732,0.1862690757461934
18733,0.13189782093749253
18734,0.189107876231428
18735,0.20956080161495716
18736,0.18342966047531514
18739,0.13743829903559127
18740,0.14959283239309298
18742,0.1472662150919518
18743,0.17422220961558402
18749,0.1286751108556589
18750,0.13719094537446433
18751,0.1345162518825647
18755,0.1441948813702389
18756,0.1540961825373852
18759,0.1509045429492837
18760,0.17582986140746967
18762,0.152779960826066
18765,0.14306453734045038
18766,0.15347350003467233
18769,0.13384616015459244
18772,0.15432177944147862
18773,0.13939548230415827
18774,0.16248587490548735
18778,0.14231515065228056
18780,0.14420667361730247
18782,0.13339609198266922
18784,0.1376705921480488
18785,0.16687915127567476
18786,0.15285018647980314
18801,0.10113884811381497
18804,0.13133714452639908
18807,0.15898421005071323
18810,0.15854916761913077
18811,0.1394625388121563
18815,0.13215139764819164
18816,0.14820414575559068
18818,0.1429554801509764
18819,0.15814204618466418
18820,0.15178201842892786
18821,0.15903254065383085
18822,0.15809180671384357
18825,0.13396130513173693
18827,0.17452501182595861
18831,0.12908431673874332
18832,0.189402774209951
18834,0.1499499826928369
18836,0.1782307050636858
18837,0.12738138845293948
18840,0.19517105764671472
18842,0.1350909050201722
18847,0.1486389159373635
18849,0.1264713564485985
18852,0.1333051310421054
18854,0.1520518800648711
18855,0.1281138750663213
18857,0.12635805976636644
18859,0.16400290421724453
18860,0.11942205293592308
18861,0.14297518365027773
18862,0.12904382687268404
18864,0.1447183245176032
18868,0.17037756577019808
18870,0.15858077244097551
18871,0.14316903574838397
18874,0.13323493726141702
18880,0.16863108447095787
18882,0.13730620973987065
18884,0.13712526153128352
18889,0.14519781028582598
18892,0.1496514267880039
18894,0.16875469432413415
18895,0.1521048892753486
18897,0.22652116754004803
18898,0.13273505318950216
18900,0.2557709828439826
18902,0.14043530699947473
18907,0.16467506967912138
18909,0.23974393311418535
18910,0.17069802872719286
18914,0.13842839938382404
18917,0.124078828651463
18918,0.1518701751617053
18921,0.1788620576615055
18924,0.14664642524687824
18925,0.12433279611284052
18927,0.1627860199982708
18928,0.15226364091986336
18929,0.1270946263008245
18930,0.1341995188974687
18932,0.18251945978945058
18935,0.11709240065307086
18938,0.16765744257089163
18940,0.14470189477069753
18941,0.14207058295036368
18942,0.15064521161721495
18944,0.14100490688881626
18946,0.18131038428004287
18949,0.12648396752313326
18954,0.1769811180235553
18956,0.15172919419320582
18957,0.14279758075113816
18959,0.1978987242396825
18960,0.1073610019203065
18962,0.14115740875620833
18963,0.16359073247706407
18964,0.18515118026368038
18965,0.13957426644296902
18967,0.12580833956877627
18969,0.14162802734124608
18971,0.14841883182735474
18973,0.14073267331490422
18977,0.154247939978225
18978,0.15343573589579834
18981,0.18353216942065492
18982,0.13268368873130368
18983,0.1362957932422316
18984,0.13351237198209756
18985,0.13061261664793444
18986,0.18651584704956403
18987,0.12990723794450557
18988,0.14035105747104593
18991,0.16147761978903033
18992,0.14116713818405915
18993,0.13769942263057297
18994,0.1804668656542489
18995,0.16497524504580022
18997,0.14054659782175263
18999,0.12912620706805683
19002,0.12289424225267612
19004,0.14043337363300631
19005,0.12691894659392847
19007,0.15670449451951018
19010,0.17318454088607502
19012,0.13899577969967372
19014,0.12858834951835352
19016,0.13860056129440534
19017,0.2328067179653221
19018,0.1434168318594479
19019,0.15809983938625496
19022,0.14513640079286236
19023,0.2010201637783376
19024,0.15441529060063783
19028,0.1400268739424736
19029,0.12668701226584825
19030,0.14214817806648597
19031,0.1787641344065265
19034,0.1393498691608973
19035,0.14593715777925492
19036,0.22816695003692636
19037,0.13544051484833358
19038,0.15512288499683757
19040,0.18249356315132542
19042,0.15627902273678707
19043,0.13026760285622968
19044,0.13160759249251683
19047,0.16049292761498993
19048,0.17175378634269675
19049,0.13514840229462124
19051,0.14626588954414266
19053,0.1424658376527955
19054,0.1921526389625188
19056,0.13288698456113485
19057,0.18160530722079293
19058,0.14761563249984216
19059,0.13837345988717675
19060,0.14376548302855904
19062,0.17588161229232624
19064,0.1597554783009072
19071,0.1844953812503705
19078,0.12885022612298064
19079,0.14630982349632998
19080,0.13056208684142787
19081,0.1528153217103849
19085,0.1360644551085286
19088,0.18176597941927838
19089,0.16465463027177024
19090,0.14647093758144358
19091,0.1784208823658977
19092,0.12706360443231196
19094,0.1271585688314434
19099,0.19212239259800412
19100,0.15116325727409272
19101,0.14567421168703334
19103,0.13589697860127184
19104,0.14476090777827466
19106,0.16366198354073497
19107,0.18631768166263127
19108,0.14729668521164438
19109,0.13260850135108987
19111,0.19282252997419047
19112,0.14590066152629588
19113,0.1380580125451572
19114,0.17003607408001967
19116,0.22559062789581963
19117,0.1660787505028279
19121,0.14009847980735576
19125,0.1553018592153863
19127,0.15334548625651742
19128,0.12945616439183422
19136,0.1267872989714198
19137,0.12536016136718078
19142,0.1838557299263529
19143,0.13281901105734148
19144,0.13528672548876775
19146,0.13314210486578293
19147,0.12349615305118554
19152,0.1383953972207699
19154,0.1264834236043855
19157,0.14896821648908606
19160,0.1580643951140021
19161,0.17791683446202639
19162,0.15494653435752995
19165,0.13017496716146307
19167,0.12429294011043071
19168,0.13640206737635896
19171,0.17410819314114903
19172,0.1584490877287809
19173,0.13817506662591217
19174,0.1473790947955133
19176,0.13514424575609907
19177,0.20067806668271287
19178,0.11223960469546088
19179,0.1544813803727224
19180,0.137912945859973
19182,0.15022980018936138
19184,0.13740407234180574
19185,0.16649287229030627
19187,0.12965730525152838
19189,0.18247872406096674
19191,0.12646157109633638
19193,0.16973460591414802
19194,0.16299143260586976
19197,0.26301089278739703
19198,0.13753154548604363
19200,0.14647660306106577
19202,0.15770270348145135
19204,0.203901681302009
19205,0.14242164226706122
19206,0.1298409444973631
19212,0.1489695585598474
19213,0.139376551364069
19214,0.2151496908313082
19222,0.19418237339296232
19223,0.18822293018214897
19225,0.15383187072484333
19228,0.15340707752376354
19230,0.18155786857383688
19236,0.16467921900380592
19240,0.1919024055824261
19241,0.154917113302212
19242,0.1411886105364642
19243,0.1957781449365211
19244,0.13783397455066243
19248,0.13533607772517398
19249,0.22116335268833556
19250,0.15834792749491397
19251,0.20306399915794893
19254,0.1539478723162001
19255,0.13702889161723508
19258,0.1667553849752183
19259,0.14199122242431556
19260,0.19114695170934726
19261,0.12491140489300784
19262,0.12698529532110303
19264,0.13807389040930995
19265,0.19679396212881203
19266,0.14065308963518808
19270,0.12116806385610297
19271,0.1289351899504869
19274,0.13694428301309325
19275,0.13548172713870107
19276,0.11931495957855293
19278,0.1430335079322013
19280,0.13755063685161442
19282,0.16341783469541757
19287,0.22949525750829178
19288,0.1424051320447113
19290,0.14826900592630507
19293,0.1915161412912654
19295,0.1568865667472958
19298,0.1499840876555223
19299,0.13510008891570535
19300,0.15195307037156022
19301,0.1532837800619902
19304,0.15280910181674706
19305,0.15992978781581707
19306,0.1233919076610157
19309,0.16027205702793948
19310,0.14161750235388765
19311,0.17067009754415324
19313,0.16545367334862024
19317,0.16318365527165307
19320,0.20014508789525395
19322,0.12699760527713383
19324,0.15289511201072034
19325,0.14275545375256174
19326,0.21038064119780991
19328,0.1467181126893893
19330,0.17479983221971485
19331,0.2626015300798839
19332,0.13791140001386082
19334,0.16311728381875118
19337,0.12945379546486493
19338,0.15195207871143504
19340,0.1293722669350339
19341,0.1270060940813507
19342,0.14269266825720828
19343,0.1620520323446294
19347,0.17410319137758964
19348,0.1922339206911735
19349,0.15741162896080127
19354,0.1490346743491376
19356,0.13870727894266077
19357,0.1316423008773407
19358,0.16042891667783074
19361,0.14779843185571073
19362,0.1340402105382784
19365,0.14506268298201191
19366,0.12744182995210632
19367,0.2005162868575375
19369,0.1307454973609431
19372,0.12948516423401232
19376,0.1250199181533887
19377,0.15314047668857927
19382,0.13476929037940502
19383,0.17666537284827044
19384,0.19358333089008073
19385,0.1336355626281544
19386,0.16759231359615587
19388,0.13725503904164035
19392,0.14099222224395924
19393,0.1879057910773348
19394,0.14865626393749665
19395,0.1744541635456696
19396,0.15098204444070085
19397,0.1184165061217976
19399,0.20591074865556075
19400,0.16227734862866564
19402,0.17438124247273465
19403,0.15642427448375046
19404,0.12435176923519967
19405,0.13148609445386125
19406,0.16092103119227796
19408,0.13783801582656324
19412,0.17485681848495851
19414,0.1395021016834751
19419,0.1555088669095398
19421,0.1793213999286498
19424,0.12590577508555445
19429,0.21874939123149423
19431,0.18358263539012742
19432,0.13922579068392746
19434,0.14259763778046453
19435,0.12873439074151238
19436,0.13974229803960425
19438,0.16370707049034866
19439,0.16403344799875633
19441,0.13198502514120117
19442,0.17680773313096843
19443,0.14808745811498694
19447,0.12298048220230776
19448,0.12924698662536038
19449,0.15096842735775076
19450,0.1490081386799109
19452,0.14205622424586084
19455,0.18231528483717083
19458,0.134289874829004
19459,0.15647262132179926
19460,0.13526140588262348
19461,0.1284368999422641
19462,0.1508271495823503
19463,0.1493768788758458
19468,0.1464972367508922
19469,0.11889078269035974
19470,0.2271585272587681
19471,0.16582137289085586
19472,0.1288589341337259
19474,0.19662240196797934
19475,0.13603999843718073
19477,0.14725533415495887
19478,0.1347797897517052
19479,0.18485128120801878
19482,0.13985232778297835
19484,0.18637923046259755
19487,0.14586577919327443
19492,0.1457690851927232
19495,0.13893211438649078
19502,0.14348544369914293
19505,0.1448591787314533
19506,0.13393425685835955
19507,0.12917991969157547
19510,0.12891198192611805
19511,0.22804383203459622
19512,0.1326637527678444
19515,0.16609794561232202
19520,0.13458897060550667
19521,0.18762621849972633
19526,0.14279979797832731
19527,0.13082747487122592
19531,0.18789694357844317
19532,0.12656477360510646
19534,0.14919504659426797
19538,0.18919767780395635
19539,0.12206892793517252
19542,0.11131248010970891
19543,0.12821994414970503
19545,0.15405410175670453
19546,0.13981602272419943
19548,0.1589328079382881
19550,0.14806041561530006
19552,0.16579140218556027
19553,0.10372390688933802
19554,0.15584183723271824
19555,0.1553378041816959
19556,0.1642808257337332
19557,0.1280714903384338
19561,0.1588760102741023
19563,0.23262171202735044
19570,0.13614251295420002
19572,0.15872702727021964
19574,0.1722439080352711
19578,0.12655598076182561
19579,0.15598883957905021
19582,0.17626262915022306
19586,0.1446257092753844
19587,0.13179548719800638
19589,0.1474382467273411
19590,0.13737020148839058
19592,0.13563534082790302
19594,0.19488587551734396
19596,0.15013984023871207
19599,0.12352105172248602
19600,0.14175194892532456
19603,0.11913241817360119
19604,0.15741222536373692
19605,0.16405648056389252
19607,0.16961315037878588
19616,0.12868965487109668
19618,0.14282696274551054
19619,0.1261114270719622
19620,0.1365237124951845
19623,0.13462774747039216
19624,0.16591826807601123
19625,0.13804767281573577
19626,0.1405983833145314
19628,0.1353680098442634
19629,0.1559115859121474
19631,0.13071420172983478
19633,0.13317925551755827
19634,0.13837055024491215
19635,0.18191928347695674
19636,0.17907362874569802
19637,0.12528816804135412
19639,0.17101768020553038
19643,0.14098847066394773
19644,0.1514443067116866
19645,0.1682835976694759
19647,0.14470765158551346
19649,0.15194649046994302
19650,0.1511672975100663
19652,0.1517327528859214
19653,0.16441699445415014
19656,0.12946901016214776
19660,0.14222041206570651
19663,0.20182846598238982
19664,0.2327877734640574
19666,0.15767469760047675
19668,0.16600436768305488
19671,0.1513040651144735
19672,0.15093375481262036
19674,0.15777134873677895
19675,0.13287467625200344
19676,0.18521943496137996
19678,0.15753286058959154
19679,0.15562920401518052
19680,0.17380693632926367
19681,0.14324127212887328
19682,0.14171689017513045
19683,0.1505839552171634
19684,0.13815587940236776
19686,0.13162492376838522
19687,0.16974142230837697
19691,0.1482016226988221
19692,0.14311050157137684
19698,0.13786889291895746
19699,0.14223318533614548
19700,0.13338770883541629
19702,0.13299553660247293
19706,0.1438318406064151
19707,0.22871741980240712
19708,0.13205840291625529
19709,0.16584599135453695
19710,0.14067612058932633
19711,0.1426253355925681
19713,0.15997738355839414
19714,0.16311454416163937
19716,0.16121244241335717
19718,0.12205049034438992
19719,0.16208834420803475
19720,0.121212926605252
19724,0.11441699595681772
19726,0.16129206819891828
19727,0.14078175536238788
19728,0.13289292136474304
19729,0.14138014856837072
19731,0.1459366161996628
19733,0.18099789311823727
19735,0.132433547686891
19736,0.15309813770006864
19743,0.14899430801953137
19744,0.1685736161122148
19746,0.13204925093866826
19748,0.1756657276739104
19750,0.13972269192369682
19751,0.16123763461996804
19753,0.1259016671474438
19754,0.1369297705960028
19758,0.16640865175954464
19760,0.1519330908555445
19766,0.1358917765315738
19769,0.12946982049457645
19770,0.17519148455786057
19775,0.1549157105157564
19778,0.13534800103910177
19779,0.11883804798807765
19781,0.13882259569644664
19782,0.2051791167320153
19783,0.1298229679560267
19784,0.14921965053389294
19785,0.19152487636158252
19788,0.19268305728459564
19790,0.15938905453098537
19791,0.13344234154902937
19792,0.12947117276155895
19793,0.1680909479996608
19795,0.13405567365683796
19797,0.1720915388908981
19802,0.15107258752752376
19803,0.14904111508545095
19805,0.17351144009313346
19806,0.201503424192328
19810,0.23878923187184223
19813,0.13357741463083617
19818,0.23152535601187157
19819,0.1825787261685563
19820,0.16595213496931022
19824,0.23080024048035097
19828,0.15947452132031004
19830,0.15201791496963604
19831,0.17057113817470687
19832,0.16644408501431862
19833,0.22924897095172264
19834,0.14368544272421252
19835,0.12736005243021162
19836,0.1308050859511906
19838,0.15668396299078888
19839,0.14712777582652464
19841,0.1566186129059271
19843,0.1362396742255117
19844,0.1310772004594522
19845,0.14010474362115666
19847,0.16928320574031436
19848,0.1953577762212351
19851,0.14081835537441095
19853,0.1717636621174375
19855,0.14809715777549368
19857,0.1973261690741565
19858,0.1696597066593456
19861,0.16682162300800243
19867,0.17776363286164265
19868,0.14583636436065808
19871,0.12902114532871967
19875,0.1309519957482698
19878,0.13004473402325079
19879,0.16011655912770503
19881,0.14745745815934014
19882,0.13141801627975622
19883,0.14362561148585642
19884,0.19482659488640408
19887,0.2072044044301691
19889,0.1346531274425518
19890,0.14397604065383243
19893,0.14225043853726216
19894,0.19049628549814726
19896,0.13413729175071684
19898,0.2046328632054932
19900,0.19187809418033913
19901,0.14661031455007628
19904,0.17688342353252645
19906,0.23277506029653625
19914,0.13746313963122295
19916,0.1548644591040673
19920,0.1824025282404179
19921,0.1677127664167266
19922,0.14750409902288472
19924,0.20964636701270808
19925,0.13515959579330414
19926,0.2302313928484355
19935,0.15254005734771162
19937,0.2255817536962175
19938,0.1305737499133237
19941,0.17384215443550802
19943,0.12163268517899214
19946,0.1496251663607892
19949,0.1337170777011529
19953,0.1406202452426222
19955,0.22864883563907407
19957,0.1859612064512262
19958,0.17235738582696677
19959,0.22923480152515208
19960,0.1512127082983623
19963,0.1590184129723877
19964,0.17779747558925724
19965,0.152878050552477
19966,0.19637802355959103
19967,0.12825171693714463
19968,0.17180523966379127
19969,0.11763983586622867
19970,0.14640820593214282
19972,0.12231967370998842
19973,0.1271851780970758
19974,0.10800771463598396
19975,0.1513704045149043
19977,0.20639348827487217
19983,0.13334239488362998
19984,0.0976737934332825
19986,0.170179866061072
19987,0.18213770100294754
19988,0.1536921908804686
19989,0.1367184695941754
19993,0.12660447444271436
19995,0.15536137825686944
19996,0.20829385198204156
20001,0.14399947584974065
20003,0.13055702096011035
20004,0.14456116093894594
20011,0.1853474926286933
20016,0.15064599243711926
20019,0.14420831925190228
20020,0.16919971179820648
20024,0.13584484657540236
20025,0.17004714581818225
20027,0.1544995265086474
20030,0.14693204886432784
20031,0.12652573207332912
20032,0.16723293515311966
20034,0.13473607460039708
20035,0.13411632514228894
20037,0.14174855887994192
20039,0.12252955602654388
20040,0.141393778241375
20041,0.13244490101473794
20042,0.14466925494373822
20043,0.14304884071499802
20045,0.12499690243977568
20047,0.1948254265180169
20048,0.17605037662396067
20049,0.14067247867771976
20051,0.22342245860424753
20053,0.13431523439536808
20055,0.15526095700948528
20057,0.1832753869494643
20058,0.14973586811259496
20061,0.21282017893994268
20065,0.15840794766838628
20066,0.12321837625447934
20067,0.14495222756245993
20068,0.12509448848745347
20070,0.15752894409832832
20072,0.159158599618816
20073,0.2045946628726153
20075,0.19432939109247518
20077,0.140801368733164
20078,0.13265365542272922
20079,0.14665885144009583
20083,0.11878838894447054
20084,0.11350038493378792
20085,0.14253680428258297
20086,0.145913884218001
20088,0.135299953663508
20089,0.15763492178150604
20090,0.1668946463479273
20091,0.20618429798209245
20094,0.17102389489905534
20096,0.1574750034255073
20098,0.12511121427233077
20100,0.22687711855246553
20102,0.22345818972561415
20103,0.15804004206955694
20104,0.15628825485538608
20106,0.12874245432863718
20108,0.22931936539902492
20110,0.19386234955323328
20117,0.20046256213302746
20118,0.23135144064950572
20119,0.13407603647275443
20120,0.18695563846020669
20126,0.12254468194397797
20127,0.15009607288918303
20133,0.146531205097527
20138,0.13735722179695375
20141,0.13586920232221972
20145,0.1580368756942381
20146,0.15692331489620295
20148,0.1389559271893923
20150,0.1397056714073539
20151,0.14736718212790764
20152,0.1397779105603375
20156,0.12109762210594191
20158,0.14584941524058453
20160,0.13740766070861574
20161,0.15959132680200414
20162,0.14804512373763182
20164,0.26141680042874477
20167,0.12128770869960107
20169,0.14900587962513737
20170,0.17892708878488095
20171,0.14087527044474502
20172,0.1282128354200514
20174,0.127040827336327
20175,0.13753806667542967
20178,0.13118364038058172
20181,0.14021936620753472
20184,0.1521294513861231
20187,0.16656143025197928
20189,0.1256943464122093
20190,0.13363633790301288
20191,0.14697554324488407
20192,0.13776795766351357
20193,0.1697083554091484
20197,0.1882212789779476
20198,0.13046108001526058
20199,0.12437198472605777
20201,0.1482523500883848
20202,0.1359257133956613
20203,0.13270452952799583
20204,0.1589175924762705
20205,0.2006080796726226
20208,0.15803498377446515
20210,0.13463700500797648
20211,0.1365592083886649
20212,0.17010189563932887
20213,0.14627231508254648
20214,0.2224852677891985
20217,0.14076020925027286
20218,0.13990923372512087
20220,0.13458978459968715
20221,0.12848956979556006
20225,0.17909810313553054
20226,0.1479977933511622
20229,0.14192323906951762
20234,0.12627012307484095
20238,0.14168550581627445
20241,0.17096961468537233
20242,0.16390349461362433
20243,0.18850314249961123
20245,0.14961939725648332
20248,0.17595580330017335
20250,0.11830835955806838
20251,0.1779694700999813
20252,0.14060451496566306
20255,0.1392931453045962
20256,0.13375771335888925
20259,0.12794712256738636
20260,0.13949393287701273
20261,0.14358437599806825
20262,0.1345500318631146
20263,0.13261811024337405
20265,0.1410674415729479
20266,0.19485522412213246
20269,0.1310604659672284
20270,0.14833647345963297
20274,0.12281932391997953
20276,0.14923878212507072
20277,0.19473013024344388
20278,0.1356644827119113
20282,0.15283209142952947
20285,0.13573912778000027
20286,0.23313226242324797
20287,0.18360094775646643
20288,0.17757714107721054
20291,0.17396281931413443
20292,0.19036644055895321
20293,0.1395890092301871
20296,0.18022847730120695
20300,0.13579992418432116
20302,0.1386856352952481
20303,0.16866850141851353
20305,0.21317748772757014
20306,0.19350528752813584
20309,0.12596487121548255
20314,0.1672682046824694
20315,0.1380625766874296
20316,0.129491738342089
20317,0.1367335317851969
20318,0.1512766280217599
20319,0.1280914641798936
20320,0.14646993965648125
20323,0.13705831803524554
20324,0.12954248853440825
20325,0.15446116694775106
20326,0.17493723569899516
20327,0.13119788694534862
20330,0.12884717781866542
20331,0.13971118923521736
20342,0.20527552645818165
20343,0.1510696947254013
20345,0.12731129864081908
20347,0.15633297869979784
20348,0.13002261109960134
20352,0.11993404516121613
20354,0.13404103125583314
20355,0.16361208803697125
20356,0.19572323432395022
20357,0.13308734541842832
20359,0.13005073065716094
20361,0.20173767693412803
20363,0.13769495143560842
20365,0.14327434506208286
20367,0.16512263715781972
20370,0.12781278105546232
20372,0.12754076833217512
20373,0.17213692034880926
20375,0.1772363075460839
20376,0.13451970715921216
20379,0.1442597396494009
20380,0.13826533083565018
20383,0.13945468762147598
20384,0.21265422565937458
20385,0.12354997934215402
20386,0.13675908590125863
20387,0.15697165092487234
20389,0.16030775683147205
20391,0.17544157672569882
20392,0.20001589615683138
20395,0.15260628019236275
20396,0.15784274021571934
20398,0.2058080580638043
20401,0.1380170480441671
20403,0.1399206578116492
20404,0.17631094089619856
20406,0.1742032355749439
20407,0.13991054242506878
20409,0.16289739072164622
20411,0.13607072458576758
20412,0.15379624338213502
20418,0.15007415341988994
20419,0.1388551884655619
20420,0.1307600409329914
20423,0.1348944671073622
20430,0.1735798102000449
20432,0.13505920622935183
20433,0.1961861060974042
20434,0.19321003665738967
20437,0.1555537583254493
20438,0.15770411625716885
20439,0.13695202688850652
20440,0.1278183003515899
20442,0.15366922576441522
20444,0.19039298902894297
20446,0.14457155621387527
20449,0.16567639352861158
20452,0.14659874669810022
20454,0.14095369318538895
20455,0.13606099812551972
20456,0.14601243022425126
20458,0.1339834011834067
20462,0.14286890405863725
20464,0.14616975436002166
20465,0.1342818170850974
20467,0.14764306625031143
20468,0.12289966617251831
20472,0.17723157978035808
20473,0.11341192382280078
20475,0.14560681300650816
20477,0.14482215561730272
20482,0.17192100150396428
20483,0.15678868412342173
20486,0.1708901314756428
20487,0.15137657139504315
20490,0.13756833784246086
20491,0.14809493971780022
20494,0.14760183539999977
20495,0.14335932572315785
20496,0.12647358953099067
20497,0.13060891661694254
20498,0.1593504211703191
20499,0.12942593657387508
20507,0.12039916945419386
20508,0.1393556371888952
20509,0.16666743334405412
20510,0.15499082577358755
20511,0.16772503152199605
20512,0.17444655376793577
20513,0.22193983140430665
20517,0.1485848934698827
20518,0.19763860847785714
20522,0.16318115484936682
20525,0.16146419148288116
20526,0.12207642713027461
20531,0.14843438958321878
20534,0.1538653798012247
20536,0.13259260298347042
20540,0.15037808441845366
20544,0.13789826471547448
20546,0.1524803775831579
20548,0.13058421873121207
20549,0.15349706061182766
20550,0.13123396591376607
20551,0.1273518427459983
20552,0.13836863657579032
20553,0.1262879889382377
20555,0.15630579056574978
20559,0.17598744449841486
20560,0.17344054190323183
20561,0.18859737755249023
20562,0.12645527105760193
20563,0.13931869067325825
20565,0.16973612274532354
20567,0.16871596556080998
20568,0.20325920426713187
20569,0.14987205724323055
20572,0.12800909296565577
20580,0.1614545579339236
20582,0.1431411576838158
20584,0.1896986020425643
20585,0.17208080685357213
20588,0.10929357499025602
20591,0.1699534929379375
20596,0.14351117182407594
20597,0.17260870184516647
20600,0.13086560335371425
20602,0.16088863409523585
20606,0.1575515057057993
20609,0.14282166859262987
20610,0.1601818316241766
20611,0.1458619353474639
20613,0.1341481557958891
20616,0.15457071050574922
20619,0.12915165831465644
20622,0.1333571090186863
20627,0.1256621131007898
20630,0.18577705742939285
20631,0.1295169508873275
20637,0.13842306874535726
20641,0.16166333776258512
20643,0.18016321215659156
20645,0.1787559979113568
20647,0.1266500900576448
20650,0.15576413459101288
20651,0.1304014117643674
20653,0.163951802825414
20654,0.1749587187690643
20655,0.12842376035151157
20656,0.18432874355566614
20657,0.12822583010697855
20659,0.14422957912464698
20661,0.16749511600342812
20662,0.1434053520626469
20663,0.13516817617890237
20666,0.13130424719357847
20667,0.14138954527799047
20668,0.14176998316694528
20669,0.18386306665076013
20673,0.16070922051762865
20675,0.154327790326231
20676,0.24949125132881547
20677,0.14885437062700974
20681,0.13122853284381616
20684,0.1321394650397474
20686,0.14333450183077262
20687,0.1389105005240008
20689,0.15375013118614084
20690,0.14255851700068875
20691,0.15275222103550898
20692,0.15116912890480635
20694,0.14200106937849652
20695,0.15452091159706954
20696,0.18297493703741477
20698,0.14224622490425623
20700,0.16928285474357763
20703,0.14767525151852548
20704,0.2305554376698495
20705,0.13054701457889517
20706,0.15217031654361246
20707,0.1913743823662125
20710,0.20133033940007952
20711,0.14578604616796553
20712,0.1378720415538796
20713,0.16747454184858507
20714,0.16028625674531544
20715,0.12927431040290926
20716,0.2300839193753946
20722,0.15045590886776683
20724,0.1694143713481069
20726,0.16824961674079977
20728,0.15561986089347218
20729,0.15887243879361174
20730,0.14509184321131444
20734,0.15118541274146102
20735,0.13083568421445518
20736,0.13103109142748753
20737,0.14680293652067708
20738,0.15998506506053045
20742,0.1757829146613833
20743,0.18364961163015078
20744,0.1266900811903098
20745,0.15013596673317423
20746,0.15004032041401666
20751,0.12303854211144082
20754,0.19008047771797604
20756,0.15769863138684884
20758,0.16105671829242985
20759,0.14885717046859104
20760,0.20992329201495916
20761,0.15257445358191832
20762,0.12430010245210751
20763,0.11432272710576598
20764,0.12561439808304922
20767,0.1718661796154058
20769,0.14801766070125352
20770,0.14344443906163656
20773,0.14719313041853718
20775,0.17203630550670684
20776,0.12412131612005141
20777,0.15400726620806984
20778,0.16659810592139604
20782,0.13643510650901544
20783,0.13162374857561782
20784,0.15292130765839362
20786,0.11136096653482205
20787,0.142679266512876
20788,0.13995386418865916
20789,0.16408255521109957
20790,0.14393400641905424
20791,0.2320938295528076
20800,0.19721882359644116
20801,0.13266701109950757
20804,0.15236093673321321
20807,0.26350114554464377
20809,0.1652101981659019
20810,0.19550171741678102
20812,0.21229044143400733
20814,0.12971319728806222
20815,0.1419503520346251
20818,0.12095348315043006
20819,0.1990913528316468
20820,0.17573975425903032
20821,0.17261375057437486
20823,0.16799813519506682
20826,0.16729034862371467
20827,0.20793693423098922
20828,0.16049635170968038
20829,0.12957855476976254
20830,0.18129402234951478
20831,0.1356801422315684
20833,0.14350200424806234
20835,0.1440100853235916
20836,0.13471850487956435
20837,0.19103344426652344
20838,0.14681888185623734
20841,0.17419921036311242
20842,0.1609815883231539
20843,0.14274493502921698
20844,0.12419359001942626
20845,0.13932296573600308
20849,0.1689462952518548
20850,0.1267785560821267
20851,0.13182478275601175
20852,0.16958870380524035
20853,0.17713367831720958
20854,0.15572952601448203
20855,0.18725822471041123
20857,0.16154582995527142
20859,0.1504488324774242
20861,0.13626742180071255
20863,0.16617360274424353
20864,0.2105795185568425
20865,0.13575297736354303
20866,0.2205074804184207
20867,0.1811586484790018
20868,0.1449872792940895
20869,0.15903807448179377
20872,0.1541103799810218
20874,0.13980445401419705
20875,0.15034652319765868
20876,0.1402792013226832
20878,0.14483236885692427
20879,0.14033632218561812
20880,0.1547875352061006
20882,0.18304819727828017
20883,0.15851883728068325
20885,0.11935405779437856
20886,0.12784530610940228
20887,0.1741588858149025
20888,0.13930373805215426
20889,0.14543879076449528
20891,0.13544460677956863
20892,0.13743356232766807
20893,0.16298009947932143
20896,0.15264290360748337
20897,0.13857935824074893
20899,0.1477771678188884
20900,0.1805892914376775
20901,0.21481747516417377
20902,0.13334022688698166
20903,0.12736940974361238
20905,0.13500742248268918
20906,0.17803535105490406
20911,0.1585302453389879
20912,0.18505039917616792
20913,0.16576378660565078
20915,0.1278556936660712
20916,0.23045174099497806
20917,0.1950890672215679
20921,0.12433925322207275
20924,0.1261970595734108
20925,0.1438476674964993
20926,0.14310489690756678
20930,0.1514077426583095
20932,0.1643839359449158
20933,0.13137621078564607
20935,0.20244824640657733
20937,0.11805071801720901
20940,0.22187207241176074
20941,0.1252837644672837
20943,0.13080281147288914
20944,0.12308124095021876
20946,0.1007849088288091
20947,0.12653171213544778
20949,0.1494490994191017
20950,0.13301714292450467
20955,0.1333956210583606
20957,0.1394599924319135
20958,0.14409896834043107
20960,0.19385544966045717
20965,0.16242881048717825
20973,0.18109761605457692
20975,0.12800879220076045
20976,0.18932738284040126
20984,0.23460690388667632
20985,0.1190427710781527
20991,0.18525357032498055
20994,0.21594921249195073
20997,0.14521698579185688
20998,0.13367111299834006
21003,0.17260204907556642
21004,0.1772249858561316
21006,0.12742646240094396
21008,0.13656528826041878
21009,0.1341705347898712
21010,0.15358899222027578
21013,0.19908304558363207
21014,0.15814104902616913
21016,0.1392564476675579
21017,0.14583168189847237
21021,0.12551072443420264
21023,0.13532361924500422
21024,0.1351128718004729
21025,0.1396459932541743
21027,0.14937412301996802
21029,0.2140096209632693
21030,0.17497093800920668
21031,0.12149597275507004
21032,0.19068046117705986
21033,0.17486711383318168
21034,0.1513258484361196
21035,0.12570810976442498
21038,0.15840892344236263
21039,0.12197826385171802
21042,0.16887210373168887
21046,0.14025320474624717
21047,0.13429703856931113
21050,0.18193130900560883
21051,0.17155959094430429
21052,0.1426995554143862
21054,0.1281432044911019
21056,0.19285276762721001
21057,0.16656517021026088
21058,0.13418843128153665
21059,0.14806750510363384
21060,0.1361303562790617
21063,0.16588460362259028
21066,0.18464967031995239
21074,0.1505312234728983
21076,0.16670951266676826
21077,0.1336198261273061
21078,0.12677507942768848
21080,0.13904330374648946
21084,0.15600169386469817
21090,0.1562940778012033
21093,0.17443983104256858
21094,0.147040615493284
21095,0.1529186841740905
21096,0.13094536303688428
21097,0.1563911835187787
21098,0.17660906123449707
21099,0.1473957483990384
21102,0.16073149549017834
21103,0.14711098563103125
21104,0.15739346004221888
21105,0.1617625143635023
21106,0.1460539982060524
21107,0.17232003295003828
21108,0.1418826249978329
21109,0.14709976965558835
21114,0.1336629048576791
21119,0.1330711439733206
21120,0.13748020219991164
21121,0.15777153134980504
21125,0.15492806489867492
21128,0.15675604763572107
21129,0.19273766777034884
21130,0.15645771752443793
21131,0.1287721922489061
21133,0.15586568274254597
21134,0.13656733887699118
21135,0.13375488837922725
21137,0.1231915006684243
21138,0.13474737585244762
21139,0.13638960360219474
21140,0.17146573644519356
21141,0.1305130663748675
21142,0.1666620978008481
21143,0.14844816353346516
21144,0.12812408384119103
21146,0.10846021986642952
21147,0.14797218900804188
21149,0.1459534842601613
21150,0.1769835731115501
21152,0.1742859143431587
21153,0.14913490282743339
21155,0.16507257573525397
21158,0.1258633281754243
21159,0.127312189597197
21161,0.16027357992122643
21162,0.13355942806639756
21163,0.20082986340960288
21166,0.15250441634858894
21167,0.2231331012082439
21173,0.13697216941527754
21174,0.16204603293488612
21177,0.14132530527114956
21178,0.13935960641336861
21180,0.17576693238944602
21181,0.18598688376342665
21182,0.12530247606862907
21183,0.15304854531679535
21184,0.13096713899977036
21186,0.144022396570796
21187,0.15276330500639512
21188,0.1364115689330027
21189,0.1710797242666314
21192,0.14609007078651332
21193,0.1843353819166676
21196,0.17047158891502906
21198,0.14240185222377594
21199,0.14653425214651222
21200,0.20601511815557305
21204,0.15759867962778837
21206,0.15678079332866013
21207,0.13717115181147885
21208,0.14955108970574055
21210,0.1321084154791621
21211,0.1244733574429102
21212,0.1273585103188358
21213,0.12164188285240175
21214,0.1348388317860253
21216,0.15417825270345503
21217,0.16024259226958654
21218,0.1642510366075656
21219,0.15970254365693629
21220,0.15576424086505106
21223,0.16754151490864239
21224,0.17346891329856193
21226,0.20837804947103894
21227,0.13398637059909657
21229,0.1463621625569811
21231,0.15700244738397148
21232,0.165007625134998
21233,0.1393128005360689
21237,0.15146044950934276
21240,0.1284781379438813
21245,0.1673775263439685
21246,0.14030258233027057
21248,0.1532659553430527
21251,0.13135725133341564
21252,0.1396328439456095
21254,0.13818149844767968
21256,0.14702113177538156
21257,0.18088633601590756
21258,0.2184492850243589
21259,0.2047614644733079
21260,0.15024572621551596
21262,0.1333078369033675
21263,0.18650326906291187
21264,0.2211000660747621
21265,0.17690359085314336
21268,0.13513685643900689
21269,0.15146349818637925
21271,0.19970973745037365
21272,0.16449058853017867
21274,0.16712714012182234
21276,0.12197993932888096
21279,0.15444552531291436
21281,0.12795998695337263
21283,0.15106516847863144
21285,0.1290747564150237
21288,0.1570128919596382
21289,0.14904732232294277
21291,0.13382352475435932
21292,0.13025266192116183
21294,0.24968801738216173
21296,0.14396445953217277
21299,0.1419382112571067
21300,0.14163084326272207
21304,0.1908536220543948
21306,0.16855954732092945
21307,0.18431099308488066
21309,0.155163037121286
21312,0.1548923435517153
21314,0.1848025354870657
21315,0.1922454539496753
21316,0.17664298144425253
21317,0.14731823842956956
21318,0.10410526421455919
21319,0.1987617877608425
21320,0.1897336295195695
21321,0.13628877032210865
21322,0.16184109316094134
21323,0.19365759727131643
21324,0.1305366142799775
21326,0.21562601677957619
21327,0.1382396164951472
21328,0.15059269622815089
21330,0.12672804996946735
21331,0.13660289811959228
21332,0.1816563520316384
21333,0.12753115785656782
21334,0.157638787475148
21339,0.15610503635530248
21340,0.1295065464863673
21342,0.12982725018488792
21344,0.15527580242530473
21345,0.21706601958355629
21346,0.18848814504251185
21347,0.14602509454168644
21348,0.12833258981213774
21349,0.14009703968018
21350,0.17972625245719226
21352,0.1614963714553946
21355,0.1345324740711143
21359,0.20434350341586419
21361,0.1290314270532276
21362,0.14833191482291475
21364,0.15475756744794786
21366,0.110036064249989
21367,0.14089041344227587
21368,0.13261994828735915
21374,0.16982429270530291
21379,0.14591470160774087
21380,0.10218886014927772
21382,0.12886175989907092
21383,0.11945039272844099
21385,0.13700543412635682
21388,0.15150504494278524
21391,0.17233085509368057
21393,0.14849610049188394
21394,0.17631946157349676
21395,0.13374544473910646
21398,0.1470953884765671
21399,0.16203521782846772
21400,0.20201895921320986
21401,0.14181973892939287
21402,0.15997661851860465
21403,0.19103791535909262
21404,0.13095697935670292
21406,0.13203613165429168
21409,0.1312764979669446
21410,0.13390044412930605
21412,0.1371164039432758
21413,0.1269610563629312
21414,0.19390608599252396
21415,0.16510274357304167
21417,0.12222745621689712
21418,0.14866276273454515
21419,0.13939219566135472
21420,0.17803010247880974
21421,0.1887617023408858
21422,0.13560621780495818
21423,0.15252360513914337
21426,0.16494491159157626
21429,0.12819058709091494
21432,0.1349088080971921
21433,0.15220447653996283
21434,0.15013254205586596
21435,0.14321012587171167
21436,0.1349618347137482
21437,0.15933951478385208
21438,0.14324514800870347
21443,0.16063628045069003
21445,0.15854318844031343
21446,0.1242260587472296
21448,0.22355187830770057
21450,0.12408640647549558
21451,0.13501991508803945
21452,0.130576688259883
21453,0.14057764647871315
21455,0.1997954871583519
21456,0.14628705563010622
21458,0.1376932569330759
21459,0.14874731674683708
21463,0.1781621065021898
21464,0.2201319493213589
21466,0.19074236240583103
21468,0.14782111206156556
21470,0.13066219241630264
21473,0.14678895042751736
21474,0.12520013988817444
21476,0.13730504639948699
21478,0.10640414457492453
21479,0.1474674011687936
21482,0.1318353947838602
21486,0.12696337419661521
21487,0.14550094924150594
21488,0.13543361382482957
21489,0.1568713140471509
21490,0.13433740891113377
21492,0.22106090082676702
21493,0.18967959374488913
21495,0.1461941290920942
21499,0.16942231511238376
21500,0.13247734848743645
21503,0.13085165954706524
21504,0.1951019281032183
21511,0.13057977563518006
21513,0.1511353506284787
21514,0.14634801413169973
21515,0.16160549147544404
21516,0.14438832340953242
21517,0.1401042267878919
21519,0.1438454104761512
21521,0.137430428659376
21522,0.1850967531694941
21525,0.19843635691706346
21526,0.148565793650953
21527,0.12326074929426747
21529,0.14739589590806756
21530,0.1802097631275487
21531,0.19062705257281054
21532,0.16242334695096156
21533,0.15101744863228148
21534,0.16703775892242187
21538,0.10598626738486674
21540,0.13730690898250467
21542,0.1349602438278325
21544,0.14306819347521935
21545,0.1282197971613088
21547,0.14400015884809303
21548,0.1384553876303893
21551,0.1259519243999116
21552,0.2579040418181294
21556,0.12851060473978107
21557,0.13771384355940702
21558,0.17188842557623216
21559,0.16337515124228943
21560,0.1153013767862233
21563,0.19341202304236707
21567,0.14571680665647446
21568,0.12979308632649716
21570,0.16602172125182277
21575,0.11966338731404239
21576,0.18901990786561004
21577,0.1329251033050859
21579,0.1234408401194518
21580,0.139995165351966
21581,0.1355823756782371
21582,0.13371825738466223
21586,0.20939269086825404
21588,0.1677165562385597
21589,0.1435718214148069
21590,0.1278111355074722
21592,0.17274806043205548
21593,0.20872586274033722
21594,0.21387042024574132
21595,0.09678374461406505
21596,0.1504702662595661
21597,0.14790321023108688
21599,0.13674353738329545
21600,0.1401836387333118
21604,0.1312248798194512
21605,0.14070739990356856
21606,0.19169478315740524
21607,0.1526149167128894
21608,0.1871607521993137
21611,0.16178870156885847
21612,0.19124585571720798
21613,0.17937562716389738
21614,0.1594452857740782
21617,0.1365869969387937
21618,0.13696069407351533
21621,0.1391034051730257
21623,0.1610528714986998
21624,0.13453380405994428
21625,0.24005543071696123
21626,0.15116193760381658
21634,0.14197459456601502
21636,0.1567455922047566
21638,0.18710234424905853
21641,0.14409668302918852
21643,0.1878262629166011
21645,0.1278656618715565
21646,0.1658012693245833
21649,0.1346504278979078
21650,0.16710529730997573
21651,0.15896738255267373
21652,0.13663867398572424
21653,0.14866292285696425
21654,0.15692748079916954
21659,0.12707947837666267
21660,0.12725828520082752
21661,0.12434705759439243
21664,0.1409449814132518
21665,0.13200379659096134
21666,0.24007394338800175
21669,0.14305622520187092
21671,0.13581209274380973
21673,0.1708615224911252
21675,0.16954880860182325
21676,0.13146561805356627
21677,0.16766305907507026
21678,0.1624751309493973
21680,0.135636010291563
21681,0.1383468981037346
21683,0.1477005685726755
21684,0.13700678526873017
21685,0.13128158981610935
21686,0.1353075588170774
21688,0.16719765258130861
21689,0.16299711652739088
21690,0.15195479695835412
21692,0.15554054287885483
21693,0.13247248193405126
21694,0.13557050550781485
21695,0.1268126790345102
21696,0.13509872749479643
21697,0.1434599494814972
21698,0.16468620733377132
21699,0.13671517161000724
21705,0.14308075686000765
21709,0.18222603161738316
21710,0.18106475956774482
21711,0.20345257400846162
21714,0.13446927392522182
21715,0.16184802761672024
21716,0.1604749640666552
21719,0.16896934518533344
21721,0.15916366678005026
21723,0.2139902128040615
21727,0.1713167005685389
21728,0.1473592611363795
21729,0.1400701285154924
21730,0.1445531379697769
21731,0.16104177083261376
21732,0.10247163919130839
21733,0.13533964707342747
21734,0.1736416128912199
21736,0.15807537564760324
21737,0.14895056364387563
21738,0.15817998683460913
21739,0.19262962018579252
21741,0.16129086819057306
21742,0.22483779101213788
21745,0.16788233024817142
21746,0.1496640776567108
21747,0.1710006742884218
21750,0.14370336968753775
21751,0.12254497387344417
21754,0.14673314821901193
21756,0.14453227388444395
21757,0.14132371413756556
21758,0.18408051645511728
21760,0.12931100678893626
21765,0.14734082033870505
21767,0.13042068562808007
21768,0.1584069665649891
21769,0.15231577114960645
21770,0.14080520548392605
21771,0.1269074254407129
21772,0.17933503527562003
21773,0.13951502548028305
21774,0.2241630660186694
21775,0.15075809046444683
21780,0.15319973502553924
21781,0.12984444582473045
21782,0.20550922704335778
21790,0.14814680083050916
21791,0.20877159463523356
21792,0.1793900826052291
21793,0.16905518478569737
21794,0.10670467697848761
21796,0.13410633747972917
21798,0.1957940934999621
21799,0.15674236590190813
21800,0.16171688275146395
21802,0.16295431984880138
21803,0.16483695741552618
21804,0.14119381631840647
21805,0.12806478751148587
21806,0.1492502355925847
21807,0.15583780348689943
21808,0.13934615119731047
21812,0.1296713016689007
21813,0.1855079605282989
21816,0.15164729713472294
21817,0.12165832516314252
21819,0.1492614953054434
21821,0.13750615484794307
21823,0.1787425408367514
21826,0.13495500634652005
21827,0.13454777314223687
21828,0.1493554332091056
21829,0.13855074225324987
21831,0.1315349606837848
21833,0.14167547557411392
21836,0.16002558744187972
21837,0.2236115558049115
21838,0.13251292636255815
21839,0.1522448770823739
21840,0.12520063232456585
21844,0.13990524645149727
21846,0.13992350545434026
21847,0.16356558149530465
21848,0.15403176896949125
21851,0.19850934669482023
21852,0.12436784180210275
21853,0.15740614530807379
21855,0.12654869979504352
21856,0.15783522979539424
21859,0.1767403150646398
21862,0.10531313364734472
21864,0.15779382032128686
21866,0.18445447134016868
21867,0.1294676949895996
21868,0.14247513202169965
21869,0.13556215986906464
21870,0.14552648248070044
21871,0.24725560936144614
21872,0.1723556741949555
21873,0.14760635830966395
21874,0.13051658939582286
21876,0.15891747179218
21877,0.14412347265426834
21879,0.2009122542774766
21882,0.18138298504084094
21885,0.14098663778711484
21886,0.13270578062079105
21887,0.1572233180135364
21888,0.22796368746548212
21889,0.13423806401908805
21890,0.1349906613074416
21893,0.12928362034660448
21894,0.1324237258353558
21895,0.1210929289973552
21896,0.1761141893652731
21899,0.19641724096683322
21900,0.16423855296736734
21901,0.12871624614974
21903,0.12843876864074016
21905,0.1696934518474342
21906,0.16037729344009574
21908,0.11007098413194914
21910,0.13999813041265716
21911,0.13232471772448423
21913,0.1624938715805973
21914,0.12884251498837124
21916,0.1345299456053518
21918,0.1340326720078589
21919,0.13502883784718667
21921,0.14559362643086157
21923,0.13456813321621092
21925,0.1837520788827113
21926,0.18457467739460784
21927,0.13802188968826304
21928,0.12847443550550489
21930,0.21660988447620727
21931,0.1469352969403178
21934,0.19196050165646628
21935,0.13995997954672126
21936,0.21903026438982143
21937,0.12488117076292614
21938,0.1817611918738641
21939,0.1980525002023295
21941,0.1278921908327678
21942,0.17088155884801368
21945,0.15179507132911332
21946,0.13656967218322053
21947,0.2357540013369547
21948,0.15841711782216308
21952,0.1499709022786881
21953,0.1499611457136688
21957,0.16490673333691044
21958,0.13375993867730593
21959,0.14491514691975843
21961,0.14327876222387592
21962,0.1308124381604606
21963,0.1535309788564551
21964,0.19258453166950196
21967,0.15817332604452444
21969,0.16353402439198278
21970,0.17693344672397335
21971,0.12164119189013618
21973,0.22797142323065958
21974,0.1298296682576831
21980,0.1308851522900813
21981,0.13736209338786975
21983,0.13673024659169106
21984,0.13711004656474454
21985,0.1475553615354514
21986,0.16790901320862908
21990,0.17069745970258554
21991,0.140059214322234
21992,0.12550148622617707
21994,0.21499048374543747
21995,0.13328707190770647
21996,0.13053546868253812
21997,0.1672354140249392
21998,0.15509144735578514
21999,0.1255219411188302
22002,0.14525421161717883
22004,0.1310936975638488
22005,0.20311535442593034
22007,0.15320127522539326
22008,0.17347348611740143
22009,0.11951923444505846
22012,0.19669201045050577
22013,0.16332594690537072
22015,0.13847560036990708
22016,0.14051155213832842
22017,0.13345220599067686
22019,0.17158088248042005
22020,0.1563199948174677
22021,0.1264977384563804
22022,0.13662916669673023
22023,0.15799564816410697
22025,0.27135772779230366
22027,0.16121566931540313
22028,0.11922224522222287
22033,0.13231569979720345
22034,0.17807683229382643
22035,0.13231515480917497
22036,0.12107052173651613
22038,0.11655327871464455
22039,0.1473522764452122
22042,0.14983433623615947
22044,0.15159564533024675
22045,0.13411085374193976
22048,0.18612378971590843
22049,0.14065859161296973
22051,0.1294158780353197
22052,0.17595101707225824
22053,0.14056698874830698
22054,0.1472251943834055
22055,0.13817658938658267
22056,0.19475570460273967
22058,0.14491321898451814
22059,0.18709798185356744
22061,0.14222956645202264
22062,0.14214982218590164
22065,0.14562613563540153
22066,0.14915767567944907
22068,0.14625074874818345
22069,0.1713300850760792
22074,0.22751637298484406
22076,0.13980771829296892
22077,0.14227045537515282
22078,0.1616680052765383
22079,0.16007005571971913
22080,0.16222971849678589
22082,0.14027060949168285
22084,0.16349242076690876
22085,0.1448892886027159
22086,0.1461530711414571
22090,0.1699851675298537
22091,0.16109232629224157
22093,0.13375881265692866
22095,0.16181842716440295
22098,0.1290376103749371
22099,0.15871378345466103
22100,0.12429771681678463
22101,0.15875259948395054
22102,0.26957731353745545
22103,0.12476829159000499
22106,0.19409799965355343
22107,0.1456131410464451
22111,0.19184469595679474
22112,0.1530510987296299
22116,0.1517189890666873
22121,0.15260185980700036
22123,0.13274043104902772
22124,0.17330813908380133
22125,0.12574126542935468
22126,0.15146646324208152
22127,0.11839689633626371
22130,0.13026591543470764
22131,0.17275465181920363
22132,0.1680660508461036
22134,0.1942132665941358
22135,0.1652391048416827
22136,0.1637932341598803
22137,0.13344000677443651
22141,0.19200215901710557
22143,0.13171347993231655
22146,0.15221227400499862
22147,0.15612029070400135
22148,0.17049701647101775
22149,0.14945714107479752
22151,0.15501111305508283
22152,0.13777815217532494
22153,0.13155862682600605
22154,0.13169783828524703
22156,0.23353792092155928
22158,0.14173331588454735
22159,0.20603521036204556
22160,0.14368980637211076
22161,0.13051670139385807
22163,0.10617242457269899
22164,0.15179694146204192
22166,0.1516018457510877
22167,0.16454502455461956
22168,0.20827097936809555
22169,0.24453145283473757
22172,0.14654423524389193
22175,0.14213606275336008
22176,0.13010045684414612
22177,0.12562329918050436
22178,0.26865496856954174
22181,0.14415832357638034
22182,0.14480880015551012
22183,0.1267227645664064
22184,0.14366698151917207
22186,0.23360556879476468
22187,0.1760109261275611
22190,0.23391160417973342
22193,0.13837709904625808
22194,0.14319674851661723
22195,0.23275263732025653
22196,0.1571164291312963
22197,0.15786662344703406
22198,0.13461463664110423
22199,0.22239580318806013
22200,0.144528135665321
22202,0.1781282667463192
22203,0.1366339827739404
22204,0.13864697356762906
22205,0.1286395034407072
22206,0.16696043770623778
22208,0.14758865835234694
22210,0.1272116042253196
22212,0.1681657817937427
22214,0.14258972260093905
22216,0.15196360733018993
22219,0.15771354293439385
22222,0.14851346083460829
22223,0.26002262901237466
22224,0.17210296861730814
22225,0.14992796067071446
22226,0.12837350833256192
22227,0.18447182263547718
22229,0.12272370362246145
22231,0.13623821324571933
22233,0.1737896722040079
22234,0.21146352772599347
22235,0.14807157158086823
22236,0.15367286880081057
22237,0.1870316763718975
22240,0.1101259721337721
22241,0.18956950400303615
22242,0.15448349667035807
22243,0.13299786923576276
22245,0.20477839653465357
22248,0.15674831575936848
22249,0.13979811689408025
22250,0.22386908105187295
22251,0.1475609926474855
22252,0.16855787129968108
22253,0.13730803057676724
22254,0.1252495344570543
22255,0.1599611498396991
22257,0.1348993641185412
22260,0.1521077789978672
22262,0.1483876906391181
22263,0.15312813200696612
22264,0.22216695394675884
22265,0.1443089368586811
22267,0.1972037607826973
22268,0.16819927104216154
22269,0.15635431281072598
22271,0.13324143379826361
22272,0.1337894301382946
22273,0.13468284868007402
22274,0.17211632557939666
22275,0.1973716664180083
22277,0.2558588057084852
22282,0.15541040105515344
22283,0.2084133359742419
22284,0.14167559468023452
22286,0.15155934400232973
22287,0.13461174205694143
22288,0.15437859410871263
22289,0.13806804098053474
22290,0.13738471817592876
22291,0.1479654360332359
22292,0.13173215151365714
22293,0.14472125330343322
22295,0.132613923451371
22296,0.23527041149291272
22297,0.15783053713162382
22298,0.13080839936433789
22299,0.13543541859332126
22300,0.13990955565071758
22302,0.1696284250443048
22303,0.1546724611120888
22305,0.12223666445201913
22306,0.16198731247559917
22307,0.16116271703949742
22308,0.1389050156094172
22309,0.16247095950291937
22312,0.20785467050558892
22313,0.12141239818301067
22314,0.18882085201351598
22315,0.16782031637371878
22316,0.14886674766743677
22317,0.1537687965760905
22318,0.21129430445410882
22319,0.17051060399706736
22320,0.1643385641209582
22322,0.16617338535424905
22323,0.17105987942016343
22324,0.17667712592803697
22328,0.17411716331908625
22329,0.13149153970395244
22330,0.14949714752545754
22331,0.16106893459582777
22332,0.13620736848992768
22333,0.1521527043038964
22334,0.14067290383649578
22335,0.15167515818170496
22336,0.16530458117578792
22338,0.1553709498975583
22339,0.16321935357330133
22341,0.13388280203532904
22342,0.16296327794820537
22343,0.19071717121018247
22344,0.223253389431425
22345,0.2651530145280838
22346,0.14301179184234344
22350,0.14989249414334999
22351,0.13183224743101338
22353,0.12609257089852066
22354,0.1642624147020221
22355,0.14388991733740414
22358,0.16341969936278952
22362,0.14482772129186008
22365,0.195123863045648
22366,0.15714927743436058
22368,0.13616328847162354
22369,0.1332905004488348
22370,0.15960095354355128
22371,0.12140131787261209
22372,0.17191979172818794
22373,0.12823514691330598
22374,0.12009120254515794
22375,0.14444485357837744
22376,0.24725570659112117
22377,0.17885717867342057
22378,0.1342276095510909
22379,0.18917371227517343
22382,0.15092130561070885
22386,0.22089331531851045
22387,0.16317981497630668
22388,0.12900765009124726
22390,0.1655170670616963
22391,0.14136457179084752
22392,0.12041945440158645
22393,0.1825208882779665
22394,0.1547591821077878
22395,0.238018856894818
22397,0.15347497070521068
22399,0.25066949105987507
22401,0.13552107229028482
22402,0.15689916918870406
22403,0.140170090751563
22405,0.15510502129989187
22406,0.13201182781999404
22407,0.16599835523536022
22408,0.15411620442204738
22409,0.1376306115681149
22410,0.1295039728504056
22411,0.213177595655914
22413,0.21980647022906344
22415,0.14634505805575532
22416,0.1700977877956885
22419,0.20558851951271476
22422,0.15641810912972065
22424,0.1536486527784901
22425,0.19819395145358812
22426,0.14900895861836266
22427,0.18273178047535518
22428,0.17070496695059267
22429,0.17738065859211105
22430,0.12289268081522413
22431,0.15460120588550658
22432,0.1288367163283822
22433,0.13102846372692928
22436,0.11602715706575775
22437,0.1286165167528232
22438,0.1419657517718878
22439,0.12714813082560258
22440,0.15205800586857868
22441,0.1252560825101134
22442,0.12959199509623123
22443,0.18201326917459099
22444,0.12300377217468642
22446,0.1298036557575443
22447,0.1724556385550198
22448,0.15312060228396304
22449,0.13950286883702562
22450,0.14609958391427166
22451,0.16200389278000918
22452,0.15327825174364437
22454,0.15583142377075065
22455,0.24105312110988517
22457,0.1880885954376289
22459,0.1496057587168886
22460,0.1831594199084276
22461,0.13780351710288974
22462,0.2317711646817502
22464,0.1332671132687781
22465,0.13137232835341917
22466,0.15549574724474682
22470,0.16839135665838506
22474,0.23524792686255847
22476,0.14273562450100263
22477,0.14887702208503747
22479,0.18541841371816492
22480,0.21120802832487376
22482,0.17210372935452392
22485,0.14353218777348878
22486,0.254490260018055
22487,0.1326566643902777
22488,0.1947468155571954
22489,0.1478777719996822
22492,0.15763683830429714
22493,0.18832855265433796
22495,0.22612893262963607
22497,0.1611052253291773
22499,0.14133519286957438
22500,0.12422598700654283
22502,0.14529670627851066
22507,0.14363132682254992
22508,0.13024733953080522
22510,0.14874290624753048
22512,0.20066510947485208
22513,0.13333421630932524
22515,0.17414036652412093
22518,0.1659229104978617
22519,0.13088774059062017
22520,0.13998221423141013
22521,0.14870550316797218
22523,0.17464959922804138
22524,0.2526137790724925
22525,0.14295350309937993
22526,0.19604771441167618
22527,0.13353841737754943
22528,0.1264680675796421
22529,0.10922774388293427
22530,0.22640684064019337
22531,0.13517170567719597
22533,0.16989544039528728
22538,0.13239593826142726
22540,0.1349603919309094
22542,0.14427556158463845
22544,0.14607124462618942
22546,0.14127655973942516
22547,0.19877572938638347
22549,0.13190877315528649
22550,0.178051669102895
22551,0.1991722716996447
22552,0.16397669363138193
22553,0.13096428024467163
22554,0.15903267705669816
22558,0.14167341951623547
22560,0.1340324237964872
22561,0.13686073471693222
22562,0.1721565809057973
22563,0.20616115191328543
22564,0.16678220115537962
22565,0.16659079560042006
22566,0.13563833043754894
22567,0.14194768297240787
22570,0.13640302423185144
22573,0.16649219893160658
22577,0.1588647752399885
22580,0.16818142721683763
22581,0.15089382564962325
22583,0.15845279698539821
22584,0.15583520879403362
22585,0.12282527067946113
22587,0.11865300704467907
22588,0.14036570254263517
22591,0.1824067391154118
22592,0.149147727431484
22593,0.1658935002732142
22595,0.15418973407672595
22596,0.15379293789534773
22597,0.2051199572389585
22598,0.1749049209898943
22599,0.13758441453709686
22600,0.15369481466859047
22601,0.1563226904416379
22602,0.16415011887357864
22603,0.1513056370837848
22604,0.19080561448627162
22605,0.22404256616932827
22606,0.1680396938476673
22607,0.12752084820989357
22608,0.13124305681184367
22609,0.17631778116559557
22610,0.15112118582868073
22611,0.1394523358582869
22612,0.1540775285500722
22613,0.19651988645420046
22614,0.16602841396707974
22615,0.16264124986966166
22618,0.1359217155113194
22621,0.14084533604944144
22622,0.13452985212891605
22624,0.17740456932847762
22626,0.16164079147238852
22627,0.20354721894809558
22628,0.133374958898776
22629,0.14705492558868566
22630,0.19444608546934208
22631,0.12605223865134665
22633,0.13830111227607322
22634,0.15760959981101025
22635,0.14058968191065183
22637,0.131323687350411
22639,0.23233985120546236
22641,0.12923549474205928
22642,0.16717840070365683
22643,0.14837420101874169
22644,0.28022303002482357
22646,0.13830025802505141
22647,0.16212748703919405
22648,0.16391817277614235
22650,0.1724196225009387
22652,0.13086111100207232
22653,0.13432846147660568
22655,0.1850935376372486
22657,0.12645697024156385
22658,0.1444947296421984
22662,0.1435062638927348
22663,0.14023798021584868
22664,0.17319690972835966
22665,0.18759202308561432
22666,0.19643716322950272
22668,0.16089843132155937
22669,0.22355856973974408
22670,0.15650964362840292
22671,0.1679151716989785
22672,0.1119073370521406
22673,0.1566689864393792
22676,0.16043273835509628
22678,0.16442248611078872
22682,0.14183021917736213
22683,0.15303842922213937
22684,0.1529472109176373
22685,0.12863258044156592
22686,0.15265941353206333
22687,0.1702013815413037
22688,0.1269980358695863
22690,0.19056880922625818
22691,0.1598296172903362
22692,0.12811440753912948
22694,0.20175674427353993
22695,0.1342825220037338
22696,0.15756426455711883
22697,0.20030452238315985
22699,0.20779002951734482
22702,0.19589839686353414
22704,0.1181783078151648
22705,0.14327795214386024
22706,0.2570000629808115
22709,0.15580239046887562
22711,0.17474144945735723
22712,0.13548198086990784
22714,0.14322549734355583
22715,0.13499617295597754
22716,0.1378595500247103
22717,0.157715329796205
22718,0.12790280322613892
22720,0.19439531741961258
22721,0.1711906433402385
22724,0.12359846994823702
22725,0.15435074342634553
22726,0.21429694747240893
22728,0.1389080653154646
22729,0.13893045023031397
22730,0.2155800641403707
22732,0.15316845886712402
22733,0.15624941740478304
22734,0.15235421500661958
22735,0.21695757193423648
22736,0.138385472733166
22737,0.14809859669908235
22738,0.12955727499519026
22739,0.18650987350088327
22740,0.18866407974171145
22742,0.18028234047362543
22743,0.2190231873956163
22745,0.13419135230986853
22746,0.17918596422872174
22748,0.24233892869367685
22749,0.13349633240550812
22751,0.11884576957851244
22752,0.1446990279923712
22753,0.21299904321121624
22756,0.1692079707144967
22757,0.12962483377739845
22758,0.1525944585542492
22759,0.1405665823522681
22762,0.16359652790011647
22763,0.16551586396978263
22764,0.13502137663408786
22766,0.1504613087788244
22768,0.1518517832663487
22769,0.1286759047381418
22770,0.12993950661847395
22772,0.18222307961007847
22773,0.13257393814669255
22775,0.1448085547384799
22776,0.1502469599301616
22777,0.13828717620695935
22779,0.19332503775627707
22780,0.15445955157227895
22781,0.24080248720540615
22783,0.15263503724180028
22784,0.1789092496066795
22786,0.16995428734853843
22789,0.15225843787170276
22791,0.15809911270816562
22793,0.14801362340091984
22794,0.1336388333312646
22795,0.19982152650081236
22796,0.18084746454535708
22798,0.14430640609404313
22800,0.13188119792719344
22801,0.1983398346947327
22802,0.19001909070538564
22804,0.14702828645729735
22808,0.12540157287019624
22810,0.19498196145936056
22811,0.14820918824685894
22812,0.13023756982483423
22813,0.13647446230740823
22814,0.14624080159025013
22816,0.15467220104888416
22818,0.13568596503478472
22820,0.17550620511054904
22821,0.18862318381426543
22823,0.18147138378885938
22824,0.18752434074612498
22825,0.14038936135992217
22826,0.19247080182438817
22828,0.1451998643730845
22829,0.1682268647695278
22830,0.18060804994550558
22831,0.18132498160110902
22832,0.15641812442460623
22833,0.12725829059227306
22836,0.16651328621886885
22839,0.12885287563879494
22840,0.17087949332417132
22841,0.15264781189013918
22842,0.12838701686806786
22845,0.14863357260294088
22846,0.13708125644141186
22847,0.13836563759918336
22848,0.14073662452622168
22851,0.13669449744078133
22853,0.12355844350671737
22855,0.1408015210830677
22859,0.13911598767471553
22860,0.24142269301999672
22861,0.12903361117817333
22862,0.15479833457176997
22864,0.1340283381698316
22865,0.1432891133851963
22870,0.1829923782372522
22871,0.15188033346033822
22873,0.14287244722001988
22874,0.17011390179302555
22875,0.15343355238128883
22876,0.14130299555741366
22877,0.19038067376830928
22878,0.12074253408300085
22879,0.18701873532624957
22880,0.1520096101199037
22882,0.12227221089641699
22883,0.23287261198591075
22884,0.13392461950892634
22886,0.12390948957090324
22887,0.15065107510082962
22888,0.1594393795806484
22889,0.18359893173353584
22890,0.148202809979597
22891,0.13961439073721005
22894,0.14940897940117906
22897,0.15405976804286042
22898,0.15986886522228796
22899,0.14233074909579205
22900,0.12156893543993584
22901,0.12372819310907074
22904,0.15207664911665025
22905,0.14654106788556984
22906,0.17560067006093447
22907,0.1936261124944704
22908,0.13771534342988415
22909,0.1450366210810557
22910,0.1591329364515552
22911,0.21912139000685485
22913,0.15705803317570957
22915,0.1441834783178173
22918,0.1225406815915468
22919,0.19145617670948611
22921,0.22891495306293924
22922,0.12689402179961598
22923,0.13354519571896278
22925,0.14434018215459823
22926,0.12045209604674027
22927,0.2275734095002474
22928,0.14118308541947913
22929,0.16330380575975523
22930,0.15443149200782752
22933,0.1323389425505743
22934,0.15926434592394725
22935,0.12585381475144028
22936,0.22142596867694844
22937,0.221782450787711
22938,0.1886889319566629
22940,0.12507025123342652
22941,0.2507904728580393
22943,0.14395405070721945
22945,0.13422029764048793
22946,0.1352657768242724
22947,0.13970382310178098
22948,0.1959001774991867
22949,0.18041505049888887
22950,0.20173234967554954
22951,0.16642109257872165
22952,0.14728274805643649
22953,0.1476222415586948
22954,0.2256803182938086
22955,0.22294452244755902
22957,0.2773254046405808
22958,0.21541075388892628
22959,0.13055809869926036
22961,0.19171362606311185
22962,0.16911253808948418
22963,0.13665018442982083
22964,0.17546295853540475
22965,0.16416196233902103
22966,0.16555850916753204
22967,0.15952554784472597
22968,0.2204158972175723
22969,0.13516671237463573
22970,0.12488112977130697
22971,0.17979567084300047
22972,0.19057469508563077
22973,0.25395428789339086
22974,0.15437796984270843
22976,0.13407205490289456
22977,0.18662402020971441
22978,0.1417865995339068
22980,0.13458197099836156
22981,0.1105151166769056
22983,0.13411806969686632
22986,0.1506019472417508
22988,0.2632681307498842
22989,0.1899238829383034
22990,0.16074566825183045
22992,0.12803982153719634
22993,0.1515884955523944
22995,0.13080733738597305
22996,0.14592770776439826
22997,0.16486847091025947
22998,0.14456295871928526
23002,0.21139489236922715
23003,0.1343018271344685
23005,0.14904220109134203
23006,0.13728055092040667
23007,0.12806505562108542
23008,0.15759923973361203
23010,0.15585548322717696
23011,0.10790686723216332
23012,0.15492659962997268
23013,0.16838234926181564
23014,0.11961171000881318
23015,0.1424776189363624
23020,0.14832867428405708
23021,0.16156903339691345
23022,0.1590362602302872
23023,0.13961244952443969
23025,0.1801407920809832
23028,0.18228108380806135
23031,0.21642917995034447
23032,0.1826308204782278
23033,0.13987833198905825
23034,0.14222304345006775
23035,0.14950377788321778
23036,0.1823936693833963
23037,0.12754357014760492
23039,0.18139767905735055
23040,0.12689067630018075
23041,0.1379019597852274
23043,0.1279076862959436
23046,0.14451911260118522
23048,0.18128658960009894
23051,0.17473391725921217
23052,0.13087789528652988
23053,0.14042740405591
23055,0.16756344658063171
23056,0.1336928951361686
23059,0.15806488518168482
23060,0.17529141972907009
23062,0.1372393075159331
23063,0.15421556855728097
23065,0.153932290847144
23066,0.13468909350592262
23067,0.14046834446546336
23070,0.15811494309880667
23072,0.15493385259428755
23073,0.16280958461579798
23074,0.13356034254807794
23075,0.12939551669480354
23078,0.13621474882435333
23079,0.15515800511280028
23080,0.16955402571794304
23081,0.12713604535560916
23082,0.18048335160554438
23084,0.13122282059757479
23087,0.12683808726693016
23088,0.1960008417844407
23089,0.2258697613930428
23090,0.15726069625248054
23095,0.13554614399987144
23097,0.13990026598348732
23098,0.12603122015564808
23099,0.1307545630543737
23100,0.1452600684296037
23101,0.17892310925173996
23102,0.1774309306511633
23103,0.16170572894157054
23105,0.12220246116960999
23106,0.16264559133982767
23108,0.1818677403679743
23109,0.21364471747835237
23110,0.14683845273796234
23111,0.1269661548777865
23112,0.12181869028256093
23113,0.2248846985387747
23114,0.18089541581874424
23115,0.1813263169271349
23116,0.13784621552574938
23118,0.15853584657461517
23119,0.1322924901308082
23120,0.16880105000427784
23122,0.207575514894571
23123,0.14110300102727943
23124,0.13860984295025913
23125,0.12542483246328148
23126,0.14541790991453027
23128,0.2038906429605929
23129,0.17415506574931514
23131,0.12913440361032816
23132,0.15096529539282885
23133,0.1945431943159613
23134,0.18066345133534073
23135,0.1355828997556394
23136,0.13739528595147152
23137,0.16509465025952133
23139,0.13464559089868883
23142,0.13076584743025824
23143,0.1607951216209392
23146,0.14720062471678372
23147,0.17805861635649345
23148,0.14699415746871491
23149,0.12193182767053092
23151,0.1463404134739741
23152,0.13453109967260557
23153,0.18617242167529255
23154,0.13606970827623208
23156,0.20645804611129587
23157,0.13054279888822373
23158,0.13913708985147177
23161,0.19365027673645055
23162,0.21843712093066392
23163,0.13939797304917634
23164,0.15706984467883983
23166,0.18706673065016538
23167,0.18259906839515566
23168,0.12877234305199373
23169,0.1296146022492643
23170,0.13429623380913094
23171,0.14284686232648497
23172,0.16364241408175625
23173,0.16008577157578302
23174,0.1406492574347813
23176,0.1839924016589708
23177,0.13076872296289735
23178,0.13032657251852936
23179,0.12765494296186808
23180,0.20722906375019168
23181,0.18971418423330227
23182,0.1981158893882733
23183,0.20525462862046862
23184,0.12452459437573475
23185,0.23005068222302916
23186,0.13049821661476382
23187,0.17549293564189494
23188,0.17387425720614622
23191,0.13978952039833942
23192,0.13925159039447405
23193,0.15147345238887133
23194,0.14487761793519316
23196,0.1322101497780952
23197,0.13553322241214324
23198,0.17870191951013217
23199,0.16569609875518018
23201,0.15982297320238292
23202,0.16537333038467328
23203,0.13515312387350287
23204,0.13809702487235118
23205,0.15834815591805174
23206,0.13742203998791283
23207,0.13694285968380096
23209,0.14527117972952483
23211,0.16658104080516337
23212,0.21321853116387515
23214,0.1404600290658986
23215,0.13150114915707295
23216,0.1469306219240639
23218,0.16128251281269185
23219,0.13308340477879235
23220,0.15405560189144754
23221,0.1273122981312158
23222,0.15155362032414016
23224,0.14940452577825608
23225,0.14647991225534937
23227,0.13419095284333996
23228,0.15344460573370733
23229,0.18721675520850126
23230,0.13897488940447114
23231,0.17441978436911806
23233,0.22063586270338276
23234,0.14421631542862162
23236,0.1368771335688693
23238,0.1363158639640615
23239,0.11709686279740503
23240,0.13649558009249185
23241,0.14245330706909318
23242,0.2499697998177582
23245,0.2053596480884773
23246,0.1479133503731905
23248,0.15406458821336522
23249,0.19574038835461752
23250,0.1568723402179639
23251,0.1703669831441788
23254,0.19437438247719288
23255,0.15107516381679156
23257,0.20078045154755964
23258,0.25793189459207233
23259,0.14379014562632234
23260,0.1498197119922484
23262,0.14152677812263584
23264,0.15375903724694623
23267,0.1822640050884826
23270,0.23470320319381224
23271,0.17537270814693343
23273,0.16076570462740963
23274,0.1330746192256004
23275,0.14655242366214694
23276,0.14855578872037725
23277,0.17977105714947783
23278,0.13409908577362553
23280,0.182464476465353
23282,0.18824967903676443
23283,0.14873053963123248
23284,0.149807878322149
23286,0.13359076306998294
23287,0.15181876524254334
23288,0.12908736348260194
23289,0.15356893602364863
23291,0.13132353617381007
23293,0.15409924502306166
23294,0.136900272586247
23295,0.14693773148908312
23297,0.1742542902020493
23298,0.14878341079449364
23299,0.1458284252745169
23304,0.15454522841271942
23305,0.12903876028608677
23306,0.13437206709102778
23307,0.15777068184554732
23309,0.17015502351565825
23310,0.1864721583742734
23311,0.2055195456733976
23313,0.14033753082525974
23314,0.15127466041299834
23315,0.14166381408851514
23318,0.13093383695077576
23319,0.12655316416214674
23320,0.15843956148250135
23321,0.13669737482466113
23322,0.14375618437873733
23323,0.15230560253506695
23325,0.12634925514974776
23326,0.15624400541148276
23328,0.18500704943034674
23332,0.15116342283513848
23333,0.11994661643213436
23334,0.2860779633004631
23335,0.1291179026744504
23336,0.14672541355097987
23338,0.13082792364215268
23339,0.1469136527912083
23340,0.22612597655864172
23343,0.13728646344628
23344,0.14511341903301372
23346,0.14276422545839249
23347,0.14647145418462768
23348,0.1371880386044762
23349,0.17186388169973643
23351,0.18501879924265952
23352,0.18865684848536107
23353,0.2635666959172864
23354,0.13637913580533895
23356,0.2078004599788887
23357,0.15639140647560434
23359,0.1312424453105341
23361,0.15495263984232732
23364,0.1537698049012466
23365,0.13397666713431663
23366,0.1745200030553066
23367,0.13369814338700117
23368,0.1624624301840361
23369,0.13081181904084815
23371,0.18422302045609018
23372,0.14175221203947205
23373,0.14487492381365707
23377,0.12756995972702787
23378,0.13553933905139054
23385,0.13868940082191045
23387,0.1719603960852956
23388,0.15140383332909757
23392,0.16272695569455803
23394,0.1770687229480243
23395,0.1467433530267878
23397,0.20289954808599736
23398,0.15588436442243012
23399,0.15758430916339541
23401,0.15685415232568464
23402,0.1498998004334881
23404,0.1480814982139752
23407,0.17396757181070355
23409,0.16372878940104302
23410,0.21373379229069678
23411,0.123049579267118
23412,0.1488416859084927
23413,0.17328460920639407
23415,0.15669291150023262
23416,0.15501840357315136
23417,0.1290551787013888
23419,0.12960447632771513
23421,0.1659721760140609
23422,0.1475522470685836
23423,0.14699429250548227
23426,0.15319844037929906
23427,0.16791842996657289
23428,0.13015674852626472
23430,0.1815381125403167
23431,0.13304717468721772
23432,0.16461285234420314
23433,0.13204572956377095
23435,0.13708686457786903
23436,0.15740974606305805
23438,0.1797808317183595
23439,0.18415936186029963
23440,0.1453378615877015
23441,0.13643503893012854
23442,0.15078317974222424
23443,0.19608495155004257
23444,0.15273047162937478
23447,0.13662510429570465
23450,0.13323111197335918
23452,0.14237006343436415
23453,0.1420555325384383
23454,0.14242135793544594
23455,0.12783017692785043
23456,0.23110841609043187
23457,0.17935511125869918
23459,0.14555979035820185
23462,0.20962882734605906
23463,0.15134977203176814
23466,0.13001721585844805
23468,0.26283261959572446
23469,0.15311418009685934
23470,0.13710107473225935
23471,0.16208300606876072
23472,0.17534346993771205
23473,0.14968407213142124
23474,0.17597823367972257
23476,0.14610265947513512
23477,0.1362923397557247
23478,0.1799055913296039
23479,0.1853059106349685
23480,0.16436537449673408
23481,0.16297756308084455
23482,0.13990839643859967
23483,0.15694364732117175
23484,0.13969850197799316
23486,0.13362240879177478
23487,0.13672346587002793
23488,0.161586670678021
23489,0.14558481233510537
23490,0.1857762210983446
23492,0.1335833063132781
23493,0.13058003977749652
23494,0.20065181742794327
23495,0.2102331005799848
23496,0.21631769242231438
23497,0.17007163504406625
23498,0.11068250945785524
23499,0.1277010506923771
23500,0.1440591500944567
23501,0.13178863098730875
23504,0.23247761214458518
23505,0.11619757291729384
23506,0.15495355755651383
23507,0.16429470777145877
23508,0.15638376985575997
23509,0.2147983546308483
23514,0.14624846251626178
23515,0.17174226620080413
23516,0.159064951250183
23517,0.1885690181455739
23519,0.15772407025069343
23520,0.12320840890759185
23521,0.1275013143885043
23523,0.1291232739008494
23524,0.17783211287372305
23525,0.13367392354751634
23526,0.1378760095607578
23528,0.14545394684070445
23529,0.13928680104919502
23530,0.14014994964673955
23531,0.19214643591279418
23532,0.17704899492051598
23533,0.15666043309114352
23534,0.12720808203484296
23535,0.12212498522543444
23538,0.11828458961294516
23540,0.1556798700702862
23542,0.12277377898135676
23544,0.15444099219260407
23550,0.17142211326798876
23551,0.18370119438108926
23552,0.14754835603836067
23553,0.13531116801272366
23554,0.14189689192004412
23556,0.1743563542802776
23557,0.17585107393104632
23560,0.15825628975275927
23561,0.13173437038300873
23564,0.14696772628178648
23565,0.24605964778649464
23566,0.14536411922754539
23568,0.18067663228796166
23569,0.12630807604213515
23571,0.1587751527100927
23572,0.1431676828534199
23573,0.13340116704590785
23574,0.15957739652330585
23575,0.13487837765671967
23576,0.1533708973492896
23577,0.1939140917267178
23578,0.15610458195361976
23581,0.16071396538333962
23582,0.17803359317402387
23583,0.1569796324359377
23584,0.1419986714851527
23585,0.14643956318335408
23586,0.15002042105416596
23590,0.12206355955067225
23592,0.13292940046432622
23593,0.13879973211383387
23596,0.19919402371222594
23598,0.14995233456567342
23599,0.12983039204535476
23602,0.1542402202546407
23603,0.1851993333065628
23604,0.1982138690799707
23606,0.14062129026867634
23607,0.13236748713298072
23608,0.141372746848184
23609,0.1619816684798227
23610,0.18430006430623871
23611,0.10294133415164632
23612,0.13670239487780494
23614,0.1687069052866948
23615,0.15586615289181768
23616,0.12933561741295752
23618,0.15987055812570894
23619,0.16407236212278475
23621,0.14814740183990863
23622,0.13409647271479097
23625,0.13816439020245913
23626,0.15394268432669148
23629,0.1404306183129592
23632,0.1376518471728885
23633,0.17844293651184395
23634,0.13234476248931523
23636,0.14471414556365686
23642,0.19252510717645463
23643,0.16485543026830846
23645,0.14960086933070169
23646,0.23529876533559976
23647,0.14006890736585093
23649,0.17636237865505539
23651,0.13804367180897192
23652,0.1303255114777438
23653,0.1115743305417167
23654,0.23085636192460593
23655,0.14583369852288544
23656,0.14796148662616398
23659,0.13280646087885042
23661,0.17240859405024744
23662,0.13950327257543937
23663,0.1929621681986839
23664,0.2043789300736338
23665,0.13244666566388627
23666,0.2387081606593119
23667,0.1526693517470735
23668,0.12909755231144446
23669,0.22429442372323946
23670,0.14452070810077422
23671,0.16349510676828446
23673,0.12658874001396622
23674,0.1381073839997331
23675,0.16522982952610757
23676,0.14645925611514815
23679,0.14182541862755207
23680,0.1873402203149814
23681,0.13396687766066062
23684,0.22431368011748737
23686,0.18068720682272432
23687,0.12495741588333195
23688,0.13523130823076024
23689,0.1871578923224974
23692,0.23541087595720542
23693,0.12597254064390254
23694,0.1655066735832078
23696,0.12605494720315505
23697,0.13402405493958439
23698,0.15183583918201016
23700,0.1281304642936321
23701,0.18504886340105842
23703,0.2006236351152467
23704,0.12468837689991728
23706,0.19088206066388497
23707,0.13249852827058714
23711,0.18065727629851352
23713,0.1972094250742275
23714,0.16075523365797154
23716,0.13795418786997599
23719,0.13797519995875085
23721,0.14993621883396618
23722,0.12909521645001423
23723,0.23072109989991285
23724,0.13525768113420675
23726,0.15504591185323857
23728,0.13011982317242332
23729,0.16878409075023704
23730,0.24815737417618514
23731,0.13114309269145732
23733,0.13257134046897182
23735,0.15752501661980226
23736,0.1042342777082454
23737,0.10884810202512682
23738,0.1744007730382453
23740,0.18662077614936923
23742,0.13851193655532326
23743,0.16572145948481048
23744,0.1294756517880465
23745,0.1733788721767444
23748,0.18391416879688557
23749,0.18319038377349284
23751,0.17850173703209915
23752,0.17658714789960467
23753,0.15161003378234827
23754,0.1555055950911891
23755,0.10468991922163291
23756,0.1651049824233286
23758,0.13481159842910456
23759,0.1648119190906689
23760,0.20140909139449722
23761,0.2177360240577733
23763,0.1385821615362642
23764,0.19803087202209765
23765,0.16022485378997472
23767,0.12299640216861399
23768,0.1548582159337911
23769,0.1447476155083858
23771,0.15620927598920745
23772,0.1208247184964944
23773,0.1434939765084616
23774,0.20773379456179028
23775,0.12442401726458888
23776,0.1848714679412354
23777,0.14947095197838306
23779,0.1201062812585819
23780,0.14130077883685
23782,0.12542257296444345
23783,0.1389110546752085
23785,0.16150150213744813
23788,0.17658929654494296
23790,0.16641984142370167
23791,0.1403781141386582
23793,0.24025211737340957
23794,0.1565064690936138
23795,0.17451165788243575
23796,0.14986775556061163
23797,0.13234044719313182
23798,0.10885831683528334
23799,0.15909878757183157
23800,0.1644661401811141
23801,0.1551084706375357
23803,0.13592522616043057
23804,0.1499780468480706
23806,0.12558507653340062
23807,0.18698961384992765
23808,0.14136320609964836
23809,0.13681458451140543
23810,0.14228400920597323
23815,0.24450068406270534
23816,0.15612792540820106
23818,0.1478368949985027
23819,0.1916253797596173
23821,0.14668047192314923
23823,0.13860187930269693
23824,0.14685413919721207
23825,0.16538321268547157
23829,0.13999897956410837
23830,0.16487355328285475
23831,0.14579011816932194
23832,0.12279507576928371
23833,0.17787768435415255
23835,0.14072034059510904
23836,0.15410477940386463
23837,0.1794028499995162
23839,0.1406695320883099
23843,0.1591154471305979
23844,0.1511938387457088
23846,0.1700440013297765
23847,0.13334949643989805
23848,0.13481231352761208
23852,0.1555358022272012
23853,0.12828779340238666
23854,0.1291109406222944
23856,0.14227769547115504
23858,0.1423622609763896
23859,0.25148931540979846
23861,0.17107320872344164
23863,0.14301886642888165
23864,0.13253567260591087
23865,0.14492008617861524
23866,0.14751221154072205
23867,0.13200366635851965
23868,0.14206248797307716
23869,0.13375313424889307
23872,0.2046756327923291
23875,0.13170544914370508
23876,0.14996387934851885
23878,0.13371929669091911
23879,0.12217756582997172
23880,0.1663849781411739
23881,0.1892724364964901
23883,0.20276271133085658
23884,0.14144061347262177
23885,0.1584544839698114
23889,0.1657013261501166
23890,0.14720870646927606
23891,0.13763074759708885
23892,0.15702497713856386
23893,0.20726349104896688
23894,0.14122373767818686
23895,0.12616732452267337
23896,0.1552662120855313
23897,0.1464203591415411
23898,0.19345537713037544
23899,0.16950916188463336
23900,0.10507236095528873
23901,0.16361893625139504
23904,0.2093164388298563
23906,0.18694408599813167
23908,0.1491263624469038
23909,0.17103651462087247
23910,0.14999585833860707
23911,0.15356205066199236
23912,0.15090319933761992
23913,0.16547685588504396
23914,0.2386388269233935
23915,0.15543571544785892
23916,0.12929671746893906
23917,0.19196959612625733
23918,0.1270284974253703
23919,0.163823356756854
23920,0.13303578588125242
23921,0.1774327003909449
23922,0.16138562313110105
23923,0.1591500585827511
23924,0.15455058740831248
23926,0.1572128333689837
23928,0.20037125448419807
23929,0.18850702161067803
23930,0.13509411908498967
23931,0.1319267705641983
23932,0.12884007298436875
23933,0.13808207195730596
23935,0.2636147459063947
23936,0.12673352834678556
23937,0.13088094587919238
23938,0.1913995930742183
23939,0.16072771239049208
23940,0.2027212332562838
23941,0.18596803452321842
23942,0.2206407268693862
23943,0.13570125618118717
23945,0.1683143487711869
23946,0.12192239935057961
23947,0.1464240471498807
23948,0.19578884054037124
23949,0.2608166527067496
23950,0.13029202563186348
23951,0.14199379608887788
23953,0.20425174189472045
23955,0.17486029588183175
23956,0.16833780196803858
23957,0.1652150089432268
23958,0.13643894482783164
23959,0.1892990087138437
23960,0.13600087027512606
23961,0.13837953672433795
23962,0.1388012576314797
23963,0.13749941254293574
23965,0.13876343486235013
23966,0.1494175660151196
23967,0.21031474241198328
23968,0.1060287480483046
23969,0.11195238084061124
23970,0.21318724094696775
23971,0.1310293194172465
23972,0.2284573913655105
23973,0.17886385899443646
23974,0.1759441381339142
23975,0.1282625471905967
23977,0.13263798511231847
23978,0.12432513888244838
23979,0.14393786301472153
23980,0.1754574558355577
23981,0.1284853688243151
23982,0.14749907006062332
23983,0.12495142670279814
23984,0.12549222361292653
23985,0.14516633756060193
23987,0.20621069616883494
23989,0.15210565772209525
23990,0.1921019579248297
23991,0.2142757747115615
23992,0.14272858089307836
23993,0.1504281352718943
23994,0.14173426961244245
23995,0.20776458108045534
23996,0.16324347026909572
23998,0.1733780485110419
23999,0.10416816588785861
24000,0.12769677853920028
24001,0.17909469186310706
24002,0.23428897930057369
24003,0.13692432833147997
24004,0.15783656606915558
24005,0.20624156385099962
24006,0.15024300062203558
24007,0.13409804700641292
24008,0.14185424104258634
24010,0.19834209988098914
24012,0.1289839705688737
24014,0.15291010418525253
24015,0.17622030647851822
24016,0.2083237357621333
24018,0.13172820952618222
24019,0.1462321995365396
24020,0.1462025924355762
24021,0.12766290432337796
24022,0.19985865173194536
24024,0.1472689846138179
24026,0.1746456520050002
24028,0.130069432615638
24029,0.176397106776849
24030,0.18784602639943188
24031,0.19242386554924765
24033,0.13163870903003833
24034,0.2952020217442242
24035,0.15409048292669197
24036,0.16716408087188298
24038,0.14473476944368738
24039,0.18152715166425828
24040,0.13240234328540024
24041,0.162949545648633
24043,0.16255328347376144
24045,0.23627732684088612
24046,0.1527282011323558
24047,0.1452951965747527
24048,0.1752922272967949
24049,0.18948967085066334
24050,0.2590988399579826
24053,0.11942078970455967
24054,0.12503108963929507
24055,0.14948475620625765
24057,0.14373197234269902
24059,0.2523832170165715
24060,0.13889839739874987
24061,0.13655750599023933
24062,0.1433392850041352
24063,0.2621328778814383
24064,0.23524129205889588
24065,0.1692001627372616
24066,0.1613145644701206
24067,0.1342159121773759
24068,0.1546707688207361
24070,0.26943072566217047
24071,0.12874998290973655
24072,0.19674276022546278
24073,0.14739425387451702
24076,0.1285443804718533
24077,0.14184484249285742
24078,0.12799681892109727
24079,0.1382679554954921
24080,0.1390671250405534
24081,0.13854742149071067
24082,0.12702671626412787
24083,0.12270294769797818
24085,0.14445607904640714
24086,0.2338198314284144
24087,0.15755548719743773
24088,0.23016382764103852
24089,0.13237244365015655
24090,0.2618708501942775
24092,0.13691338445767418
24093,0.15212445058460683
24094,0.18838677342568372
24096,0.13333120158660172
24097,0.15930292119981868
24098,0.24025950080116162
24099,0.13040329732548117
24100,0.18279334733318017
24101,0.1707121239602564
24102,0.16636707048820484
24103,0.14436917392916937
24104,0.13367769556183892
24105,0.14653413035899077
24106,0.16823222367776494
24107,0.15865467208713482
24108,0.13069676409305697
24109,0.15870339004418985
24110,0.132553636395142
24111,0.14979295972667403
24112,0.13958555113810428
24113,0.13557923809958028
24114,0.13685960013860665
24115,0.1527716733004515
24116,0.14750932434999528
24117,0.22974105170205247
24118,0.13409107254971075
24119,0.17384615679032936
24120,0.12488424254471917
24122,0.13276835861553274
24123,0.16520166816059115
24124,0.13659851456624297
24126,0.1603352143822347
24127,0.1770344676499291
24128,0.19428386678653695
24129,0.12721647610288409
24130,0.14444221358316692
24131,0.17414483829359761
24132,0.2685141833408898
24133,0.12924398415102006
24135,0.18344631559376973
24136,0.1143801941664487
24137,0.15368282799259894
24138,0.17765179551641125
24139,0.13681653699936702
24140,0.16494689447970154
24141,0.17124008128304555
24143,0.1416436958481805
24144,0.12052164890253979
24145,0.16752156570926216
24146,0.15374095338269703
24147,0.1871633566411468
24148,0.17854532782311208
24149,0.12816635268032162
24150,0.2665514573344984
24151,0.13149152146091822
24152,0.190457158150238
24153,0.15383421327435864
24154,0.23245887331665324
24155,0.1612107336648711
24156,0.14014171791052885
24157,0.1543916312061271
24158,0.1734100307229636
24159,0.2291638876286012
24160,0.1546428850172257
24161,0.13073024284990734
24162,0.15927042340445208
24163,0.14710947087272666
24166,0.2514827773560552
24167,0.14560866616814275
24168,0.1757141030377839
24169,0.16700927862961706
24172,0.16517681308561707
24173,0.13961703009530138
24174,0.128991909862525
24177,0.15274936082991428
24178,0.2570124707940228
24180,0.1733554326537861
24181,0.20093596947150236
24182,0.17406197601042464
24183,0.16701710846679557
24184,0.17066010775736146
24185,0.22157075743548874
24187,0.1598500845012
24189,0.1476616455035047
24190,0.19528445621072948
24191,0.18361326929162336
24193,0.14745091145044045
24195,0.19451286280534016
24196,0.1434676970622885
24198,0.15503864621907787
24200,0.23492460285770042
24201,0.14230603780552456
24203,0.18233632043327577
24204,0.1682970165782005
24206,0.15101267613428543
24207,0.1930949010161048
24208,0.13225272595251691
24209,0.13772617740627474
24210,0.1489707962520124
24212,0.13069664725709804
24213,0.22688972436514757
24214,0.19855788191636176
24215,0.20699837110847663
24216,0.1712505665867803
24219,0.13810191555611367
24220,0.15510318901422546
24223,0.14969906574615235
24224,0.1280148622465723
24225,0.13198246467277758
24226,0.1766700803813337
24227,0.13304383434290745
24228,0.12450051926554974
24229,0.18141780321519654
24230,0.1280356323160892
24231,0.1867508520512691
24232,0.13362894181228036
24233,0.1267744579518072
24234,0.1414466703979872
24235,0.10304100207132892
24236,0.19063412272962876
24237,0.12685733523498938
24239,0.2264370771663033
24241,0.13634870884826034
24242,0.205380762535187
24244,0.24270351663175105
24245,0.19422469657374342
24246,0.15816850726460932
24248,0.19683360880149425
24249,0.13938545002180316
24250,0.16011681207452197
24251,0.1310576276687557
24252,0.16497598061382632
24253,0.13463365059526894
24255,0.18817760483480456
24257,0.15683201960122173
24259,0.1282484313668685
24260,0.12869694848009847
24261,0.1475146282168257
24263,0.16586443984277097
24264,0.13598850268067364
24265,0.14317214469355585
24266,0.14502560603981443
24267,0.1534433338811417
24268,0.1878449019478045
24270,0.20803753556289567
24271,0.1520117999795637
24272,0.15365729385743918
24274,0.15685753025418855
24275,0.13801721869468841
24277,0.1531763155701043
24278,0.13533462881005
24280,0.13328626581575337
24281,0.14935586608839754
24283,0.14912257586431538
24286,0.1885835962697595
24287,0.14107032268849976
24288,0.1553347726209599
24289,0.1364717897818627
24291,0.13921450595747192
24292,0.28315391886177355
24293,0.11130632007036811
24295,0.1539100080543704
24296,0.14584502929554696
24297,0.15131813559306675
24298,0.22021231495546134
24299,0.1670684372922287
24300,0.14200402358417924
24301,0.1451361771418108
24302,0.19062009750445766
24303,0.2310908613868307
24304,0.17964202923772957
24305,0.19818466173147148
24306,0.14988472561541946
24307,0.133791213496804
24308,0.20625229023442745
24309,0.12464548333486136
24310,0.14112287379821678
24311,0.16045475617068938
24312,0.17659425718490168
24313,0.16424768876096676
24314,0.12976094198325516
24315,0.16532742469268985
24316,0.1254896325911261
24318,0.14006819732736264
24319,0.19491992403365765
24320,0.1394608510021232
24321,0.13324024421133157
24322,0.2304470717114047
24323,0.20178062240387562
24324,0.15870097758149615
24325,0.21225560113012126
24327,0.1619950181141884
24329,0.2060685887229578
24330,0.15808857040672838
24331,0.1529740317488441
24332,0.19619756690804507
24333,0.21537921915676841
24334,0.12920664785721286
24335,0.16183639102676659
24338,0.19373173101634383
24339,0.1302837975540571
24340,0.16126607868240672
24343,0.20330836640046213
24344,0.13600206689032682
24345,0.13894065797709063
24346,0.14693470061431396
24348,0.14695830878636934
24349,0.13100785081373295
24351,0.1674526842070564
24352,0.1596868993047302
24353,0.12876035016842444
24354,0.22125593129260057
24355,0.2236358272997703
24356,0.15287403108594505
24357,0.14674884196494437
24358,0.2088721498178111
24359,0.13192320304328023
24361,0.1524829131937936
24362,0.2584130860298882
24363,0.13513631289139102
24364,0.13851233825955625
24365,0.20052792294763097
24367,0.14763320369350152
24368,0.1257261479819125
24369,0.15358525037861467
24372,0.1759038166829666
24373,0.13185689029978
24374,0.12989948808869853
24375,0.17425064978673022
24377,0.17004156590737093
24378,0.12325590101331496
24379,0.22634072661289426
24380,0.1324063600079037
24381,0.16196522522885815
24382,0.1377381061555114
24383,0.16354520609507173
24384,0.14643290597379843
24385,0.14854835114163312
24386,0.16058139172260494
24387,0.15344211686546436
24388,0.1404826319448874
24389,0.12536653548590682
24390,0.18855728010862405
24392,0.13546133996515938
24394,0.177829584410302
24395,0.19523014684862977
24396,0.2594660022072147
24398,0.23423935435683266
24399,0.12086094127073826
24400,0.13514429380162785
24401,0.12093017361211214
24402,0.12623513395475597
24403,0.15256235282390626
24404,0.1378231936800939
24405,0.18354731258243745
24406,0.19564655789430058
24407,0.16214181976400002
24408,0.13655724291299962
24409,0.15383699863947312
24410,0.13057310152850504
24411,0.1161353221778653
24412,0.12916770091252458
24413,0.13220436614637163
24414,0.1579115034915836
24416,0.18268041931103152
24417,0.1997554946153095
24419,0.1274809092936265
24420,0.12761032285167156
24421,0.21477054676659263
24422,0.13052825595199385
24425,0.18978912638172618
24426,0.18539626462295175
24427,0.16026315461598897
24429,0.16423492844131915
24432,0.13497028977656533
24433,0.14406014756907246
24434,0.17976499793341208
24435,0.21758258311894924
24436,0.15379966042196294
24437,0.12905884681485003
24439,0.12939841990722886
24440,0.15050373124086974
24441,0.20201255233614698
24442,0.21843328289402916
24443,0.13224403949049376
24444,0.13054404869410466
24445,0.14215189857661903
24446,0.1858465430265677
24447,0.18781475341348977
24449,0.13794068131425352
24450,0.1324110383317354
24451,0.15680221664076352
24452,0.1465428850141412
24453,0.13918041587841176
24454,0.21515890753042977
24456,0.17974348179123953
24457,0.13706561806998455
24458,0.13082027677430677
24459,0.12521156089581295
24460,0.13338739751334164
24461,0.1540995133571939
24462,0.13929255598212353
24464,0.15595104666765114
24465,0.17276851937771098
24466,0.13751659740032604
24467,0.1626579453586958
24468,0.14617602798014234
24469,0.13689921347576695
24474,0.1590467073749646
24475,0.13258470204735454
24476,0.14995945374117037
24477,0.1689181573373188
24478,0.2126632684241844
24480,0.156526424135446
24481,0.1338818862175374
24483,0.13217686391521818
24484,0.12815712464549747
24485,0.16954517453900744
24486,0.18389212742452973
24487,0.1347564321809488
24488,0.14200918573723
24489,0.13592432649755976
24491,0.1327333747525363
24492,0.16339894030920718
24494,0.13616122570526093
24496,0.16611879226237306
24497,0.16734696077203617
24499,0.12857608741015167
24501,0.1431788104672021
24502,0.17168621942909312
24503,0.2140788054869736
24504,0.18758509711537852
24505,0.15699998427055417
24506,0.2058936062039636
24507,0.15634079878391452
24508,0.10761820076265856
24509,0.14409136649575896
24510,0.1569777241847777
24511,0.16221379884258044
24512,0.1630376144215485
24513,0.150092252979636
24514,0.1384622935561551
24515,0.1383805564941457
24517,0.20496953907644808
24518,0.143380750733406
24520,0.17231391830081996
24521,0.21786720785599575
24523,0.1887864112876172
24524,0.1486168363920835
24526,0.13908825642741254
24527,0.13781059371305973
24528,0.12613022038837565
24530,0.12472871283307659
24531,0.22270467418354664
24532,0.24621976925481917
24533,0.1849826382170178
24534,0.1573282692909711
24535,0.1599701927297812
24536,0.16806372054747032
24538,0.1387475968928206
24539,0.12866345729005801
24540,0.19471197928569964
24541,0.14402545275474704
24543,0.20954896684591304
24544,0.13419479862217615
24546,0.17916835927310343
24547,0.1605410372394678
24548,0.1413054624203668
24549,0.15635963560548652
24550,0.22282618481691854
24551,0.14422243643755717
24552,0.17933712457885073
24554,0.21853893996432144
24555,0.18585619387003846
24556,0.1321757187671752
24558,0.1657730271468637
24559,0.23435546736209054
24560,0.1335460322499165
24561,0.15998431225951742
24562,0.1851181467867625
24563,0.14391303168167907
24564,0.1776996754621432
24567,0.13247034473374147
24568,0.12894503692338807
24569,0.27710318091620884
24570,0.143558691753171
24571,0.1429890935948315
24572,0.1779422912201223
24573,0.2123119593446416
24575,0.18945144981284953
24576,0.137470151009398
24577,0.1616066426234685
24578,0.2147242399385545
24579,0.11820790384839996
24581,0.13102598384245032
24582,0.16704994228057102
24583,0.16554271959011732
24587,0.1378882599196546
24588,0.14637092208183713
24589,0.19877102277067912
24591,0.1494682397611478
24592,0.13147730285300177
24593,0.1344143070355981
24594,0.17339101385023648
24595,0.20216412014229407
24596,0.14664469543531644
24597,0.14914473574516313
24599,0.12415872066837592
24600,0.2163752613835264
24601,0.15156563920541571
24603,0.2506362211089254
24604,0.14745644328829025
24605,0.13409237813820576
24608,0.132146915673888
24609,0.2292111121836608
24610,0.12700795206116147
24613,0.2235145676388597
24614,0.18172751394458359
24615,0.12726571132069178
24616,0.13976224527196995
24618,0.15783664478793918
24619,0.13868595939928716
24620,0.1514485898595476
24621,0.12630953973187542
24622,0.15061181423814818
24623,0.15625880074866846
24624,0.18041528268909718
24625,0.16722128272015385
24628,0.1544155370309954
24629,0.16668472279927665
24630,0.15481052283061325
24631,0.16885902190476232
24632,0.15842452455861444
24633,0.1914116105307881
24634,0.1957662263742269
24635,0.24906181502999755
24636,0.17235488987657838
24637,0.183012649177433
24638,0.14126484912701465
24639,0.14406412877150152
24640,0.16095239657353866
24641,0.14058684036012067
24642,0.12922532245750673
24643,0.12628467365569235
24644,0.14080209634502772
24645,0.1444644104244566
24646,0.146582742494932
24647,0.12519994541383078
24648,0.17188890775685342
24649,0.13499604841031376
24650,0.14941386022474673
24651,0.13700263875344315
24652,0.12625941245492203
24653,0.249847356546599
24654,0.1889499920220237
24655,0.31075315783872653
24656,0.1542690724884654
24657,0.16397973218015635
24658,0.1342487479880765
24659,0.16416997270866057
24660,0.16283506000206896
24661,0.18402756339520437
24662,0.13360960808270403
24663,0.21023399660355183
24664,0.14669243990472464
24665,0.13517655152977706
24666,0.13886877677682993
24667,0.1236555634328107
24668,0.17028927744579658
24669,0.14148303413009525
24670,0.23651517001430847
24671,0.15493453434585833
24672,0.24405007101974108
24673,0.13657143687191287
24674,0.13308020832830766
24675,0.1518343800832217
24676,0.16726930955941594
24677,0.20153906292155996
24678,0.12790787351116112
24679,0.14897650024887135
24680,0.13053211977440227
24681,0.13035548867439348
24682,0.1344060152899723
24683,0.17640321343230414
24684,0.20532006097176417
24685,0.16280091499281513
24686,0.18122758123366886
24687,0.19323357152110188
24688,0.12456074163222511
24689,0.13200597641109044
24690,0.15763740525420744
24691,0.12992080919468105
24692,0.11185274793407002
24693,0.22495733100711224
24694,0.1401685878345995
24695,0.17805562254897775
24696,0.1842560195661907
24697,0.14942701341305326
24698,0.13604635308098167
24699,0.11678791923442422
24700,0.15696582799193598
24701,0.22094582637994473
24702,0.24732942261679156
24703,0.13298490753712636
24704,0.14907484688162842
24705,0.1727515251221041
24706,0.194862049433983
24707,0.12902856008814353
24708,0.13756213354485922
24709,0.1466987099322179
24710,0.13962687170172297
24711,0.14983850335138277
24712,0.19187524616078394
24713,0.13837991943256026
24714,0.18145947402414436
24715,0.1263443362229451
24716,0.18182788044953052
24717,0.17863388153654547
24718,0.14228199178376286
24719,0.13016694628106154
24720,0.16394639353284918
24721,0.24625115338319306
24722,0.16956802058756398
24723,0.13360502270212268
24724,0.10492867050948261
24725,0.22713247963566002
24726,0.1765711754051284
24727,0.1822622842034648
24728,0.12463883256937508
24729,0.15198399243905247
24730,0.1531564123930265
24731,0.12796575810906807
24732,0.22038644849593828
24733,0.13509331384198695
24734,0.16509520203561268
24735,0.1287367053458121
24736,0.2623138717935608
24737,0.23052213797106763
24738,0.16719688190373086
24739,0.2546733717466589
24740,0.1416001004184938
24741,0.14446393718275058
24742,0.18720242035292967
24743,0.15164012059142112
24744,0.1561344159806158
24745,0.13156503079387266
24746,0.15997875977762674
24747,0.1246299589885285
24748,0.151023384164755
24749,0.18720189646588986
24750,0.16708153281227095
24751,0.12750085386480364
24752,0.13178147953073072
24753,0.13343110335148836
24754,0.1986558992991144
24755,0.22244740006773775
24756,0.2622091913551671
24757,0.1837890210005094
24758,0.1561112177782165
24759,0.14541021871999055
24760,0.23617737708428654
24761,0.15445642736393053
24762,0.12975255309495518
24763,0.14928346273200638
24764,0.1391809673560343
24765,0.13356067138743216
24766,0.15478910109145996
24767,0.23786387758804434
24768,0.2083625876616416
24769,0.13545454783774247
24770,0.15582946735114972
24771,0.1600076043492477
24772,0.16555242573981038
24773,0.11669989386357202
24774,0.22011418899317053
24775,0.17204260257846915
24776,0.24747674004999262
24777,0.10624612832383683
24778,0.15771924040421165
24779,0.14662765097888275
24780,0.17237818141996558
24781,0.14555507388177238
24782,0.16681146482315629
24783,0.1596130580198053
24784,0.24771118464136252
24785,0.15037207654432153
24786,0.15336863069490386
24787,0.12822359101135575
24788,0.24726625914038758
24789,0.13958044003420156
24790,0.19440295084817588
24791,0.15420005712396348
24792,0.18636549086611318
24793,0.176512159468843
24794,0.15559562143442687
24795,0.1913110707642032
24796,0.1312478457827346
24797,0.1869420593760091
24798,0.15445901892223088
24799,0.14263219053563678
24800,0.17475697293968115
24801,0.2304338241970401
24802,0.22502652605258702
24803,0.1327734250804209
24804,0.1774069825673539
24805,0.20034406541193953
24806,0.14685664399825651
24807,0.18725698996583975
24808,0.18945310471123536
24809,0.1971364515657637
24810,0.23371340004317762
24811,0.2277597613405998
24812,0.1296101966326062
24813,0.13201383077601506
24814,0.16743802376339162
24815,0.1425048363468
24816,0.14110833812814996
24817,0.14349487931193441
24818,0.1479955773138725
24819,0.1384369650840959
24820,0.12387711262243337
24821,0.23249808893231788
24822,0.12690483217772575
24823,0.18040510094869694
24824,0.13695243929660392
24825,0.13876753422900212
24826,0.12423201185022825
24827,0.1911067242505701
24828,0.25329774652590437
24829,0.13591566968658558
24830,0.1760750594575786
24831,0.19289005060514597
24832,0.13207259179558353
24833,0.12014754041655668
24834,0.19838166621597908
24835,0.15102150847749804
24836,0.1545158186931174
24837,0.1605950297974543
24838,0.13961388095339872
24839,0.20358572442028516
24840,0.16763616268816628
24841,0.17305726126129387
24842,0.1312482108076115
24843,0.1370221176066793
24844,0.14857724682737383
24845,0.17083828919681243
24846,0.13766269415203572
24847,0.2114050827799943
24848,0.18639787445240558
24849,0.18317597011091946
24850,0.13224113029667275
24851,0.16811774627133344
24852,0.14489490660576865
24853,0.1433119695732945
24854,0.1442762787178797
24855,0.15742894614002265
24856,0.1465627031928648
24857,0.21370697991461587
24858,0.14515774501908027
24859,0.23511016478954172
24860,0.18900860394336902
24861,0.15077837551786677
24862,0.1746288031539763
24863,0.16786150631766736
24864,0.252633364812804
24865,0.13302438092172328
24866,0.14565533749319248
24867,0.15564249171837247
24868,0.12659776247051252
24869,0.2296904283474982
24870,0.13293188295968156
24871,0.14252578820144782
24872,0.27700762524824274
24873,0.24658782772182664
24874,0.14650279615205106
24875,0.14999726789058881
24876,0.1586770621590002
24877,0.17054036511762016
24878,0.18065609310130964
24879,0.12948344291199715
24880,0.15119449579331337
24881,0.16208147283150545
24882,0.14145078198834357
24883,0.1626478876474793
24884,0.16047379298234274
24885,0.18990306044963792
24886,0.16076124343705475
24887,0.12835768494689312
24888,0.12559955178597393
24889,0.1277526465604335
24890,0.17716304899268742
24891,0.1356888596368842
24892,0.1846716460908493
24893,0.20913517642953228
24894,0.18593180259161438
24895,0.1261814466008817
24896,0.19416956436162666
24897,0.1603695191365026
24898,0.1865621058772259
24899,0.184022598498558
24900,0.13637029644325818
24901,0.20141384211533878
24902,0.12781708105201417
24903,0.16917706232100616
24904,0.13573917430689864
24905,0.20522002437241585
24906,0.11911053417644878
24907,0.16261755213412749
24908,0.15535029038259457
24909,0.12867674607331536
24910,0.13271577921556899
24911,0.17075717409983945
24912,0.14940980687825908
24913,0.14355509055736343
24914,0.13913069011813894
24915,0.15769937453269967
24916,0.1365146541265996
24917,0.1442155052943385
24918,0.1047580287112095
24919,0.20501390168924777
24920,0.13726042465212615
24921,0.15050100930136523
24922,0.1248408838399883
24923,0.20048258607835223
24924,0.15091261676016599
24925,0.15813426720193158
24926,0.13502472961466877
24927,0.1517886380527729
24928,0.14650362691785965
24929,0.22706085325839692
24930,0.21028856156586442
24931,0.17820331583349822
24932,0.1349554512013048
24933,0.17105161073992728
24934,0.13779035342935889
24935,0.14186041136027436
24936,0.26857626503728954
24937,0.1557133888746172
24938,0.13066175610937156
24939,0.15950341233184093
24940,0.16105126027474148
24941,0.14136582774385276
24942,0.2729990984698005
24943,0.1282304214643079
24944,0.20439999222924163
24945,0.22914402153004787
24946,0.16484987887817437
24947,0.23219604194589105
24948,0.14453349394006448
24949,0.14901185986712842
24950,0.12470889694609756
24951,0.1894431134174452
24952,0.14810989140530376
24953,0.2680997457312114
24954,0.21077067409086925
24955,0.14693460576962064
24956,0.16027672594489326
24957,0.14892701362685168
24958,0.15094781586269607
24959,0.13954881351968407
24960,0.17408331796278512
24961,0.13688862102255012
24962,0.23236535712346187
24963,0.18850477863336249
24964,0.170046500399924
24965,0.24174823378400492
24966,0.13853622847162853
24967,0.1278358699141104
24968,0.18847210283958254
24969,0.19491454794382593
24970,0.19143439436113396
24971,0.16239856999773733
24972,0.10555297238883764
24973,0.16947270311697443
24974,0.21960135586615095
24975,0.14444638079159916
24976,0.16600700582257624
24977,0.14053379944581695
24978,0.15581024783940892
24979,0.13830651188441687
24980,0.13400300434957263
24981,0.1308415951192008
24982,0.21904206499034506
24983,0.16725298524028398
24984,0.15543376901800451
24985,0.15102988833680148
24986,0.1299415175967602
24987,0.21110196667628195
24988,0.1752402535169247
24989,0.16077009444541474
24990,0.1986284360086271
24991,0.18615696191245568
24992,0.15702472894766636
24993,0.1908203863132934
24994,0.1406291636705062
24995,0.1435165157725772
24996,0.13305250646414488
24997,0.1326646150018373
24998,0.16114341863894477
24999,0.14380697743248586
25000,0.1536036046032613
25001,0.12922840306265598
25002,0.13539055386966203
25003,0.15829256172438225
25004,0.20118830729195855
25005,0.12827034046378308
25006,0.20844079076123687
25007,0.1432945746495679
25008,0.16773993218393535
25009,0.24228560577612282
25010,0.14530798848099147
25011,0.16593207356071749
25012,0.14972705392115052
25013,0.15471190038958824
25014,0.1523538838934048
25015,0.15555762546094368
25016,0.1453015264766434
25017,0.23664922636013308
25018,0.1377633503407612
25019,0.16177200093013047
25020,0.13878983860798175
25021,0.1613362583938975
25022,0.1497666433989538
25023,0.13029846584531354
25024,0.15471773636700942
25025,0.1528636205182876
25026,0.1911309485248816
25027,0.1545860074641801
25028,0.12683704970908505
25029,0.1493856125746293
25030,0.15159106492630778
25031,0.2258463081085187
25032,0.14843774723128283
25033,0.13106847975245087
25034,0.14404948773292928
25035,0.15760054102018717
25036,0.1365720047121043
25037,0.21649248425953374
25038,0.13976401982036138
25039,0.225233500799207
25040,0.1050903255913241
25041,0.20783599379718476
25042,0.1690824326141192
25043,0.13959165002721313
25044,0.16877563233779416
25045,0.1995445537932319
25046,0.17496313482423995
25047,0.13893137343060202
25048,0.17120680678181943
25049,0.2100466215681676
25050,0.1597647449942822
25051,0.13494706495941006
25052,0.15400993885681874
25053,0.13275046462888695
25054,0.20583076926595706
25055,0.16244350386523035
25056,0.18524613517847688
25057,0.24310806521930414
25058,0.14523114520617053
25059,0.18250308155516817
25060,0.21754564953773334
25061,0.13584552735930594
25062,0.16399571309446914
25063,0.20531249909012703
25064,0.1975052171566495
25065,0.12493846892109937
25066,0.16302659252533974
25067,0.1301210663092339
25068,0.22515810485260795
25069,0.18548085448356763
25070,0.1837574937154488
25071,0.13105929485262816
25072,0.16935644360732502
25073,0.18686305743730028
25074,0.18069664237711455
25075,0.1733701321414531
25076,0.1363310691188378
25077,0.17486295272831887
25078,0.10759332865243497
25079,0.1505656215876945
25080,0.23536728386790776
25081,0.13695407882304164
25082,0.15533781165912122
25083,0.13100937030361712
25084,0.15511285443857795
25085,0.17114707486060363
25086,0.15097334901325435
25087,0.20623563142595894
25088,0.14495300559848343
25089,0.14739661248023306
25090,0.13958120461524023
25091,0.20393438049401907
25092,0.1798543116907788
25093,0.19728167548567602
25094,0.19445628577185542
25095,0.18624828029391047
25096,0.15564660774420927
25097,0.20160540008658656
25098,0.2041091776718205
25099,0.15483199685493976
25100,0.1824573840560889
25101,0.14188072724755288
25102,0.1696000574672645
25103,0.2558003092780108
25104,0.14987255475529468
25105,0.13479441672386683
25106,0.17905879972337455
25107,0.17137258266218244
25108,0.20965354847182727
25109,0.13553726206054142
25110,0.16561983782708717
25111,0.1326327635199768
25112,0.15324051054340135
25113,0.17552797339315981
25114,0.16516068041288504
25115,0.1856766274753954
25116,0.17335186830626584
25117,0.13872733318683464
25118,0.13661702264188516
25119,0.14892151998948266
25120,0.1406813838056559
25121,0.13844093123314563
25122,0.18826777137295134
25123,0.17009747319173238
25124,0.15833361403175697
25125,0.1698841649609192
25126,0.2188109509300161
25127,0.1550696475398804
25128,0.27284103857388003
25129,0.1694225433763326
25130,0.14656872925247555
25131,0.15858453692451552
25132,0.13962521691684887
25133,0.14795835306038785
25134,0.13654150112462485
25135,0.12661669054933392
25136,0.15040283904367407
25137,0.12850919190103482
25138,0.16139029804795121
25139,0.14538001138794193
25140,0.13942274845140507
25141,0.15714887949627673
25142,0.17414570489531153
25143,0.10439478648908446
25144,0.13252329964971998
25145,0.152624778960525
25146,0.153312940190934
25147,0.1781628004060408
25148,0.16158497956424675
25149,0.1897960790616671
25150,0.12995219596434487
25151,0.1628344996413829
25152,0.14951017532012623
25153,0.15735106734530918
25154,0.20110148571009975
25155,0.13986449302311005
25156,0.16616572186031608
25157,0.13250712688354618
25158,0.13415984607714765
25159,0.18302888246618965
25160,0.14313375189227617
25161,0.30351585991531077
25162,0.1514390099333982
25163,0.14562468571287182
25164,0.13395296617507244
25165,0.12205681046433325
25166,0.13354444186724726
25167,0.19524964611574747
25168,0.20737797690689677
25169,0.19221000216811188
25170,0.18157732416990668
25171,0.1917485740590779
25172,0.14767459786326087
25173,0.16356939696442788
25174,0.18006016912840442
25175,0.1828214336924197
25176,0.13489619794520763
25177,0.16151871792290126
25178,0.13933430669702612
25179,0.16246414019353667
25180,0.16740341198696343
25181,0.1207055549660513
25182,0.21198758815987975
25183,0.1492184863802502
25184,0.13820944109345082
25185,0.1554240318906129
25186,0.19156538441304988
25187,0.12990305076646633
25188,0.15222239112258656
25189,0.13164000256334735
25190,0.17213986105943738
25191,0.26340178761392286
25192,0.2716912213338784
25193,0.16866046657457243
25194,0.136102107693598
25195,0.18626544624306587
25196,0.13792279536080806
25197,0.137040679609124
25198,0.15293602700919054
25199,0.184427697750737
25200,0.15957435068658615
25201,0.19837874699876276
25202,0.12550802805311914
25203,0.13327523762333143
25204,0.12270007394954636
25205,0.19368652067771933
25206,0.13709755338943833
25207,0.19359529519335186
25208,0.1431846124213169
25209,0.16138558689720406
25210,0.16767991243072572
25211,0.16233403575877448
25212,0.19673310741535932
25213,0.12799224278889104
25214,0.14539030354486007
25215,0.1670800745706185
25216,0.15655085633413124
25217,0.14153604543126427
25218,0.14427419303951436
25219,0.18254734005139292
25220,0.16591188942161897
25221,0.22560164611580757
25222,0.22238668133563314
25223,0.19709768954978793
25224,0.13978251762966792
25225,0.16397349790192395
25226,0.18607693339338408
25227,0.1353869755084215
25228,0.24073205117313684
25229,0.14630045237034123
25230,0.1797411183333694
25231,0.14297922169766497
25232,0.13557537013513363
25233,0.1984725411801677
25234,0.18141931576389422
25235,0.14009274769127023
25236,0.1987292611422552
25237,0.16950924031017572
25238,0.20682170817592455
25239,0.17872254764686848
25240,0.19395971492997235
25241,0.13453211411009633
25242,0.17861471873239282
25243,0.142569617318111
25244,0.26254037254129714
25245,0.17184727875937694
25246,0.1472488941255426
25247,0.20136911800774007
25248,0.12830449177156683
25249,0.1657471326685539
25250,0.13371354102562905
25251,0.1661135048768686
25252,0.1791848614122847
25253,0.14078178759608453
25254,0.1894900679614972
25255,0.16494347233011483
25256,0.14123054456187478
25257,0.17628616471984088
25258,0.14073496821526035
25259,0.13802874023234019
25260,0.1771562174259507
25261,0.1759825448603913
25262,0.1608832844317845
25263,0.14606765786266093
25264,0.12759138970677097
25265,0.13842255698180583
25266,0.13930325831742105
25267,0.13048352358269705
25268,0.13153569554649575
25269,0.15752627670625943
25270,0.1290753140448944
25271,0.2066075657484881
25272,0.1278544094103309
25273,0.20229370378438158
25274,0.14216797663989214
25275,0.1822229289179633
25276,0.1289390467893747
25277,0.12633028063261595
25278,0.15564036214617005
25279,0.2726877371968839
25280,0.19739850113460206
25281,0.17549916146014558
25282,0.18180152678894834
25283,0.27286636847224555
25284,0.15493754748035932
25285,0.17937472093675333
25286,0.13658388103949956
25287,0.1513246588119262
25288,0.14159257156635657
25289,0.1576123100320661
25290,0.14881117789425966
25291,0.138465789162721
25292,0.14458819517888136
25293,0.1683697556338261
25294,0.20944086379148777
25295,0.1507828477627382
25296,0.173492479920413
25297,0.16036972900588733
25298,0.1796602317244102
25299,0.1604938304507968
25300,0.16907719202496183
25301,0.16177484545039603
25302,0.14079044631572965
25303,0.15089298529270015
25304,0.15861260150811776
25305,0.18802069229593435
25306,0.15112538847425666
25307,0.12830115680631543
25308,0.1269970633953071
25309,0.1282616636288802
25310,0.14687717889010896
25311,0.29896010106457827
25312,0.1402216469890051
25313,0.15319599418897856
25314,0.15036011105523792
25315,0.18332459782904226
25316,0.14924655677543672
25317,0.12440944391421681
25318,0.1536380522501678
25319,0.14776218560114002
25320,0.14937747244872548
25321,0.14420055432835285
25322,0.14629268796123865
25323,0.17360457562197412
25324,0.1678550822618856
25325,0.16272906284302638
25326,0.19138050962100003
25327,0.1544914549325655
25328,0.23151094036788136
25329,0.1371876154604138
25330,0.17563595079524066
25331,0.14674934943419687
25332,0.1607587844728816
25333,0.1470371424531854
25334,0.20501570906435942
25335,0.14994909282593047
25336,0.20280778935066598
25337,0.2048507455206588
25338,0.10805652143059816
25339,0.1488230182167885
25340,0.1448629091919731
25341,0.18581708623714177
25342,0.13168328638487786
25343,0.21577693421987432
25344,0.1827209645613122
25345,0.151742467997771
25346,0.1690131925857373
25347,0.15270451600748808
25348,0.21190297470417488
25349,0.1351556300884019
25350,0.21265622043812296
25351,0.1369232544006055
25352,0.1921776074929712
25353,0.14868340763841448
25354,0.15074340664332425
25355,0.17804049008865508
25356,0.13631844748605673
25357,0.1454513054211697
25358,0.18901445576560982
25359,0.21484732076459223
25360,0.16947458721035794
25361,0.1534626386458135
25362,0.17867206408692385
25363,0.128116149133453
25364,0.12601260092441227
25365,0.14916427050330874
25366,0.19854203600771153
25367,0.15659633550216248
25368,0.13672669062888346
25369,0.1411832296495567
25370,0.1602264908818161
25371,0.1492649312433057
25372,0.13238705237986845
25373,0.19304495352485704
25374,0.19245829379544893
25375,0.18936086345065667
25376,0.15306942231152115
25377,0.27313251750913425
25378,0.1324475198368732
25379,0.12750669725950084
25380,0.2064442437638561
25381,0.15097394208795495
25382,0.15229524804195432
25383,0.14869682218704453
25384,0.13817677334709016
25385,0.13292466508671955
25386,0.20037319433595718
25387,0.11627053541421188
25388,0.22589522976316984
25389,0.12732641403798856
25390,0.20307418649355652
25391,0.12941348257946023
25392,0.17886734316237732
25393,0.136244789945148
25394,0.14831959292990826
25395,0.17503205170561825
25396,0.1368955743392223
25397,0.17287040532856024
25398,0.19582721274548692
25399,0.15373391685624646
25400,0.14840827108686214
25401,0.1964155196085728
25402,0.1592807715707997
25403,0.17522487693618194
25404,0.1424028510663782
25405,0.13126810833373576
25406,0.11199126444747703
25407,0.1661320770600912
25408,0.1950029725564552
25409,0.1488210914114857
25410,0.23087257570649372
25411,0.14005554678754437
25412,0.22737515823489707
25413,0.15173255619107343
25414,0.16840368331310884
25415,0.15618285748644664
25416,0.1805255394434979
25417,0.1561199595631578
25418,0.1636296790334877
25419,0.16303579899561557
25420,0.1292457715233761
25421,0.12846309848536935
25422,0.21400602054207107
25423,0.2604246091321893
25424,0.1864298856977554
25425,0.12977973360462564
25426,0.19188933384740683
25427,0.15310099216827977
25428,0.19558303719446796
25429,0.16041052981844128
25430,0.11925722513336018
25431,0.25712188607883957
25432,0.2204470023013018
25433,0.28732828787986014
25434,0.1711597403350065
25435,0.16620014060893765
25436,0.1520661794774166
25437,0.1785409069823681
25438,0.14213664990131664
25439,0.12722423595051383
25440,0.18126372872476135
25441,0.15281674384108115
25442,0.1418384286410315
25443,0.12747745400880992
25444,0.20335526191306502
25445,0.13461729939776698
25446,0.2537978436692842
25447,0.1281885101877838
25448,0.1505577387274462
25449,0.19890546771359155
25450,0.13619622930876205
25451,0.16291116435800923
25452,0.15602768239182335
25453,0.13063401048694862
25454,0.1441553986090048
25455,0.1319682014687147
25456,0.14566071313982656
25457,0.13139617567661635
25458,0.11844570235402847
25459,0.17697296297681023
25460,0.165711142957745
25461,0.1286195643518323
25462,0.166906382259152
25463,0.13788875324919211
25464,0.1847561254231435
25465,0.18722562717183927
25466,0.1545543798694858
25467,0.14337187487201275
25468,0.14367070367872034
25469,0.15692641887682207
25470,0.15859929019355298
25471,0.14373451717948646
25472,0.12808052912038922
25473,0.16477640136170355
25474,0.13231323069926193
25475,0.14303620635504935
25476,0.13432554139014144
25477,0.19305977741289274
25478,0.13891887295978878
25479,0.23921150979549197
25480,0.18405443913571187
25481,0.14371977274158815
25482,0.18124238250691627
25483,0.14292947912326484
25484,0.15244359389456041
25485,0.19512181910215742
25486,0.14173435506596183
25487,0.23529228730777882
25488,0.18515135233297708
25489,0.12447586889110214
25490,0.1258491384280921
25491,0.12628773666582535
25492,0.1491080936142166
25493,0.15281509371288146
25494,0.14066761259450059
25495,0.11964687454527702
25496,0.17055138634162206
25497,0.1513825406487934
25498,0.18803298425926784
25499,0.19209277201292152
25500,0.20054012430502177
25501,0.22596574934070895
25502,0.23536314012264437
25503,0.1971090343799568
25504,0.19762786018712647
25505,0.1276600540614109
25506,0.14979683308601133
25507,0.12788418470990015
25508,0.17630386902493803
25509,0.13832683434200785
25510,0.20652830193724162
25511,0.14074137798116665
25512,0.2517423665998387
25513,0.17236404597390959
25514,0.15851908710024043
25515,0.14625583428072772
25516,0.24541153776592783
25517,0.13798238373997238
25518,0.2034847459773923
25519,0.1434656688739434
25520,0.14869750893018896
25521,0.1486119694964504
25522,0.15236091221496045
25523,0.15563177098727823
25524,0.13195795654877168
25525,0.13383587761655646
25526,0.1677033149974686
25527,0.12995017774321888
25528,0.15626522263873424
25529,0.1480732685756615
25530,0.13503073742351185
25531,0.13836058389961348
25532,0.1572895676270936
25533,0.13157375081382575
25534,0.14513087882221276
25535,0.17538567525134616
25536,0.15503466844236574
25537,0.17181683877054954
25538,0.1336242059586673
25539,0.2647627101187036
25540,0.14974519238758585
25541,0.1283071172236513
25542,0.1697503118992265
25543,0.13602337033209752
25544,0.12299851236093666
25545,0.15200595995564897
25546,0.14616359180300026
25547,0.15073135900056114
25548,0.12329953451820183
25549,0.160099850121175
25550,0.21400090048924014
25551,0.13289447133859272
25552,0.16162660676981508
25553,0.21221400357424894
25554,0.13617925231075922
25555,0.10273270595909025
25556,0.14087099585322577
25557,0.20764876045862718
25558,0.1302759461450719
25559,0.18633776704163404
25560,0.16428529943126305
25561,0.18280681062484377
25562,0.14949734916327032
25563,0.1390078005346195
25564,0.12859703933163288
25565,0.16562602741515708
25566,0.14726422808787543
25567,0.13698808317726974
25568,0.1326110089453654
25569,0.14799757202045669
25570,0.16607088139599493
25571,0.2089899399222691
25572,0.1330324675450182
25573,0.1537871794918691
25574,0.13335983212336516
25575,0.18596504801905428
25576,0.1412735845703297
25577,0.14585920510852557
25578,0.15297795423436297
25579,0.11889207932888196
25580,0.17335238116370513
25581,0.18211008245884436
25582,0.12604555859503294
25583,0.13639183113383826
25584,0.2293455128932025
25585,0.17733287207796994
25586,0.1475928738565487
25587,0.1585529951564074
25588,0.20733839294329473
25589,0.17295141935298347
25590,0.1322998395499579
25591,0.15260241555493845
25592,0.1318175653580319
25593,0.16177600773356948
25594,0.1468914832260812
25595,0.15051162537223994
25596,0.1344228409845603
25597,0.19237216269765323
25598,0.17841593724143326
25599,0.12435332829976915
25600,0.15901854944118549
25601,0.1357772059433392
25602,0.1561920168281047
25603,0.15341501422866327
25604,0.15230361062657685
25605,0.13209048679572408
25606,0.14621167059815227
25607,0.1293785525972558
25608,0.15897062048522487
25609,0.1361423586981886
25610,0.14639202334467694
25611,0.20587277509829122
25612,0.12887492980152918
25613,0.16743365555375567
25614,0.21045137089916127
25615,0.1237819681727224
25616,0.13946623921929546
25617,0.19002847549756052
25618,0.20573957525327427
25619,0.16083816495066594
25620,0.21368786091635802
25621,0.13262335345955828
25622,0.15306975526723524
25623,0.16163605361210417
25624,0.1881983151687675
25625,0.15415362327377743
25626,0.1646711916631205
25627,0.2203533568344389
25628,0.1332237779970798
25629,0.1238674113819539
25630,0.15056219444477997
25631,0.1890599278850998
25632,0.15818803476375984
25633,0.12794924794477658
25634,0.13952745846026102
25635,0.12919746827905268
25636,0.14936663100611225
25637,0.2092286723657669
25638,0.13905655966093466
25639,0.14295251302110254
25640,0.16974026176763127
25641,0.14827082022939142
25642,0.19051439284430088
25643,0.1715712633241467
25644,0.16838565552451684
25645,0.138659627927486
25646,0.1843235037163776
25647,0.15439616795782046
25648,0.14313812015376742
25649,0.14342401014654313
25650,0.14853048644008587
25651,0.25479264567296844
25652,0.20835356756071424
25653,0.1500050043296427
25654,0.22934451609416773
25655,0.2105430416706081
25656,0.23156399447895076
25657,0.16518732062957217
25658,0.1272436674494694
25659,0.12896061875434614
25660,0.16231015462743356
25661,0.15831224939622057
25662,0.17854365800714528
25663,0.1221778174112709
25664,0.17290783421534264
25665,0.14072842978149347
25666,0.15901876895341982
25667,0.29843431222561045
25668,0.13862918983659736
25669,0.1615978025410306
25670,0.16110875036751257
25671,0.15477495369189714
25672,0.2596874982971686
25673,0.1487874447583102
25674,0.13388273934776476
25675,0.13136891124005184
25676,0.1362459369531519
25677,0.1340407626697202
25678,0.27098232434923364
25679,0.1721486873781543
25680,0.13086588287179526
25681,0.18733825905626283
25682,0.19097803530186552
25683,0.23592128324368086
25684,0.15779093601859875
25685,0.14814853229473948
25686,0.2331503766300818
25687,0.12726981624787598
25688,0.1993369471007219
25689,0.15585921662705646
25690,0.13503218074848444
25691,0.1319758517884692
25692,0.1526414715539436
25693,0.15301318363126906
25694,0.13484774665188465
25695,0.13909349129405318
25696,0.13815573848051296
25697,0.20893992913542522
25698,0.1316701734002254
25699,0.13478398365361977
25700,0.1536805294125079
25701,0.19104519330835917
25702,0.20213597286002533
25703,0.17075451493699847
25704,0.1846634032506946
25705,0.15291363339998734
25706,0.13975763844098005
25707,0.1526784268679192
25708,0.17349262596519682
25709,0.12619629720188352
25710,0.14036521401472374
25711,0.18428425700320025
25712,0.21937686563269745
25713,0.20010680184500038
25714,0.12705777543078778
25715,0.1602554122507889
25716,0.12902922276121556
25717,0.13113855447636116
25718,0.18165412115008345
25719,0.2626547589521734
25720,0.18415588071427733
25721,0.16006982523574675
25722,0.2030795658282465
25723,0.1287209095321817
25724,0.13811620796484125
25725,0.1387113161091196
25726,0.1310787003781886
25727,0.12941434027488277
25728,0.12559696901998613
25729,0.13550693904010416
25730,0.14614452577956907
25731,0.19054309081698514
25732,0.15311356987898186
25733,0.1236673156116068
25734,0.1923899545181651
25735,0.1285768712505712
25736,0.1433218218964335
25737,0.21675988039364275
25738,0.1551297096837702
25739,0.14245730828793923
25740,0.1486327066232184
25741,0.16157574739968553
25742,0.15975900409781765
25743,0.1391943386436854
25744,0.13032276949214694
25745,0.11715057788971125
25746,0.21394140734070222
25747,0.1396043457758412
25748,0.14890158189877226
25749,0.18819244750055722
25750,0.13995728062548243
25751,0.2075881466249586
25752,0.15494577794720027
25753,0.1883970314483459
25754,0.1478849881902736
25755,0.13722199816198233
25756,0.16639792169470524
25757,0.20618203007633618
25758,0.12073697193362423
25759,0.1598713742180781
25760,0.15100281119025336
25761,0.14014191141073373
25762,0.14363593029489036
25763,0.17349247312425314
25764,0.1341061038800685
25765,0.15937829329388759
25766,0.15095118976557606
25767,0.24968453075331823
25768,0.15480083681535886
25769,0.1546867135316684
25770,0.12472024677215035
25771,0.16345631895499466
25772,0.12932613736730803
25773,0.1853215220308407
25774,0.21420107307211195
25775,0.17780277664945612
25776,0.13179578335785647
25777,0.16126605468612787
25778,0.17417535705785384
25779,0.18538243191225395
25780,0.15410991689783693
25781,0.15285849538507001
25782,0.16732869273801618
25783,0.1834042662196893
25784,0.1822352030619856
25785,0.16673349552123962
25786,0.15900240524826928
25787,0.13313976593203403
25788,0.1896237772303216
25789,0.1593431618298245
25790,0.1800094463256918
25791,0.16495794365368513
25792,0.184133684940652
25793,0.21386284079676468
25794,0.13530454783230975
25795,0.163163149713405
25796,0.13490181050009187
25797,0.28008280582958467
25798,0.1387458153221234
25799,0.17184649826743215
25800,0.19778277204285666
25801,0.13827104096904508
25802,0.16510205834270422
25803,0.17031534242528795
25804,0.1283481174471474
25805,0.14027683626441448
25806,0.15528668488317623
25807,0.24778254010932188
25808,0.1452057567177246
25809,0.13214549635477593
25810,0.20957443716899657
25811,0.10956512123150704
25812,0.1302610039230717
25813,0.15536414751065591
25814,0.18616436925182636
25815,0.12660679213654624
25816,0.14993199325625914
25817,0.19861905923715037
25818,0.17299372049062506
25819,0.22954649044250833
25820,0.15419096069839527
25821,0.12959783102463754
25822,0.16501682683352453
25823,0.19617370132988105
25824,0.1387332840245813
25825,0.2244841920930496
25826,0.1668208609699452
25827,0.12988156446339102
25828,0.17063646752701192
25829,0.14664241648568205
25830,0.13631622323285766
25831,0.15689379869502387
25832,0.155082364039463
25833,0.13617616520412842
25834,0.17625978195667147
25835,0.1864276782195734
25836,0.25388875338681954
25837,0.15355091130086812
25838,0.142976516900725
25839,0.1512865788304867
25840,0.15253839066353
25841,0.1756963745858557
25842,0.13392063401215473
25843,0.13639568939250288
25844,0.14573714021576714
25845,0.18306189507743403
25846,0.1910186804853164
25847,0.12861936547266878
25848,0.21481687960335094
25849,0.13012908732419423
25850,0.140216229766883
25851,0.13941956145640783
25852,0.13825242400669752
25853,0.1294854228217878
25854,0.15498381993428648
25855,0.16035714677036828
25856,0.14718318630468288
25857,0.2727495004300052
25858,0.18161988781869345
25859,0.12868247092094337
25860,0.1755703252058345
25861,0.23050968456995374
25862,0.2237552540633608
25863,0.1357639322613709
25864,0.12885136405697956
25865,0.1302588459386213
25866,0.20978459187975845
25867,0.1321626215964433
25868,0.16687455267450446
25869,0.14801519499313578
25870,0.17462380592656535
25871,0.18508972646341024
25872,0.20414990134171324
25873,0.18116713656739428
25874,0.15106377343416671
25875,0.13375082195295432
25876,0.16174988107741398
25877,0.13320242649834368
25878,0.164252509745085
25879,0.19747823967680642
25880,0.15409001819034532
25881,0.14689752711270013
25882,0.168126390071557
25883,0.1512732116001315
25884,0.13854857863548714
25885,0.17038410557525172
25886,0.21457567353546528
25887,0.2613992140202299
25888,0.1516364594871092
25889,0.1552788819941861
25890,0.14145532329279714
25891,0.12683718894904197
25892,0.14772207523817518
25893,0.18312452041282015
25894,0.22361658758978722
25895,0.1367008446190369
25896,0.19304383433909122
25897,0.18270298579311672
25898,0.15367368707124407
25899,0.17967323603213678
25900,0.13351855946764785
25901,0.15466317619103706
25902,0.13557214766951192
25903,0.12470640034445857
25904,0.18508687537645144
25905,0.1500427766852303
25906,0.14081564908816305
25907,0.15189562811583465
25908,0.13165848882793163
25909,0.21889956334021624
25910,0.13700099764676696
25911,0.1436782579905655
25912,0.1463713413693371
25913,0.21789669634909936
25914,0.16590312908097438
25915,0.1339293328772752
25916,0.15087072272203395
25917,0.21754936620425652
25918,0.13970236040185355
25919,0.2036348310998163
25920,0.12977973671810694
25921,0.14802267286511064
25922,0.13701031633440747
25923,0.15270242007678356
25924,0.16508875859618488
25925,0.15964335130002963
25926,0.16918471824020453
25927,0.1310904402016032
25928,0.15605573780592086
25929,0.1338290690234656
25930,0.1911537699864886
25931,0.13499997380063164
25932,0.18612872132657038
25933,0.15816438996997054
25934,0.14559427555347493
25935,0.1677824313130712
25936,0.15149691756850972
25937,0.12584415267499885
25938,0.15003753204854225
25939,0.18483184921954493
25940,0.17954970628539063
25941,0.152429444917048
25942,0.12273460308852391
25943,0.15480438875595903
25944,0.18081566862818668
25945,0.13063316450417625
25946,0.1382763176305561
25947,0.17128448190984086
25948,0.14619571094992828
25949,0.24147209698780506
25950,0.15891300066652386
25951,0.1688467125289697
25952,0.18316775921399567
25953,0.1619780562726247
25954,0.12815202498427947
25955,0.20253190408409977
25956,0.24168779874640586
25957,0.1370277728294802
25958,0.15717900368592794
25959,0.20208828207121757
25960,0.14685243855085306
25961,0.13136414663382565
25962,0.1573936936421068
25963,0.1279162905279244
25964,0.23209067418008794
25965,0.14936161152486535
25966,0.12155574164972907
25967,0.18985649743027205
25968,0.142675724515624
25969,0.1331013787366653
25970,0.1500571122553316
25971,0.1353398018802405
25972,0.22315263968091906
25973,0.2200860564551632
25974,0.23968420066778914
25975,0.1699612727642142
25976,0.16392025330467064
25977,0.23343631812191917
25978,0.26927935959169896
25979,0.1635983502528408
25980,0.15866927838667838
25981,0.23176084627836455
25982,0.15396478749167003
25983,0.17669766835822617
25984,0.13114366949872028
25985,0.18097267624572175
25986,0.16872448486967348
25987,0.1321566992824665
25988,0.1454325219227699
25989,0.12442258598730073
25990,0.12843323884614263
25991,0.19493518771720414
25992,0.1250871561300582
25993,0.15832967508867624
25994,0.1618599794575542
25995,0.134891913794658
25996,0.14453424588205765
25997,0.17757323576371098
25998,0.15859988350804685
25999,0.2727745735908619
26000,0.1560327511265924
26001,0.12854071129983213
26002,0.14166933970053902
26003,0.12193005855338188
26004,0.14025723191932873
26005,0.1787534321727359
26006,0.14586240458205843
26007,0.1350740140100397
26008,0.22659163283978562
26009,0.14865221654495595
26010,0.18976728698845885
26011,0.15774312768462528
26012,0.13933758182961684
26013,0.14571510027591433
26014,0.13218672895243003
26015,0.17699850050538574
26016,0.1602633664731545
26017,0.16974387995474044
26018,0.1386967355240544
26019,0.1267629894937321
26020,0.17353570929634404
26021,0.1639621035178708
26022,0.19234118570187766
26023,0.1447405635243574
26024,0.1049814910908486
26025,0.19386207081811485
26026,0.1717146503028895
26027,0.20756003522717256
26028,0.1288136308086867
26029,0.12471520940249063
26030,0.1339172370637671
26031,0.14170289199620778
26032,0.25966147940269957
26033,0.13885143433874042
26034,0.14334025287628996
26035,0.13047871457887159
26036,0.14102520844774905
26037,0.15114495770419237
26038,0.15701178901898652
26039,0.1748722961350148
26040,0.19422383866943826
26041,0.1450531926383815
26042,0.14055494645637362
26043,0.1222760588909748
26044,0.13128347974638557
26045,0.14029730398709464
26046,0.17702603095553562
26047,0.18830557838998158
26048,0.15483826313663654
26049,0.17114209793315516
26050,0.15424471320334887
26051,0.12818520794435265
26052,0.13124484213002569
26053,0.20648089689940627
26054,0.16064740939234234
26055,0.14612200685191384
26056,0.17780333994117567
26057,0.13885014802887183
26058,0.19787266345340987
26059,0.13880600569039714
26060,0.15289946933532492
26061,0.12556052619439143
26062,0.14316048942830223
26063,0.14680488702248778
26064,0.13263851990116604
26065,0.1855178925451313
26066,0.1384978959239126
26067,0.13400403152378743
26068,0.15997158446502374
26069,0.14183779657044412
26070,0.15167792549073678
26071,0.130859554960587
26072,0.19187778763334384
26073,0.14927952666173497
26074,0.17872284856591356
26075,0.19235080608280158
26076,0.14336433452864794
26077,0.2082511188764962
26078,0.1835805821791715
26079,0.17424640825448473
26080,0.2108779281795372
26081,0.15334675666061487
26082,0.14359095885120934
26083,0.13678730681566892
26084,0.14178042063139873
26085,0.12889159455013352
26086,0.14169226681627836
26087,0.14510064663125904
26088,0.1364833179071794
26089,0.14526399175954985
26090,0.17607779709033633
26091,0.12699772417947086
26092,0.18378300777573786
26093,0.1452097198809591
26094,0.14737714375648286
26095,0.16726461136554302
26096,0.15251513846783937
26097,0.2309107462196053
26098,0.2655055105217674
26099,0.16063094871766437
26100,0.13052321800289973
26101,0.18815506732650245
26102,0.14096110023377859
26103,0.16119832130893466
26104,0.1932307302143016
26105,0.16631330179260603
26106,0.1419017332447447
26107,0.14422643357779233
26108,0.13862318961979875
26109,0.14646013482575448
26110,0.1709026155675012
26111,0.1289860916487418
26112,0.14217565095555668
26113,0.1355239854134434
26114,0.23456438734201607
26115,0.1224912410332432
26116,0.13833629520641544
26117,0.15996927531445088
26118,0.14937913263583635
26119,0.18155733939440402
26120,0.2521824740550781
26121,0.13408684869422552
26122,0.14147578133435018
26123,0.13033607064633462
26124,0.17184472870326517
26125,0.15186500836891037
26126,0.1325042902779906
26127,0.12785603944715465
26128,0.13119552981314614
26129,0.12494513223795164
26130,0.12790145860986524
26131,0.23774052868679876
26132,0.1721920016391614
26133,0.18797152599286687
26134,0.13842609788583315
26135,0.14951144819468248
26136,0.14115623551494327
26137,0.13836851268648478
26138,0.13913798074676229
26139,0.13255927737590353
26140,0.20429207284045325
26141,0.1603515401462421
26142,0.20018495883911427
26143,0.1513989265748591
26144,0.21493317599426126
26145,0.18712797368936654
26146,0.24470164869026628
26147,0.17629490835350817
26148,0.1462330849259339
26149,0.15643727548964137
26150,0.1820055900413567
26151,0.19003386365692596
26152,0.14331875358077473
26153,0.12486087843585175
26154,0.158302963904646
26155,0.1603722521151372
26156,0.14082081243938382
26157,0.16095102760384397
26158,0.19751826343489587
26159,0.14759796079849663
26160,0.13724186259680812
26161,0.20847492333745232
26162,0.1417226928211429
26163,0.1438470808284152
26164,0.19634570887587
26165,0.14969736655146665
26166,0.1336303589551964
26167,0.12870424284007606
26168,0.2510135957116795
26169,0.16005727193281497
26170,0.1474360997058048
26171,0.1605238769445965
26172,0.15571136111259146
26173,0.13696319135322418
26174,0.2570396923451272
26175,0.24172570217279088
26176,0.23162634109551447
26177,0.17787306438887776
26178,0.10228392840885207
26179,0.16239823445396503
26180,0.14158063528183382
26181,0.1321661772653894
26182,0.24262886755532173
26183,0.13878718795719946
26184,0.14185688401833355
26185,0.23849444274086087
26186,0.20256878335982526
26187,0.16074206082876877
26188,0.21322360521677017
26189,0.14112064198739513
26190,0.14763689968297344
26191,0.13168116134117847
26192,0.13345471433680822
26193,0.14666627016379655
26194,0.13852308358052504
26195,0.11001093179708456
26196,0.15455008190508784
26197,0.13128388664081866
26198,0.2173444603271104
26199,0.14072364799847947
26200,0.17220108337917792
26201,0.15058862404434703
26202,0.23090830296218826
26203,0.1717185275306379
26204,0.13290428421348266
26205,0.20070349166774026
26206,0.14885087017971182
26207,0.23298739162830512
26208,0.2533996484187382
26209,0.16138180649850054
26210,0.17304066560844417
26211,0.263799153864757
26212,0.14126410643424653
26213,0.16254150339719564
26214,0.22899948828167346
26215,0.16297652557875317
26216,0.1614128411290979
26217,0.14827527738453064
26218,0.12613585724736734
26219,0.19530432841431247
26220,0.14593113741743677
26221,0.1324165803872651
26222,0.20010182503313934
26223,0.1357404746165245
26224,0.1577094747356069
26225,0.13169806445778837
26226,0.13446913640212235
26227,0.1513331072712141
26228,0.14671454445913132
26229,0.2496405802356616
26230,0.17596494423279502
26231,0.16672665141447396
26232,0.17927390782775926
26233,0.15229033921215795
26234,0.12498918467480376
26235,0.18429416143831087
26236,0.1280447916715877
26237,0.1333181045943027
26238,0.1378576567614863
26239,0.18726465343966894
26240,0.13116632823356658
26241,0.13872509056850357
26242,0.1275682630394902
26243,0.19258301847878834
26244,0.1476172278807833
26245,0.14895409249675856
26246,0.14922889669210102
26247,0.15620719298267924
26248,0.16028809261794583
26249,0.22264470512630866
26250,0.1318604712386716
26251,0.14938184050007958
26252,0.13970272401313327
26253,0.1526596621411164
26254,0.15196792303496748
26255,0.1590215546921252
26256,0.18472698180305558
26257,0.13519816685590483
26258,0.17978119795986508
26259,0.20115238669952729
26260,0.18847460465544452
26261,0.20534232895463095
26262,0.15555882960045284
26263,0.14998492676419167
26264,0.16724619019096626
26265,0.13296092957381792
26266,0.1341084603124972
26267,0.2258117097375017
26268,0.14111737421032136
26269,0.13243710811626216
26270,0.17028100289138548
26271,0.16588595775822923
26272,0.2805666709406741
26273,0.16421476674764926
26274,0.12581409429327323
26275,0.1460322495339846
26276,0.17859377189549136
26277,0.2513473323215877
26278,0.17896993548954962
26279,0.15399829080038904
26280,0.18243903177456877
26281,0.19499978614680874
26282,0.1694008531921601
26283,0.17987462450525712
26284,0.13740881187284634
26285,0.1604543474383497
26286,0.12986814226335147
26287,0.14694935135486079
26288,0.17358188773942992
26289,0.1297612030906728
26290,0.15904212351603256
26291,0.15815712248780234
26292,0.18255296509848046
26293,0.16949808921230958
26294,0.32279021051306966
26295,0.14951390149946744
26296,0.14113644812880935
26297,0.13571256901034448
26298,0.1715535385979363
26299,0.1242806400499023
26300,0.12806008551110556
26301,0.15670541662554868
26302,0.13458013827135507
26303,0.14655135925509258
26304,0.14993545915291406
26305,0.15931902890744887
26306,0.13329912674561523
26307,0.13980379044264202
26308,0.1939799027853567
26309,0.1641055985707208
26310,0.18424991812028968
26311,0.29929547447378674
26312,0.17938851760531924
26313,0.16529267708222417
26314,0.16404308969255044
26315,0.1584729708219893
26316,0.1283413740293334
26317,0.2454302064906053
26318,0.2131163855348453
26319,0.21051608773281122
26320,0.1511346757324057
26321,0.1637989754545466
26322,0.1520340165827906
26323,0.29278560742159465
26324,0.1383040927954561
26325,0.2055687627195418
26326,0.13454855847852565
26327,0.1482225715711981
26328,0.13288718530572766
26329,0.16032344918356234
26330,0.14214898851735702
26331,0.26665017281760894
26332,0.14591584783589326
26333,0.13681480201961718
26334,0.1816553048697654
26335,0.15884720081256226
26336,0.23809577598976264
26337,0.13672591239490112
26338,0.1424162944541936
26339,0.1492691019876094
26340,0.12496504006223241
26341,0.12230753886021391
26342,0.20258516671278626
26343,0.14918757822319928
26344,0.1334991889294195
26345,0.21233757311144508
26346,0.15506328862438398
26347,0.16759263992797982
26348,0.16564768563026883
26349,0.16351295336223243
26350,0.149464926810122
26351,0.1575091649152793
26352,0.19109009401123497
26353,0.1686636789975817
26354,0.16081952543940492
26355,0.19126305114425282
26356,0.16523058137530172
26357,0.12739646767484714
26358,0.14713769735039384
26359,0.11459557879894983
26360,0.2606608939810989
26361,0.1297236606457995
26362,0.13591441154071887
26363,0.14400728173665922
26364,0.2443573627193444
26365,0.14470561607287763
26366,0.1435962015652105
26367,0.22571234709715918
26368,0.21101275747769926
26369,0.14510038949309947
26370,0.14262744653240506
26371,0.1296497168609613
26372,0.1802562450024777
26373,0.12922864059441866
26374,0.1417937416171556
26375,0.13399631871658252
26376,0.13687478463988467
26377,0.12986621592591505
26378,0.13589807349562036
26379,0.1258885979681448
26380,0.13208210667354597
26381,0.16686455201137845
26382,0.19863099891363017
26383,0.22314037461582217
26384,0.14972999296315537
26385,0.18904396799137207
26386,0.16697247510701566
26387,0.205083735820352
26388,0.15678145163755164
26389,0.13391814400535937
26390,0.14127803036550474
26391,0.1371074018639291
26392,0.15142631284899277
26393,0.14507688290487394
26394,0.1506477352905614
26395,0.14504381348576267
26396,0.1398323215646483
26397,0.1406932190807558
26398,0.13790706011369022
26399,0.17145390199666952
26400,0.1310740306541669
26401,0.16782765433387797
26402,0.19607790783178733
26403,0.1784583841742709
26404,0.17362430968468928
26405,0.11384076006861298
26406,0.20413099479372482
26407,0.13216474345989745
26408,0.16081865186614402
26409,0.19522769279986973
26410,0.13188516190368144
26411,0.15258333026273652
26412,0.1562697561618338
26413,0.1831328637122411
26414,0.187150024676677
26415,0.13235329057596507
26416,0.22978650290943634
26417,0.1618907870082062
26418,0.16767421368099777
26419,0.29022620570442137
26420,0.1359059587576452
26421,0.24545140111041816
26422,0.1473931286246637
26423,0.13592765943437377
26424,0.17889269105543482
26425,0.13860332067277967
26426,0.14893988882950512
26427,0.15717276317670456
26428,0.14313590606099308
26429,0.15688890606751837
26430,0.13804187316486788
26431,0.12999907183274742
26432,0.13252573631591716
26433,0.14570072457386177
26434,0.13333995918483502
26435,0.16858984700554724
26436,0.1520087474914767
26437,0.1905080512964843
26438,0.17746742967653925
26439,0.13197407274533252
26440,0.1274075227371065
26441,0.15265781073162127
26442,0.1678406893308417
26443,0.1439139852579085
26444,0.17406184621770623
26445,0.1455594190068017
26446,0.17248760140512248
26447,0.14984341003376828
26448,0.13230815960118314
26449,0.12227555376604095
26450,0.15576056493745807
26451,0.24004438348971216
26452,0.1319363335347587
26453,0.2304994691534284
26454,0.17216260383832313
26455,0.11001107372263709
26456,0.1591567179558051
26457,0.15149885623875198
26458,0.17499154096099168
26459,0.18374552842031783
26460,0.14060700218088248
26461,0.3065390391457713
26462,0.13459861945907892
26463,0.18172569839530422
26464,0.14509094927774624
26465,0.1569163582076724
26466,0.19150569395444955
26467,0.18927073816557885
