id_cliente,prediccion
2,0.09492131
3,0.15506649
7,0.09864694
10,0.114147455
11,0.108638346
12,0.0955033
14,0.1208263
16,0.121168226
25,0.08626749
32,0.079311416
38,0.091508664
42,0.16449706
63,0.11633367
65,0.15655619
70,0.12918219
74,0.08661322
76,0.11518414
83,0.12086381
90,0.047900006
98,0.2144625
104,0.096739285
121,0.088651635
124,0.17559755
125,0.16047573
137,0.13704585
143,0.08526471
144,0.1982571
157,0.13072217
163,0.09801906
197,0.15843874
203,0.22809894
205,0.11180348
209,0.15690085
228,0.18959868
231,0.12383628
237,0.17961285
243,0.11004237
247,0.11836424
249,0.119693965
253,0.0994034
261,0.107020594
263,0.046602637
275,0.089285605
279,0.14109926
280,0.1130004
292,0.0965334
297,0.10329281
299,0.09232841
302,0.08215528
304,0.11980456
308,0.13870126
318,0.13549784
319,0.1938776
323,0.12906665
325,0.14731559
339,0.124825306
340,0.12943982
355,0.10852997
359,0.1293065
368,0.15452152
371,0.11609347
378,0.11882398
390,0.13128404
392,0.118698485
409,0.06640511
412,0.18035908
420,0.13681996
422,0.11105831
428,0.13782643
429,0.07035082
430,0.12413867
434,0.10002283
437,0.11293749
447,0.14259052
464,0.08020434
466,0.19468023
468,0.1721941
470,0.11905681
473,0.121444516
475,0.115722165
476,0.12417725
480,0.08054939
483,0.118913576
487,0.15892692
495,0.16958153
496,0.17730185
499,0.08934186
502,0.18135656
504,0.09896149
508,0.09261019
514,0.10188806
515,0.1413087
538,0.090588525
548,0.10283548
551,0.12596546
553,0.14483589
560,0.08630375
564,0.09755951
572,0.1503148
577,0.1060091
578,0.1933492
591,0.111440666
593,0.10926017
604,0.11160314
606,0.10720719
614,0.13590267
616,0.09486869
622,0.11916845
626,0.10958265
632,0.11290193
637,0.08343653
640,0.05393081
647,0.08773972
648,0.092729755
653,0.11040185
654,0.13399248
659,0.13641421
661,0.12518272
670,0.1162271
671,0.14630929
673,0.09288789
674,0.11182902
682,0.10226541
683,0.09685614
687,0.092031024
688,0.1338919
689,0.0988028
701,0.11684825
705,0.10917309
707,0.09886716
710,0.15922374
714,0.07469674
716,0.10547726
717,0.1720811
729,0.15691061
732,0.1265667
734,0.12106484
736,0.10427127
742,0.07306445
750,0.12320971
764,0.13914657
767,0.08883046
768,0.10777852
774,0.15586606
777,0.111436665
784,0.0960288
785,0.11594246
786,0.10321896
787,0.13555881
788,0.12455875
790,0.1767792
794,0.14405128
796,0.11542532
802,0.09025674
812,0.15445198
814,0.06297214
816,0.102718756
817,0.11352978
834,0.11811868
835,0.090090655
836,0.10420466
837,0.094477706
840,0.14498995
841,0.18302582
854,0.16108476
858,0.10103441
859,0.13027816
883,0.10100759
887,0.12652962
902,0.10138604
913,0.10452913
915,0.07103022
916,0.12679173
917,0.14761499
924,0.11503018
929,0.14058554
933,0.12539265
936,0.1365072
941,0.09542731
946,0.124272935
948,0.08568767
952,0.09341102
959,0.107031755
963,0.10884845
965,0.05156347
970,0.13111246
975,0.20063615
979,0.10099414
982,0.09196479
986,0.12789607
992,0.117604226
1003,0.06900113
1004,0.11622153
1007,0.15777177
1014,0.05138631
1017,0.10377468
1018,0.08483999
1043,0.13489151
1046,0.10521597
1052,0.09208226
1061,0.10516244
1063,0.107020594
1064,0.13639566
1067,0.12260792
1070,0.13379033
1075,0.11875719
1105,0.12642387
1116,0.104637235
1117,0.24087882
1123,0.16962081
1125,0.10752903
1132,0.10285932
1160,0.06370999
1161,0.12846728
1165,0.13655132
1171,0.14139509
1181,0.1919193
1185,0.118483536
1197,0.15794487
1202,0.11631637
1205,0.13511536
1206,0.100497566
1213,0.15614472
1216,0.107118055
1228,0.14909372
1232,0.1126306
1238,0.067848876
1241,0.116096
1246,0.108157486
1258,0.08400173
1263,0.08891406
1289,0.10665352
1301,0.1165517
1302,0.106437184
1303,0.16786264
1312,0.079647735
1314,0.105665505
1322,0.061920974
1326,0.1532797
1328,0.13639116
1334,0.12553003
1336,0.107919395
1337,0.09894631
1338,0.12612289
1340,0.11422305
1361,0.14353277
1365,0.21387868
1368,0.21686722
1370,0.060933862
1378,0.082140416
1381,0.18867114
1388,0.103683844
1393,0.105978735
1395,0.09910444
1400,0.1113
1404,0.11106254
1405,0.12153786
1411,0.12526736
1414,0.10077736
1415,0.09575329
1420,0.05476299
1425,0.0543218
1434,0.13354468
1453,0.14620352
1455,0.12389539
1460,0.14211851
1465,0.19439183
1474,0.12064096
1475,0.07079838
1476,0.20493813
1477,0.09029145
1489,0.040901188
1495,0.08947274
1496,0.1176022
1501,0.12046018
1504,0.09481915
1506,0.122204304
1516,0.17651618
1535,0.12395099
1541,0.1385258
1546,0.13111532
1552,0.113665275
1558,0.11802576
1559,0.13986135
1564,0.09324823
1566,0.10095539
1567,0.1901481
1573,0.13376823
1576,0.14001562
1577,0.119841725
1578,0.10035512
1586,0.10717041
1587,0.1311652
1589,0.105516605
1591,0.11261035
1592,0.16839233
1598,0.11931313
1602,0.15776215
1604,0.1136515
1606,0.15236898
1614,0.12057889
1615,0.12362504
1619,0.09095434
1623,0.10572368
1631,0.10982051
1639,0.0945273
1648,0.0845995
1659,0.09542363
1669,0.21174905
1673,0.12743756
1678,0.12033999
1682,0.17414391
1683,0.1066736
1692,0.1222073
1693,0.15879156
1695,0.13148251
1698,0.14241299
1706,0.16032748
1709,0.102840796
1710,0.12351577
1719,0.09126705
1720,0.093550354
1726,0.0986912
1730,0.0980793
1732,0.0843082
1733,0.13498181
1736,0.04926892
1743,0.1495584
1751,0.1118889
1752,0.1110502
1754,0.1849959
1756,0.14204058
1760,0.089307725
1765,0.1091395
1776,0.13837798
1778,0.13368277
1779,0.19070628
1781,0.10131874
1795,0.15480193
1808,0.060042914
1809,0.13596179
1814,0.09549274
1821,0.1156791
1822,0.106469765
1824,0.10034927
1827,0.16011134
1834,0.1325082
1844,0.19594975
1851,0.11650697
1867,0.16882353
1869,0.102122284
1875,0.15759426
1882,0.11443451
1897,0.20401561
1910,0.10915729
1917,0.10405205
1918,0.19562788
1935,0.12576118
1936,0.11809006
1937,0.117407866
1949,0.17563719
1952,0.08183873
1956,0.122008875
1969,0.13187557
1970,0.09870397
1971,0.12581396
1977,0.1600526
1982,0.18574178
1995,0.08490453
2002,0.095077425
2004,0.12256431
2011,0.1531594
2013,0.13571444
2014,0.10596821
2026,0.093064934
2040,0.11719267
2043,0.114795394
2060,0.09036321
2069,0.05162571
2073,0.07031311
2076,0.04290195
2082,0.10011662
2089,0.09484543
2091,0.15040919
2103,0.22185737
2109,0.114025116
2112,0.11679134
2113,0.10419076
2119,0.10551793
2121,0.16658643
2125,0.09095012
2127,0.16966137
2128,0.10792217
2132,0.10649252
2146,0.1476643
2148,0.1493553
2149,0.22429875
2156,0.11687387
2157,0.09960486
2159,0.20786668
2160,0.10238251
2169,0.16910607
2170,0.09580346
2186,0.117638744
2188,0.10842091
2190,0.07907821
2203,0.0880727
2204,0.11289374
2205,0.1661976
2207,0.13383904
2209,0.08972224
2211,0.0331963
2220,0.09277959
2226,0.122357145
2229,0.08106542
2234,0.10491991
2237,0.13005722
2240,0.0960871
2249,0.114319034
2252,0.1467578
2264,0.17103256
2269,0.10881588
2272,0.11049208
2283,0.09729341
2284,0.14748417
2287,0.13561942
2290,0.105789065
2298,0.11218203
2328,0.14373761
2329,0.19797494
2330,0.18615617
2336,0.14504108
2338,0.09866124
2341,0.15709281
2353,0.1416475
2356,0.11759547
2366,0.085710794
2401,0.11536956
2404,0.10113304
2408,0.091256894
2409,0.09368746
2410,0.117209144
2421,0.16670467
2425,0.12297254
2427,0.21092723
2429,0.09452921
2432,0.11744187
2435,0.11616151
2436,0.11600701
2447,0.10310688
2449,0.09627782
2454,0.10457397
2460,0.09652171
2472,0.13165146
2479,0.08981117
2483,0.11935539
2484,0.11336534
2492,0.13417399
2493,0.10270353
2495,0.0918858
2498,0.16179009
2501,0.09590075
2510,0.111798406
2512,0.055688635
2516,0.1510197
2517,0.19515699
2538,0.10036993
2561,0.09023483
2563,0.11442537
2567,0.09678517
2569,0.042251807
2576,0.12238433
2588,0.10605084
2592,0.06310667
2593,0.15314484
2604,0.07271674
2613,0.0871259
2620,0.10533129
2626,0.1585896
2629,0.08220011
2634,0.111781575
2637,0.11464804
2649,0.16470076
2653,0.22236647
2661,0.15343355
2662,0.101680025
2668,0.056985486
2684,0.123513006
2686,0.10568182
2706,0.12843794
2709,0.09375214
2710,0.08953344
2712,0.05397966
2717,0.09242836
2718,0.12089634
2720,0.108362496
2726,0.10231097
2732,0.21225822
2735,0.1980108
2736,0.11558181
2754,0.121773034
2755,0.09117493
2758,0.09833542
2759,0.089042716
2768,0.10743181
2769,0.21457218
2770,0.11920036
2776,0.07936742
2779,0.14430135
2790,0.08603858
2794,0.10634424
2796,0.12858108
2801,0.1269163
2810,0.11862322
2813,0.11882176
2820,0.14901078
2822,0.121238805
2830,0.10954469
2831,0.1260637
2835,0.1257315
2837,0.113269836
2852,0.15128908
2861,0.10132134
2864,0.092426755
2869,0.13678989
2870,0.15187655
2883,0.1118934
2890,0.085071705
2892,0.121255405
2895,0.13383594
2908,0.12793717
2911,0.040479697
2918,0.115943976
2931,0.195282
2936,0.18375014
2938,0.1411373
2940,0.21167907
2942,0.11565159
2943,0.124940485
2945,0.16703941
2949,0.14052683
2959,0.128907
2966,0.10880769
2969,0.107474044
2970,0.091231324
2975,0.09748578
2976,0.129978
2987,0.108304575
2993,0.1777238
2995,0.09274225
2998,0.10017256
3002,0.13492532
3004,0.092487946
3008,0.11788529
3010,0.12207785
3019,0.14509355
3027,0.1327354
3030,0.17689739
3031,0.12249433
3037,0.10041907
3038,0.08897652
3039,0.1300935
3043,0.07784298
3048,0.11329186
3049,0.16392636
3053,0.105760604
3054,0.11402524
3056,0.08118257
3069,0.11447106
3071,0.124727145
3072,0.11532652
3075,0.16087101
3078,0.12036388
3080,0.07552645
3104,0.14518496
3109,0.11832601
3126,0.09194008
3137,0.10304126
3139,0.08587906
3142,0.112204574
3147,0.12924977
3168,0.07392413
3169,0.14278236
3172,0.10689757
3174,0.14754787
3178,0.12579831
3179,0.105610505
3181,0.08969914
3190,0.14273797
3192,0.13664682
3196,0.18828487
3197,0.20436576
3206,0.12622467
3208,0.094813995
3210,0.088557474
3214,0.10416459
3220,0.047630325
3228,0.10421094
3232,0.11195762
3247,0.12488608
3253,0.1322161
3256,0.07574376
3257,0.10320976
3262,0.07257068
3269,0.06813144
3276,0.12520678
3279,0.15892093
3282,0.061959364
3284,0.15415415
3285,0.14667535
3295,0.08739875
3297,0.10104058
3298,0.081917
3311,0.07473776
3313,0.0960436
3321,0.10833076
3325,0.08592195
3329,0.132814
3345,0.17474389
3347,0.06301283
3349,0.110036224
3350,0.07690886
3354,0.14685428
3356,0.16374505
3363,0.09567388
3372,0.14450528
3376,0.08760918
3380,0.09234117
3383,0.10354177
3385,0.10651927
3387,0.12956166
3395,0.1253417
3396,0.09340945
3397,0.09029543
3411,0.135664
3413,0.09343814
3415,0.057897344
3444,0.18851237
3446,0.1047909
3447,0.108256444
3448,0.060910765
3454,0.095354095
3466,0.107252195
3471,0.11348555
3474,0.11298729
3488,0.14663002
3496,0.090701014
3498,0.13025947
3508,0.10679443
3511,0.1326783
3514,0.10777955
3524,0.09325687
3526,0.107137814
3529,0.12747577
3552,0.09581317
3561,0.10364205
3564,0.13012323
3566,0.11199863
3576,0.13627231
3581,0.100013494
3582,0.099693626
3583,0.14914152
3587,0.103498355
3589,0.16850176
3590,0.13985786
3592,0.097005084
3594,0.10966005
3598,0.10139308
3605,0.15990663
3608,0.1321633
3610,0.13803965
3619,0.12725842
3622,0.07578562
3623,0.14238168
3628,0.072951674
3629,0.1184898
3647,0.10166553
3653,0.08829264
3657,0.15496452
3658,0.1344497
3661,0.09599354
3665,0.11528704
3668,0.070029676
3670,0.050350018
3672,0.0989166
3675,0.13327672
3680,0.13082246
3697,0.15957889
3698,0.06918731
3699,0.11157163
3703,0.074738346
3711,0.109421834
3712,0.18034324
3716,0.08969315
3717,0.13049917
3721,0.13065372
3726,0.10419052
3735,0.15236199
3736,0.1375282
3740,0.10293744
3748,0.14135899
3751,0.11283752
3753,0.050534815
3754,0.07958453
3755,0.18028389
3764,0.08884214
3768,0.10562609
3781,0.11060418
3782,0.12715639
3787,0.13890049
3800,0.10217296
3804,0.12986246
3820,0.064336374
3821,0.1403046
3824,0.0512531
3825,0.12768954
3826,0.14688759
3831,0.11011785
3834,0.22873172
3835,0.11898181
3836,0.10342742
3840,0.06328777
3841,0.13534667
3848,0.15194766
3863,0.15539527
3869,0.119947776
3875,0.12816708
3877,0.13008726
3878,0.123572215
3879,0.20132656
3881,0.11982972
3882,0.0840214
3887,0.11431908
3890,0.099929914
3904,0.11915629
3905,0.14796636
3908,0.135223
3917,0.23623142
3927,0.13290381
3931,0.13522302
3938,0.1186877
3944,0.14983708
3947,0.09825605
3950,0.115183376
3971,0.1141856
3982,0.119381465
3991,0.09437159
3992,0.10339764
3997,0.052233722
4005,0.14160942
4008,0.10588595
4016,0.14026517
4018,0.089772895
4020,0.16311155
4027,0.15384303
4038,0.11160974
4045,0.1419497
4048,0.15240997
4051,0.09988266
4054,0.10503091
4055,0.16328655
4065,0.10268066
4066,0.117143154
4073,0.13996105
4079,0.12990637
4084,0.06023521
4087,0.23968646
4089,0.07992382
4091,0.13900334
4092,0.089143984
4102,0.15944813
4108,0.13212451
4113,0.12392198
4116,0.12533203
4117,0.07550157
4124,0.097962104
4125,0.13119988
4128,0.101929955
4129,0.11235883
4130,0.11928153
4134,0.16148128
4144,0.111533195
4147,0.13981909
4150,0.109337464
4158,0.13652563
4162,0.109694734
4163,0.0987281
4166,0.09426955
4167,0.14326274
4168,0.14019872
4175,0.11744379
4179,0.19533144
4180,0.0861573
4189,0.09786138
4192,0.12911357
4195,0.09882197
4197,0.10397237
4198,0.16510588
4202,0.108380936
4208,0.12245157
4222,0.1528812
4225,0.09249219
4227,0.10227149
4229,0.13145566
4230,0.13271418
4244,0.1527364
4247,0.09041618
4249,0.08173398
4258,0.120183825
4266,0.20663656
4283,0.06670887
4286,0.1963973
4287,0.11760842
4289,0.094366394
4291,0.1313592
4292,0.14793442
4296,0.10881266
4309,0.070110634
4323,0.14496174
4324,0.12646954
4327,0.15265745
4328,0.08908389
4330,0.14162473
4334,0.10899503
4338,0.09576399
4341,0.1192429
4343,0.1243128
4349,0.08841681
4366,0.0899848
4367,0.1016224
4373,0.082710706
4374,0.19446477
4384,0.10752221
4390,0.22393489
4403,0.120759696
4409,0.05760464
4419,0.12762941
4427,0.11592572
4428,0.14715253
4429,0.09914892
4430,0.043285623
4431,0.10045675
4433,0.15354353
4434,0.09997687
4442,0.062461868
4444,0.095062226
4456,0.12459348
4457,0.14723821
4459,0.10722115
4463,0.1267516
4465,0.13655668
4466,0.20702286
4469,0.22613819
4486,0.104332134
4488,0.11387032
4490,0.08862857
4492,0.1123764
4500,0.1297748
4502,0.23212332
4507,0.10312183
4511,0.09852072
4512,0.09650305
4516,0.083179966
4520,0.10397484
4536,0.047614463
4538,0.08141143
4549,0.15624188
4554,0.10495097
4561,0.13459773
4564,0.10678878
4566,0.1179912
4568,0.13238814
4580,0.1216851
4586,0.1039921
4594,0.120431125
4598,0.1102705
4602,0.1018354
4609,0.11783779
4610,0.09475717
4611,0.10666606
4619,0.14235072
4624,0.12492533
4627,0.09358805
4631,0.11804372
4632,0.132021
4635,0.12120745
4637,0.11122466
4641,0.13626201
4643,0.11281459
4660,0.095285356
4665,0.13320018
4667,0.18212608
4668,0.088373825
4670,0.11281981
4674,0.13183965
4676,0.10230618
4683,0.1410953
4684,0.10805087
4687,0.09484096
4704,0.10829433
4706,0.14662984
4732,0.115165144
4734,0.19783837
4735,0.0715835
4744,0.121793315
4755,0.09918994
4759,0.09713066
4762,0.12335332
4765,0.19737944
4767,0.09398776
4775,0.14236455
4780,0.14372236
4789,0.12110086
4794,0.13784927
4795,0.1176722
4797,0.0776037
4803,0.09655628
4810,0.1254483
4812,0.146384
4814,0.12695989
4818,0.08073517
4820,0.13447137
4822,0.09613704
4827,0.0459301
4828,0.14592294
4831,0.112010285
4839,0.12415109
4841,0.10471455
4842,0.093111485
4844,0.16899703
4852,0.08968634
4861,0.15090783
4863,0.15955903
4878,0.15953799
4881,0.24753135
4883,0.22944398
4884,0.110895954
4890,0.09643815
4894,0.05271015
4895,0.25687534
4898,0.12083489
4899,0.10494027
4901,0.16727123
4902,0.06958639
4919,0.10990745
4934,0.120371886
4937,0.09047408
4939,0.09379513
4945,0.17661662
4952,0.10513282
4953,0.12349229
4954,0.09530002
4955,0.10528831
4967,0.09641395
4970,0.118473366
4979,0.1241135
4983,0.09857918
4989,0.15628806
4995,0.099471666
5004,0.15732302
5007,0.11893711
5009,0.10198219
5010,0.08479124
5016,0.111968
5033,0.08590255
5038,0.090279676
5045,0.04866661
5049,0.08712807
5051,0.10721558
5055,0.13628796
5058,0.13976285
5059,0.09081934
5073,0.11907131
5074,0.16097891
5076,0.12769695
5078,0.12432725
5081,0.09930053
5082,0.07978415
5084,0.07737938
5105,0.09831946
5107,0.1396805
5111,0.13231967
5120,0.111177534
5121,0.07764755
5123,0.09461106
5141,0.108361445
5144,0.107252516
5147,0.16460764
5149,0.10310745
5152,0.12795249
5160,0.081261195
5170,0.18236725
5171,0.11664609
5176,0.21627633
5178,0.1700762
5192,0.09746461
5195,0.14890547
5204,0.102697946
5208,0.13790664
5211,0.060513947
5216,0.1809003
5217,0.0973448
5225,0.12553711
5228,0.11791406
5239,0.050983623
5241,0.15894438
5243,0.15437835
5246,0.15307295
5247,0.13860111
5249,0.091252126
5251,0.22595781
5255,0.10691146
5257,0.10530446
5259,0.17417543
5260,0.12877704
5269,0.1709186
5281,0.11305967
5284,0.08906251
5286,0.16830984
5292,0.14801607
5293,0.11146699
5299,0.10590482
5301,0.11426593
5303,0.08893188
5305,0.12927772
5319,0.19830605
5325,0.099000506
5331,0.11671152
5333,0.085641116
5335,0.0866492
5339,0.1274076
5340,0.08722123
5341,0.11754259
5343,0.078744315
5347,0.251968
5353,0.13436314
5355,0.087419
5363,0.10855334
5365,0.1407279
5373,0.12261749
5377,0.11034458
5379,0.13776307
5385,0.1178163
5386,0.116689004
5387,0.12690778
5389,0.1322304
5390,0.13754697
5396,0.111858465
5397,0.13225669
5404,0.10329311
5407,0.111624405
5410,0.09449557
5411,0.11430206
5412,0.083908305
5413,0.094130404
5418,0.15909322
5424,0.16916333
5427,0.14161332
5428,0.095160164
5433,0.13282293
5441,0.13544731
5448,0.094993986
5456,0.09778355
5460,0.056864504
5465,0.15963735
5468,0.08357511
5470,0.17020981
5475,0.10342889
5487,0.1508531
5501,0.106304556
5504,0.1123687
5508,0.11870195
5510,0.06400296
5514,0.10898767
5528,0.13675267
5540,0.07896616
5543,0.10178743
5545,0.12808801
5546,0.087446876
5548,0.12636155
5551,0.17099193
5553,0.10455165
5556,0.10096786
5560,0.10357442
5563,0.093645945
5569,0.099468865
5572,0.09948613
5576,0.14866841
5582,0.11750615
5586,0.11634329
5598,0.11918192
5605,0.09900734
5608,0.096792944
5610,0.10612943
5622,0.044429358
5628,0.10169115
5632,0.08658582
5640,0.11376605
5641,0.18147382
5647,0.10076238
5654,0.17990057
5665,0.115202814
5667,0.1704692
5674,0.13670908
5691,0.12485182
5694,0.13930415
5706,0.09848227
5716,0.13983166
5722,0.12257906
5738,0.106687844
5745,0.12357308
5746,0.046146013
5755,0.1796826
5756,0.11596103
5760,0.123999916
5761,0.11718324
5762,0.1471709
5763,0.10368621
5765,0.13272569
5773,0.12038409
5781,0.10729222
5786,0.18963291
5789,0.13442054
5802,0.14524743
5808,0.14363264
5811,0.10289066
5812,0.17440026
5813,0.10983986
5821,0.12527876
5829,0.10870982
5838,0.08728109
5842,0.1536728
5861,0.11260489
5864,0.095705904
5871,0.12622005
5875,0.12597533
5879,0.080121
5881,0.11417183
5891,0.11856719
5903,0.03797804
5909,0.145482
5914,0.16211712
5918,0.14165446
5933,0.08093169
5945,0.10863714
5948,0.11809698
5949,0.08537572
5950,0.109941654
5952,0.14384556
5955,0.13244608
5959,0.18693846
5961,0.102608345
5964,0.14029767
5966,0.18319003
5978,0.15836978
5980,0.089711025
5983,0.11071819
5985,0.104273856
5995,0.11551311
6009,0.122273676
6016,0.04909694
6021,0.15930814
6023,0.08933045
6029,0.15266159
6033,0.19053347
6036,0.18763776
6039,0.08668385
6046,0.12132625
6047,0.07453227
6051,0.07306375
6054,0.121150695
6061,0.124259315
6065,0.06615197
6068,0.10925457
6069,0.14646202
6070,0.11057511
6072,0.10422268
6076,0.10646115
6082,0.12329261
6104,0.10172936
6110,0.13512881
6122,0.11572746
6123,0.12732236
6126,0.06939892
6128,0.11860724
6131,0.11797779
6139,0.11201785
6140,0.11059562
6142,0.15288763
6143,0.053535677
6147,0.11420132
6152,0.14606544
6164,0.109817326
6171,0.17512955
6173,0.16740842
6175,0.15805522
6176,0.09714316
6179,0.12294938
6181,0.10996454
6191,0.1250016
6200,0.09791439
6201,0.101744376
6208,0.1945192
6219,0.15170301
6223,0.12705718
6224,0.13005874
6237,0.14487335
6255,0.14010555
6265,0.13589242
6273,0.078876644
6279,0.13145624
6284,0.13063341
6295,0.1351005
6306,0.10893882
6311,0.12050675
6327,0.08970701
6330,0.09307276
6338,0.14971645
6343,0.15645152
6345,0.11406651
6351,0.10708557
6357,0.1497159
6360,0.11202195
6389,0.09434221
6392,0.1365105
6404,0.109678715
6406,0.08377819
6407,0.09693519
6414,0.14173017
6419,0.13412832
6425,0.11630481
6428,0.13892832
6431,0.06316185
6435,0.110425286
6436,0.12538615
6440,0.08305101
6446,0.1040495
6465,0.08917984
6473,0.099110894
6476,0.11426708
6477,0.0821386
6478,0.12832491
6494,0.123729914
6501,0.18443428
6502,0.089108296
6503,0.100714095
6514,0.051595863
6516,0.113246985
6534,0.097070985
6541,0.09263023
6553,0.11015375
6557,0.07166197
6559,0.1524292
6560,0.15131041
6562,0.11596496
6575,0.122207925
6583,0.11610977
6588,0.105654225
6590,0.06972521
6594,0.043950327
6602,0.183937
6603,0.108212836
6606,0.09486727
6614,0.13786851
6618,0.10505444
6628,0.11614357
6633,0.1090196
6639,0.09656668
6648,0.13971552
6654,0.09055113
6656,0.098942146
6657,0.13888317
6663,0.10733299
6664,0.0848615
6666,0.13394855
6670,0.08963628
6671,0.121048376
6683,0.11096318
6694,0.094465785
6695,0.102120906
6699,0.11424559
6701,0.10427486
6706,0.101612255
6707,0.09657972
6720,0.11257721
6721,0.21124163
6726,0.12930284
6735,0.09719336
6745,0.117750265
6746,0.0815677
6751,0.113201305
6759,0.17440592
6760,0.13060345
6765,0.11818595
6774,0.13129471
6776,0.11650891
6779,0.12115714
6789,0.12733495
6792,0.1360822
6797,0.106629096
6807,0.13164401
6808,0.17271817
6811,0.17067854
6813,0.18262827
6814,0.121765606
6817,0.09726874
6826,0.10409427
6830,0.112919025
6832,0.102577746
6838,0.17288126
6840,0.112203866
6850,0.10950997
6851,0.11789445
6854,0.14612666
6856,0.15567349
6858,0.13080238
6866,0.11985824
6871,0.1312591
6872,0.10391091
6879,0.10611894
6881,0.110621884
6882,0.12571208
6883,0.13219711
6894,0.118771784
6899,0.13205768
6903,0.12545587
6908,0.1601924
6914,0.12427155
6915,0.2051798
6917,0.10282813
6922,0.19254929
6933,0.10571148
6944,0.12484256
6948,0.13052237
6957,0.10266632
6964,0.119689256
6987,0.09777873
6989,0.054386012
6991,0.09975331
6992,0.10789323
7019,0.10624382
7021,0.13199155
7023,0.109760135
7033,0.13135539
7034,0.11788264
7043,0.108290896
7047,0.093858704
7050,0.1231944
7057,0.06949969
7069,0.10530052
7070,0.091676004
7072,0.13933864
7081,0.12711985
7082,0.14984049
7088,0.19093727
7093,0.14664449
7100,0.10708279
7104,0.052592516
7109,0.101006806
7111,0.14858346
7113,0.10524883
7119,0.10045813
7122,0.1012055
7134,0.1749864
7147,0.149229
7155,0.09025239
7156,0.10201987
7163,0.17022257
7173,0.03826161
7177,0.09461261
7179,0.1296082
7191,0.128328
7196,0.17233251
7197,0.12888043
7205,0.10151364
7209,0.10167291
7215,0.1008418
7216,0.08494664
7217,0.09897461
7224,0.09684746
7230,0.14718539
7235,0.1532696
7237,0.23353861
7245,0.15297833
7246,0.09507295
7252,0.123610616
7257,0.12835681
7258,0.08941152
7261,0.15868674
7269,0.09711565
7270,0.11924886
7283,0.1645491
7299,0.08835086
7301,0.10914831
7304,0.1611632
7311,0.12789291
7314,0.11161029
7332,0.11191717
7333,0.15110664
7335,0.12907378
7336,0.11413712
7337,0.1391865
7344,0.105253436
7348,0.105775304
7351,0.08746328
7352,0.15681343
7371,0.09018118
7373,0.10802362
7376,0.05621147
7383,0.107840575
7390,0.1936521
7391,0.13615666
7392,0.12650637
7395,0.08849641
7400,0.119192064
7403,0.11459304
7404,0.10181046
7414,0.06748066
7429,0.13065806
7435,0.12113915
7436,0.10038834
7438,0.08166376
7441,0.08676038
7443,0.12160121
7444,0.18844275
7452,0.051219456
7456,0.084813036
7462,0.0433198
7483,0.09427143
7490,0.114117056
7492,0.16155238
7504,0.11409254
7507,0.06803404
7511,0.096530184
7519,0.09387677
7520,0.21611772
7522,0.08796253
7530,0.09860838
7536,0.12186351
7541,0.1467892
7543,0.10632592
7545,0.13294353
7558,0.15705928
7560,0.11140533
7561,0.094098836
7571,0.10902784
7579,0.09096517
7580,0.12917778
7581,0.10799698
7586,0.10008064
7590,0.097944155
7592,0.10264509
7594,0.09465956
7595,0.19343175
7601,0.10687347
7602,0.14695115
7603,0.088224754
7611,0.10421649
7617,0.056798127
7618,0.19669887
7619,0.093341194
7625,0.11528055
7628,0.13785179
7630,0.043681398
7631,0.10267563
7633,0.1552709
7634,0.10351761
7641,0.12673672
7642,0.2031963
7646,0.085652925
7662,0.15181096
7666,0.13035773
7674,0.085802704
7676,0.08646175
7679,0.16452621
7681,0.11165018
7686,0.08886833
7696,0.15396155
7707,0.12190476
7708,0.08444276
7712,0.18258956
7715,0.15392826
7716,0.1359442
7717,0.14207847
7719,0.080248654
7723,0.18315278
7726,0.08959727
7734,0.14939964
7739,0.050183967
7743,0.12193782
7751,0.11339043
7752,0.1422509
7755,0.12335831
7758,0.14744866
7761,0.09312461
7767,0.089100935
7773,0.1192928
7779,0.16453327
7785,0.16519174
7792,0.09919808
7800,0.12784684
7801,0.20697841
7802,0.14743118
7808,0.21113695
7811,0.13918203
7816,0.15069616
7822,0.111190006
7823,0.16261221
7832,0.10537205
7833,0.10641453
7838,0.11965478
7840,0.10158279
7857,0.11664014
7877,0.12477303
7885,0.13019459
7900,0.10257287
7907,0.11112769
7910,0.098835
7918,0.15284063
7919,0.14423329
7928,0.1052041
7933,0.12848756
7941,0.10982489
7947,0.13867705
7955,0.1215423
7956,0.100260325
7957,0.113317735
7964,0.14917912
7968,0.14477573
7980,0.16281712
8004,0.14887194
8016,0.11320881
8017,0.10957111
8024,0.1430804
8031,0.13478538
8032,0.14815399
8035,0.10227211
8036,0.11306367
8037,0.1454617
8052,0.09405169
8055,0.09746393
8059,0.11590881
8063,0.18884231
8064,0.12862797
8068,0.13575903
8070,0.12404028
8072,0.13443379
8085,0.14373842
8089,0.104508065
8097,0.072457105
8100,0.107895985
8102,0.13749401
8105,0.09848058
8114,0.077947766
8117,0.096920356
8120,0.09224616
8126,0.096491925
8128,0.09860565
8135,0.10184816
8137,0.08363583
8148,0.10892088
8169,0.10441575
8173,0.09304181
8178,0.11059016
8179,0.15972005
8182,0.12520628
8184,0.10110037
8186,0.11510008
8189,0.10423202
8196,0.11156296
8216,0.113842234
8219,0.12808996
8221,0.10561255
8227,0.12338647
8232,0.103771925
8245,0.11810773
8248,0.08841202
8249,0.10690595
8250,0.10305028
8256,0.0925796
8258,0.11887528
8259,0.10657346
8268,0.10434343
8271,0.111190334
8273,0.12859182
8275,0.1344339
8277,0.112763226
8283,0.107087985
8288,0.1185773
8299,0.1246116
8300,0.100605614
8301,0.11649237
8307,0.13382882
8315,0.15750669
8324,0.17583929
8326,0.12313621
8351,0.12940846
8367,0.16586287
8368,0.112658985
8371,0.1553563
8383,0.10008957
8386,0.096014604
8402,0.09975536
8404,0.15915275
8421,0.20325558
8422,0.09662391
8425,0.1844758
8429,0.093871474
8433,0.09979895
8437,0.117849834
8440,0.1367601
8455,0.17047338
8479,0.1782367
8482,0.12215292
8485,0.1145283
8489,0.1432771
8490,0.08525395
8492,0.094179675
8496,0.10229578
8497,0.1464758
8498,0.08858492
8500,0.0951984
8501,0.099673584
8508,0.113170765
8512,0.22958541
8522,0.22581947
8536,0.16761583
8545,0.08792396
8546,0.113783136
8554,0.14540283
8556,0.10215281
8557,0.12800649
8559,0.12328794
8560,0.17086768
8563,0.11990867
8565,0.098820135
8574,0.08374586
8578,0.107733846
8585,0.1306803
8602,0.1732348
8605,0.07247068
8609,0.1017528
8614,0.09376334
8619,0.116116256
8629,0.11280401
8632,0.12689646
8635,0.15803285
8639,0.10241354
8642,0.18320133
8643,0.15542297
8655,0.14364864
8657,0.103221804
8662,0.19738162
8666,0.20374973
8674,0.10687347
8676,0.1310327
8686,0.094241254
8691,0.076920524
8702,0.12396209
8714,0.14330001
8718,0.10451244
8731,0.116815306
8738,0.12648581
8745,0.089645445
8749,0.11665177
8754,0.119608454
8760,0.09559446
8762,0.10428704
8767,0.101992734
8768,0.12053238
8769,0.100543104
8771,0.10144188
8795,0.0802332
8796,0.1497156
8811,0.09598675
8815,0.1414862
8820,0.11572082
8825,0.11228942
8832,0.09249669
8839,0.17664507
8841,0.12701657
8848,0.09410226
8849,0.13535342
8856,0.10497783
8875,0.102915086
8879,0.16425511
8882,0.095226966
8885,0.08394075
8892,0.10556275
8897,0.13392568
8905,0.10708389
8921,0.11617201
8928,0.12230968
8935,0.10528973
8939,0.1213875
8941,0.108139
8942,0.11476664
8949,0.16619249
8951,0.11501855
8958,0.16774291
8964,0.10407674
8972,0.099068925
8978,0.2409872
8979,0.1193378
8988,0.16620485
8997,0.0891057
8998,0.15259476
8999,0.13192067
9006,0.13257577
9012,0.15123767
9024,0.12471583
9026,0.12297862
9030,0.15489957
9034,0.078906775
9036,0.104940735
9038,0.113070816
9040,0.1143602
9041,0.070858695
9042,0.10486731
9046,0.1094285
9051,0.13471459
9054,0.21273294
9057,0.10664607
9062,0.12336078
9072,0.11193419
9075,0.10201106
9079,0.12203449
9081,0.120098755
9091,0.10916475
9110,0.08761662
9113,0.10593813
9116,0.11460676
9120,0.14864467
9126,0.21468367
9133,0.114077255
9135,0.14904204
9144,0.087382115
9146,0.1163593
9153,0.08952878
9155,0.1279575
9160,0.056791883
9165,0.13877955
9172,0.107694134
9174,0.11755529
9179,0.04191497
9180,0.07926637
9195,0.18781212
9199,0.12640591
9204,0.1310708
9205,0.11711865
9210,0.12334748
9228,0.09961314
9233,0.101100564
9235,0.0976395
9237,0.07877779
9239,0.11871009
9240,0.09574062
9241,0.12569559
9242,0.087790705
9246,0.1260584
9248,0.096849866
9253,0.096010074
9254,0.12638657
9260,0.09570133
9261,0.115191095
9262,0.17964245
9263,0.16080782
9268,0.107522175
9275,0.09136886
9278,0.0899699
9287,0.09507305
9292,0.15975052
9308,0.13999315
9309,0.1341461
9310,0.13498487
9312,0.048558123
9314,0.14636673
9316,0.05937532
9318,0.11835517
9322,0.12707582
9325,0.1374835
9327,0.09426898
9336,0.09624515
9340,0.12314457
9342,0.10534549
9346,0.085142404
9351,0.11663524
9357,0.10594438
9372,0.15581085
9374,0.114076234
9378,0.09882456
9385,0.14443459
9413,0.09461611
9418,0.11262687
9420,0.109750934
9422,0.11439169
9423,0.12709124
9425,0.092309445
9426,0.1463506
9434,0.12617415
9436,0.12829636
9439,0.15954223
9446,0.10538102
9460,0.11085334
9461,0.15682362
9467,0.16886339
9472,0.07304184
9483,0.0990961
9485,0.118899435
9492,0.14528158
9500,0.10816572
9507,0.10713747
9514,0.11756683
9516,0.15985157
9520,0.10934895
9542,0.09471603
9544,0.18231368
9548,0.15394919
9556,0.10810472
9558,0.1190735
9565,0.117081426
9571,0.122217655
9575,0.12360093
9587,0.09571234
9602,0.21697734
9609,0.1008307
9618,0.06697367
9622,0.16685869
9624,0.1395765
9648,0.14380133
9658,0.16623631
9668,0.13134842
9702,0.08561316
9705,0.07129996
9706,0.13337179
9707,0.102352016
9708,0.17061587
9710,0.1374687
9726,0.1152311
9753,0.101263896
9757,0.08363636
9761,0.12587637
9765,0.09769898
9768,0.16760078
9769,0.097934194
9775,0.101302244
9778,0.10538706
9788,0.04554074
9789,0.15334454
9792,0.121325314
9815,0.090897545
9816,0.115897
9822,0.140601
9823,0.18504083
9827,0.12850286
9835,0.11738597
9840,0.07910675
9841,0.10562527
9849,0.13605568
9853,0.09954591
9869,0.21800058
9873,0.071100436
9881,0.06801132
9892,0.18573785
9898,0.09715259
9899,0.097135715
9915,0.10385154
9936,0.14180703
9940,0.099358164
9941,0.115195446
9947,0.1229305
9957,0.09327307
9962,0.087174356
9963,0.12177512
9964,0.0967808
9965,0.1711814
9968,0.12532778
9971,0.084967785
9973,0.13579778
9980,0.103904575
10002,0.13914205
10005,0.16380759
10007,0.114351384
10010,0.12471212
10013,0.15440512
10014,0.10199728
10017,0.07945511
10024,0.11316109
10030,0.06500756
10037,0.07918274
10046,0.069476396
10051,0.104351014
10063,0.123597704
10067,0.106461786
10073,0.094302185
10096,0.09736087
10099,0.16301736
10100,0.124413244
10101,0.10337953
10103,0.15810212
10110,0.1175731
10113,0.14972313
10116,0.1029001
10124,0.1518487
10127,0.0878248
10129,0.14951836
10139,0.13450435
10140,0.1896186
10145,0.1856693
10149,0.08033738
10151,0.1531722
10165,0.1127263
10166,0.12337647
10168,0.12829034
10174,0.0550931
10186,0.15651588
10189,0.095462926
10193,0.12580183
10197,0.084352896
10201,0.102359
10206,0.114485875
10211,0.094114
10216,0.10930296
10224,0.17605376
10234,0.11879388
10236,0.09446371
10239,0.11706432
10247,0.17066762
10250,0.07557963
10253,0.11396501
10254,0.10855352
10263,0.12984124
10264,0.10658523
10265,0.11064847
10275,0.10028275
10280,0.09515813
10286,0.1108913
10287,0.14107075
10293,0.11452421
10294,0.09965555
10303,0.14098912
10308,0.12979686
10311,0.10067203
10318,0.16755286
10323,0.20353502
10324,0.10974479
10327,0.0810999
10330,0.10868448
10331,0.08187314
10333,0.098121576
10334,0.13573581
10335,0.13522153
10338,0.10386255
10339,0.14902754
10348,0.08659325
10354,0.18376866
10356,0.108444974
10367,0.12021314
10375,0.09669257
10384,0.08801095
10386,0.10029502
10389,0.1298279
10393,0.1566032
10404,0.12398122
10408,0.14952113
10416,0.14257282
10434,0.15848109
10448,0.14587061
10449,0.10597609
10452,0.090188354
10453,0.1400516
10454,0.12765269
10461,0.10206504
10462,0.09293379
10472,0.10919252
10474,0.11884173
10476,0.11570097
10478,0.120325245
10483,0.060227662
10492,0.084920384
10493,0.14537641
10499,0.09339013
10501,0.07529587
10509,0.09564579
10512,0.11060969
10513,0.07516793
10516,0.0994898
10517,0.103531264
10525,0.10432647
10529,0.06620769
10532,0.1173132
10537,0.10514643
10541,0.12999807
10545,0.07940309
10548,0.09591282
10552,0.16738062
10554,0.13544133
10557,0.11978406
10564,0.12593518
10574,0.1293551
10591,0.08155202
10596,0.11315662
10600,0.17258133
10606,0.104239345
10611,0.089396305
10622,0.117414415
10626,0.11651073
10629,0.10767379
10630,0.06807529
10631,0.1440954
10633,0.11190624
10638,0.14278351
10639,0.15346855
10640,0.09912579
10657,0.11883091
10663,0.1414577
10664,0.084329806
10667,0.10774136
10671,0.10963195
10672,0.121365495
10675,0.10153084
10679,0.17805718
10681,0.11941537
10683,0.12890205
10688,0.12005704
10701,0.1315123
10704,0.21604502
10709,0.1511473
10715,0.11964875
10718,0.13709776
10724,0.10577296
10731,0.19096917
10733,0.09894476
10737,0.22860706
10744,0.052054517
10750,0.12855996
10770,0.08959727
10776,0.14197291
10780,0.103684664
10782,0.16628063
10789,0.17440626
10793,0.15080537
10795,0.1854456
10807,0.1009423
10813,0.10673646
10815,0.09263662
10817,0.1555016
10819,0.08636764
10824,0.10991389
10828,0.20042753
10830,0.16046485
10832,0.11261427
10836,0.11435257
10839,0.12256333
10843,0.10372569
10844,0.11757846
10866,0.16486079
10872,0.0899747
10873,0.10200274
10878,0.12277019
10889,0.106662944
10899,0.13167246
10901,0.12529445
10904,0.15069093
10910,0.16678044
10911,0.15373456
10917,0.08068161
10920,0.105554484
10921,0.107685976
10922,0.15075645
10929,0.10761152
10930,0.13220206
10933,0.104943536
10934,0.08366525
10939,0.111170486
10942,0.12403591
10943,0.15325426
10945,0.14179173
10946,0.10624318
10949,0.11994802
10951,0.10939856
10952,0.1371825
10953,0.12084963
10955,0.105742365
10956,0.1048607
10959,0.19216461
10963,0.06937427
10965,0.12698531
10971,0.11716957
10975,0.12006887
10979,0.10363353
10983,0.13362803
10984,0.08677295
10989,0.14626576
10992,0.091960825
11001,0.11675958
11003,0.16424051
11004,0.1773064
11008,0.15435642
11016,0.12201177
11017,0.10477729
11021,0.2157058
11028,0.14173211
11034,0.12371178
11035,0.11659439
11036,0.0523461
11041,0.086222775
11047,0.12158204
11056,0.12791982
11058,0.117306955
11059,0.08950489
11060,0.12165962
11064,0.11351862
11066,0.10500897
11069,0.15162125
11071,0.08814633
11072,0.12409521
11077,0.105197676
11080,0.08929651
11092,0.10446169
11097,0.100891575
11098,0.11800702
11114,0.096067846
11121,0.162133
11124,0.17103286
11131,0.12024116
11143,0.20559138
11146,0.042321682
11154,0.10622438
11164,0.17837301
11172,0.098515786
11173,0.105644196
11174,0.08794123
11175,0.11652763
11180,0.1340956
11184,0.111425534
11188,0.09075447
11189,0.17937218
11190,0.07044006
11197,0.07831612
11201,0.21021321
11204,0.13543728
11211,0.10808449
11212,0.104804255
11218,0.09534519
11219,0.097907424
11227,0.10703849
11241,0.10919401
11251,0.19208845
11254,0.15480177
11260,0.14210233
11264,0.113887906
11273,0.18593235
11276,0.111922175
11278,0.08920142
11282,0.1564919
11283,0.098588124
11291,0.12710081
11293,0.16324525
11302,0.13428934
11304,0.18005162
11305,0.1251381
11315,0.14353764
11321,0.07610952
11325,0.10694973
11335,0.11836547
11341,0.13781235
11343,0.14036344
11344,0.19029862
11361,0.114953056
11375,0.13526706
11377,0.15144436
11379,0.18838216
11380,0.15383954
11391,0.10588322
11393,0.13144869
11394,0.14112116
11398,0.12500325
11399,0.096232705
11408,0.070780836
11412,0.083878
11420,0.12582566
11421,0.1403435
11430,0.097102955
11437,0.13591829
11446,0.15521508
11471,0.07656867
11472,0.15004504
11475,0.13146712
11483,0.15663907
11492,0.115028605
11497,0.08810348
11498,0.112557575
11502,0.13859528
11504,0.15421757
11511,0.1038085
11512,0.094392195
11514,0.1166587
11522,0.15023026
11524,0.11071085
11533,0.122391246
11534,0.04453219
11541,0.081728324
11542,0.10335976
11547,0.10677163
11548,0.05307969
11566,0.2110455
11572,0.17927957
11574,0.11722542
11576,0.14588365
11577,0.13225481
11580,0.12058644
11598,0.09914685
11603,0.09042565
11613,0.1304647
11614,0.16516817
11620,0.10677531
11621,0.15520398
11622,0.099002585
11626,0.11812255
11630,0.113749094
11636,0.122665904
11637,0.11468104
11639,0.08795731
11647,0.08303653
11653,0.10512045
11654,0.072432525
11660,0.08697206
11664,0.12414746
11667,0.107678354
11679,0.15941304
11687,0.14856642
11691,0.11330741
11696,0.12336844
11702,0.15470119
11703,0.106515154
11705,0.12660635
11711,0.14687838
11716,0.07715516
11717,0.17045142
11722,0.123867996
11724,0.10679739
11728,0.17390715
11737,0.12175401
11738,0.08760061
11744,0.089344315
11747,0.1356217
11753,0.14999263
11757,0.15448263
11758,0.13336712
11760,0.14975996
11762,0.10388398
11764,0.10516173
11768,0.1049546
11773,0.20129277
11774,0.17006487
11783,0.1197206
11785,0.09568758
11787,0.12537526
11791,0.14451197
11796,0.091828376
11797,0.053479
11798,0.090187065
11803,0.13855045
11808,0.114423305
11810,0.1227014
11814,0.13160907
11822,0.196936
11824,0.12726213
11829,0.11184892
11846,0.12062983
11847,0.110363826
11850,0.1843069
11853,0.10645879
11854,0.12763233
11857,0.09788814
11862,0.11535525
11883,0.08525878
11890,0.1349053
11909,0.1079269
11913,0.16615878
11917,0.09145381
11919,0.08672527
11920,0.10147626
11921,0.1197184
11928,0.099447586
11929,0.11631874
11935,0.1299878
11936,0.07751435
11939,0.14282155
11942,0.08166297
11943,0.09580677
11946,0.09870797
11947,0.10024049
11952,0.09934584
11956,0.10527092
11959,0.15098448
11969,0.12521777
11973,0.15351407
11974,0.06885062
11975,0.14458546
11993,0.1427737
11994,0.10644398
11995,0.16410017
12002,0.1204142
12006,0.058459185
12007,0.08553872
12014,0.115421176
12017,0.20325536
12021,0.16652887
12023,0.14276867
12024,0.12116089
12027,0.17367597
12034,0.12521636
12040,0.09053996
12048,0.12829825
12052,0.10599089
12057,0.14677177
12058,0.23552333
12061,0.10583163
12062,0.102747805
12064,0.100987166
12071,0.14199467
12080,0.15658034
12085,0.09132926
12090,0.13546321
12100,0.121952765
12103,0.1883652
12104,0.101861015
12109,0.15003687
12114,0.120658755
12123,0.10823081
12124,0.14043397
12128,0.13916205
12132,0.13024004
12135,0.094430186
12140,0.16823189
12149,0.09248943
12155,0.09696679
12158,0.10063662
12161,0.17438556
12163,0.20540147
12164,0.10360464
12174,0.13131262
12175,0.14137816
12179,0.16298802
12183,0.12511595
12184,0.15018548
12186,0.11592029
12190,0.104349576
12193,0.12212592
12195,0.13666722
12196,0.10698203
12205,0.09924658
12213,0.11467807
12220,0.123096585
12221,0.10374462
12222,0.12173999
12224,0.104203805
12230,0.1322709
12239,0.11010503
12242,0.10399034
12244,0.105404615
12245,0.1293226
12247,0.11722049
12254,0.12539487
12258,0.095931634
12266,0.12161749
12267,0.14384352
12272,0.1835564
12273,0.10916208
12276,0.15906957
12277,0.107532375
12283,0.10293637
12289,0.13079102
12297,0.104468875
12300,0.15329702
12302,0.09391221
12310,0.10254375
12312,0.097526506
12314,0.12496368
12315,0.088096395
12327,0.09845084
12329,0.12181212
12332,0.1162309
12342,0.22018337
12346,0.12822942
12347,0.17446639
12349,0.10641115
12350,0.09616513
12354,0.12537816
12356,0.062373836
12359,0.10071504
12360,0.16378196
12369,0.11174284
12372,0.08410074
12373,0.10488626
12375,0.13272981
12376,0.18924655
12379,0.14947239
12382,0.105861604
12387,0.17043608
12389,0.107737124
12394,0.19365801
12395,0.12303626
12396,0.1609366
12404,0.1825303
12405,0.111838035
12412,0.12863822
12419,0.17557162
12431,0.09929433
12440,0.13032788
12444,0.23292533
12447,0.12781724
12452,0.082357295
12454,0.09927979
12456,0.15138552
12461,0.14493544
12469,0.10168769
12472,0.16505094
12473,0.089396596
12474,0.09537184
12476,0.13262367
12479,0.121003956
12481,0.14608084
12487,0.11673712
12493,0.12919314
12501,0.09335418
12504,0.1235211
12507,0.08512245
12510,0.11010572
12512,0.19421381
12520,0.11475182
12526,0.115078256
12529,0.11685591
12532,0.10122281
12533,0.1504812
12544,0.13096492
12546,0.13918678
12551,0.10667383
12555,0.19001083
12576,0.13256082
12581,0.17136833
12588,0.22553705
12593,0.05524868
12594,0.07054873
12598,0.12513511
12599,0.14949338
12601,0.104254045
12610,0.13686787
12622,0.15311019
12624,0.09983504
12625,0.111765474
12629,0.18636511
12632,0.08790631
12634,0.06616423
12635,0.119028784
12638,0.15266944
12640,0.0737563
12641,0.12017493
12643,0.09134824
12644,0.20401272
12647,0.09487114
12651,0.16585043
12657,0.10430268
12658,0.112954095
12660,0.11176132
12661,0.08347941
12666,0.108462796
12673,0.07891576
12678,0.10015976
12681,0.11142658
12682,0.15733352
12684,0.11347853
12689,0.1219602
12699,0.10656337
12701,0.12178628
12710,0.049688596
12712,0.1547244
12713,0.13696848
12715,0.15615596
12716,0.09775835
12717,0.18350743
12718,0.09731632
12720,0.116260655
12724,0.10304454
12725,0.11126611
12726,0.12659496
12741,0.14225
12742,0.13274589
12743,0.13990952
12748,0.099441946
12749,0.1368572
12751,0.11068169
12752,0.106202215
12756,0.12646757
12760,0.110451356
12761,0.10149441
12764,0.120303884
12767,0.15326151
12774,0.119712755
12782,0.105362564
12783,0.13779911
12784,0.10111391
12785,0.10692749
12787,0.17148256
12798,0.09729732
12805,0.096814774
12806,0.1636902
12809,0.11348132
12815,0.13594511
12820,0.09455297
12824,0.11153187
12829,0.1106244
12833,0.09838253
12841,0.10059198
12843,0.15655541
12847,0.11540141
12848,0.11837776
12849,0.13150801
12852,0.17298974
12855,0.119070336
12864,0.16896227
12872,0.18824352
12873,0.12758319
12874,0.12835617
12877,0.14889441
12879,0.09512433
12885,0.10896117
12893,0.114779875
12894,0.14972098
12895,0.11710056
12901,0.07677522
12912,0.11907777
12919,0.095418565
12924,0.098496646
12929,0.16552316
12931,0.1139735
12945,0.079828955
12958,0.1233433
12962,0.13064654
12964,0.14388452
12974,0.1120917
12976,0.14544433
12980,0.10695672
12984,0.1328298
12987,0.052069698
12991,0.09273469
12995,0.13946865
13001,0.13958603
13005,0.15663235
13006,0.1396069
13015,0.11764359
13017,0.094080165
13033,0.21875694
13034,0.16654937
13035,0.115489975
13038,0.1242272
13044,0.17934006
13045,0.10457601
13052,0.09656419
13059,0.13410258
13060,0.092611395
13061,0.14116006
13066,0.14860249
13080,0.16589706
13082,0.13908488
13105,0.14688732
13106,0.14495558
13121,0.16317008
13123,0.14094712
13125,0.12661356
13129,0.1062565
13130,0.06518623
13132,0.19752449
13133,0.10838126
13135,0.12291109
13141,0.09973668
13145,0.15120432
13149,0.13200052
13153,0.11324167
13158,0.12405575
13159,0.1296972
13169,0.14868349
13170,0.10436058
13178,0.13466668
13179,0.10526536
13180,0.12118573
13181,0.10389666
13183,0.10839178
13196,0.11992536
13200,0.12768546
13202,0.06347777
13204,0.0972715
13208,0.103493005
13212,0.1317666
13213,0.0921481
13218,0.122182705
13225,0.100323185
13229,0.10452353
13232,0.097807504
13233,0.12716147
13234,0.10451462
13249,0.12601522
13253,0.14561158
13255,0.12378286
13257,0.15746924
13266,0.12267771
13269,0.11746484
13270,0.11654905
13274,0.11361357
13281,0.18162814
13287,0.08558208
13305,0.109732084
13308,0.14491442
13309,0.15781167
13310,0.19747715
13314,0.103905804
13315,0.18794765
13324,0.06930405
13326,0.10800102
13333,0.11714862
13336,0.09451638
13345,0.085494034
13348,0.14293943
13350,0.14268568
13354,0.18444179
13360,0.111265704
13364,0.12958124
13366,0.14168043
13368,0.13726945
13375,0.10799348
13376,0.0819431
13380,0.13348213
13382,0.09781313
13384,0.12311922
13387,0.17921151
13390,0.0500313
13398,0.11202644
13403,0.074454784
13404,0.13513355
13405,0.10737668
13409,0.18900333
13411,0.11886525
13414,0.09935213
13416,0.11478702
13417,0.14486028
13418,0.16754046
13422,0.100920714
13430,0.1452659
13435,0.09288998
13439,0.12925988
13446,0.1285566
13448,0.18543747
13449,0.09635107
13451,0.105865404
13455,0.114686005
13468,0.15265895
13470,0.099618606
13474,0.12875359
13478,0.17817056
13485,0.11283625
13488,0.14728595
13489,0.17194909
13500,0.1651051
13505,0.101873636
13506,0.09370359
13517,0.1151987
13518,0.053289786
13523,0.086592026
13529,0.1081255
13532,0.122697644
13534,0.119106986
13539,0.12471031
13547,0.10207121
13548,0.11573685
13550,0.12650472
13554,0.15332861
13555,0.1545833
13556,0.14525704
13558,0.16645147
13562,0.13687159
13566,0.09208822
13574,0.17683323
13576,0.12238979
13577,0.13002121
13580,0.17882933
13586,0.12963602
13598,0.1778258
13600,0.11327392
13602,0.09817653
13604,0.115736276
13616,0.10581192
13623,0.100601315
13627,0.14056385
13630,0.20318252
13633,0.15042964
13635,0.15194039
13636,0.1673448
13640,0.11870907
13642,0.15297069
13647,0.13073938
13648,0.120828606
13652,0.09848435
13659,0.25369406
13660,0.09003096
13666,0.14995484
13667,0.16087432
13672,0.110250704
13673,0.1197091
13675,0.11144344
13678,0.15439548
13682,0.08340333
13684,0.15939921
13689,0.08826342
13690,0.1259474
13696,0.09343546
13706,0.129588
13710,0.21718961
13711,0.11495603
13712,0.18828851
13717,0.1032481
13718,0.075825244
13719,0.1096995
13720,0.04687778
13722,0.121429384
13723,0.1342302
13726,0.104732946
13733,0.11457731
13739,0.16060096
13743,0.11059351
13750,0.11985775
13751,0.07995292
13754,0.21285978
13756,0.12709558
13760,0.11278564
13762,0.10722826
13763,0.10541685
13766,0.11332622
13767,0.13154006
13769,0.059521947
13770,0.10538208
13774,0.12656069
13776,0.17019287
13780,0.14560288
13784,0.12433138
13789,0.11973862
13790,0.11047265
13792,0.20198095
13795,0.117920876
13797,0.10179745
13800,0.09655889
13804,0.1499513
13815,0.1259517
13816,0.21024194
13817,0.13503845
13820,0.13542917
13824,0.12418545
13830,0.12456181
13838,0.1526558
13840,0.12153071
13841,0.10672587
13842,0.14240676
13843,0.11926962
13849,0.14405915
13852,0.13470022
13855,0.14999312
13858,0.094700366
13863,0.11566234
13871,0.08673813
13872,0.13227539
13873,0.1057235
13874,0.13041155
13877,0.13248542
13879,0.10951079
13885,0.12081949
13886,0.09839715
13892,0.12230414
13895,0.11132609
13906,0.11876988
13907,0.122082785
13908,0.1459473
13909,0.10279169
13911,0.091533594
13918,0.17156462
13919,0.10851804
13927,0.14231148
13930,0.12014447
13931,0.12941517
13933,0.12561388
13938,0.12082103
13943,0.12166668
13944,0.13285632
13946,0.09384256
13949,0.07724108
13952,0.24346782
13957,0.13946104
13958,0.13302189
13965,0.07333173
13970,0.10431408
13972,0.12509355
13981,0.1254384
13983,0.042109303
13985,0.098379664
13986,0.0727371
13993,0.14694369
13995,0.120923996
13998,0.0880603
14000,0.13817745
14002,0.15798621
14003,0.12006137
14019,0.15439501
14021,0.17465194
14026,0.12557031
14031,0.15200129
14032,0.17169933
14034,0.10274502
14035,0.13530149
14043,0.11723271
14046,0.18448396
14048,0.11810634
14057,0.15261446
14065,0.12627696
14067,0.16539994
14082,0.11514942
14086,0.12688246
14103,0.15723883
14104,0.22983304
14106,0.19046539
14107,0.16379265
14111,0.116133
14116,0.0827193
14118,0.10400447
14119,0.090335704
14122,0.10333362
14123,0.11166977
14124,0.10821427
14125,0.14863732
14126,0.12307697
14127,0.09652163
14133,0.14179428
14137,0.11313616
14139,0.11068506
14143,0.113580935
14148,0.09529675
14149,0.11152165
14150,0.13830785
14162,0.19099008
14163,0.119449854
14164,0.113748156
14173,0.20075539
14174,0.19861852
14178,0.10390749
14181,0.09928947
14186,0.16147237
14187,0.13998042
14188,0.09105187
14192,0.1226679
14193,0.10904758
14198,0.18043368
14200,0.12877658
14201,0.21165374
14208,0.1520373
14214,0.1799384
14220,0.08614369
14224,0.11023221
14229,0.10985931
14233,0.11022747
14241,0.11259018
14242,0.13034938
14246,0.10993839
14247,0.09806519
14250,0.10571215
14251,0.14065266
14254,0.1608893
14257,0.1529859
14259,0.12831852
14261,0.11410362
14281,0.10753135
14282,0.13962369
14285,0.14624071
14286,0.098177165
14293,0.12163947
14297,0.13166228
14298,0.086320095
14301,0.095871784
14308,0.10454512
14311,0.20289376
14313,0.16981189
14314,0.122344464
14315,0.10355945
14320,0.09057693
14325,0.110978015
14333,0.093231864
14336,0.15952589
14338,0.1397527
14354,0.15697469
14359,0.13226444
14361,0.1286105
14362,0.13321479
14363,0.14070067
14369,0.19108212
14370,0.15333612
14376,0.09256524
14382,0.15316002
14387,0.0913293
14389,0.1846883
14390,0.110333286
14392,0.11969831
14393,0.097594135
14396,0.157511
14407,0.11022077
14412,0.07294213
14413,0.13025378
14414,0.06310288
14416,0.1497639
14417,0.108047195
14423,0.13224256
14427,0.13352412
14430,0.13167706
14433,0.08610565
14434,0.10934136
14435,0.20496522
14436,0.11078878
14438,0.10268288
14439,0.12145313
14442,0.09085055
14444,0.1318748
14446,0.103690565
14449,0.15534286
14451,0.10446468
14459,0.11373429
14464,0.13528606
14467,0.16567735
14469,0.12302396
14470,0.11732476
14471,0.19439079
14476,0.10387233
14477,0.14344096
14479,0.09674679
14480,0.16973782
14481,0.088338435
14485,0.09037825
14486,0.0947387
14493,0.15003373
14504,0.14037855
14508,0.19105017
14509,0.1905791
14516,0.14492276
14520,0.098045334
14522,0.19724104
14523,0.09426212
14529,0.12654278
14532,0.15025367
14537,0.102430105
14540,0.089750804
14541,0.1067095
14544,0.08548834
14548,0.10483569
14550,0.18466267
14554,0.11074635
14555,0.12768018
14564,0.10938263
14571,0.12673211
14572,0.12117489
14576,0.110665806
14580,0.16731437
14581,0.112199254
14582,0.16723199
14583,0.107774355
14586,0.0995691
14591,0.12074334
14593,0.11237122
14594,0.092785634
14601,0.11689309
14602,0.12121991
14604,0.1291317
14610,0.15234551
14620,0.10047024
14622,0.2393398
14628,0.11351842
14629,0.17430575
14630,0.08998476
14632,0.2271825
14634,0.091164894
14646,0.14318296
14648,0.17743194
14651,0.11085889
14658,0.15676251
14661,0.11032064
14666,0.089712694
14672,0.2143504
14673,0.10709328
14680,0.1012178
14685,0.21991462
14688,0.124395214
14694,0.11489449
14695,0.13699499
14702,0.11171584
14705,0.115745515
14706,0.14345323
14707,0.19413167
14711,0.12702289
14713,0.10747756
14714,0.095728666
14717,0.10033074
14722,0.15848656
14726,0.10666719
14735,0.1010126
14736,0.14376178
14742,0.16845174
14744,0.24301481
14746,0.11152484
14748,0.12503175
14751,0.23008458
14753,0.14442745
14754,0.11676402
14759,0.12958881
14764,0.116275184
14766,0.13211389
14767,0.076822646
14768,0.12773415
14770,0.0953977
14773,0.25317883
14777,0.13115636
14778,0.11765495
14779,0.102732554
14782,0.15480378
14783,0.1552241
14784,0.14464705
14793,0.1394274
14795,0.11043416
14797,0.13756397
14800,0.098208785
14802,0.11760531
14803,0.09696951
14805,0.25440803
14808,0.15340093
14809,0.1190961
14812,0.22888656
14813,0.202819
14814,0.13928692
14818,0.15830702
14819,0.046294067
14820,0.10148772
14821,0.17603882
14822,0.2088855
14826,0.1202755
14827,0.12629241
14831,0.14379297
14832,0.10527973
14839,0.13830617
14842,0.13316296
14848,0.109935634
14849,0.15338558
14855,0.14445224
14856,0.19908904
14865,0.16441219
14866,0.24432883
14869,0.10232695
14873,0.14577942
14877,0.10190174
14881,0.13867082
14882,0.13239294
14883,0.1235797
14885,0.11677644
14889,0.15134123
14890,0.10842255
14892,0.13614693
14893,0.0759839
14894,0.09291275
14897,0.12918092
14901,0.12596074
14904,0.09308213
14908,0.12238634
14914,0.109719396
14916,0.05746584
14917,0.11263072
14918,0.120932676
14923,0.13319772
14927,0.13602959
14929,0.12713456
14931,0.10288993
14935,0.14349996
14948,0.17927411
14950,0.13008969
14951,0.12261563
14952,0.12984239
14954,0.1567623
14960,0.18630183
14962,0.1099074
14970,0.10157787
14973,0.114159875
14976,0.11948371
14978,0.097415134
14982,0.12983225
14985,0.08116626
14986,0.115619816
14987,0.07825829
14988,0.19801006
14991,0.15302879
14997,0.11577414
14998,0.12496368
14999,0.12954235
15000,0.082864486
15005,0.14382453
15006,0.11235554
15009,0.13965236
15015,0.18280517
15018,0.100392856
15029,0.21220212
15037,0.21122015
15041,0.11108865
15042,0.10882212
15047,0.101438306
15050,0.112346254
15053,0.12664127
15056,0.17621915
15057,0.13006662
15058,0.101826005
15060,0.15769373
15062,0.13089703
15066,0.19533335
15067,0.14240518
15068,0.1303118
15069,0.14062367
15072,0.110374205
15077,0.14290869
15089,0.12399566
15093,0.08724724
15099,0.10242376
15101,0.12923318
15103,0.11950039
15104,0.15798178
15105,0.10949079
15108,0.08809174
15109,0.1850775
15112,0.10244832
15114,0.18170184
15117,0.12240071
15122,0.12874635
15130,0.07384396
15132,0.10766344
15133,0.15825526
15134,0.11225205
15136,0.21356705
15137,0.15062161
15142,0.17166373
15145,0.089433245
15146,0.12893376
15147,0.10760456
15150,0.12954731
15163,0.20909332
15165,0.107054
15167,0.07786537
15168,0.09070759
15173,0.0941042
15181,0.09373372
15183,0.15094541
15185,0.12503026
15186,0.1365843
15189,0.118376024
15190,0.15491691
15191,0.1276817
15193,0.14634174
15196,0.12910302
15199,0.10928354
15200,0.17854357
15201,0.14982101
15204,0.21038482
15207,0.14128911
15209,0.09976538
15212,0.14948161
15213,0.14638755
15214,0.12323989
15215,0.19499306
15216,0.18332446
15222,0.1078447
15223,0.17522599
15231,0.11080997
15236,0.13170408
15240,0.18143693
15241,0.15462787
15242,0.2061273
15243,0.12811336
15247,0.14488052
15250,0.08680652
15253,0.14334795
15254,0.09653887
15255,0.15312938
15260,0.107124746
15265,0.116430305
15275,0.080635585
15280,0.124349155
15281,0.23520303
15282,0.23444937
15283,0.26908094
15284,0.18530574
15292,0.12287074
15293,0.089880146
15300,0.25719416
15301,0.112191156
15302,0.15926586
15303,0.13271196
15306,0.11187679
15311,0.10873807
15313,0.13670433
15320,0.14971875
15322,0.095016
15324,0.11967663
15327,0.17079207
15329,0.14936155
15340,0.16361773
15349,0.11410715
15355,0.121398315
15356,0.16569048
15359,0.1799547
15360,0.16866076
15361,0.17183691
15364,0.14678814
15367,0.19304113
15368,0.13932167
15372,0.16611569
15374,0.11140165
15377,0.17379041
15383,0.12879476
15386,0.11193871
15391,0.15757704
15394,0.063194335
15395,0.13032228
15396,0.1266582
15397,0.12834692
15400,0.070778854
15404,0.11313149
15408,0.12517175
15409,0.09205364
15411,0.12963393
15414,0.13519746
15416,0.086181365
15421,0.049047485
15423,0.10357933
15425,0.11301169
15426,0.14729036
15428,0.17130631
15429,0.1217156
15437,0.17053153
15438,0.12459797
15449,0.11340326
15456,0.13666372
15459,0.19307137
15460,0.12272538
15465,0.17476058
15466,0.17401205
15468,0.16484463
15469,0.12743059
15470,0.10361385
15473,0.118287034
15474,0.14650747
15484,0.112474605
15486,0.10497989
15488,0.13699709
15489,0.12208
15493,0.12242789
15494,0.09787567
15511,0.13028514
15512,0.18129207
15517,0.14684887
15518,0.11943979
15522,0.055215802
15524,0.11713161
15526,0.1021227
15527,0.13813382
15528,0.13592856
15534,0.124113746
15537,0.18659462
15538,0.10075519
15541,0.10223293
15544,0.13437016
15545,0.10392618
15546,0.12433689
15547,0.11969879
15548,0.119091175
15549,0.2534435
15550,0.13671304
15551,0.19158496
15552,0.10605219
15553,0.10993552
15562,0.13711661
15563,0.15488395
15564,0.11630838
15567,0.16527106
15568,0.121300206
15569,0.15304965
15573,0.123977
15574,0.07768577
15579,0.11624221
15581,0.10315028
15582,0.11299442
15586,0.1125512
15589,0.11276303
15591,0.08997135
15594,0.095419966
15596,0.09996764
15598,0.1289127
15600,0.10881069
15603,0.20473388
15617,0.11734157
15619,0.124358036
15625,0.09278681
15633,0.15140599
15636,0.09017529
15637,0.1229435
15640,0.10897062
15641,0.09073695
15642,0.13801917
15643,0.05857951
15650,0.09346323
15653,0.08941002
15655,0.12132814
15661,0.14916578
15663,0.117805906
15665,0.14885695
15667,0.14550856
15671,0.15534241
15673,0.16957071
15676,0.104670756
15679,0.17564245
15684,0.112620585
15685,0.1332212
15690,0.11861556
15695,0.10093385
15699,0.2361179
15701,0.21352646
15705,0.14968173
15709,0.10208362
15717,0.12557177
15718,0.17030425
15724,0.13330568
15725,0.13088089
15728,0.12497679
15729,0.12740745
15731,0.09021503
15732,0.13120161
15733,0.1403735
15739,0.14919268
15742,0.086717
15743,0.12251343
15744,0.11356433
15745,0.17767207
15748,0.13956776
15751,0.1582958
15752,0.1371734
15760,0.11877683
15761,0.10308662
15764,0.16622245
15766,0.18863213
15770,0.09772034
15773,0.16102323
15777,0.13029629
15778,0.14428103
15780,0.1708099
15782,0.1714029
15783,0.1435405
15785,0.1324323
15787,0.11448309
15788,0.1553317
15793,0.1428294
15795,0.12446228
15798,0.27174008
15801,0.15162148
15809,0.12320729
15810,0.11379443
15814,0.12477747
15833,0.17594725
15835,0.15987982
15837,0.09606807
15841,0.1439795
15842,0.18384191
15845,0.12141427
15849,0.106918626
15850,0.10895896
15851,0.095003806
15853,0.07948862
15854,0.12673193
15857,0.13477644
15861,0.1889023
15868,0.14207985
15871,0.11722807
15873,0.09390541
15876,0.11019042
15883,0.11709117
15884,0.15717803
15887,0.054092843
15888,0.10097496
15890,0.08063769
15891,0.16450197
15892,0.10476353
15893,0.11255936
15897,0.12325446
15898,0.1721448
15902,0.15516393
15903,0.09936984
15905,0.10092725
15910,0.09097178
15911,0.13165501
15912,0.13591987
15916,0.11397195
15917,0.096905164
15924,0.14916727
15930,0.18044955
15932,0.16245686
15937,0.13987984
15940,0.10546788
15942,0.1527142
15943,0.15742984
15946,0.13420385
15948,0.11393471
15949,0.08727103
15952,0.1270918
15954,0.12693764
15956,0.10713145
15957,0.18778056
15960,0.17501125
15962,0.09527874
15965,0.09193518
15968,0.12156238
15969,0.111481115
15975,0.09553284
15977,0.16309531
15982,0.13013107
15988,0.16623506
15990,0.21014364
15991,0.106820144
15992,0.1714981
15993,0.18211244
15997,0.13830069
16003,0.11278127
16009,0.1327343
16014,0.12116697
16015,0.13893197
16016,0.15245469
16019,0.14684732
16026,0.12761237
16029,0.19705157
16030,0.16037859
16031,0.1653976
16032,0.1174394
16037,0.086685054
16045,0.1483006
16049,0.14176765
16051,0.13831738
16055,0.22074915
16061,0.12766102
16064,0.13411961
16065,0.14581056
16076,0.18054841
16078,0.16179086
16085,0.11436761
16087,0.16573927
16088,0.25172505
16091,0.16306455
16092,0.10267521
16093,0.1386923
16095,0.124694824
16101,0.09946519
16102,0.15830414
16110,0.2153398
16111,0.10469357
16113,0.08068408
16118,0.13623086
16121,0.19493432
16123,0.14034723
16127,0.13002716
16129,0.11054608
16130,0.16531478
16133,0.12072807
16135,0.07961398
16136,0.09678558
16137,0.1655641
16138,0.09469481
16140,0.13889883
16141,0.18100415
16142,0.11281117
16145,0.12833476
16147,0.19134767
16148,0.17408773
16149,0.13014495
16163,0.17295597
16166,0.09800286
16169,0.089189835
16172,0.1119083
16173,0.20178181
16176,0.12981844
16177,0.09661398
16179,0.153115
16181,0.12911336
16182,0.19257349
16197,0.13950838
16198,0.09726705
16199,0.1498864
16203,0.14400078
16204,0.21640229
16218,0.05572716
16219,0.27019772
16226,0.1752977
16227,0.102337666
16228,0.13516638
16229,0.17100976
16230,0.1160056
16235,0.10572198
16237,0.1498508
16240,0.10607579
16242,0.16098523
16246,0.13916335
16247,0.19712196
16248,0.103530444
16254,0.21065256
16256,0.2585013
16258,0.12632486
16260,0.10711616
16266,0.17976946
16270,0.12761264
16271,0.11328601
16272,0.12033389
16274,0.09212387
16275,0.11960277
16276,0.12566179
16277,0.16319452
16278,0.13725573
16279,0.1933371
16280,0.15638606
16284,0.14622724
16286,0.087005965
16288,0.15092301
16293,0.10383714
16299,0.16765387
16300,0.119106986
16307,0.08204098
16314,0.099147834
16315,0.1012202
16319,0.10078085
16320,0.19471477
16321,0.13793072
16325,0.08274183
16329,0.11327374
16333,0.15424895
16335,0.14144649
16336,0.13831052
16342,0.11800429
16343,0.14428747
16346,0.20494479
16347,0.108648434
16348,0.21162347
16350,0.12314856
16352,0.08873015
16354,0.14649118
16356,0.12333849
16357,0.17873172
16358,0.11364315
16362,0.11307586
16364,0.1302237
16367,0.122849934
16371,0.09261787
16374,0.14967808
16376,0.121996514
16377,0.22065088
16378,0.13910024
16381,0.06670085
16384,0.13502899
16386,0.13943139
16388,0.11601983
16391,0.16664721
16394,0.110814825
16397,0.09664594
16398,0.2051342
16400,0.1515952
16404,0.1428498
16409,0.09715112
16411,0.08528255
16418,0.16234954
16420,0.12855396
16421,0.14042783
16425,0.09819671
16426,0.121406004
16429,0.22669375
16430,0.13973418
16431,0.15692888
16437,0.15374735
16438,0.14858052
16439,0.10623569
16440,0.11026693
16441,0.13424985
16451,0.11133817
16461,0.18781789
16464,0.13513164
16466,0.17236604
16467,0.11745051
16468,0.21084647
16469,0.16234474
16470,0.19305709
16483,0.1751897
16488,0.13199976
16490,0.116473034
16496,0.27742806
16502,0.13608252
16511,0.10240304
16512,0.11791385
16513,0.111425914
16514,0.047306202
16515,0.08375897
16517,0.12159969
16520,0.11965047
16525,0.13118936
16529,0.119155034
16532,0.09560147
16536,0.2585702
16540,0.16191833
16542,0.16314533
16548,0.13664111
16549,0.094272405
16551,0.1979202
16552,0.09503407
16557,0.13430035
16558,0.12093449
16559,0.15406424
16561,0.12054155
16562,0.17741477
16564,0.12744749
16566,0.13570113
16572,0.15696317
16573,0.16448265
16574,0.13408342
16575,0.08646522
16579,0.2948753
16582,0.10573418
16584,0.23802137
16586,0.15584534
16588,0.122523636
16595,0.19825153
16597,0.10462055
16600,0.11596942
16601,0.19178711
16606,0.18148659
16608,0.1668305
16611,0.13402262
16613,0.14824282
16619,0.11866074
16622,0.124392316
16624,0.17313083
16626,0.13409106
16628,0.090816155
16630,0.10737738
16631,0.21192512
16634,0.1300479
16638,0.13825165
16643,0.16195841
16645,0.11490765
16649,0.13495064
16651,0.13366921
16652,0.09061777
16653,0.05188779
16669,0.14379278
16672,0.12630607
16677,0.18873812
16679,0.101848446
16680,0.20720004
16681,0.08078519
16684,0.04952297
16685,0.112425014
16686,0.1324237
16689,0.09142035
16690,0.07040156
16692,0.11516931
16693,0.13078853
16696,0.17932782
16703,0.108434305
16704,0.1867423
16707,0.09945495
16711,0.11714815
16713,0.09525507
16714,0.2317438
16716,0.1269581
16717,0.12806997
16718,0.13172176
16720,0.116273224
16723,0.10639014
16724,0.11028714
16728,0.20607272
16730,0.10426651
16743,0.08497366
16744,0.105103225
16748,0.17991169
16750,0.10866924
16752,0.082656026
16753,0.11258575
16755,0.1301942
16756,0.08417481
16760,0.1266392
16764,0.10412927
16771,0.116796814
16772,0.24504349
16776,0.16825162
16777,0.16940753
16780,0.21219583
16781,0.11786032
16788,0.08557439
16792,0.11159299
16794,0.15983841
16795,0.109244
16796,0.18794908
16798,0.13418195
16801,0.1661119
16802,0.1356039
16803,0.13748023
16815,0.14422357
16816,0.16295107
16818,0.18562986
16819,0.21535456
16824,0.12119187
16829,0.13009262
16833,0.116272435
16834,0.09772131
16846,0.107824676
16847,0.13708887
16848,0.121950686
16852,0.08523785
16853,0.1709263
16857,0.110933445
16858,0.14348325
16861,0.14580597
16862,0.13767073
16867,0.09876645
16869,0.14843711
16870,0.14722495
16872,0.12762164
16877,0.07623262
16883,0.104029246
16890,0.12463563
16893,0.14627634
16894,0.12221752
16897,0.10880857
16901,0.11808021
16902,0.07350088
16906,0.068703994
16910,0.12201697
16911,0.24276964
16921,0.11715006
16926,0.1119221
16928,0.13508993
16932,0.2080697
16933,0.11909642
16935,0.10133746
16943,0.19926599
16947,0.12117821
16948,0.15322077
16949,0.105505124
16953,0.15782043
16954,0.09439989
16956,0.110036545
16958,0.20590784
16962,0.15201029
16969,0.11450041
16970,0.1472779
16979,0.14313422
16981,0.10441394
16983,0.11023189
16984,0.104514875
16985,0.13631728
16987,0.14314252
16989,0.2290462
16990,0.14872338
16992,0.12126819
16995,0.11203891
16997,0.14938855
17000,0.23859975
17002,0.1584606
17003,0.0681405
17006,0.15140451
17007,0.15060353
17008,0.10671141
17014,0.11159516
17015,0.14308992
17018,0.20420574
17020,0.053893805
17024,0.19716598
17026,0.13986225
17028,0.15293913
17035,0.087632574
17038,0.12360062
17041,0.18501082
17046,0.12196627
17052,0.22060244
17053,0.14141884
17056,0.122711495
17063,0.16726294
17068,0.11414228
17073,0.1535595
17077,0.10690229
17078,0.104453884
17081,0.166651
17083,0.12831149
17085,0.082639284
17086,0.13160938
17087,0.14506648
17088,0.14973119
17090,0.10851474
17093,0.112946905
17094,0.12080862
17095,0.09096352
17096,0.17047852
17099,0.16318993
17101,0.18265972
17102,0.11537097
17104,0.14251693
17105,0.11698679
17115,0.110373124
17116,0.1714187
17122,0.096130095
17123,0.124196544
17127,0.10023449
17128,0.14458703
17131,0.15562938
17136,0.11466807
17140,0.12540033
17141,0.11865306
17146,0.06894784
17147,0.1005009
17149,0.16387461
17155,0.18469208
17158,0.13657878
17159,0.11657415
17163,0.13729738
17164,0.09446314
17165,0.16640703
17169,0.16783275
17170,0.086386
17171,0.18458036
17172,0.06757331
17175,0.18103302
17177,0.10532673
17181,0.19100606
17183,0.12844814
17188,0.09036521
17189,0.14504416
17191,0.09566322
17192,0.12443881
17194,0.10956339
17210,0.10834145
17212,0.20244722
17219,0.16475362
17220,0.12101282
17225,0.12521751
17227,0.12907103
17228,0.080087356
17229,0.12217422
17231,0.17363676
17232,0.142458
17233,0.09642992
17237,0.113798544
17240,0.17195109
17241,0.09653675
17243,0.078680344
17246,0.28242892
17247,0.114649564
17251,0.22096878
17253,0.13555712
17254,0.15982546
17256,0.106211424
17257,0.11902516
17262,0.102918915
17267,0.15278731
17268,0.111388594
17269,0.11720484
17270,0.14888166
17275,0.2829676
17276,0.13909414
17277,0.19582903
17279,0.12936313
17283,0.123324916
17287,0.11049911
17288,0.112568945
17294,0.106932126
17295,0.17341836
17298,0.13306695
17300,0.10185895
17302,0.17667842
17303,0.13943371
17305,0.10168048
17307,0.17980129
17310,0.11681635
17312,0.21547078
17316,0.17987783
17317,0.10235126
17318,0.1352357
17320,0.07499432
17323,0.11195609
17324,0.10492375
17328,0.12892756
17332,0.10530327
17333,0.11027897
17335,0.15782702
17338,0.122892536
17340,0.13738896
17344,0.14327969
17345,0.17322508
17349,0.16715081
17351,0.13649565
17352,0.100296676
17354,0.18631768
17356,0.18202788
17357,0.10906099
17361,0.18976213
17362,0.19006424
17363,0.12607948
17366,0.14141262
17367,0.09623869
17369,0.1472827
17371,0.13060896
17373,0.1556118
17378,0.14466253
17380,0.13075425
17382,0.16190918
17383,0.15173261
17387,0.10299724
17389,0.17837363
17391,0.06333646
17398,0.14379662
17402,0.12410661
17405,0.1426851
17407,0.12024608
17409,0.11773678
17411,0.16292071
17412,0.07266909
17413,0.09665911
17415,0.12169193
17420,0.11710108
17421,0.13103408
17422,0.14766529
17428,0.12098454
17430,0.06682554
17433,0.115960516
17435,0.11773326
17438,0.1145298
17440,0.14649007
17442,0.107472986
17444,0.120103404
17448,0.17038438
17449,0.14319006
17462,0.1450422
17464,0.1312976
17466,0.18250448
17468,0.12469361
17469,0.27257586
17472,0.1276377
17473,0.119219415
17475,0.09541163
17479,0.13356785
17481,0.15235384
17482,0.11950482
17485,0.092089474
17486,0.12850471
17488,0.1657697
17489,0.12313929
17490,0.09979556
17491,0.14652698
17492,0.10380433
17494,0.11804757
17497,0.18907392
17500,0.15390722
17506,0.12513158
17507,0.15685526
17508,0.12090039
17510,0.18953666
17512,0.15425454
17513,0.15673056
17515,0.1423436
17520,0.19065344
17521,0.15025407
17522,0.16612568
17523,0.11946744
17524,0.10620109
17530,0.106879
17535,0.20140693
17536,0.115167156
17545,0.1491835
17548,0.18366674
17549,0.12981471
17553,0.12830618
17555,0.24352664
17557,0.14584298
17558,0.12888375
17559,0.12289252
17562,0.25090232
17564,0.12910087
17565,0.13320003
17566,0.18830845
17567,0.13080254
17568,0.1420099
17569,0.16360202
17572,0.1326522
17573,0.12411739
17575,0.12255613
17577,0.12752073
17578,0.13821834
17580,0.1038852
17581,0.14813556
17585,0.12549315
17586,0.17552067
17591,0.14820907
17594,0.12851036
17596,0.08374703
17599,0.13944736
17602,0.15638521
17603,0.18581496
17606,0.12019556
17614,0.1923593
17621,0.16351056
17624,0.17621946
17626,0.1626316
17628,0.12315611
17629,0.15062411
17630,0.15020227
17631,0.18786219
17633,0.21097119
17636,0.14416616
17641,0.1272877
17642,0.18363343
17645,0.22740848
17646,0.11385624
17650,0.13609816
17655,0.09172021
17659,0.17932804
17660,0.0973527
17662,0.11927023
17664,0.19617619
17671,0.098281555
17673,0.1283165
17676,0.1383172
17679,0.087355874
17685,0.1410329
17705,0.15634522
17708,0.14708015
17711,0.1559819
17714,0.22349253
17715,0.10554212
17721,0.11960305
17724,0.18396325
17726,0.13434394
17728,0.12842034
17730,0.094562426
17732,0.09318508
17735,0.23471723
17737,0.10103363
17738,0.113922305
17739,0.16109772
17747,0.12103508
17749,0.18093216
17752,0.1413203
17753,0.1263296
17756,0.12660097
17758,0.045169193
17760,0.12817678
17762,0.12557591
17763,0.12595724
17769,0.11020477
17775,0.10430415
17776,0.1261136
17781,0.13133387
17782,0.12888661
17783,0.09538237
17784,0.18796578
17785,0.09851514
17798,0.09195686
17799,0.18136339
17800,0.18705198
17803,0.11654776
17804,0.12781304
17805,0.09589254
17808,0.1627343
17817,0.13335027
17823,0.22426337
17824,0.11294551
17825,0.14045788
17827,0.15055345
17828,0.16322386
17831,0.09725375
17834,0.11361613
17835,0.21473098
17837,0.10979683
17838,0.20582236
17839,0.17297359
17843,0.24357666
17846,0.20318303
17847,0.13192113
17848,0.11735211
17853,0.19605955
17856,0.13673447
17859,0.10189907
17863,0.121241465
17868,0.10567696
17869,0.11852499
17870,0.12017198
17875,0.11346175
17876,0.09522684
17877,0.13181391
17879,0.12281721
17884,0.11414053
17885,0.164438
17886,0.18866177
17890,0.12708348
17897,0.052939262
17900,0.07889584
17902,0.19380963
17903,0.16912812
17908,0.18843423
17914,0.12387553
17915,0.11582285
17916,0.107289806
17920,0.10528856
17921,0.1201586
17924,0.15551011
17925,0.18111902
17926,0.055313777
17928,0.12289805
17930,0.08972317
17932,0.07904007
17933,0.13964166
17939,0.14551577
17941,0.16455525
17943,0.14328696
17947,0.107782185
17948,0.11638309
17950,0.11976533
17956,0.10739468
17959,0.10876327
17970,0.1540011
17973,0.14734672
17974,0.18474519
17975,0.091670446
17976,0.13853192
17980,0.071721286
17986,0.20265776
17987,0.1700432
17990,0.12635611
17994,0.120366625
17999,0.1220021
18002,0.1046011
18003,0.10043622
18005,0.102809146
18007,0.16270556
18013,0.10245646
18015,0.15050581
18016,0.13048731
18018,0.09491535
18019,0.15582022
18026,0.09569656
18030,0.123095356
18032,0.17765066
18035,0.15957844
18039,0.15069965
18042,0.1237943
18044,0.14001827
18045,0.078063734
18046,0.1116278
18052,0.1479102
18054,0.15916725
18055,0.14453195
18059,0.0822391
18066,0.2551807
18072,0.16184874
18073,0.12689367
18077,0.15192936
18081,0.1250908
18083,0.110326216
18084,0.15187734
18085,0.11545938
18086,0.11058122
18087,0.1938606
18092,0.117144436
18093,0.076255
18095,0.13022211
18097,0.12818745
18100,0.20342718
18101,0.15611756
18103,0.11984023
18104,0.113697216
18105,0.09844875
18109,0.071433686
18110,0.16223331
18113,0.18173014
18117,0.1262238
18119,0.1994993
18126,0.25951517
18127,0.10525442
18128,0.16959807
18129,0.18178862
18130,0.12842241
18137,0.26091665
18142,0.10250768
18144,0.12697262
18145,0.10490995
18146,0.10839515
18149,0.16295876
18152,0.09272014
18153,0.13214819
18154,0.13119368
18155,0.12506114
18156,0.15859918
18161,0.17828433
18163,0.13415207
18165,0.1224927
18166,0.14221908
18168,0.11275273
18172,0.083031915
18174,0.18031493
18176,0.14423577
18177,0.1909976
18179,0.12460678
18181,0.2168662
18182,0.10451271
18183,0.23147169
18187,0.13060841
18188,0.15201119
18189,0.1638588
18194,0.1370607
18196,0.13886052
18197,0.13247748
18198,0.06577653
18199,0.1414273
18201,0.13662125
18205,0.12163159
18206,0.11549386
18207,0.16752945
18210,0.09934569
18212,0.16749851
18214,0.09034673
18215,0.11471916
18216,0.12514034
18220,0.19261526
18221,0.15259182
18222,0.10509291
18223,0.2466096
18227,0.08564106
18228,0.23028539
18229,0.12069376
18232,0.17431782
18234,0.17657039
18239,0.13716486
18243,0.17465203
18244,0.13102396
18245,0.11832118
18246,0.05603596
18248,0.109676294
18250,0.1902265
18253,0.16919427
18254,0.10092366
18256,0.14139605
18257,0.16399997
18263,0.10436941
18264,0.13599825
18266,0.11722912
18267,0.121046536
18268,0.098065384
18269,0.124963395
18270,0.21515103
18271,0.19136024
18272,0.1021635
18276,0.1796996
18277,0.1279138
18280,0.1241202
18282,0.07983102
18285,0.10154631
18288,0.23946498
18295,0.16296187
18298,0.27093595
18300,0.12873009
18301,0.12532014
18302,0.10295388
18304,0.17135528
18305,0.15693033
18306,0.14740379
18307,0.11102369
18308,0.16729994
18309,0.13999562
18311,0.12835525
18313,0.13194221
18314,0.16992304
18318,0.26196647
18320,0.13759169
18321,0.092804275
18330,0.15544787
18334,0.121085785
18336,0.12249176
18337,0.15318082
18338,0.12111707
18339,0.110884905
18341,0.16951439
18347,0.17524143
18354,0.15930358
18355,0.11142527
18356,0.2393241
18358,0.10402447
18360,0.27710155
18361,0.13667846
18363,0.20233461
18364,0.15878245
18367,0.13711543
18380,0.118057795
18383,0.13124956
18384,0.18091303
18385,0.11661623
18387,0.17476353
18390,0.10796244
18391,0.21007523
18392,0.119332336
18395,0.18193778
18396,0.152879
18397,0.14625613
18399,0.1251363
18400,0.15556805
18403,0.18186009
18404,0.10965465
18406,0.08841883
18407,0.15362856
18413,0.13091819
18415,0.20972186
18417,0.14575088
18420,0.1351469
18422,0.12300064
18425,0.20414577
18426,0.20219609
18427,0.04045893
18428,0.11469051
18429,0.12937468
18430,0.11566244
18431,0.11568402
18432,0.16404463
18433,0.25553668
18435,0.09588531
18436,0.09045383
18437,0.110636696
18439,0.09026631
18444,0.123750195
18446,0.15781465
18448,0.1348217
18455,0.088927634
18457,0.105544806
18459,0.16664408
18463,0.20199148
18464,0.114290886
18467,0.14042109
18469,0.16120534
18471,0.11237904
18475,0.14997706
18476,0.104755744
18477,0.11637035
18483,0.109041296
18488,0.18416645
18489,0.15953055
18490,0.14842097
18492,0.19708328
18493,0.0971985
18494,0.1483237
18498,0.11868607
18502,0.15871647
18503,0.13825713
18504,0.13018622
18506,0.11911504
18507,0.16348103
18508,0.12262002
18512,0.09988455
18515,0.054667853
18517,0.12099346
18518,0.13810238
18520,0.111152515
18521,0.15260893
18522,0.13346706
18523,0.121923074
18524,0.13746068
18530,0.099883094
18531,0.17882374
18532,0.11734381
18533,0.11847626
18534,0.15035461
18540,0.11530163
18542,0.116124
18543,0.1370115
18544,0.13143802
18547,0.147344
18549,0.11602743
18552,0.25595185
18553,0.13977972
18555,0.15754086
18558,0.15682161
18565,0.15351976
18568,0.136681
18572,0.102588624
18575,0.2153107
18576,0.1661583
18579,0.15287203
18581,0.15711433
18583,0.06876023
18584,0.11087816
18585,0.10230092
18590,0.110913396
18594,0.16324295
18595,0.1057292
18598,0.13517731
18600,0.15270013
18601,0.16393352
18602,0.09957851
18603,0.16859573
18604,0.122375734
18610,0.14199433
18611,0.119616754
18615,0.1479935
18617,0.09119467
18619,0.14961225
18623,0.13894139
18630,0.11113075
18631,0.20317717
18632,0.094410494
18633,0.14683315
18638,0.12573045
18639,0.08978788
18640,0.13618457
18641,0.13406482
18645,0.15388663
18648,0.0627694
18649,0.11598597
18651,0.12394032
18653,0.13564064
18656,0.26116583
18657,0.20125312
18658,0.08351315
18659,0.14060847
18661,0.13348803
18663,0.17658915
18668,0.13378504
18669,0.14180602
18671,0.18710512
18672,0.05755319
18673,0.16575968
18679,0.11545155
18689,0.15802078
18690,0.14487988
18692,0.16759263
18694,0.11780314
18695,0.18144433
18698,0.1380496
18699,0.14269504
18704,0.21865058
18706,0.15512112
18709,0.17285223
18712,0.20253403
18713,0.14635207
18717,0.16108875
18719,0.25516337
18724,0.099819615
18725,0.1608318
18728,0.14854522
18729,0.108934894
18732,0.19271259
18733,0.11623416
18734,0.19267543
18735,0.22186844
18736,0.1656916
18739,0.114924476
18740,0.1421819
18742,0.122804195
18743,0.17929147
18749,0.07904934
18750,0.10297012
18751,0.115061
18755,0.14951761
18756,0.144563
18759,0.14090796
18760,0.14118525
18762,0.14883484
18765,0.12339969
18766,0.13700129
18769,0.11617765
18772,0.121332474
18773,0.13431199
18774,0.15575439
18778,0.11988887
18780,0.12475182
18782,0.11100761
18784,0.11168057
18785,0.15917948
18786,0.14877513
18801,0.048650842
18804,0.116475314
18807,0.14575136
18810,0.15621842
18811,0.120801516
18815,0.12008463
18816,0.12130217
18818,0.11981691
18819,0.16387877
18820,0.13082744
18821,0.14553556
18822,0.15244693
18825,0.12536277
18827,0.16784653
18831,0.10082881
18832,0.19127373
18834,0.13679962
18836,0.15083998
18837,0.09707702
18840,0.20109403
18842,0.122354075
18847,0.14360768
18849,0.110758595
18852,0.107224606
18854,0.17801088
18855,0.09743564
18857,0.10204706
18859,0.15487164
18860,0.0712349
18861,0.119784854
18862,0.11613512
18864,0.121448
18868,0.16452767
18870,0.16661522
18871,0.14294928
18874,0.11232241
18880,0.17990479
18882,0.12522176
18884,0.12520154
18889,0.10800198
18892,0.1363194
18894,0.1744315
18895,0.15166932
18897,0.23362535
18898,0.11414471
18900,0.257304
18902,0.13001366
18907,0.1776683
18909,0.27791968
18910,0.1609158
18914,0.115458935
18917,0.0996706
18918,0.14560851
18921,0.1781409
18924,0.13285774
18925,0.09527753
18927,0.15800332
18928,0.1516448
18929,0.10394021
18930,0.113452196
18932,0.17850223
18935,0.08285615
18938,0.18829052
18940,0.13887353
18941,0.12911166
18942,0.15038688
18944,0.12288374
18946,0.16836198
18949,0.10119871
18954,0.17003156
18956,0.14442362
18957,0.1289388
18959,0.18609177
18960,0.06685826
18962,0.12468101
18963,0.17130138
18964,0.17604466
18965,0.12645543
18967,0.10874152
18969,0.117168896
18971,0.13730037
18973,0.13238838
18977,0.14063652
18978,0.13866577
18981,0.1942695
18982,0.11583315
18983,0.10795884
18984,0.118008845
18985,0.113890804
18986,0.19915034
18987,0.124847315
18988,0.13083746
18991,0.15539025
18992,0.14213696
18993,0.11748012
18994,0.17232323
18995,0.2160402
18997,0.118005306
18999,0.09394583
19002,0.092088304
19004,0.13447857
19005,0.093167946
19007,0.15726408
19010,0.17482923
19012,0.123675585
19014,0.1051514
19016,0.13008974
19017,0.25678715
19018,0.11694545
19019,0.14961304
19022,0.13330692
19023,0.21308951
19024,0.1444983
19028,0.1284983
19029,0.10843868
19030,0.13025194
19031,0.1883741
19034,0.1184403
19035,0.14330249
19036,0.21136375
19037,0.116574675
19038,0.17546779
19040,0.16550346
19042,0.14864656
19043,0.10401102
19044,0.11041863
19047,0.19644055
19048,0.17787264
19049,0.11534401
19051,0.1315181
19053,0.12962835
19054,0.19061218
19056,0.12093354
19057,0.19060825
19058,0.13801001
19059,0.122783475
19060,0.14353245
19062,0.16982876
19064,0.16869374
19071,0.2064291
19078,0.109845966
19079,0.14861156
19080,0.096931346
19081,0.14750178
19085,0.111706555
19088,0.17244558
19089,0.18058191
19090,0.12131417
19091,0.18303783
19092,0.10387062
19094,0.10013741
19099,0.22868678
19100,0.11205971
19101,0.13483761
19103,0.1222374
19104,0.1430602
19106,0.17658862
19107,0.21377847
19108,0.13350241
19109,0.12369939
19111,0.20916952
19112,0.12787153
19113,0.112848006
19114,0.15721248
19116,0.24268098
19117,0.17613494
19121,0.13331828
19125,0.1564411
19127,0.16571282
19128,0.10541274
19136,0.11369322
19137,0.10771519
19142,0.18760575
19143,0.113121465
19144,0.10183196
19146,0.10421392
19147,0.09568967
19152,0.12738833
19154,0.10276278
19157,0.14982323
19160,0.1400906
19161,0.19117029
19162,0.15456596
19165,0.10590006
19167,0.09268718
19168,0.09728938
19171,0.16559826
19172,0.16237837
19173,0.12793475
19174,0.16205844
19176,0.11050332
19177,0.19960664
19178,0.066788726
19179,0.13304392
19180,0.12700038
19182,0.12707311
19184,0.12493252
19185,0.13893896
19187,0.10116512
19189,0.19104543
19191,0.08690402
19193,0.17464517
19194,0.16356556
19197,0.29338303
19198,0.12765986
19200,0.13273346
19202,0.17192435
19204,0.20922686
19205,0.13067843
19206,0.107800946
19212,0.13275743
19213,0.12812293
19214,0.19075827
19222,0.23211628
19223,0.18895273
19225,0.14957838
19228,0.17037736
19230,0.13995819
19236,0.17394558
19240,0.22773644
19241,0.15273507
19242,0.112512365
19243,0.22167023
19244,0.11765794
19248,0.14463024
19249,0.25437662
19250,0.16764358
19251,0.22829215
19254,0.15746173
19255,0.10176926
19258,0.18877244
19259,0.1324222
19260,0.18875103
19261,0.09707368
19262,0.10780354
19264,0.13680491
19265,0.18979971
19266,0.10526859
19270,0.090300836
19271,0.09972479
19274,0.11878018
19275,0.11603119
19276,0.08614151
19278,0.14782521
19280,0.15973504
19282,0.1744119
19287,0.2834911
19288,0.10552426
19290,0.14043431
19293,0.21295904
19295,0.15566717
19298,0.1475584
19299,0.10807475
19300,0.14787965
19301,0.14137678
19304,0.15259752
19305,0.17359751
19306,0.09955925
19309,0.1399466
19310,0.13087115
19311,0.15379983
19313,0.17434122
19317,0.15124956
19320,0.22676641
19322,0.09939809
19324,0.13862911
19325,0.11972902
19326,0.23056486
19328,0.12125111
19330,0.17352445
19331,0.25411883
19332,0.12178705
19334,0.1583959
19337,0.11250203
19338,0.15303524
19340,0.092434675
19341,0.11033062
19342,0.12897806
19343,0.1642761
19347,0.17394975
19348,0.22074926
19349,0.20324863
19354,0.13648313
19356,0.12133072
19357,0.099907376
19358,0.14702
19361,0.12526813
19362,0.1221692
19365,0.12217578
19366,0.09850053
19367,0.18755932
19369,0.13392939
19372,0.09943688
19376,0.09499524
19377,0.14083917
19382,0.11457808
19383,0.17479351
19384,0.20157853
19385,0.11476829
19386,0.17823504
19388,0.13165796
19392,0.11172678
19393,0.18079032
19394,0.13988353
19395,0.1576235
19396,0.12306203
19397,0.072393835
19399,0.2182155
19400,0.14267905
19402,0.17552836
19403,0.19057964
19404,0.08991949
19405,0.104021445
19406,0.17223334
19408,0.11444184
19412,0.19383945
19414,0.12209872
19419,0.13689044
19421,0.17789619
19424,0.09450522
19429,0.24370809
19431,0.18637499
19432,0.11375771
19434,0.13289683
19435,0.09479866
19436,0.12585582
19438,0.1603788
19439,0.15419985
19441,0.12965424
19442,0.18639202
19443,0.1343672
19447,0.09960266
19448,0.10444012
19449,0.15140408
19450,0.14179648
19452,0.12138519
19455,0.16541332
19458,0.1352029
19459,0.1604415
19460,0.11345703
19461,0.11256168
19462,0.17281386
19463,0.13840732
19468,0.13759317
19469,0.09093658
19470,0.2545753
19471,0.15555671
19472,0.10757892
19474,0.2075242
19475,0.11820791
19477,0.14961976
19478,0.09775774
19479,0.19265251
19482,0.12116926
19484,0.19114676
19487,0.139887
19492,0.15269579
19495,0.13226548
19502,0.13209064
19505,0.1206797
19506,0.11199071
19507,0.10234443
19510,0.09949396
19511,0.22779417
19512,0.110615864
19515,0.15168202
19520,0.10245563
19521,0.19169185
19526,0.11693429
19527,0.11254006
19531,0.21435632
19532,0.10388551
19534,0.16658689
19538,0.21827258
19539,0.09093198
19542,0.07709576
19543,0.109982185
19545,0.15220372
19546,0.119714804
19548,0.15563548
19550,0.12751307
19552,0.1634943
19553,0.058006585
19554,0.18853693
19555,0.14139828
19556,0.1630039
19557,0.0934706
19561,0.15015645
19563,0.2375655
19570,0.1035017
19572,0.1738128
19574,0.16886902
19578,0.09032027
19579,0.14951222
19582,0.1948153
19586,0.11442435
19587,0.09947079
19589,0.122301616
19590,0.13671905
19592,0.122415625
19594,0.21587703
19596,0.1348629
19599,0.100045145
19600,0.16173378
19603,0.08140055
19604,0.16095833
19605,0.14893664
19607,0.17352052
19616,0.09983517
19618,0.12609266
19619,0.103978276
19620,0.1311032
19623,0.1225225
19624,0.16690512
19625,0.14021894
19626,0.13904013
19628,0.11576045
19629,0.1515491
19631,0.11958731
19633,0.115263574
19634,0.1218447
19635,0.17111665
19636,0.17617635
19637,0.09466376
19639,0.16574314
19643,0.13166861
19644,0.14289679
19645,0.17020135
19647,0.12976976
19649,0.119734325
19650,0.14404267
19652,0.14135562
19653,0.14128563
19656,0.13296163
19660,0.12222083
19663,0.24406308
19664,0.2795713
19666,0.16893567
19668,0.16824397
19671,0.14457993
19672,0.14727396
19674,0.14710955
19675,0.10512276
19676,0.1862727
19678,0.16253524
19679,0.16033708
19680,0.19248201
19681,0.12808597
19682,0.1295557
19683,0.14390025
19684,0.13939524
19686,0.11015061
19687,0.14970738
19691,0.15365076
19692,0.1437116
19698,0.12894876
19699,0.13944343
19700,0.110477224
19702,0.11228662
19706,0.13999517
19707,0.2559563
19708,0.10650384
19709,0.20748864
19710,0.1243243
19711,0.1433823
19713,0.14249817
19714,0.15828449
19716,0.14114508
19718,0.087199494
19719,0.15145226
19720,0.096237995
19724,0.08456236
19726,0.16810893
19727,0.13877349
19728,0.12404816
19729,0.13318461
19731,0.11599245
19733,0.17166445
19735,0.11543114
19736,0.16170461
19743,0.12357714
19744,0.16568528
19746,0.10454585
19748,0.15918148
19750,0.114369035
19751,0.16045928
19753,0.09352894
19754,0.121375464
19758,0.164831
19760,0.14525168
19766,0.11015779
19769,0.122764684
19770,0.17928678
19775,0.16518588
19778,0.09469634
19779,0.08214987
19781,0.12129434
19782,0.22761318
19783,0.1083111
19784,0.14515974
19785,0.18468212
19788,0.20347387
19790,0.16649339
19791,0.11321608
19792,0.112122245
19793,0.16827203
19795,0.10815887
19797,0.14003156
19802,0.15987712
19803,0.13680795
19805,0.17692916
19806,0.21783157
19810,0.267492
19813,0.1087711
19818,0.26144278
19819,0.18600364
19820,0.15935913
19824,0.25337258
19828,0.1587626
19830,0.13455173
19831,0.14559433
19832,0.15583785
19833,0.23828857
19834,0.1292634
19835,0.11889272
19836,0.107330404
19838,0.15517071
19839,0.1239905
19841,0.15372267
19843,0.110252425
19844,0.10004539
19845,0.13288309
19847,0.14280643
19848,0.19496877
19851,0.13408826
19853,0.19117868
19855,0.13699956
19857,0.21924856
19858,0.17540202
19861,0.16306627
19867,0.15979159
19868,0.14109671
19871,0.10351081
19875,0.10535895
19878,0.10161883
19879,0.14649165
19881,0.14259195
19882,0.10680984
19883,0.13855489
19884,0.19974874
19887,0.20786808
19889,0.11650042
19890,0.12911372
19893,0.11964555
19894,0.16222934
19896,0.093537755
19898,0.20410255
19900,0.1804086
19901,0.13269763
19904,0.17983334
19906,0.24723032
19914,0.12000173
19916,0.13719943
19920,0.18695262
19921,0.15573981
19922,0.12690957
19924,0.209986
19925,0.12034687
19926,0.24324135
19935,0.1370394
19937,0.2531595
19938,0.111014485
19941,0.18184392
19943,0.08088318
19946,0.15133873
19949,0.12130635
19953,0.118568264
19955,0.20889048
19957,0.17621674
19958,0.17244244
19959,0.22945695
19960,0.14760163
19963,0.15807681
19964,0.2103216
19965,0.13815852
19966,0.20975795
19967,0.107458286
19968,0.19100285
19969,0.07431952
19970,0.15389132
19972,0.08376474
19973,0.102648504
19974,0.06491525
19975,0.1612971
19977,0.20004666
19983,0.1211061
19984,0.053800005
19986,0.16663146
19987,0.21235508
19988,0.15099917
19989,0.11934527
19993,0.10106243
19995,0.15046006
19996,0.22996818
20001,0.14658663
20003,0.12852241
20004,0.14819062
20011,0.20362332
20016,0.1489739
20019,0.122870475
20020,0.17094594
20024,0.10938386
20025,0.18274872
20027,0.14880852
20030,0.145257
20031,0.10836225
20032,0.14901656
20034,0.11793281
20035,0.112068966
20037,0.1298812
20039,0.08631902
20040,0.11470908
20041,0.13185297
20042,0.12788512
20043,0.12280648
20045,0.09841995
20047,0.24706885
20048,0.20608373
20049,0.13354851
20051,0.28661844
20053,0.12920514
20055,0.15876225
20057,0.1855999
20058,0.13713862
20061,0.21589118
20065,0.14616957
20066,0.087138824
20067,0.14620332
20068,0.090473115
20070,0.15751147
20072,0.14689347
20073,0.2003751
20075,0.20345818
20077,0.13132726
20078,0.11634442
20079,0.14546166
20083,0.07239566
20084,0.08234567
20085,0.12095396
20086,0.1410005
20088,0.13787568
20089,0.15348275
20090,0.16984133
20091,0.23554401
20094,0.190296
20096,0.1475626
20098,0.09237729
20100,0.21635461
20102,0.22280961
20103,0.1530194
20104,0.15000285
20106,0.101998284
20108,0.22956291
20110,0.1906823
20117,0.21297409
20118,0.25707442
20119,0.1134106
20120,0.20265648
20126,0.08652088
20127,0.1289678
20133,0.13224
20138,0.11927279
20141,0.11440589
20145,0.16152592
20146,0.15306179
20148,0.12491509
20150,0.10658198
20151,0.13930684
20152,0.11077436
20156,0.09723669
20158,0.12989521
20160,0.11904087
20161,0.14476098
20162,0.12556238
20164,0.30557767
20167,0.08821334
20169,0.13037653
20170,0.20086789
20171,0.115919635
20172,0.11423469
20174,0.115149744
20175,0.14611638
20178,0.111226305
20181,0.14041454
20184,0.1559175
20187,0.17456126
20189,0.098968714
20190,0.103967264
20191,0.14612824
20192,0.11316605
20193,0.17889015
20197,0.17297351
20198,0.11841272
20199,0.08878225
20201,0.13710245
20202,0.12896314
20203,0.10696752
20204,0.15884456
20205,0.18332236
20208,0.16229457
20210,0.12668523
20211,0.11910544
20212,0.16629043
20213,0.12770551
20214,0.24113804
20217,0.12530385
20218,0.11496323
20220,0.111650646
20221,0.10397455
20225,0.19170357
20226,0.14121157
20229,0.122401394
20234,0.08848055
20238,0.12885326
20241,0.1902695
20242,0.15554962
20243,0.21401106
20245,0.1413233
20248,0.17805356
20250,0.083270974
20251,0.16394751
20252,0.12487157
20255,0.12541886
20256,0.12187786
20259,0.1039237
20260,0.11343734
20261,0.12976249
20262,0.12655644
20263,0.12792073
20265,0.14771716
20266,0.2379808
20269,0.12095056
20270,0.1325053
20274,0.0849742
20276,0.13891122
20277,0.22864315
20278,0.123468354
20282,0.14613982
20285,0.11831114
20286,0.26553923
20287,0.19042969
20288,0.1792585
20291,0.18725818
20292,0.18357688
20293,0.13587965
20296,0.20871861
20300,0.111258574
20302,0.114347406
20303,0.14950483
20305,0.20361607
20306,0.20835713
20309,0.0919249
20314,0.17264952
20315,0.1372204
20316,0.10220097
20317,0.103240296
20318,0.13677676
20319,0.106842615
20320,0.12422414
20323,0.114155605
20324,0.11659977
20325,0.14215948
20326,0.17514749
20327,0.11161849
20330,0.12379263
20331,0.13148752
20342,0.24652046
20343,0.1433694
20345,0.11212943
20347,0.15443142
20348,0.10171156
20352,0.08585128
20354,0.13379243
20355,0.15205982
20356,0.21705568
20357,0.104265
20359,0.109784834
20361,0.22098102
20363,0.114720754
20365,0.12753783
20367,0.14322047
20370,0.098337546
20372,0.1061349
20373,0.18227705
20375,0.15512863
20376,0.095678136
20379,0.14771387
20380,0.11530063
20383,0.13042839
20384,0.22235624
20385,0.09022873
20386,0.1279339
20387,0.16054156
20389,0.15074015
20391,0.22306335
20392,0.21459273
20395,0.1511839
20396,0.15191108
20398,0.21243282
20401,0.110813774
20403,0.11635052
20404,0.16992003
20406,0.17607161
20407,0.11985937
20409,0.1580211
20411,0.12210023
20412,0.19501527
20418,0.13800898
20419,0.084784806
20420,0.11285163
20423,0.12799789
20430,0.14971864
20432,0.13382213
20433,0.20814835
20434,0.18528645
20437,0.16095719
20438,0.14988756
20439,0.13027582
20440,0.11106233
20442,0.14562538
20444,0.19397983
20446,0.14564306
20449,0.18406384
20452,0.1582137
20454,0.12288987
20455,0.12585266
20456,0.1334516
20458,0.09111556
20462,0.13675071
20464,0.14455128
20465,0.12858382
20467,0.12827887
20468,0.088358484
20472,0.19413804
20473,0.071811095
20475,0.13103992
20477,0.10678918
20482,0.1724491
20483,0.121230535
20486,0.15377222
20487,0.11593346
20490,0.1180446
20491,0.13258025
20494,0.12158111
20495,0.1501528
20496,0.099001355
20497,0.09014091
20498,0.16750163
20499,0.104057096
20507,0.091229014
20508,0.11577541
20509,0.15298593
20510,0.14929567
20511,0.15070285
20512,0.15442187
20513,0.23131768
20517,0.13057055
20518,0.2266058
20522,0.184785
20525,0.16730979
20526,0.08540502
20531,0.13233946
20534,0.13842103
20536,0.12415964
20540,0.15620476
20544,0.10884423
20546,0.1683001
20548,0.10504741
20549,0.16781688
20550,0.13102418
20551,0.10442841
20552,0.124213904
20553,0.09609891
20555,0.16223541
20559,0.17393146
20560,0.18970518
20561,0.20105696
20562,0.10087981
20563,0.12814076
20565,0.16357
20567,0.15441968
20568,0.22084564
20569,0.15776058
20572,0.11230949
20580,0.17089847
20582,0.123713054
20584,0.1971479
20585,0.17292595
20588,0.06961568
20591,0.16348477
20596,0.1303838
20597,0.1695135
20600,0.10991123
20602,0.1256805
20606,0.17004162
20609,0.13191593
20610,0.15498812
20611,0.13445541
20613,0.11789526
20616,0.16560179
20619,0.11489383
20622,0.1156243
20627,0.099283904
20630,0.2264982
20631,0.10439959
20637,0.13712989
20641,0.15579557
20643,0.1871041
20645,0.18495923
20647,0.097826466
20650,0.15874584
20651,0.12953357
20653,0.1760001
20654,0.20419078
20655,0.0989024
20656,0.18447646
20657,0.111687705
20659,0.14037175
20661,0.15751214
20662,0.1469308
20663,0.10565701
20666,0.1085886
20667,0.1256862
20668,0.1382108
20669,0.17410922
20673,0.16378734
20675,0.16808878
20676,0.28670496
20677,0.15642872
20681,0.09849185
20684,0.12183489
20686,0.13299376
20687,0.11081863
20689,0.14884453
20690,0.1287801
20691,0.14257342
20692,0.14304912
20694,0.13094094
20695,0.14942656
20696,0.16142413
20698,0.13576056
20700,0.16571844
20703,0.14619514
20704,0.25910136
20705,0.12158386
20706,0.11591924
20707,0.20143814
20710,0.21329206
20711,0.14173219
20712,0.12421988
20713,0.17576772
20714,0.17635329
20715,0.098435715
20716,0.24864432
20722,0.1538092
20724,0.16493766
20726,0.14561146
20728,0.16065101
20729,0.1590008
20730,0.1359519
20734,0.13471545
20735,0.10670932
20736,0.105465226
20737,0.13344412
20738,0.17619903
20742,0.17681472
20743,0.19484265
20744,0.10855849
20745,0.13809727
20746,0.14124732
20751,0.10245194
20754,0.25631163
20756,0.14779562
20758,0.15344745
20759,0.13254274
20760,0.2257647
20761,0.14708726
20762,0.09622226
20763,0.07412331
20764,0.09856912
20767,0.16844144
20769,0.14290904
20770,0.13035566
20773,0.12633221
20775,0.17529303
20776,0.08911555
20777,0.15566595
20778,0.18040602
20782,0.11272266
20783,0.111062825
20784,0.15010136
20786,0.07289096
20787,0.1286438
20788,0.13271458
20789,0.14899579
20790,0.16178843
20791,0.23406759
20800,0.20497808
20801,0.11763295
20804,0.15817508
20807,0.27851903
20809,0.14947319
20810,0.19226128
20812,0.20407464
20814,0.11684707
20815,0.12917152
20818,0.086772054
20819,0.20425518
20820,0.18575218
20821,0.16815263
20823,0.14933427
20826,0.17382729
20827,0.23859258
20828,0.16955683
20829,0.10927495
20830,0.17736676
20831,0.1161582
20833,0.15282635
20835,0.16623752
20836,0.11346356
20837,0.20230731
20838,0.14117707
20841,0.1782537
20842,0.153621
20843,0.11206535
20844,0.08799796
20845,0.13153265
20849,0.18206343
20850,0.08945621
20851,0.10748104
20852,0.18350382
20853,0.18573633
20854,0.15329112
20855,0.20095634
20857,0.17479843
20859,0.13930662
20861,0.113422714
20863,0.16357929
20864,0.23744884
20865,0.1260234
20866,0.22499473
20867,0.18972546
20868,0.13214538
20869,0.16110425
20872,0.14908512
20874,0.1348376
20875,0.14222802
20876,0.11744871
20878,0.16116509
20879,0.11797103
20880,0.13796355
20882,0.18170196
20883,0.16358657
20885,0.07414869
20886,0.11372972
20887,0.16058207
20888,0.13279875
20889,0.13921408
20891,0.1296412
20892,0.11925565
20893,0.16195928
20896,0.15222363
20897,0.12715186
20899,0.13039833
20900,0.18349594
20901,0.27077323
20902,0.1101458
20903,0.09335782
20905,0.1259707
20906,0.18020381
20911,0.15465052
20912,0.18157996
20913,0.19246408
20915,0.12267341
20916,0.24503458
20917,0.19197263
20921,0.10915136
20924,0.10021585
20925,0.13121709
20926,0.12705517
20930,0.15886952
20932,0.15712114
20933,0.11255727
20935,0.20661907
20937,0.08777047
20940,0.24617028
20941,0.118616015
20943,0.12425844
20944,0.09880132
20946,0.046829097
20947,0.097913004
20949,0.15616262
20950,0.13423479
20955,0.12332761
20957,0.13087513
20958,0.12063559
20960,0.20928666
20965,0.17012377
20973,0.19002481
20975,0.111457534
20976,0.19859384
20984,0.24603643
20985,0.08655705
20991,0.19686352
20994,0.22887212
20997,0.11773371
20998,0.12249169
21003,0.1558005
21004,0.1640704
21006,0.101922795
21008,0.13156031
21009,0.16014956
21010,0.15466844
21013,0.20874578
21014,0.17308329
21016,0.115950875
21017,0.122332536
21021,0.111244716
21023,0.12960672
21024,0.11625379
21025,0.11393085
21027,0.1352007
21029,0.2402691
21030,0.17683199
21031,0.09630584
21032,0.20735136
21033,0.18744695
21034,0.1429402
21035,0.0976533
21038,0.15370914
21039,0.08964214
21042,0.17390725
21046,0.11971516
21047,0.11707375
21050,0.19114242
21051,0.18881552
21052,0.12771553
21054,0.099139184
21056,0.18948267
21057,0.17943919
21058,0.111147925
21059,0.16696346
21060,0.11925504
21063,0.14594658
21066,0.21808028
21074,0.12063119
21076,0.17050555
21077,0.113345645
21078,0.108688265
21080,0.12783259
21084,0.16207649
21090,0.14420201
21093,0.1565571
21094,0.12798981
21095,0.18289238
21096,0.10701673
21097,0.13913296
21098,0.15030956
21099,0.15191245
21102,0.17343335
21103,0.14018026
21104,0.12847614
21105,0.1578265
21106,0.11936406
21107,0.1579968
21108,0.13561673
21109,0.12873928
21114,0.11149892
21119,0.10758586
21120,0.14268558
21121,0.13857904
21125,0.14773414
21128,0.18394844
21129,0.19463085
21130,0.15597588
21131,0.090453364
21133,0.14409411
21134,0.1226785
21135,0.10887174
21137,0.094964966
21138,0.112738006
21139,0.1403624
21140,0.1707523
21141,0.10420623
21142,0.16321705
21143,0.15695418
21144,0.097657755
21146,0.06390623
21147,0.1591283
21149,0.12943777
21150,0.17995371
21152,0.1528412
21153,0.154666
21155,0.14046538
21158,0.1047779
21159,0.105699964
21161,0.18930465
21162,0.14139333
21163,0.19984408
21166,0.14453651
21167,0.21468261
21173,0.13332728
21174,0.15460345
21177,0.13108383
21178,0.1327042
21180,0.16620024
21181,0.2235054
21182,0.08735472
21183,0.14124614
21184,0.11001857
21186,0.12466879
21187,0.15352206
21188,0.12181002
21189,0.20118834
21192,0.1358799
21193,0.19513537
21196,0.17825241
21198,0.14647773
21199,0.14433268
21200,0.20001951
21204,0.13437524
21206,0.12866546
21207,0.118693866
21208,0.1454443
21210,0.10430399
21211,0.080923446
21212,0.10736263
21213,0.0750727
21214,0.13910814
21216,0.1375775
21217,0.15360722
21218,0.19190457
21219,0.16178231
21220,0.15560977
21223,0.16023265
21224,0.21697529
21226,0.21285857
21227,0.12364726
21229,0.15938118
21231,0.15346742
21232,0.17254265
21233,0.111183286
21237,0.15351696
21240,0.08635406
21245,0.16803506
21246,0.11574149
21248,0.15138613
21251,0.11620764
21252,0.1296212
21254,0.12335438
21256,0.13085264
21257,0.16570161
21258,0.23244569
21259,0.24298139
21260,0.1566991
21262,0.11821244
21263,0.20751962
21264,0.22281745
21265,0.2100456
21268,0.13211715
21269,0.13405786
21271,0.19212909
21272,0.15640086
21274,0.19198813
21276,0.10364725
21279,0.13589503
21281,0.10051293
21283,0.133999
21285,0.1042125
21288,0.18148585
21289,0.14272991
21291,0.09941182
21292,0.100358136
21294,0.27093706
21296,0.137117
21299,0.13351472
21300,0.116936564
21304,0.20818083
21306,0.17606372
21307,0.17091836
21309,0.1593475
21312,0.14917982
21314,0.18936035
21315,0.20957474
21316,0.2147216
21317,0.14696229
21318,0.05935099
21319,0.26668996
21320,0.19533318
21321,0.105888635
21322,0.14329694
21323,0.22366682
21324,0.10188863
21326,0.25345898
21327,0.13872996
21328,0.14385234
21330,0.09964738
21331,0.116919376
21332,0.22341582
21333,0.10864937
21334,0.16137552
21339,0.14729719
21340,0.11119106
21342,0.100906454
21344,0.14251311
21345,0.25281256
21346,0.1954414
21347,0.12100767
21348,0.11896529
21349,0.12387957
21350,0.21713002
21352,0.17003943
21355,0.1231209
21359,0.24415125
21361,0.11388112
21362,0.14270821
21364,0.14783776
21366,0.060985465
21367,0.131212
21368,0.11082451
21374,0.18784484
21379,0.13735312
21380,0.059054583
21382,0.10541073
21383,0.0853566
21385,0.13667181
21388,0.13669787
21391,0.23629844
21393,0.13941012
21394,0.19309594
21395,0.11050103
21398,0.13569057
21399,0.16007516
21400,0.20818575
21401,0.13384274
21402,0.15872039
21403,0.18604447
21404,0.11634786
21406,0.110711716
21409,0.12001705
21410,0.10268666
21412,0.13438158
21413,0.11277414
21414,0.19286126
21415,0.17455333
21417,0.093598664
21418,0.14144322
21419,0.12080836
21420,0.18471678
21421,0.1854379
21422,0.12630193
21423,0.14242421
21426,0.17299171
21429,0.10547829
21432,0.12135868
21433,0.14763549
21434,0.15583812
21435,0.13019218
21436,0.13035503
21437,0.17053476
21438,0.13539532
21443,0.16538784
21445,0.16570064
21446,0.1010172
21448,0.29571763
21450,0.092599
21451,0.1274701
21452,0.100707486
21453,0.11763295
21455,0.21316314
21456,0.14160796
21458,0.114653274
21459,0.14044888
21463,0.1799831
21464,0.21436425
21466,0.20774028
21468,0.14415056
21470,0.12846802
21473,0.12654394
21474,0.090890706
21476,0.12482272
21478,0.05696437
21479,0.14377613
21482,0.1080389
21486,0.103971325
21487,0.11693351
21488,0.11859385
21489,0.17420468
21490,0.11183577
21492,0.23035505
21493,0.19394694
21495,0.13548087
21499,0.15404765
21500,0.12091228
21503,0.10289264
21504,0.19526176
21511,0.098398246
21513,0.14145735
21514,0.1443819
21515,0.14805552
21516,0.12379514
21517,0.12557226
21519,0.11752875
21521,0.12629136
21522,0.19428249
21525,0.19553146
21526,0.14023383
21527,0.08632935
21529,0.15953213
21530,0.18602999
21531,0.19975397
21532,0.1610586
21533,0.14185531
21534,0.15974183
21538,0.05498741
21540,0.122201
21542,0.1284706
21544,0.13838518
21545,0.10496105
21547,0.13132624
21548,0.13025133
21551,0.089673646
21552,0.31906164
21556,0.101489246
21557,0.12254329
21558,0.17210086
21559,0.14370026
21560,0.09645204
21563,0.19966991
21567,0.1403875
21568,0.11987714
21570,0.18874139
21575,0.106624275
21576,0.18826176
21577,0.12726949
21579,0.06930867
21580,0.116494775
21581,0.12367018
21582,0.120565414
21586,0.25114718
21588,0.17926437
21589,0.12122134
21590,0.08927951
21592,0.16947466
21593,0.2153084
21594,0.2251544
21595,0.038506415
21596,0.14391612
21597,0.13831773
21599,0.12513845
21600,0.14492173
21604,0.09960433
21605,0.13704872
21606,0.21979463
21607,0.15461786
21608,0.19864835
21611,0.15130037
21612,0.19850509
21613,0.19555885
21614,0.1634841
21617,0.11925828
21618,0.12760265
21621,0.1100997
21623,0.15586777
21624,0.11241219
21625,0.26075768
21626,0.13596196
21634,0.13267857
21636,0.1431168
21638,0.19807781
21641,0.15348344
21643,0.1876219
21645,0.10981056
21646,0.17015658
21649,0.11691602
21650,0.16653478
21651,0.16631247
21652,0.10895866
21653,0.11981537
21654,0.14251025
21659,0.100051574
21660,0.10422977
21661,0.08323492
21664,0.13358286
21665,0.1126291
21666,0.25333467
21669,0.14144571
21671,0.13211037
21673,0.17351599
21675,0.2350608
21676,0.10824816
21677,0.16848035
21678,0.1708922
21680,0.102494396
21681,0.122580566
21683,0.143949
21684,0.13469061
21685,0.14222792
21686,0.116218016
21688,0.16562778
21689,0.17499673
21690,0.14537328
21692,0.16114211
21693,0.11839836
21694,0.10900193
21695,0.10546945
21696,0.11849294
21697,0.14936478
21698,0.2017604
21699,0.1266538
21705,0.14879102
21709,0.16327438
21710,0.18954906
21711,0.20604484
21714,0.10926634
21715,0.15461902
21716,0.17284383
21719,0.16821234
21721,0.16475213
21723,0.24649763
21727,0.17690173
21728,0.13158531
21729,0.13675927
21730,0.11283632
21731,0.16346729
21732,0.04995704
21733,0.10987348
21734,0.18243997
21736,0.13475649
21737,0.1442292
21738,0.16180253
21739,0.2310896
21741,0.15253234
21742,0.26355055
21745,0.13747133
21746,0.14764704
21747,0.16656455
21750,0.09842651
21751,0.09535582
21754,0.14390013
21756,0.1368302
21757,0.12362333
21758,0.19345829
21760,0.100099884
21765,0.14665401
21767,0.093697764
21768,0.16619244
21769,0.15304813
21770,0.12535964
21771,0.101566866
21772,0.17930096
21773,0.12397112
21774,0.25738907
21775,0.15592553
21780,0.15426598
21781,0.1289715
21782,0.22396617
21790,0.14304358
21791,0.21870938
21792,0.18995655
21793,0.15999891
21794,0.06488777
21796,0.11926929
21798,0.24254397
21799,0.14492351
21800,0.14497887
21802,0.16535649
21803,0.1648078
21804,0.13052718
21805,0.09586261
21806,0.13451986
21807,0.15325162
21808,0.13980621
21812,0.10767581
21813,0.21844196
21816,0.13586359
21817,0.10042303
21819,0.12838651
21821,0.1160679
21823,0.18545105
21826,0.13471478
21827,0.101293676
21828,0.15903045
21829,0.105758354
21831,0.1050169
21833,0.13037834
21836,0.16525996
21837,0.21381088
21838,0.10312293
21839,0.14953846
21840,0.09778393
21844,0.13434298
21846,0.12124259
21847,0.16511962
21848,0.13844326
21851,0.22141854
21852,0.101151295
21853,0.16127515
21855,0.1026422
21856,0.16671008
21859,0.20847912
21862,0.057841007
21864,0.15861064
21866,0.20943709
21867,0.1107184
21868,0.14130706
21869,0.12474706
21870,0.13061003
21871,0.23125698
21872,0.17098184
21873,0.12832193
21874,0.115066335
21876,0.15755762
21877,0.10491076
21879,0.224262
21882,0.18377562
21885,0.11854696
21886,0.106025726
21887,0.14420788
21888,0.23826128
21889,0.11325475
21890,0.11486261
21893,0.09720796
21894,0.13211375
21895,0.09147501
21896,0.19368893
21899,0.15597679
21900,0.18140341
21901,0.10314353
21903,0.10448437
21905,0.17661971
21906,0.17176984
21908,0.06464983
21910,0.12981553
21911,0.11819557
21913,0.1686932
21914,0.10831391
21916,0.12130105
21918,0.12573367
21919,0.12358559
21921,0.12673378
21923,0.11263389
21925,0.20446432
21926,0.15260051
21927,0.106300116
21928,0.11986956
21930,0.26250073
21931,0.1458053
21934,0.18895206
21935,0.11915016
21936,0.1985759
21937,0.09597807
21938,0.17060263
21939,0.22254808
21941,0.10471419
21942,0.17843935
21945,0.15513945
21946,0.13081315
21947,0.26681525
21948,0.14749122
21952,0.14007524
21953,0.147097
21957,0.16959368
21958,0.12607998
21959,0.13372979
21961,0.12764245
21962,0.10021663
21963,0.17335065
21964,0.1821317
21967,0.15301074
21969,0.17153043
21970,0.18395354
21971,0.07729403
21973,0.25174075
21974,0.122992486
21980,0.12786397
21981,0.13196206
21983,0.12095435
21984,0.117832385
21985,0.13253967
21986,0.20042372
21990,0.16844954
21991,0.1162179
21992,0.08642394
21994,0.26333013
21995,0.12965086
21996,0.092130125
21997,0.18150096
21998,0.14531043
21999,0.10494605
22002,0.11952921
22004,0.11385667
22005,0.19964999
22007,0.16773789
22008,0.19217302
22009,0.087501
22012,0.20829475
22013,0.16021809
22015,0.1237036
22016,0.119250506
22017,0.11121243
22019,0.18855731
22020,0.14866953
22021,0.1125288
22022,0.122806825
22023,0.18057813
22025,0.31455654
22027,0.15264629
22028,0.08835223
22033,0.09928119
22034,0.18491895
22035,0.11279266
22036,0.092928275
22038,0.0720996
22039,0.12816535
22042,0.123040415
22044,0.1426599
22045,0.11434022
22048,0.19153927
22049,0.13408136
22051,0.10822503
22052,0.1971173
22053,0.13666224
22054,0.13527821
22055,0.10661318
22056,0.16936171
22058,0.12503836
22059,0.20251916
22061,0.14363126
22062,0.1303939
22065,0.12167614
22066,0.16885704
22068,0.13012633
22069,0.19414346
22074,0.22585686
22076,0.12300407
22077,0.1315852
22078,0.1664443
22079,0.16935377
22080,0.17987537
22082,0.10735225
22084,0.15801345
22085,0.16779408
22086,0.12489477
22090,0.18080288
22091,0.17671706
22093,0.12541631
22095,0.14036621
22098,0.11730875
22099,0.16859613
22100,0.10812721
22101,0.1520737
22102,0.27671087
22103,0.08530498
22106,0.20109297
22107,0.15042277
22111,0.19910082
22112,0.1359876
22116,0.1421266
22121,0.16388568
22123,0.10253469
22124,0.1591939
22125,0.10669085
22126,0.13702503
22127,0.08650846
22130,0.102566704
22131,0.20902212
22132,0.20287754
22134,0.19253653
22135,0.18786028
22136,0.16594854
22137,0.119422406
22141,0.2025955
22143,0.11996473
22146,0.15765215
22147,0.15137215
22148,0.17506814
22149,0.13034745
22151,0.14388643
22152,0.119153194
22153,0.107017316
22154,0.112545624
22156,0.23353456
22158,0.124088086
22159,0.20758557
22160,0.14890122
22161,0.106102884
22163,0.06661358
22164,0.14265293
22166,0.14469692
22167,0.18835914
22168,0.2759602
22169,0.26987252
22172,0.132382
22175,0.13654695
22176,0.10157463
22177,0.11334066
22178,0.24205394
22181,0.12924065
22182,0.16187142
22183,0.10085386
22184,0.123208724
22186,0.28092203
22187,0.18428072
22190,0.25132728
22193,0.12158711
22194,0.1310353
22195,0.227293
22196,0.16058971
22197,0.15081649
22198,0.12912335
22199,0.26524767
22200,0.1486366
22202,0.16391394
22203,0.12797141
22204,0.1299219
22205,0.101999246
22206,0.18189463
22208,0.15395416
22210,0.10685542
22212,0.13571899
22214,0.11559968
22216,0.1615011
22219,0.201577
22222,0.12589163
22223,0.31894735
22224,0.20229088
22225,0.14959128
22226,0.11016886
22227,0.18879522
22229,0.07898324
22231,0.1268895
22233,0.1763578
22234,0.2335978
22235,0.1335523
22236,0.14524738
22237,0.18573928
22240,0.05807095
22241,0.2032467
22242,0.14813891
22243,0.088836335
22245,0.20778789
22248,0.16096704
22249,0.13662589
22250,0.23684885
22251,0.14267318
22252,0.17653511
22253,0.12333685
22254,0.09707961
22255,0.14072531
22257,0.1167632
22260,0.14945257
22262,0.13729943
22263,0.15361485
22264,0.23996845
22265,0.12974262
22267,0.21409371
22268,0.20112789
22269,0.15836285
22271,0.11851858
22272,0.12082606
22273,0.120662905
22274,0.20115921
22275,0.22210702
22277,0.28178728
22282,0.15492988
22283,0.21308653
22284,0.120093726
22286,0.12188331
22287,0.1166361
22288,0.14725007
22289,0.14699411
22290,0.11813942
22291,0.13695264
22292,0.10983305
22293,0.14371791
22295,0.12556714
22296,0.24027088
22297,0.15262768
22298,0.10808325
22299,0.13604818
22300,0.117678136
22302,0.20075439
22303,0.21434799
22305,0.09856045
22306,0.1657152
22307,0.17439467
22308,0.13373975
22309,0.13131662
22312,0.22606109
22313,0.094554506
22314,0.19819026
22315,0.16907226
22316,0.13057481
22317,0.16078651
22318,0.2648618
22319,0.15390213
22320,0.14953211
22322,0.16265644
22323,0.16320933
22324,0.20586191
22328,0.15964688
22329,0.11405502
22330,0.15347129
22331,0.16797985
22332,0.12944633
22333,0.15967381
22334,0.14815824
22335,0.14099337
22336,0.16609782
22338,0.13971628
22339,0.1917108
22341,0.10170101
22342,0.16176774
22343,0.18243366
22344,0.20052268
22345,0.32576197
22346,0.13646196
22350,0.12840588
22351,0.108660445
22353,0.106800646
22354,0.17365421
22355,0.13655655
22358,0.17553855
22362,0.124858595
22365,0.19534615
22366,0.17255855
22368,0.12797724
22369,0.11564139
22370,0.16020972
22371,0.09992067
22372,0.16789977
22373,0.103464186
22374,0.08789704
22375,0.132339
22376,0.2605915
22377,0.17760186
22378,0.11358257
22379,0.21827753
22382,0.16350247
22386,0.2159349
22387,0.16092421
22388,0.11063637
22390,0.16713399
22391,0.13818896
22392,0.086017966
22393,0.18551143
22394,0.13127147
22395,0.26513892
22397,0.14338115
22399,0.24489403
22401,0.1295866
22402,0.16620474
22403,0.14941053
22405,0.16461508
22406,0.11328058
22407,0.16734384
22408,0.15980467
22409,0.12271897
22410,0.1243903
22411,0.3119854
22413,0.2521533
22415,0.1405393
22416,0.17488272
22419,0.21913645
22422,0.14826594
22424,0.14185993
22425,0.21157865
22426,0.13770455
22427,0.18127753
22428,0.2520103
22429,0.17348823
22430,0.09084525
22431,0.16032608
22432,0.10299852
22433,0.1187917
22436,0.0772266
22437,0.117682494
22438,0.15114
22439,0.09405544
22440,0.13978192
22441,0.0975659
22442,0.10213282
22443,0.20565592
22444,0.094461285
22446,0.107884645
22447,0.2319258
22448,0.14738072
22449,0.12131915
22450,0.1331381
22451,0.1436277
22452,0.14959246
22454,0.15041211
22455,0.2353196
22457,0.22478497
22459,0.14197852
22460,0.19309188
22461,0.11853743
22462,0.28686357
22464,0.10768295
22465,0.10411711
22466,0.16739538
22470,0.17212735
22474,0.24421996
22476,0.1707338
22477,0.14420599
22479,0.2078044
22480,0.22588636
22482,0.17687377
22485,0.12744716
22486,0.29153618
22487,0.10360595
22488,0.2074086
22489,0.15118018
22492,0.14454511
22493,0.18031068
22495,0.27048412
22497,0.17231365
22499,0.12416142
22500,0.08712648
22502,0.13402154
22507,0.13073656
22508,0.111774735
22510,0.15454158
22512,0.22137888
22513,0.1138376
22515,0.14598078
22518,0.17848533
22519,0.10447369
22520,0.12096967
22521,0.14594573
22523,0.20982327
22524,0.24088284
22525,0.11365559
22526,0.17855531
22527,0.124589264
22528,0.086262666
22529,0.08166862
22530,0.28109914
22531,0.108433306
22533,0.14518102
22538,0.112137884
22540,0.13359207
22542,0.15732789
22544,0.15084064
22546,0.12329134
22547,0.21465275
22549,0.11794945
22550,0.17464049
22551,0.20216167
22552,0.14460315
22553,0.10688747
22554,0.12705755
22558,0.13624303
22560,0.13867448
22561,0.10678737
22562,0.17435254
22563,0.22514004
22564,0.16500106
22565,0.1458036
22566,0.111698315
22567,0.13276596
22570,0.16367218
22573,0.18633184
22577,0.15563548
22580,0.17845576
22581,0.16101058
22583,0.15966196
22584,0.16619995
22585,0.09536343
22587,0.08474114
22588,0.12634863
22591,0.19069141
22592,0.1488722
22593,0.20689611
22595,0.14146975
22596,0.17096929
22597,0.23096599
22598,0.1641139
22599,0.12291934
22600,0.15360153
22601,0.16811961
22602,0.20223065
22603,0.13132028
22604,0.21691357
22605,0.26437017
22606,0.17873615
22607,0.11774842
22608,0.11848664
22609,0.1977964
22610,0.13182738
22611,0.115134925
22612,0.17716983
22613,0.1852469
22614,0.20179777
22615,0.15429088
22618,0.12205071
22621,0.1370552
22622,0.1269342
22624,0.20214836
22626,0.17915472
22627,0.20706722
22628,0.12191952
22629,0.14311539
22630,0.21511225
22631,0.09777545
22633,0.11723415
22634,0.16068171
22635,0.12934503
22637,0.10893146
22639,0.2304779
22641,0.11616824
22642,0.1781424
22643,0.15218283
22644,0.29153255
22646,0.12709641
22647,0.15777594
22648,0.16018178
22650,0.16957669
22652,0.09843417
22653,0.103807986
22655,0.1659478
22657,0.10135556
22658,0.15358083
22662,0.113709964
22663,0.14102176
22664,0.18616033
22665,0.18967779
22666,0.20956989
22668,0.1665579
22669,0.31249484
22670,0.15074578
22671,0.15715396
22672,0.06740737
22673,0.13162564
22676,0.14161088
22678,0.1666012
22682,0.12601624
22683,0.14684816
22684,0.13840446
22685,0.1298239
22686,0.14667834
22687,0.16464868
22688,0.09380928
22690,0.1981412
22691,0.17345145
22692,0.10271366
22694,0.20943192
22695,0.11228504
22696,0.17696005
22697,0.22686788
22699,0.27293435
22702,0.2194229
22704,0.1066524
22705,0.12344911
22706,0.28813857
22709,0.14855736
22711,0.21535133
22712,0.13039334
22714,0.13973695
22715,0.122121744
22716,0.1414566
22717,0.16059476
22718,0.09382677
22720,0.21474707
22721,0.18883877
22724,0.07082048
22725,0.16471638
22726,0.23856838
22728,0.105791345
22729,0.12763682
22730,0.22439617
22732,0.15231048
22733,0.14199239
22734,0.16297616
22735,0.25335768
22736,0.12438241
22737,0.1385504
22738,0.1100112
22739,0.18707375
22740,0.19594131
22742,0.20022029
22743,0.27071154
22745,0.12142079
22746,0.20893374
22748,0.2669615
22749,0.12578775
22751,0.079157285
22752,0.13738272
22753,0.21773994
22756,0.1754059
22757,0.11681604
22758,0.13725518
22759,0.16199501
22762,0.1853415
22763,0.1673249
22764,0.11941603
22766,0.15604535
22768,0.13810393
22769,0.10327008
22770,0.11222102
22772,0.19158588
22773,0.11006674
22775,0.12942722
22776,0.14030945
22777,0.118332766
22779,0.20221822
22780,0.14696719
22781,0.24812834
22783,0.16086787
22784,0.1815807
22786,0.19309787
22789,0.13345656
22791,0.16122183
22793,0.13210952
22794,0.09880184
22795,0.2197342
22796,0.19754437
22798,0.13322265
22800,0.111173145
22801,0.24108942
22802,0.2081224
22804,0.16333613
22808,0.108398445
22810,0.23996577
22811,0.14130345
22812,0.111930676
22813,0.12087719
22814,0.14236662
22816,0.12227745
22818,0.12097903
22820,0.19936112
22821,0.21814421
22823,0.1934677
22824,0.17458132
22825,0.13521317
22826,0.18587351
22828,0.12080636
22829,0.17045549
22830,0.20835878
22831,0.14411598
22832,0.1544783
22833,0.1097724
22836,0.1917944
22839,0.10651612
22840,0.16159996
22841,0.16516268
22842,0.09118121
22845,0.12826695
22846,0.13277528
22847,0.122671515
22848,0.14462414
22851,0.12887596
22853,0.09169439
22855,0.14123563
22859,0.14062823
22860,0.2629947
22861,0.11095137
22862,0.15632917
22864,0.15912613
22865,0.15931131
22870,0.19009613
22871,0.14495295
22873,0.14021146
22874,0.16180034
22875,0.13754328
22876,0.13247186
22877,0.20576645
22878,0.081074245
22879,0.20410256
22880,0.15242022
22882,0.0872404
22883,0.2751164
22884,0.11591068
22886,0.10168621
22887,0.13384786
22888,0.14442508
22889,0.21038127
22890,0.1494615
22891,0.12873702
22894,0.1504379
22897,0.13383302
22898,0.16451791
22899,0.15836169
22900,0.11090932
22901,0.09491498
22904,0.14940049
22905,0.11160274
22906,0.21354528
22907,0.25967935
22908,0.13128808
22909,0.14221816
22910,0.17312707
22911,0.23354314
22913,0.14276816
22915,0.15051776
22918,0.08566486
22919,0.19830705
22921,0.28461075
22922,0.107729785
22923,0.12011276
22925,0.11823756
22926,0.074232124
22927,0.23733947
22928,0.12612256
22929,0.14823885
22930,0.22010866
22933,0.117418095
22934,0.1503652
22935,0.11478925
22936,0.28499782
22937,0.2475437
22938,0.20106113
22940,0.09585623
22941,0.33048788
22943,0.14648493
22945,0.122249
22946,0.118053846
22947,0.12669408
22948,0.20700742
22949,0.18093753
22950,0.20130847
22951,0.19034442
22952,0.13436346
22953,0.12432455
22954,0.2504403
22955,0.24283278
22957,0.30607113
22958,0.22957605
22959,0.12124167
22961,0.17848116
22962,0.16851442
22963,0.10961897
22964,0.20428571
22965,0.18891215
22966,0.15401979
22967,0.1556343
22968,0.22889735
22969,0.12563667
22970,0.08515555
22971,0.16220136
22972,0.20431511
22973,0.3054361
22974,0.1529805
22976,0.11356135
22977,0.20836562
22978,0.12986378
22980,0.11843564
22981,0.06956711
22983,0.11033066
22986,0.17901233
22988,0.30940038
22989,0.19468038
22990,0.16604765
22992,0.113330014
22993,0.13654356
22995,0.14373368
22996,0.13062727
22997,0.1984551
22998,0.120130405
23002,0.2057801
23003,0.11877779
23005,0.14019313
23006,0.1252481
23007,0.103056155
23008,0.16121073
23010,0.17263523
23011,0.06979152
23012,0.15010396
23013,0.18466932
23014,0.08423608
23015,0.15908375
23020,0.14533281
23021,0.19524482
23022,0.18591577
23023,0.12638998
23025,0.18964165
23028,0.2079093
23031,0.259307
23032,0.19053651
23033,0.12539741
23034,0.15970859
23035,0.14650226
23036,0.24573225
23037,0.09619459
23039,0.1826011
23040,0.09312967
23041,0.1221609
23043,0.10568277
23046,0.13306871
23048,0.17977452
23051,0.21647994
23052,0.10188674
23053,0.11878372
23055,0.18098506
23056,0.12105369
23059,0.14782186
23060,0.18754306
23062,0.11593857
23063,0.15006982
23065,0.15225749
23066,0.12420322
23067,0.11985999
23070,0.1551449
23072,0.14592506
23073,0.15109412
23074,0.14138864
23075,0.12543412
23078,0.1074979
23079,0.15977126
23080,0.18587995
23081,0.10932917
23082,0.17748307
23084,0.111506596
23087,0.10846537
23088,0.20734291
23089,0.26436788
23090,0.1694357
23095,0.11865306
23097,0.14051913
23098,0.09753702
23099,0.098175585
23100,0.1398096
23101,0.23924772
23102,0.21787529
23103,0.14887543
23105,0.10281536
23106,0.12582716
23108,0.21288705
23109,0.21857865
23110,0.1487019
23111,0.10164455
23112,0.11529232
23113,0.2813652
23114,0.18652195
23115,0.17471369
23116,0.124324135
23118,0.16998267
23119,0.11094314
23120,0.17150672
23122,0.263667
23123,0.13026796
23124,0.12344943
23125,0.0945214
23126,0.14148062
23128,0.23341577
23129,0.17291108
23131,0.10453292
23132,0.13402188
23133,0.20488743
23134,0.20697016
23135,0.112848006
23136,0.12687771
23137,0.14891818
23139,0.11315692
23142,0.11137665
23143,0.1614747
23146,0.13279018
23147,0.19134988
23148,0.1345787
23149,0.08833163
23151,0.15349264
23152,0.11561946
23153,0.18932432
23154,0.14524812
23156,0.23543179
23157,0.12000661
23158,0.13071612
23161,0.19450144
23162,0.23255558
23163,0.12433656
23164,0.18438207
23166,0.2031929
23167,0.22027496
23168,0.10780828
23169,0.10064068
23170,0.12353051
23171,0.13033065
23172,0.15009063
23173,0.1570537
23174,0.12464573
23176,0.19115375
23177,0.11755557
23178,0.11567904
23179,0.11435636
23180,0.23959538
23181,0.24304864
23182,0.19995105
23183,0.22833274
23184,0.100995824
23185,0.26109222
23186,0.1064049
23187,0.22323641
23188,0.18738422
23191,0.12927894
23192,0.1351083
23193,0.1568914
23194,0.13757469
23196,0.11440255
23197,0.12880127
23198,0.20632085
23199,0.18188323
23201,0.14682464
23202,0.1697135
23203,0.11777526
23204,0.11832549
23205,0.1579819
23206,0.12302517
23207,0.115441225
23209,0.12873074
23211,0.18704094
23212,0.21529026
23214,0.14014234
23215,0.11708045
23216,0.13791588
23218,0.1691286
23219,0.11983
23220,0.15202175
23221,0.09464926
23222,0.15244778
23224,0.13113229
23225,0.11065323
23227,0.11192909
23228,0.14229403
23229,0.19217323
23230,0.14098488
23231,0.1702599
23233,0.24986388
23234,0.14005189
23236,0.1297264
23238,0.12189456
23239,0.12798186
23240,0.11853775
23241,0.13151908
23242,0.28156447
23245,0.20497943
23246,0.1397594
23248,0.16116315
23249,0.21942773
23250,0.17875521
23251,0.19163969
23254,0.22529063
23255,0.13280256
23257,0.230346
23258,0.30016273
23259,0.1181542
23260,0.13209103
23262,0.11769787
23264,0.1430687
23267,0.20198967
23270,0.2335763
23271,0.15791903
23273,0.1698053
23274,0.11668562
23275,0.14338101
23276,0.13263926
23277,0.19537513
23278,0.11784331
23280,0.16745551
23282,0.19310233
23283,0.14119707
23284,0.13373417
23286,0.12770258
23287,0.155455
23288,0.11808932
23289,0.16237152
23291,0.11322316
23293,0.15296194
23294,0.15496269
23295,0.1414393
23297,0.19818379
23298,0.13959391
23299,0.14393498
23304,0.1447264
23305,0.09408315
23306,0.11752463
23307,0.18034208
23309,0.20424236
23310,0.21196662
23311,0.22423823
23313,0.13679098
23314,0.14962415
23315,0.14049876
23318,0.11273883
23319,0.10321854
23320,0.14765996
23321,0.12864853
23322,0.14819592
23323,0.1484215
23325,0.09875877
23326,0.18401836
23328,0.21308692
23332,0.15051271
23333,0.08481701
23334,0.32101536
23335,0.11266844
23336,0.14330809
23338,0.11856565
23339,0.1362733
23340,0.26418653
23343,0.12413842
23344,0.13112977
23346,0.12400469
23347,0.1336195
23348,0.118370146
23349,0.17797281
23351,0.1951464
23352,0.23540637
23353,0.2929026
23354,0.11948959
23356,0.23119003
23357,0.15860146
23359,0.10342255
23361,0.16604553
23364,0.1405625
23365,0.12612738
23366,0.17698006
23367,0.11826886
23368,0.16691925
23369,0.12651743
23371,0.18087128
23372,0.14021066
23373,0.12677519
23377,0.10085842
23378,0.115981154
23385,0.121715814
23387,0.19552855
23388,0.122432694
23392,0.16162243
23394,0.18860707
23395,0.12630415
23397,0.20716606
23398,0.16596949
23399,0.1701119
23401,0.15598884
23402,0.1379773
23404,0.13127695
23407,0.18440104
23409,0.19422898
23410,0.24094838
23411,0.09697897
23412,0.15674856
23413,0.2011459
23415,0.15921216
23416,0.1680906
23417,0.107802205
23419,0.10723549
23421,0.15649684
23422,0.14828637
23423,0.14689559
23426,0.16003858
23427,0.18893622
23428,0.103371166
23430,0.18188119
23431,0.110655576
23432,0.1600906
23433,0.11106144
23435,0.12806539
23436,0.14928372
23438,0.177752
23439,0.1934262
23440,0.14056323
23441,0.12569505
23442,0.1477891
23443,0.27147892
23444,0.1465633
23447,0.1292202
23450,0.114276946
23452,0.13877608
23453,0.13494635
23454,0.12548365
23455,0.10568234
23456,0.26139116
23457,0.21337156
23459,0.11532054
23462,0.22036476
23463,0.15855083
23466,0.11260781
23468,0.30145422
23469,0.1610305
23470,0.116758175
23471,0.15383849
23472,0.1806056
23473,0.12738414
23474,0.20447254
23476,0.12402634
23477,0.119914465
23478,0.19090661
23479,0.21141581
23480,0.15854965
23481,0.15846159
23482,0.13129856
23483,0.14508212
23484,0.12677915
23486,0.10799913
23487,0.1331058
23488,0.1523616
23489,0.18119107
23490,0.2524007
23492,0.115488134
23493,0.10477317
23494,0.23245053
23495,0.21757056
23496,0.21638295
23497,0.19442406
23498,0.07124064
23499,0.0963566
23500,0.13625826
23501,0.12799852
23504,0.23189932
23505,0.09741312
23506,0.10977745
23507,0.16641697
23508,0.15619475
23509,0.22875188
23514,0.13971674
23515,0.2113486
23516,0.14758182
23517,0.21032962
23519,0.1470878
23520,0.07914981
23521,0.09684826
23523,0.09909903
23524,0.17408364
23525,0.105074085
23526,0.11483884
23528,0.14178914
23529,0.11756847
23530,0.1450664
23531,0.19158237
23532,0.20495859
23533,0.17789909
23534,0.11108917
23535,0.08778964
23538,0.07193111
23540,0.14382832
23542,0.09093817
23544,0.1552589
23550,0.20201592
23551,0.19767585
23552,0.14350851
23553,0.121173404
23554,0.11962025
23556,0.19161431
23557,0.22491814
23560,0.15967537
23561,0.11059142
23564,0.13924062
23565,0.29541615
23566,0.15716068
23568,0.16881919
23569,0.106118105
23571,0.15710741
23572,0.13962118
23573,0.10480614
23574,0.14460841
23575,0.117234044
23576,0.119842656
23577,0.21111846
23578,0.14992729
23581,0.13514347
23582,0.18728565
23583,0.14575474
23584,0.13863203
23585,0.14270632
23586,0.14601398
23590,0.10422154
23592,0.11849015
23593,0.13364504
23596,0.216416
23598,0.14205754
23599,0.11558505
23602,0.1601858
23603,0.17209707
23604,0.22745787
23606,0.12785263
23607,0.115757614
23608,0.1306354
23609,0.18856423
23610,0.18739474
23611,0.052606367
23612,0.12518208
23614,0.19828717
23615,0.16118036
23616,0.110765055
23618,0.18053001
23619,0.16770788
23621,0.15905261
23622,0.120975435
23625,0.11596483
23626,0.15898457
23629,0.121342346
23632,0.12114037
23633,0.17529355
23634,0.10990167
23636,0.14484979
23642,0.20517632
23643,0.18622023
23645,0.1546254
23646,0.25300968
23647,0.18065642
23649,0.17079595
23651,0.14141864
23652,0.114081055
23653,0.07254929
23654,0.2576925
23655,0.13957189
23656,0.12530117
23659,0.123337865
23661,0.16913487
23662,0.11125801
23663,0.20390168
23664,0.20096822
23665,0.118905365
23666,0.2698151
23667,0.12920256
23668,0.11799945
23669,0.29235435
23670,0.13694504
23671,0.1596766
23673,0.10246639
23674,0.12743539
23675,0.1959206
23676,0.13092585
23679,0.13542238
23680,0.20983985
23681,0.1300402
23684,0.24692944
23686,0.18383293
23687,0.09333021
23688,0.12321641
23689,0.18559843
23692,0.2225836
23693,0.07967312
23694,0.18338083
23696,0.10159236
23697,0.11464653
23698,0.13822012
23700,0.11606749
23701,0.21446578
23703,0.25040773
23704,0.096130185
23706,0.18304954
23707,0.10882378
23711,0.19708706
23713,0.20797265
23714,0.17494667
23716,0.11299181
23719,0.11502564
23721,0.17681885
23722,0.10451963
23723,0.2851225
23724,0.125258
23726,0.15276013
23728,0.11349381
23729,0.16421385
23730,0.26960117
23731,0.12457551
23733,0.11712706
23735,0.15474164
23736,0.061528943
23737,0.08501829
23738,0.1830968
23740,0.20319325
23742,0.098700926
23743,0.16541535
23744,0.10504033
23745,0.1730441
23748,0.17998469
23749,0.16698658
23751,0.19173649
23752,0.19822137
23753,0.15476573
23754,0.15192199
23755,0.051211357
23756,0.19829136
23758,0.121201225
23759,0.15927918
23760,0.2578779
23761,0.23738423
23763,0.12152342
23764,0.2409831
23765,0.1418216
23767,0.09689963
23768,0.15840895
23769,0.14613251
23771,0.16419154
23772,0.08844256
23773,0.12376869
23774,0.22514857
23775,0.10304267
23776,0.19502921
23777,0.15752603
23779,0.092370935
23780,0.12400707
23782,0.11335604
23783,0.12232106
23785,0.1572823
23788,0.1612229
23790,0.17005876
23791,0.122941524
23793,0.25889635
23794,0.14767313
23795,0.16605513
23796,0.13571174
23797,0.117784455
23798,0.078416616
23799,0.15503022
23800,0.17918116
23801,0.17185786
23803,0.13303855
23804,0.14620882
23806,0.10120754
23807,0.23343424
23808,0.20190524
23809,0.1268517
23810,0.12558386
23815,0.269763
23816,0.13170561
23818,0.14935793
23819,0.2115284
23821,0.13038555
23823,0.13825583
23824,0.15265988
23825,0.18066326
23829,0.12747651
23830,0.18902609
23831,0.13088708
23832,0.103377566
23833,0.18120846
23835,0.14089021
23836,0.14957784
23837,0.22411719
23839,0.14212425
23843,0.15773687
23844,0.13659598
23846,0.17663477
23847,0.122283146
23848,0.12798293
23852,0.16066945
23853,0.12401691
23854,0.097761385
23856,0.1330044
23858,0.12676968
23859,0.2573112
23861,0.16974963
23863,0.13910702
23864,0.10919689
23865,0.10647894
23866,0.15929267
23867,0.123344295
23868,0.13819887
23869,0.14616005
23872,0.21438919
23875,0.123821
23876,0.15979823
23878,0.12235169
23879,0.082765155
23880,0.1560744
23881,0.19493029
23883,0.20326982
23884,0.12857787
23885,0.15747038
23889,0.1546606
23890,0.11872059
23891,0.119436346
23892,0.16029756
23893,0.20160526
23894,0.12953347
23895,0.09748622
23896,0.13798508
23897,0.14929795
23898,0.22103134
23899,0.18903324
23900,0.05378233
23901,0.17204309
23904,0.22439186
23906,0.21044397
23908,0.14065185
23909,0.16904515
23910,0.1668965
23911,0.1449946
23912,0.13975008
23913,0.16916671
23914,0.3081714
23915,0.16212332
23916,0.110601604
23917,0.2068251
23918,0.12319779
23919,0.16298084
23920,0.13484974
23921,0.20410493
23922,0.16381936
23923,0.17019616
23924,0.15808092
23926,0.14643578
23928,0.19400732
23929,0.21330519
23930,0.10983784
23931,0.11379213
23932,0.10998721
23933,0.11831855
23935,0.30390295
23936,0.08180657
23937,0.1178415
23938,0.19383389
23939,0.14106381
23940,0.19471465
23941,0.20253849
23942,0.30572873
23943,0.124516204
23945,0.1844439
23946,0.07843505
23947,0.13247785
23948,0.19673234
23949,0.30120355
23950,0.11547538
23951,0.13204679
23953,0.22055565
23955,0.16780739
23956,0.20785424
23957,0.170376
23958,0.12132752
23959,0.19787326
23960,0.114414185
23961,0.12823877
23962,0.12778148
23963,0.12042431
23965,0.13838905
23966,0.16042134
23967,0.2885431
23968,0.05902521
23969,0.06711952
23970,0.25992844
23971,0.1147982
23972,0.30414543
23973,0.19962932
23974,0.18423532
23975,0.10195595
23977,0.11474118
23978,0.092512704
23979,0.1405804
23980,0.17173319
23981,0.14727797
23982,0.14891072
23983,0.095693894
23984,0.10355359
23985,0.11966247
23987,0.19881631
23989,0.15635626
23990,0.22495377
23991,0.24521211
23992,0.12604392
23993,0.14087927
23994,0.13447845
23995,0.21652402
23996,0.16656585
23998,0.20842712
23999,0.058716845
24000,0.107168876
24001,0.17664872
24002,0.23724003
24003,0.12877257
24004,0.14889431
24005,0.22201082
24006,0.13242592
24007,0.13039431
24008,0.136677
24010,0.23104236
24012,0.120282166
24014,0.12974657
24015,0.1760545
24016,0.2478872
24018,0.11454327
24019,0.13008519
24020,0.12975062
24021,0.100582026
24022,0.2105114
24024,0.14928158
24026,0.2057703
24028,0.10794485
24029,0.19027843
24030,0.21457665
24031,0.20015137
24033,0.12341675
24034,0.33139947
24035,0.12566864
24036,0.1744461
24038,0.1428825
24039,0.18573816
24040,0.15574741
24041,0.16585968
24043,0.17329246
24045,0.27927792
24046,0.14718086
24047,0.13221061
24048,0.17817193
24049,0.22285074
24050,0.2775899
24053,0.07813037
24054,0.087871455
24055,0.12884924
24057,0.13602781
24059,0.31268114
24060,0.1162162
24061,0.116939954
24062,0.14656845
24063,0.27472436
24064,0.27755255
24065,0.18398722
24066,0.19126296
24067,0.120529495
24068,0.16765226
24070,0.30594158
24071,0.11639883
24072,0.23475586
24073,0.1328121
24076,0.114492185
24077,0.13915367
24078,0.11076874
24079,0.12283623
24080,0.113347255
24081,0.12686267
24082,0.104947634
24083,0.108177334
24085,0.15577066
24086,0.24125645
24087,0.18789347
24088,0.2728552
24089,0.13101637
24090,0.32908335
24092,0.11336185
24093,0.14804602
24094,0.19472288
24096,0.14958647
24097,0.16156845
24098,0.22591177
24099,0.11746463
24100,0.18485786
24101,0.18379945
24102,0.16987866
24103,0.13288304
24104,0.099480726
24105,0.1358563
24106,0.1840837
24107,0.15708753
24108,0.11518597
24109,0.14197758
24110,0.1096394
24111,0.15181348
24112,0.11643533
24113,0.1252386
24114,0.111263886
24115,0.15811953
24116,0.16029206
24117,0.23369665
24118,0.11188004
24119,0.19880958
24120,0.10018315
24122,0.11746303
24123,0.16877264
24124,0.12616704
24126,0.19222686
24127,0.21289228
24128,0.19569
24129,0.10826878
24130,0.1391069
24131,0.18228678
24132,0.33523005
24133,0.11610358
24135,0.19020905
24136,0.083234176
24137,0.118923716
24138,0.22286312
24139,0.12053368
24140,0.17582604
24141,0.1521189
24143,0.15386687
24144,0.10660461
24145,0.1473006
24146,0.16637413
24147,0.21019356
24148,0.195174
24149,0.10464676
24150,0.28319007
24151,0.11546134
24152,0.20398739
24153,0.15646368
24154,0.2657686
24155,0.18010294
24156,0.13301162
24157,0.14672488
24158,0.17113078
24159,0.27495304
24160,0.16169176
24161,0.10972399
24162,0.14258298
24163,0.14004156
24166,0.31226212
24167,0.13039891
24168,0.17286314
24169,0.17020531
24172,0.17613949
24173,0.12290269
24174,0.0984514
24177,0.1418249
24178,0.27645624
24180,0.18572861
24181,0.19702141
24182,0.19582903
24183,0.24323782
24184,0.17474236
24185,0.24527158
24187,0.16934869
24189,0.12937577
24190,0.21596281
24191,0.21066564
24193,0.13918702
24195,0.18294081
24196,0.1280614
24198,0.16100903
24200,0.26348424
24201,0.13476942
24203,0.26485386
24204,0.18472485
24206,0.17012721
24207,0.1913902
24208,0.115515344
24209,0.14245442
24210,0.14040683
24212,0.11089927
24213,0.27071097
24214,0.23377311
24215,0.21730173
24216,0.208174
24219,0.1272555
24220,0.15486467
24223,0.12815477
24224,0.098811224
24225,0.12732998
24226,0.2010671
24227,0.113663636
24228,0.09364615
24229,0.19752915
24230,0.1053021
24231,0.22710223
24232,0.108303614
24233,0.10438962
24234,0.14633149
24235,0.054494422
24236,0.18286449
24237,0.099705316
24239,0.2689968
24241,0.12725109
24242,0.23440588
24244,0.27909043
24245,0.22781949
24246,0.17204435
24248,0.2146747
24249,0.14789133
24250,0.18241566
24251,0.101119414
24252,0.17250466
24253,0.12529418
24255,0.16133915
24257,0.16756594
24259,0.11221325
24260,0.10150613
24261,0.1370752
24263,0.15212514
24264,0.11241358
24265,0.12709932
24266,0.11905658
24267,0.12726137
24268,0.19338103
24270,0.20177685
24271,0.13941504
24272,0.1360875
24274,0.15201648
24275,0.11662027
24277,0.17164288
24278,0.13102287
24280,0.12816378
24281,0.13728231
24283,0.15605521
24286,0.18197963
24287,0.13350277
24288,0.14464992
24289,0.11611089
24291,0.13672617
24292,0.38222834
24293,0.07633313
24295,0.14480762
24296,0.12770009
24297,0.14107461
24298,0.25747332
24299,0.17391148
24300,0.13605909
24301,0.13089395
24302,0.19987513
24303,0.22130054
24304,0.18528308
24305,0.19770879
24306,0.15147243
24307,0.11238925
24308,0.21260285
24309,0.09731692
24310,0.15005153
24311,0.16561957
24312,0.24116328
24313,0.16060084
24314,0.1004305
24315,0.19204344
24316,0.097929515
24318,0.14590292
24319,0.2390277
24320,0.13682944
24321,0.13195291
24322,0.26595315
24323,0.22895007
24324,0.16723146
24325,0.20654547
24327,0.16237003
24329,0.23387276
24330,0.13967681
24331,0.1655758
24332,0.1926584
24333,0.22848094
24334,0.11467725
24335,0.16862111
24338,0.2923009
24339,0.10526563
24340,0.15582135
24343,0.2270257
24344,0.1097288
24345,0.12360715
24346,0.14145914
24348,0.12591563
24349,0.10937738
24351,0.17494792
24352,0.16994078
24353,0.10555262
24354,0.26141673
24355,0.26306888
24356,0.15602814
24357,0.14349946
24358,0.24836673
24359,0.11965945
24361,0.15489848
24362,0.29649672
24363,0.10918337
24364,0.13372132
24365,0.23735231
24367,0.12647982
24368,0.101400286
24369,0.17835395
24372,0.2161764
24373,0.108708106
24374,0.11627513
24375,0.15699466
24377,0.15899678
24378,0.10605154
24379,0.2338254
24380,0.12252187
24381,0.17229648
24382,0.13106081
24383,0.14183508
24384,0.14993466
24385,0.13833003
24386,0.14512362
24387,0.17264904
24388,0.12447179
24389,0.10351051
24390,0.1867786
24392,0.13960305
24394,0.19157228
24395,0.18290426
24396,0.30521065
24398,0.24494128
24399,0.096851975
24400,0.12212364
24401,0.08830574
24402,0.10083283
24403,0.15624124
24404,0.116467394
24405,0.18574719
24406,0.24314535
24407,0.15606594
24408,0.10669343
24409,0.13059074
24410,0.123482384
24411,0.08468494
24412,0.12604971
24413,0.11714039
24414,0.16199586
24416,0.18645176
24417,0.2301062
24419,0.088835925
24420,0.10095883
24421,0.22481427
24422,0.101084955
24425,0.21143796
24426,0.20233768
24427,0.15707833
24429,0.19273302
24432,0.12725666
24433,0.15243575
24434,0.18792918
24435,0.2466011
24436,0.17578486
24437,0.12294681
24439,0.106660664
24440,0.12247313
24441,0.20404941
24442,0.31792697
24443,0.13543099
24444,0.11101705
24445,0.15633678
24446,0.19426075
24447,0.19881482
24449,0.11761003
24450,0.12579541
24451,0.14400175
24452,0.12932499
24453,0.13134249
24454,0.26525244
24456,0.1827233
24457,0.11197083
24458,0.106799535
24459,0.10883141
24460,0.1320945
24461,0.16161744
24462,0.10464662
24464,0.16145867
24465,0.17178836
24466,0.12419713
24467,0.18443571
24468,0.12413738
24469,0.121563286
24474,0.15436694
24475,0.12189833
24476,0.15505047
24477,0.20656443
24478,0.21408805
24480,0.15915798
24481,0.10373049
24483,0.10362608
24484,0.08888895
24485,0.195834
24486,0.19016112
24487,0.11300933
24488,0.1276706
24489,0.121146806
24491,0.120356165
24492,0.1519674
24494,0.11649664
24496,0.14785364
24497,0.20431837
24499,0.101748206
24501,0.14388645
24502,0.18446724
24503,0.22957897
24504,0.19672509
24505,0.1579647
24506,0.26192153
24507,0.16882738
24508,0.059504557
24509,0.15117638
24510,0.15742321
24511,0.15854274
24512,0.18731092
24513,0.17109063
24514,0.1351751
24515,0.1295105
24517,0.18686633
24518,0.16377881
24520,0.17205726
24521,0.23958787
24523,0.18990381
24524,0.15474933
24526,0.12155933
24527,0.10700633
24528,0.108323075
24530,0.0914084
24531,0.2529734
24532,0.31229112
24533,0.19473225
24534,0.15606286
24535,0.17976643
24536,0.19197251
24538,0.1028863
24539,0.11100333
24540,0.20721644
24541,0.13414092
24543,0.22394015
24544,0.11557613
24546,0.21448219
24547,0.13526897
24548,0.15219155
24549,0.14768906
24550,0.2535437
24551,0.13893567
24552,0.18293786
24554,0.27224597
24555,0.18534872
24556,0.11682378
24558,0.21187392
24559,0.24483399
24560,0.11771345
24561,0.17176957
24562,0.18888302
24563,0.114648566
24564,0.2018346
24567,0.11414968
24568,0.09624386
24569,0.31020692
24570,0.09176777
24571,0.1402981
24572,0.16064423
24573,0.252019
24575,0.19690335
24576,0.12456802
24577,0.15699166
24578,0.28733554
24579,0.095589235
24581,0.1437666
24582,0.16904768
24583,0.15118518
24587,0.12360339
24588,0.13655011
24589,0.20344609
24591,0.12980781
24592,0.10994215
24593,0.11823494
24594,0.26290867
24595,0.20930663
24596,0.117880575
24597,0.15993649
24599,0.10114805
24600,0.23994589
24601,0.15560134
24603,0.27689347
24604,0.13856786
24605,0.10870709
24608,0.10811227
24609,0.31467828
24610,0.1019915
24613,0.21392909
24614,0.17935292
24615,0.1019218
24616,0.14351015
24618,0.15762271
24619,0.11533892
24620,0.15018524
24621,0.104512125
24622,0.12602738
24623,0.16261353
24624,0.22075564
24625,0.18497328
24628,0.16196649
24629,0.16524681
24630,0.13401704
24631,0.15993002
24632,0.15419205
24633,0.224743
24634,0.24233334
24635,0.3143353
24636,0.20310156
24637,0.1911337
24638,0.13091153
24639,0.14232019
24640,0.16710545
24641,0.14179389
24642,0.11192634
24643,0.10873461
24644,0.12433842
24645,0.14492401
24646,0.1405789
24647,0.10793135
24648,0.17877293
24649,0.13696317
24650,0.16146706
24651,0.11868857
24652,0.14653976
24653,0.3188225
24654,0.20513146
24655,0.31236333
24656,0.15977372
24657,0.16747198
24658,0.13448584
24659,0.16224374
24660,0.17908473
24661,0.1971412
24662,0.11210271
24663,0.26973817
24664,0.16071211
24665,0.13156892
24666,0.13768251
24667,0.09836691
24668,0.19878133
24669,0.12619364
24670,0.25435188
24671,0.14634657
24672,0.2333348
24673,0.12759301
24674,0.12516348
24675,0.15915309
24676,0.19535191
24677,0.22
24678,0.10861749
24679,0.13178276
24680,0.11520842
24681,0.10747337
24682,0.121212825
24683,0.19157115
24684,0.22171518
24685,0.17175046
24686,0.19310357
24687,0.21960847
24688,0.09738914
24689,0.103140354
24690,0.1786869
24691,0.102528594
24692,0.083726026
24693,0.2741994
24694,0.14097111
24695,0.20680965
24696,0.23129594
24697,0.15542991
24698,0.11580526
24699,0.08678335
24700,0.1554191
24701,0.24916914
24702,0.28218925
24703,0.108772665
24704,0.12228446
24705,0.1813261
24706,0.22349778
24707,0.103042565
24708,0.15104476
24709,0.13941886
24710,0.11758479
24711,0.14111476
24712,0.18344486
24713,0.11234808
24714,0.20945594
24715,0.100863874
24716,0.1905518
24717,0.20309786
24718,0.13027366
24719,0.109918766
24720,0.1529401
24721,0.2655494
24722,0.17898758
24723,0.1186193
24724,0.05732444
24725,0.25636086
24726,0.17830215
24727,0.19053009
24728,0.10605685
24729,0.14259897
24730,0.14753135
24731,0.099190585
24732,0.23775724
24733,0.11709033
24734,0.15803151
24735,0.11159215
24736,0.31111738
24737,0.22759971
24738,0.16585006
24739,0.30856767
24740,0.12960179
24741,0.1287514
24742,0.17756774
24743,0.13759038
24744,0.16587791
24745,0.10437054
24746,0.15400687
24747,0.1113482
24748,0.15804073
24749,0.19888592
24750,0.1876204
24751,0.11082879
24752,0.12400142
24753,0.12571669
24754,0.22950761
24755,0.2514035
24756,0.28245148
24757,0.2121068
24758,0.15878874
24759,0.16582264
24760,0.28499943
24761,0.16133954
24762,0.12416041
24763,0.14915434
24764,0.1140412
24765,0.12103948
24766,0.15203893
24767,0.28847
24768,0.21529533
24769,0.12868744
24770,0.1645762
24771,0.16100067
24772,0.14166921
24773,0.07938105
24774,0.2918924
24775,0.15157369
24776,0.29828405
24777,0.069823906
24778,0.17311282
24779,0.16217773
24780,0.16372389
24781,0.13263708
24782,0.19860028
24783,0.16770063
24784,0.3265886
24785,0.13610187
24786,0.1451741
24787,0.10010942
24788,0.28752086
24789,0.14365296
24790,0.24609718
24791,0.13823676
24792,0.23775946
24793,0.16090643
24794,0.15340416
24795,0.20365237
24796,0.10293512
24797,0.1848022
24798,0.17831936
24799,0.12990317
24800,0.18085964
24801,0.2252326
24802,0.2631866
24803,0.11430926
24804,0.19974661
24805,0.22389723
24806,0.15599385
24807,0.19997385
24808,0.19698286
24809,0.22763658
24810,0.25355697
24811,0.3013877
24812,0.09866778
24813,0.11409508
24814,0.18182456
24815,0.12523103
24816,0.12620208
24817,0.14034113
24818,0.14562653
24819,0.121988915
24820,0.09933707
24821,0.25750375
24822,0.09837044
24823,0.18466315
24824,0.1128756
24825,0.11172943
24826,0.09101661
24827,0.20575991
24828,0.27248982
24829,0.13259263
24830,0.17385618
24831,0.20235194
24832,0.119307175
24833,0.08474165
24834,0.2148212
24835,0.15218666
24836,0.13162306
24837,0.16071242
24838,0.12332052
24839,0.20196508
24840,0.17598338
24841,0.24565025
24842,0.11117249
24843,0.10503981
24844,0.1502917
24845,0.1652106
24846,0.11628493
24847,0.22460301
24848,0.21917167
24849,0.2436609
24850,0.121182285
24851,0.18874559
24852,0.14060263
24853,0.13989703
24854,0.15513618
24855,0.14213784
24856,0.14059961
24857,0.22766672
24858,0.14025512
24859,0.24227832
24860,0.21288982
24861,0.14837418
24862,0.21153346
24863,0.17952603
24864,0.3096293
24865,0.123334065
24866,0.14596692
24867,0.13879478
24868,0.09933285
24869,0.32733434
24870,0.12451635
24871,0.12880643
24872,0.33866066
24873,0.350836
24874,0.1425332
24875,0.13020162
24876,0.16652025
24877,0.1663837
24878,0.17988089
24879,0.10840895
24880,0.14566338
24881,0.16298291
24882,0.1314039
24883,0.17909509
24884,0.15170418
24885,0.20713116
24886,0.15690525
24887,0.12699352
24888,0.09655061
24889,0.11318792
24890,0.1723331
24891,0.12236594
24892,0.19948184
24893,0.23165469
24894,0.19368142
24895,0.113771975
24896,0.21760084
24897,0.14271072
24898,0.1906887
24899,0.2146615
24900,0.12500831
24901,0.21778958
24902,0.117334336
24903,0.18378304
24904,0.11227918
24905,0.2811655
24906,0.08444544
24907,0.16889356
24908,0.16330709
24909,0.12286365
24910,0.12470283
24911,0.20493817
24912,0.15039703
24913,0.13370363
24914,0.12591004
24915,0.16599487
24916,0.13290493
24917,0.13057616
24918,0.04955191
24919,0.22447743
24920,0.14377908
24921,0.15645276
24922,0.09456165
24923,0.20050976
24924,0.15293843
24925,0.12428266
24926,0.1050616
24927,0.12820788
24928,0.13917115
24929,0.25875598
24930,0.2853631
24931,0.17889783
24932,0.11589057
24933,0.21010928
24934,0.11999041
24935,0.1548099
24936,0.27658695
24937,0.1505783
24938,0.10638238
24939,0.14821921
24940,0.1559412
24941,0.10126683
24942,0.28755265
24943,0.11065481
24944,0.21914506
24945,0.2586125
24946,0.15491627
24947,0.25720373
24948,0.14701359
24949,0.14218059
24950,0.094179265
24951,0.20513098
24952,0.15178312
24953,0.3093867
24954,0.2558554
24955,0.12278275
24956,0.16824198
24957,0.15061066
24958,0.1451587
24959,0.14692931
24960,0.19203275
24961,0.14066283
24962,0.24520247
24963,0.20478328
24964,0.15912497
24965,0.26968113
24966,0.119610995
24967,0.10516768
24968,0.19770266
24969,0.23193774
24970,0.19026089
24971,0.18355918
24972,0.063097216
24973,0.150578
24974,0.24113105
24975,0.15485734
24976,0.1667967
24977,0.12246386
24978,0.18786453
24979,0.12190275
24980,0.14741614
24981,0.10780129
24982,0.2117771
24983,0.15769011
24984,0.18280171
24985,0.13016672
24986,0.120394126
24987,0.22790681
24988,0.15154767
24989,0.17458487
24990,0.21882232
24991,0.18633448
24992,0.156843
24993,0.2060001
24994,0.1444264
24995,0.1344332
24996,0.116907336
24997,0.11740645
24998,0.19331194
24999,0.14055581
25000,0.14192666
25001,0.11181025
25002,0.10807723
25003,0.15955496
25004,0.22327486
25005,0.10883016
25006,0.21581437
25007,0.16938464
25008,0.17127353
25009,0.26069358
25010,0.13790941
25011,0.16946495
25012,0.14254248
25013,0.15190728
25014,0.15121287
25015,0.18391989
25016,0.10792236
25017,0.26899
25018,0.11543256
25019,0.15453991
25020,0.11121818
25021,0.18158942
25022,0.14058945
25023,0.09654083
25024,0.14692523
25025,0.13364783
25026,0.19770746
25027,0.15943499
25028,0.10908573
25029,0.15178744
25030,0.14489022
25031,0.21389817
25032,0.12709266
25033,0.11807046
25034,0.13265628
25035,0.14683904
25036,0.12373962
25037,0.19767614
25038,0.12946863
25039,0.26960763
25040,0.05903835
25041,0.22894162
25042,0.16349036
25043,0.13374378
25044,0.17674385
25045,0.2284055
25046,0.15916166
25047,0.13917117
25048,0.17023328
25049,0.23462212
25050,0.14656535
25051,0.12308657
25052,0.14717838
25053,0.11075139
25054,0.2442714
25055,0.15968509
25056,0.1849977
25057,0.26124424
25058,0.14450099
25059,0.17219049
25060,0.26375505
25061,0.11794727
25062,0.1543215
25063,0.19270653
25064,0.21164413
25065,0.10296416
25066,0.16675922
25067,0.12150072
25068,0.2959163
25069,0.18589999
25070,0.20541762
25071,0.100635886
25072,0.17758705
25073,0.19954535
25074,0.19140238
25075,0.21885598
25076,0.11928538
25077,0.17732972
25078,0.06901329
25079,0.15847549
25080,0.2594939
25081,0.08971063
25082,0.14529537
25083,0.13198102
25084,0.1660203
25085,0.17891414
25086,0.12929538
25087,0.1744479
25088,0.12262578
25089,0.14411029
25090,0.10077643
25091,0.2090075
25092,0.19616117
25093,0.20673016
25094,0.20850125
25095,0.18031153
25096,0.15229297
25097,0.21967256
25098,0.24450016
25099,0.18202925
25100,0.1821146
25101,0.13757184
25102,0.17895763
25103,0.30047458
25104,0.15296249
25105,0.11837437
25106,0.20798881
25107,0.1699753
25108,0.22789606
25109,0.13005497
25110,0.17004278
25111,0.12495239
25112,0.14736249
25113,0.20685442
25114,0.1986372
25115,0.1860276
25116,0.21219002
25117,0.12154452
25118,0.11081312
25119,0.14062929
25120,0.13000005
25121,0.13121304
25122,0.18374886
25123,0.20270476
25124,0.1690588
25125,0.15589431
25126,0.26874307
25127,0.14984754
25128,0.28782648
25129,0.16470896
25130,0.1489258
25131,0.1520018
25132,0.13190004
25133,0.16346028
25134,0.123815455
25135,0.10214679
25136,0.15019287
25137,0.10015221
25138,0.15658756
25139,0.12729707
25140,0.12844712
25141,0.16563666
25142,0.21814898
25143,0.048867196
25144,0.119618066
25145,0.14404319
25146,0.18072304
25147,0.1871558
25148,0.1531724
25149,0.18430027
25150,0.109195545
25151,0.13976376
25152,0.15485139
25153,0.16041963
25154,0.20820382
25155,0.13499911
25156,0.17857885
25157,0.111949585
25158,0.1236897
25159,0.17890167
25160,0.14857699
25161,0.2967924
25162,0.15749004
25163,0.14118631
25164,0.11293453
25165,0.08415629
25166,0.097313695
25167,0.2121067
25168,0.24788764
25169,0.21184069
25170,0.17130654
25171,0.21913828
25172,0.14070493
25173,0.15624386
25174,0.22229864
25175,0.19187443
25176,0.11089675
25177,0.16498536
25178,0.118556894
25179,0.16196696
25180,0.17643006
25181,0.12403853
25182,0.20444404
25183,0.16424018
25184,0.11359714
25185,0.17387003
25186,0.19510846
25187,0.11146956
25188,0.15798377
25189,0.13300097
25190,0.18686323
25191,0.3005006
25192,0.3660733
25193,0.17826167
25194,0.13590635
25195,0.19428638
25196,0.11127536
25197,0.11009592
25198,0.13868868
25199,0.17287795
25200,0.16386025
25201,0.214581
25202,0.09169493
25203,0.11846986
25204,0.099144876
25205,0.20347893
25206,0.12679392
25207,0.25090292
25208,0.14067043
25209,0.16453658
25210,0.17235161
25211,0.17658684
25212,0.19567552
25213,0.1010175
25214,0.13637218
25215,0.18044338
25216,0.12756386
25217,0.12195813
25218,0.16224813
25219,0.19560741
25220,0.19105858
25221,0.25566933
25222,0.23041008
25223,0.2077843
25224,0.13968003
25225,0.17229107
25226,0.18218745
25227,0.14290392
25228,0.28117716
25229,0.15774155
25230,0.26821938
25231,0.14421234
25232,0.11833261
25233,0.23098606
25234,0.18636091
25235,0.121144034
25236,0.21539165
25237,0.15536992
25238,0.2878293
25239,0.17951673
25240,0.19455272
25241,0.13035432
25242,0.2059508
25243,0.13964374
25244,0.3270534
25245,0.16891602
25246,0.14078398
25247,0.3029109
25248,0.098170534
25249,0.18084468
25250,0.10979374
25251,0.18492135
25252,0.19301936
25253,0.13746056
25254,0.18927643
25255,0.14802898
25256,0.119102456
25257,0.17537388
25258,0.14112794
25259,0.11831103
25260,0.19023624
25261,0.17348656
25262,0.16559145
25263,0.13509423
25264,0.1048988
25265,0.121312216
25266,0.14120176
25267,0.10350137
25268,0.11311001
25269,0.16628937
25270,0.10794985
25271,0.25256985
25272,0.11051176
25273,0.22520372
25274,0.1326181
25275,0.20180497
25276,0.10274012
25277,0.14889073
25278,0.17773287
25279,0.32082504
25280,0.22117335
25281,0.19427748
25282,0.16722366
25283,0.3169206
25284,0.13513064
25285,0.19120915
25286,0.100599974
25287,0.14495406
25288,0.14599864
25289,0.15396419
25290,0.15381266
25291,0.13099976
25292,0.120670505
25293,0.16996121
25294,0.2447052
25295,0.13977619
25296,0.17099442
25297,0.15640998
25298,0.1958035
25299,0.16425022
25300,0.14589939
25301,0.16561778
25302,0.1198726
25303,0.14309052
25304,0.14293008
25305,0.20029081
25306,0.1437053
25307,0.10861295
25308,0.10105866
25309,0.10384
25310,0.14348094
25311,0.33688852
25312,0.1209303
25313,0.16584928
25314,0.1372508
25315,0.21599317
25316,0.13995673
25317,0.12038727
25318,0.13639954
25319,0.14318001
25320,0.16008683
25321,0.13104527
25322,0.13860601
25323,0.18256572
25324,0.17311753
25325,0.16227844
25326,0.22963972
25327,0.14336689
25328,0.3183127
25329,0.14773124
25330,0.17935646
25331,0.14891465
25332,0.14312398
25333,0.1389876
25334,0.1905261
25335,0.13443358
25336,0.25005823
25337,0.2306395
25338,0.07931785
25339,0.15154888
25340,0.128465
25341,0.21662623
25342,0.120516196
25343,0.22915627
25344,0.21738552
25345,0.14048086
25346,0.18654163
25347,0.15670584
25348,0.21031532
25349,0.10291377
25350,0.2180305
25351,0.13398412
25352,0.20563725
25353,0.14585403
25354,0.16641717
25355,0.20819591
25356,0.11390805
25357,0.13247177
25358,0.18912432
25359,0.22483316
25360,0.17205663
25361,0.14512558
25362,0.22269563
25363,0.11354467
25364,0.104319476
25365,0.13717978
25366,0.21488802
25367,0.15660694
25368,0.119304664
25369,0.13191965
25370,0.16824915
25371,0.13864431
25372,0.11283023
25373,0.23100786
25374,0.23397447
25375,0.21938467
25376,0.1415367
25377,0.292878
25378,0.11964992
25379,0.117684215
25380,0.29031184
25381,0.15644053
25382,0.15546373
25383,0.14203008
25384,0.11914791
25385,0.12787665
25386,0.20925388
25387,0.072345175
25388,0.2481934
25389,0.097971946
25390,0.2409093
25391,0.11725315
25392,0.23127015
25393,0.117174886
25394,0.14030986
25395,0.16514371
25396,0.126671
25397,0.17762844
25398,0.2374355
25399,0.145817
25400,0.17260762
25401,0.20324299
25402,0.15072456
25403,0.18145962
25404,0.15031867
25405,0.10019951
25406,0.074458346
25407,0.21051773
25408,0.21867232
25409,0.13484958
25410,0.25551724
25411,0.12933649
25412,0.22897677
25413,0.15455033
25414,0.17364644
25415,0.15123087
25416,0.18170264
25417,0.1378141
25418,0.14824189
25419,0.16720505
25420,0.09418889
25421,0.12927206
25422,0.19325127
25423,0.30165264
25424,0.19361335
25425,0.11017583
25426,0.19891375
25427,0.1650043
25428,0.20354961
25429,0.16940463
25430,0.08469148
25431,0.33404866
25432,0.21279693
25433,0.36916184
25434,0.17427783
25435,0.15762
25436,0.1612581
25437,0.20241079
25438,0.13299587
25439,0.103233285
25440,0.1682057
25441,0.14710563
25442,0.13985609
25443,0.107385434
25444,0.2402149
25445,0.12654142
25446,0.2775199
25447,0.10171679
25448,0.13259843
25449,0.20737998
25450,0.1242333
25451,0.1580082
25452,0.13143252
25453,0.11128546
25454,0.13205375
25455,0.11509898
25456,0.13329338
25457,0.11479692
25458,0.07762885
25459,0.19763273
25460,0.17227797
25461,0.10493039
25462,0.16885693
25463,0.120225996
25464,0.21953578
25465,0.20156924
25466,0.14359297
25467,0.12975885
25468,0.11694786
25469,0.14826453
25470,0.16417156
25471,0.12848607
25472,0.104284465
25473,0.17164928
25474,0.119045004
25475,0.14867067
25476,0.098117754
25477,0.19145206
25478,0.12264711
25479,0.26316565
25480,0.17559977
25481,0.13004676
25482,0.19599132
25483,0.14917974
25484,0.16956928
25485,0.20931332
25486,0.12814991
25487,0.2212934
25488,0.20494866
25489,0.098750226
25490,0.10675558
25491,0.09705773
25492,0.14973214
25493,0.16181725
25494,0.122456364
25495,0.07419984
25496,0.17310949
25497,0.14453551
25498,0.21353005
25499,0.21241908
25500,0.21964845
25501,0.25150794
25502,0.27084652
25503,0.2076331
25504,0.18963113
25505,0.1074444
25506,0.13801889
25507,0.11024894
25508,0.20690323
25509,0.14963983
25510,0.2325159
25511,0.12557258
25512,0.30833074
25513,0.19470412
25514,0.16065444
25515,0.14515968
25516,0.2859277
25517,0.14265588
25518,0.2131304
25519,0.14248115
25520,0.13223405
25521,0.16136512
25522,0.15886739
25523,0.15248144
25524,0.11100429
25525,0.12267546
25526,0.17817704
25527,0.09806016
25528,0.15581523
25529,0.13597175
25530,0.12647721
25531,0.13315237
25532,0.18770112
25533,0.12182301
25534,0.15623389
25535,0.18820119
25536,0.15904255
25537,0.21648906
25538,0.15617149
25539,0.31544885
25540,0.12985867
25541,0.12080942
25542,0.19457991
25543,0.114939146
25544,0.0972585
25545,0.14706084
25546,0.13398424
25547,0.1457459
25548,0.09296611
25549,0.15342136
25550,0.21998455
25551,0.11602827
25552,0.19193551
25553,0.23301244
25554,0.11927388
25555,0.048263047
25556,0.13660298
25557,0.21128735
25558,0.10811883
25559,0.19099618
25560,0.13894671
25561,0.22151949
25562,0.15989949
25563,0.13722464
25564,0.14431512
25565,0.19905847
25566,0.15040688
25567,0.13815376
25568,0.12702866
25569,0.15864426
25570,0.17873114
25571,0.24892648
25572,0.10763623
25573,0.17188792
25574,0.11542424
25575,0.22162624
25576,0.12470584
25577,0.15722601
25578,0.13913469
25579,0.0864701
25580,0.2171047
25581,0.2439199
25582,0.094924115
25583,0.1280221
25584,0.26581278
25585,0.18424393
25586,0.1257033
25587,0.17283773
25588,0.21548842
25589,0.21100819
25590,0.1362082
25591,0.14474536
25592,0.101989426
25593,0.17405492
25594,0.15080136
25595,0.14677617
25596,0.11419963
25597,0.21674193
25598,0.19440734
25599,0.09083491
25600,0.15599477
25601,0.117081575
25602,0.1542936
25603,0.15546377
25604,0.14004515
25605,0.11772073
25606,0.14123552
25607,0.120615594
25608,0.16480479
25609,0.12472259
25610,0.18722336
25611,0.24103168
25612,0.10918726
25613,0.17612189
25614,0.21995835
25615,0.10262172
25616,0.12681848
25617,0.20569524
25618,0.21213476
25619,0.15491006
25620,0.31786233
25621,0.107455336
25622,0.14975344
25623,0.1580148
25624,0.22294517
25625,0.14687328
25626,0.17613043
25627,0.2581422
25628,0.11608971
25629,0.093618385
25630,0.15608455
25631,0.18949246
25632,0.17540236
25633,0.116259545
25634,0.13579294
25635,0.09011458
25636,0.14846092
25637,0.2494401
25638,0.1314223
25639,0.11750881
25640,0.1877663
25641,0.14146776
25642,0.22578038
25643,0.18691717
25644,0.17317104
25645,0.121777765
25646,0.22773124
25647,0.14850229
25648,0.12355093
25649,0.12606402
25650,0.14927319
25651,0.27534518
25652,0.26331025
25653,0.13577467
25654,0.26545507
25655,0.20148723
25656,0.2583525
25657,0.15350519
25658,0.11089337
25659,0.13052389
25660,0.20779856
25661,0.14570698
25662,0.18372959
25663,0.096741766
25664,0.19831257
25665,0.13631332
25666,0.15399073
25667,0.40060517
25668,0.10729171
25669,0.1816243
25670,0.16920675
25671,0.13302046
25672,0.29184327
25673,0.13592255
25674,0.11305618
25675,0.11900416
25676,0.10557745
25677,0.115147986
25678,0.33876318
25679,0.21323663
25680,0.09919957
25681,0.18629661
25682,0.23781073
25683,0.25243312
25684,0.16005154
25685,0.15160301
25686,0.2274948
25687,0.109270126
25688,0.20348051
25689,0.13159175
25690,0.12187662
25691,0.11663607
25692,0.14595899
25693,0.17289612
25694,0.11674882
25695,0.11058019
25696,0.15237838
25697,0.20184858
25698,0.11728445
25699,0.11283584
25700,0.19479701
25701,0.2090118
25702,0.23585807
25703,0.16366069
25704,0.18964691
25705,0.17949171
25706,0.11981089
25707,0.13901857
25708,0.20014396
25709,0.09577598
25710,0.13256261
25711,0.2211262
25712,0.24600855
25713,0.23704052
25714,0.09295749
25715,0.14866458
25716,0.13098022
25717,0.12759972
25718,0.19691654
25719,0.31077436
25720,0.21318598
25721,0.15342306
25722,0.20896278
25723,0.09996989
25724,0.1452421
25725,0.15090121
25726,0.10341322
25727,0.10439704
25728,0.094963394
25729,0.1188648
25730,0.13795039
25731,0.21758318
25732,0.17680302
25733,0.09128974
25734,0.2098205
25735,0.111176066
25736,0.13524094
25737,0.26574028
25738,0.15302372
25739,0.12619895
25740,0.14892131
25741,0.16573787
25742,0.15876043
25743,0.14554743
25744,0.106282376
25745,0.09218969
25746,0.24086328
25747,0.12189263
25748,0.1397643
25749,0.20915517
25750,0.114029355
25751,0.21445772
25752,0.17162193
25753,0.19543731
25754,0.14483239
25755,0.11785402
25756,0.17468983
25757,0.2270894
25758,0.086876005
25759,0.15607822
25760,0.14026274
25761,0.11026674
25762,0.13175532
25763,0.18743102
25764,0.11162926
25765,0.17267956
25766,0.15130736
25767,0.25847176
25768,0.15666072
25769,0.14398044
25770,0.120192975
25771,0.18749268
25772,0.09704597
25773,0.20320979
25774,0.25000384
25775,0.18513805
25776,0.11561128
25777,0.18891911
25778,0.2125807
25779,0.2082169
25780,0.14066152
25781,0.15092805
25782,0.1650856
25783,0.19352546
25784,0.2140269
25785,0.1845531
25786,0.16636062
25787,0.12579225
25788,0.18479806
25789,0.1582874
25790,0.20107107
25791,0.1658485
25792,0.2509997
25793,0.23871952
25794,0.11922459
25795,0.17372598
25796,0.13067587
25797,0.31304452
25798,0.13105385
25799,0.18827952
25800,0.22877274
25801,0.1260916
25802,0.19211096
25803,0.16489635
25804,0.11489533
25805,0.13760681
25806,0.13858216
25807,0.27333266
25808,0.14475602
25809,0.11225366
25810,0.23162901
25811,0.07211336
25812,0.11597658
25813,0.14959832
25814,0.19064535
25815,0.10951392
25816,0.18458542
25817,0.19210935
25818,0.15802856
25819,0.22860157
25820,0.15942428
25821,0.11046379
25822,0.16883214
25823,0.22250184
25824,0.15424192
25825,0.2502633
25826,0.18105902
25827,0.12017899
25828,0.18946289
25829,0.15074146
25830,0.11335484
25831,0.1867814
25832,0.15345368
25833,0.115449436
25834,0.1819967
25835,0.19136412
25836,0.29853347
25837,0.16369846
25838,0.12655829
25839,0.14930867
25840,0.19050206
25841,0.19580317
25842,0.11497825
25843,0.1193717
25844,0.122961834
25845,0.18838817
25846,0.2045077
25847,0.10368253
25848,0.2762694
25849,0.088299304
25850,0.12535945
25851,0.12991388
25852,0.12645754
25853,0.08533399
25854,0.1444949
25855,0.15456288
25856,0.13651459
25857,0.3544196
25858,0.18028186
25859,0.102983736
25860,0.19988234
25861,0.24620846
25862,0.23846993
25863,0.111412615
25864,0.110711575
25865,0.11053229
25866,0.24801226
25867,0.10512008
25868,0.19830301
25869,0.1316505
25870,0.19229133
25871,0.19686866
25872,0.2102697
25873,0.18490128
25874,0.1474575
25875,0.12623388
25876,0.20069696
25877,0.12318345
25878,0.1811758
25879,0.21126424
25880,0.14565396
25881,0.14886378
25882,0.16912717
25883,0.14143889
25884,0.10990715
25885,0.17443971
25886,0.19631103
25887,0.32231647
25888,0.14714175
25889,0.19938987
25890,0.11855282
25891,0.09496874
25892,0.13561016
25893,0.1932505
25894,0.24953562
25895,0.12574457
25896,0.19805212
25897,0.20200597
25898,0.14165165
25899,0.20513609
25900,0.12188441
25901,0.14220253
25902,0.11831645
25903,0.096625976
25904,0.22302666
25905,0.14857951
25906,0.17189546
25907,0.1551931
25908,0.103413746
25909,0.2757155
25910,0.12760715
25911,0.13020898
25912,0.15544131
25913,0.2435957
25914,0.18649293
25915,0.12104156
25916,0.13928658
25917,0.24892928
25918,0.118329644
25919,0.24652196
25920,0.12170866
25921,0.15883572
25922,0.1309619
25923,0.13460548
25924,0.18466271
25925,0.17151661
25926,0.16849293
25927,0.10175405
25928,0.15471485
25929,0.1119666
25930,0.2035287
25931,0.1302415
25932,0.21147676
25933,0.1621865
25934,0.13497764
25935,0.16130531
25936,0.13969576
25937,0.101835616
25938,0.15054637
25939,0.1885973
25940,0.22753955
25941,0.1389585
25942,0.082566276
25943,0.15142296
25944,0.18638124
25945,0.09501593
25946,0.119377755
25947,0.17829056
25948,0.15170446
25949,0.2537625
25950,0.15385011
25951,0.16060892
25952,0.20760134
25953,0.17080215
25954,0.11881154
25955,0.20902891
25956,0.29147476
25957,0.11778659
25958,0.17396301
25959,0.26640677
25960,0.15674445
25961,0.09970624
25962,0.15708905
25963,0.11086334
25964,0.2928583
25965,0.14722973
25966,0.093673915
25967,0.20865873
25968,0.13417111
25969,0.12536712
25970,0.13656028
25971,0.1271344
25972,0.30790633
25973,0.26820344
25974,0.25566602
25975,0.1679457
25976,0.16992386
25977,0.23949814
25978,0.28513816
25979,0.16831478
25980,0.16824016
25981,0.24547358
25982,0.16828875
25983,0.17676252
25984,0.1382018
25985,0.18864648
25986,0.1786302
25987,0.10992992
25988,0.13283783
25989,0.08962428
25990,0.11840826
25991,0.22881588
25992,0.10889702
25993,0.15798509
25994,0.19722378
25995,0.12651299
25996,0.13499837
25997,0.19562724
25998,0.17800298
25999,0.35713238
26000,0.1660404
26001,0.12124626
26002,0.13695727
26003,0.09365729
26004,0.13336948
26005,0.19894674
26006,0.121874526
26007,0.12435927
26008,0.28779638
26009,0.13875806
26010,0.18368042
26011,0.18402608
26012,0.12725914
26013,0.13461632
26014,0.12623593
26015,0.21842763
26016,0.1819617
26017,0.17244579
26018,0.10740271
26019,0.09820163
26020,0.20365824
26021,0.16992575
26022,0.218193
26023,0.13416418
26024,0.055508565
26025,0.231336
26026,0.18047704
26027,0.25580502
26028,0.10085942
26029,0.10759616
26030,0.12598597
26031,0.12762634
26032,0.3241125
26033,0.121922
26034,0.13070773
26035,0.12524226
26036,0.13745888
26037,0.13975152
26038,0.15211004
26039,0.17744832
26040,0.22031921
26041,0.13552885
26042,0.13000444
26043,0.086545594
26044,0.107762314
26045,0.12171747
26046,0.19090147
26047,0.21066572
26048,0.13309999
26049,0.2300299
26050,0.15029052
26051,0.10097323
26052,0.1020537
26053,0.21685204
26054,0.16209498
26055,0.121236734
26056,0.19024232
26057,0.14431879
26058,0.22471829
26059,0.11835291
26060,0.1609163
26061,0.111704126
26062,0.12891679
26063,0.14438702
26064,0.108769245
26065,0.20158905
26066,0.13501447
26067,0.11719729
26068,0.17198889
26069,0.12780884
26070,0.13849781
26071,0.11423063
26072,0.21488376
26073,0.14323498
26074,0.20097823
26075,0.23296219
26076,0.1359441
26077,0.24624784
26078,0.17706235
26079,0.20318343
26080,0.2279197
26081,0.1600678
26082,0.13813193
26083,0.12214543
26084,0.15929338
26085,0.1026173
26086,0.13886824
26087,0.13966478
26088,0.14614104
26089,0.12972833
26090,0.18659826
26091,0.103745036
26092,0.1851993
26093,0.14211775
26094,0.14390004
26095,0.17162067
26096,0.1358585
26097,0.25711566
26098,0.39475593
26099,0.14907703
26100,0.11330491
26101,0.1863253
26102,0.1364267
26103,0.16143182
26104,0.18512022
26105,0.18274581
26106,0.11446914
26107,0.13505428
26108,0.1132784
26109,0.14869319
26110,0.2132192
26111,0.10411029
26112,0.13171889
26113,0.13217102
26114,0.25251225
26115,0.08839715
26116,0.13448584
26117,0.145915
26118,0.13859488
26119,0.19755787
26120,0.2827179
26121,0.1191984
26122,0.11703986
26123,0.10230652
26124,0.17509928
26125,0.15291612
26126,0.11201908
26127,0.10558073
26128,0.11970849
26129,0.09123829
26130,0.10084046
26131,0.2670814
26132,0.18841045
26133,0.22224149
26134,0.124714464
26135,0.17813574
26136,0.158054
26137,0.117795706
26138,0.11978036
26139,0.12701821
26140,0.21927837
26141,0.15674317
26142,0.22312553
26143,0.12818961
26144,0.26837945
26145,0.18858817
26146,0.2729074
26147,0.17334889
26148,0.13175566
26149,0.1437786
26150,0.18878594
26151,0.19822015
26152,0.16797908
26153,0.11088718
26154,0.1540603
26155,0.17916869
26156,0.13606463
26157,0.1698206
26158,0.2853342
26159,0.13526776
26160,0.13252456
26161,0.24091247
26162,0.12531553
26163,0.13329753
26164,0.23386118
26165,0.15668592
26166,0.10050561
26167,0.12535729
26168,0.25108758
26169,0.14929232
26170,0.13457672
26171,0.1598718
26172,0.1525454
26173,0.10942219
26174,0.30121234
26175,0.26221567
26176,0.257363
26177,0.20811301
26178,0.05713799
26179,0.13122104
26180,0.13734324
26181,0.11089586
26182,0.23432793
26183,0.11660383
26184,0.12515879
26185,0.25471228
26186,0.23019081
26187,0.15991819
26188,0.20557843
26189,0.13871905
26190,0.13018969
26191,0.107829355
26192,0.13321593
26193,0.14104044
26194,0.12524019
26195,0.06744461
26196,0.14483474
26197,0.11174215
26198,0.2688177
26199,0.13660845
26200,0.16238779
26201,0.14929265
26202,0.24045365
26203,0.1791682
26204,0.11189618
26205,0.23884422
26206,0.15051097
26207,0.24497172
26208,0.29181007
26209,0.15843248
26210,0.18384539
26211,0.33704358
26212,0.1424184
26213,0.1623601
26214,0.25140452
26215,0.21107715
26216,0.15419365
26217,0.14541337
26218,0.11226099
26219,0.234654
26220,0.16822806
26221,0.12987684
26222,0.22087324
26223,0.11953218
26224,0.16050234
26225,0.115818605
26226,0.122875415
26227,0.14923207
26228,0.18184032
26229,0.2899299
26230,0.1988503
26231,0.17125951
26232,0.1867915
26233,0.15424587
26234,0.09681509
26235,0.19597064
26236,0.10931088
26237,0.11662094
26238,0.13021435
26239,0.19254737
26240,0.119620174
26241,0.12177036
26242,0.11889649
26243,0.22165069
26244,0.14337155
26245,0.16101258
26246,0.14335898
26247,0.12834682
26248,0.15844828
26249,0.2565244
26250,0.10836376
26251,0.14701913
26252,0.13207096
26253,0.1471287
26254,0.13766094
26255,0.15133563
26256,0.17671447
26257,0.124090895
26258,0.15270762
26259,0.21037242
26260,0.20981348
26261,0.21766908
26262,0.16308254
26263,0.13699643
26264,0.19124714
26265,0.11146121
26266,0.12368743
26267,0.22331588
26268,0.15587068
26269,0.118565716
26270,0.17019764
26271,0.18621396
26272,0.32533133
26273,0.16724358
26274,0.101100825
26275,0.15057778
26276,0.22487159
26277,0.23184463
26278,0.2138241
26279,0.16083491
26280,0.20516975
26281,0.21900536
26282,0.18699357
26283,0.20801389
26284,0.120848976
26285,0.17274141
26286,0.10116814
26287,0.12528956
26288,0.17541632
26289,0.10380345
26290,0.17095582
26291,0.17542191
26292,0.20101102
26293,0.17294516
26294,0.39550257
26295,0.1410675
26296,0.13419719
26297,0.124025784
26298,0.18076812
26299,0.08386379
26300,0.09233084
26301,0.15620132
26302,0.11873222
26303,0.132761
26304,0.14443313
26305,0.1468343
26306,0.110170804
26307,0.13233191
26308,0.20920351
26309,0.15738554
26310,0.1959609
26311,0.33793086
26312,0.21336797
26313,0.17102595
26314,0.1706982
26315,0.15628542
26316,0.100998595
26317,0.28244603
26318,0.2837885
26319,0.22770967
26320,0.17293654
26321,0.14609769
26322,0.15915626
26323,0.3350967
26324,0.1238471
26325,0.21930368
26326,0.10668189
26327,0.17896424
26328,0.119513765
26329,0.1884602
26330,0.13682877
26331,0.30082107
26332,0.17760581
26333,0.1379913
26334,0.20658205
26335,0.17117038
26336,0.29124305
26337,0.11681489
26338,0.13281319
26339,0.13719437
26340,0.10493288
26341,0.08559396
26342,0.21705298
26343,0.14576548
26344,0.11070599
26345,0.21511944
26346,0.12459342
26347,0.18551227
26348,0.15070005
26349,0.1543205
26350,0.17305294
26351,0.14721265
26352,0.2432396
26353,0.16737565
26354,0.15369889
26355,0.23674834
26356,0.18382514
26357,0.10118657
26358,0.12994102
26359,0.07278531
26360,0.28783414
26361,0.099843316
26362,0.13945563
26363,0.13822593
26364,0.28794068
26365,0.14315428
26366,0.13879675
26367,0.26059267
26368,0.22085169
26369,0.14127742
26370,0.13395298
26371,0.10285352
26372,0.22160956
26373,0.11391425
26374,0.13091709
26375,0.12590276
26376,0.108524874
26377,0.11074838
26378,0.13157548
26379,0.10218846
26380,0.10603156
26381,0.18164887
26382,0.2060573
26383,0.27592668
26384,0.12608942
26385,0.21244529
26386,0.17269997
26387,0.27034616
26388,0.17127815
26389,0.1193795
26390,0.11548222
26391,0.13112685
26392,0.14951675
26393,0.12484064
26394,0.14810686
26395,0.13052204
26396,0.121781096
26397,0.118401796
26398,0.14014487
26399,0.16231897
26400,0.10866159
26401,0.20853895
26402,0.21577445
26403,0.16150086
26404,0.18099694
26405,0.07192883
26406,0.23837186
26407,0.123497844
26408,0.17084344
26409,0.20258395
26410,0.1292758
26411,0.13955504
26412,0.17364413
26413,0.19215105
26414,0.18677887
26415,0.12779404
26416,0.26604334
26417,0.14665613
26418,0.18603435
26419,0.32514212
26420,0.13996151
26421,0.30172148
26422,0.13034159
26423,0.114427194
26424,0.17316659
26425,0.12532611
26426,0.13727148
26427,0.167464
26428,0.15477946
26429,0.18187067
26430,0.11148427
26431,0.12051584
26432,0.10463786
26433,0.12645398
26434,0.13870639
26435,0.17583297
26436,0.1502194
26437,0.19526164
26438,0.19242385
26439,0.11093526
26440,0.101926744
26441,0.1598188
26442,0.17257981
26443,0.13576631
26444,0.21107359
26445,0.13634153
26446,0.15248686
26447,0.15889673
26448,0.10869252
26449,0.08965164
26450,0.15679835
26451,0.25629166
26452,0.120144196
26453,0.27404568
26454,0.1644134
26455,0.07395207
26456,0.16799709
26457,0.14909898
26458,0.19449787
26459,0.21731053
26460,0.14230137
26461,0.33182943
26462,0.107809156
26463,0.19189483
26464,0.14642026
26465,0.16436289
26466,0.20662951
26467,0.19508265
