id_cliente,prediccion
2,0.04427878341006913
3,0.07311166321088378
7,0.05503860652005081
10,0.055746364961195075
11,0.055360942445417255
12,0.05049472009746897
14,0.10118555866663691
16,0.057024941632977943
25,0.04017085754621504
32,0.05529468954998063
38,0.05395352384720961
42,0.12266522473805358
63,0.04968343703050665
65,0.0809735727662309
70,0.05742065515887018
74,0.1231046959879612
76,0.054240427191970836
83,0.0532205063031432
90,0.03251320825086504
98,0.1449784089458686
104,0.051795585863595305
121,0.049523478500097376
124,0.05665502975332102
125,0.13894624823086182
137,0.14616506131514576
143,0.06155060016460225
144,0.11922153492032693
157,0.11730881495536806
163,0.0659889928484801
197,0.09252847733874982
203,0.1289629351206803
205,0.05168213557274938
209,0.06283540117246139
228,0.13503146203921162
231,0.11080175053706605
237,0.05807678734377223
243,0.054113636729630696
247,0.09250700960239834
249,0.06928458147265917
253,0.12112260649494672
261,0.05676878441991606
263,0.04784407601420138
275,0.043821405099337976
279,0.1281704640486861
280,0.05648993008226696
292,0.05026242575428352
297,0.05681804483673506
299,0.04966293075994965
302,0.06100966827037958
304,0.051484529575563806
308,0.04239382557474288
318,0.1215949773525353
319,0.17386082838424807
323,0.05718831807478296
325,0.05908908203157762
339,0.04818556483708951
340,0.06640741960934572
355,0.09455134869312563
359,0.0765605516106174
368,0.11883752904412194
371,0.10112564431621947
378,0.10158074285191375
390,0.09234530670427807
392,0.1215225935555009
409,0.05011735806273847
412,0.05416441235991496
420,0.11913864565127638
422,0.11513587844275854
428,0.05122082878774977
429,0.037012595703463685
430,0.10059886579467064
434,0.059509175840987236
437,0.1129524469738421
447,0.06335406434511094
464,0.046034697560698404
466,0.058512021422060384
468,0.1047896948572025
470,0.11781716980955446
473,0.0566487400982824
475,0.059243808281779976
476,0.12890486209080815
480,0.061514879475034735
483,0.04701041480784414
487,0.14794592156846018
495,0.12662112663481837
496,0.14636782948980734
499,0.0511919980835127
502,0.0678413840671079
504,0.06638696458368706
508,0.06078279373803534
514,0.05289385666443564
515,0.06352973278039088
538,0.04343502440795064
548,0.09158554083474427
551,0.1100066662088543
553,0.06492028965307745
560,0.058036664386429765
564,0.1075960458483664
572,0.05028032010738725
577,0.05129082783240513
578,0.13014855349094126
591,0.04533274607711251
593,0.10489934075680214
604,0.10183063946104855
606,0.05817088232858756
614,0.1114478668256046
616,0.058336003493071456
622,0.07291816622251864
626,0.05903384423930405
632,0.06089385017865065
637,0.043616334727509594
640,0.04068858670963882
647,0.05646198992970949
648,0.057066894560081495
653,0.05894071096100882
654,0.05136703265423309
659,0.14578371757052275
661,0.05699955453296876
670,0.05878570696761879
671,0.04788394825636858
673,0.05009629277236864
674,0.08387757604552214
682,0.05753916599314715
683,0.056867432606095135
687,0.047163411579991286
688,0.0666868647785093
689,0.11128421331693103
701,0.1337473244658109
705,0.05660692315205813
707,0.05330880637741767
710,0.12678633874309667
714,0.04047693636075435
716,0.09442086293980324
717,0.05156239234736397
729,0.054226362010851036
732,0.052444644613598414
734,0.13173196136756657
736,0.05759333708956961
742,0.04900509866907668
750,0.05162268954943564
764,0.1284532534631706
767,0.05300034588707894
768,0.1240024332441159
774,0.14377179253098946
777,0.05724342203234774
784,0.04879822677769269
785,0.0791953892583649
786,0.05082444498287254
787,0.06245604245204696
788,0.08023631192160192
790,0.1526275599787508
794,0.0528014950764886
796,0.046302452442194005
802,0.04660321471976231
812,0.12530764893286003
814,0.04645526721115027
816,0.05159306099638548
817,0.059329946659339564
834,0.06220819132849161
835,0.07619299076433506
836,0.04943747739346608
837,0.057195866444852674
840,0.05040885374598287
841,0.06808430515759795
854,0.07736096897812954
858,0.053244855321942106
859,0.06560098015118179
883,0.10764704280604522
887,0.06845209145703599
902,0.11218163148720832
913,0.06871521452161419
915,0.047029114659934895
916,0.12898660569131046
917,0.05743551945268901
924,0.051524236894004476
929,0.1329197874827541
933,0.124190218147357
936,0.13074948699307576
941,0.047791854438525926
946,0.06134023839361133
948,0.05544092261259192
952,0.04867464333257142
959,0.10782084962781192
963,0.10824961091240629
965,0.043474199412053674
970,0.11999753002537818
975,0.1483047219442202
979,0.07150999642531358
982,0.09601807943386874
986,0.05326604488990843
992,0.10663719445610942
1003,0.03818467287027396
1004,0.11545357288851017
1007,0.12932317245779626
1014,0.04154535308190392
1017,0.04507085316199585
1018,0.052449944700576505
1043,0.05415521574512802
1046,0.07139030740003523
1052,0.11526773747131701
1061,0.05371907178854326
1063,0.0988514165999614
1064,0.06821429864513805
1067,0.052886840631526856
1070,0.09008470766574475
1075,0.0521656112357632
1105,0.04654619943351564
1116,0.06012443314243412
1117,0.15762404299401678
1123,0.05656988475619809
1125,0.04864247691104522
1132,0.049296602378641904
1160,0.04902462326237093
1161,0.11307863084071024
1165,0.05132329851561594
1171,0.047382185853895344
1181,0.07665976165520917
1185,0.07597842726778616
1197,0.1285308649570982
1202,0.12133259625040951
1205,0.0676156009487015
1206,0.1156292071823829
1213,0.05697496213380488
1216,0.058502848953068474
1228,0.1155881197532939
1232,0.10855709295191411
1238,0.049667925541570714
1241,0.06347709753013651
1246,0.050691283608731964
1258,0.06146678065533054
1263,0.050309284518049044
1289,0.05267591908268067
1301,0.14976572854099304
1302,0.04761534943069796
1303,0.15893923732035806
1312,0.04959222924130986
1314,0.07430803874405971
1322,0.04631662767916855
1326,0.04872331176212908
1328,0.04988064597075309
1334,0.05547180787259019
1336,0.11498866990089458
1337,0.042602489971934845
1338,0.11649043832777443
1340,0.06932021787840864
1361,0.13025143676313977
1365,0.167612564028779
1368,0.14004972437547095
1370,0.03749876678748478
1378,0.1061026960849732
1381,0.08695487274075485
1388,0.11906630517762784
1393,0.05382906516923788
1395,0.04924941006756764
1400,0.05879283384565085
1404,0.058143266464750126
1405,0.0554022221743587
1411,0.08853299512330041
1414,0.13519309976850427
1415,0.05590228537035435
1420,0.056440086772139283
1425,0.023577327496047025
1434,0.13664722142559768
1453,0.09449847478679328
1455,0.04285919518078201
1460,0.12360103761322154
1465,0.14271209857930944
1474,0.12542755249584017
1475,0.047447276391888435
1476,0.06262900596323467
1477,0.058258543380323276
1489,0.045200199919001774
1495,0.061671489630382444
1496,0.055422693907496476
1501,0.06983533809904201
1504,0.054522103661072206
1506,0.11598211045314577
1516,0.09349498080130046
1535,0.06673222476594318
1541,0.06820446385380333
1546,0.05253855360101449
1552,0.05684389032720793
1558,0.06944833895588738
1559,0.10422488464760674
1564,0.052153779947510644
1566,0.07556893364935738
1567,0.12983210698306408
1573,0.1391500141389865
1576,0.06216187162564645
1577,0.06172293285732154
1578,0.12113272061397999
1586,0.05145714895195931
1587,0.07936752157806655
1589,0.10673552794731905
1591,0.051250224606124675
1592,0.09362697526800572
1598,0.05626793829135968
1602,0.14478861842704244
1604,0.06591926196167465
1606,0.056508708621810205
1614,0.06198798933163131
1615,0.07097457055925478
1619,0.050624825150307695
1623,0.055073095397010795
1631,0.1180311504550737
1639,0.055681173771796585
1648,0.05144764327688265
1659,0.0952241176472388
1669,0.06571041813712561
1673,0.06307519753391783
1678,0.10398279651953318
1682,0.12056084461797159
1683,0.05523922922847232
1692,0.056774000284777366
1693,0.12465635984456114
1695,0.13101357183186402
1698,0.11460053972148562
1706,0.1235941700852669
1709,0.05039402477237754
1710,0.13344072294246495
1719,0.09628471250150089
1720,0.05422640087217855
1726,0.06429270336823191
1730,0.061134466474485366
1732,0.053204883633807404
1733,0.0568538820197173
1736,0.04386985893043879
1743,0.05518484836574877
1751,0.06375747430199374
1752,0.05520480353369688
1754,0.1306992901400613
1756,0.05805563787116144
1760,0.05672192552989181
1765,0.05138897404796985
1776,0.11606983961603774
1778,0.06600486634102358
1779,0.05361862555255338
1781,0.050853026206774184
1795,0.11669361699731098
1808,0.03914970275690797
1809,0.12166143239418548
1814,0.06578890776403318
1821,0.0526882120902108
1822,0.049169556711152064
1824,0.10176600834915334
1827,0.056040902692063695
1834,0.06332469510303868
1844,0.15384333870418265
1851,0.12529728074527496
1867,0.116323527453132
1869,0.05628021137377167
1875,0.11547519983422443
1882,0.052925220699125704
1897,0.13359795898319446
1910,0.10615625323003881
1917,0.05555758222965087
1918,0.11643145332233816
1935,0.05488452646629726
1936,0.10707658695321652
1937,0.054057239059019414
1949,0.05881160957900978
1952,0.0451659901545606
1956,0.08233614420783031
1969,0.04664530629432998
1970,0.06322051743425693
1971,0.05064696520513408
1977,0.13172097844164016
1982,0.12416841106752015
1995,0.052443669810498396
2002,0.06955291629609693
2004,0.06677606089528429
2011,0.14126205769647057
2013,0.1287300456280893
2014,0.049782589150584165
2026,0.050241946002348506
2040,0.060031348582879486
2043,0.06436371341465448
2060,0.043233028772094215
2069,0.04818126998052533
2073,0.038451065955760116
2076,0.04470789725445294
2082,0.12888526595280808
2089,0.04909898320336967
2091,0.08770493436653289
2103,0.054940209194135
2109,0.05327661173044786
2112,0.11889917030665088
2113,0.1251355598245231
2119,0.05107702842485843
2121,0.05456652742453538
2125,0.049122743912713485
2127,0.12047080717845461
2128,0.05872292348955203
2132,0.12876438330550855
2146,0.11368223962716341
2148,0.05633860500736329
2149,0.16080420477604968
2156,0.06786624897569152
2157,0.05345751802919713
2159,0.11649544529009076
2160,0.050471279096649564
2169,0.049891977072190175
2170,0.06381652040671651
2186,0.05956588324262411
2188,0.04959716440926515
2190,0.05137398653879307
2203,0.08338855343808008
2204,0.11147349356875594
2205,0.1338203222007634
2207,0.12362324481580676
2209,0.04964398131965156
2211,0.04922906795484586
2220,0.050502736871016925
2226,0.11607777832341899
2229,0.06752743967502915
2234,0.05070029333840075
2237,0.08778022899071766
2240,0.05874746628964118
2249,0.061080142823631764
2252,0.1262546156656823
2264,0.13394512516015855
2269,0.05143750444099789
2272,0.052551782642048996
2283,0.050219199593932576
2284,0.06077844641399266
2287,0.1470669486681007
2290,0.051868291291829655
2298,0.05286342363751956
2328,0.11820104840624816
2329,0.08830894953303853
2330,0.12128862009943717
2336,0.08429146666531363
2338,0.06662390793803794
2341,0.05910187179968477
2353,0.13708989545593706
2356,0.04993464877853351
2366,0.06032505361417346
2401,0.0533471807874925
2404,0.04842167824578745
2408,0.05000618781081967
2409,0.06187088966171885
2410,0.059968928044182995
2421,0.044980424305451364
2425,0.10557570717584124
2427,0.1453622155486395
2429,0.12872411785802684
2432,0.10529318555385865
2435,0.105324800647758
2436,0.05228120864657862
2447,0.047181419345976
2449,0.05646551221813133
2454,0.06676274122741102
2460,0.07046432353208748
2472,0.1108323989565566
2479,0.0980596502274681
2483,0.1323887828689573
2484,0.04853260207247097
2492,0.149021860611104
2493,0.05291333812890753
2495,0.05234768522888562
2498,0.1343033294044053
2501,0.056637100276213964
2510,0.054332812971636835
2512,0.04002761876847331
2516,0.0656666074301438
2517,0.057820932261609746
2538,0.05753975762104948
2561,0.05496661182007688
2563,0.07182389788331246
2567,0.10058469089832442
2569,0.05005827961015432
2576,0.09315798977030154
2588,0.06452311655141897
2592,0.04340956977696194
2593,0.13261808286626542
2604,0.054499995578722156
2613,0.06038107355107472
2620,0.05405529068649384
2626,0.06150855548071006
2629,0.06924453622566913
2634,0.04655323279784489
2637,0.07324427581132867
2649,0.12456377919077315
2653,0.14241021166315615
2661,0.06140108086654413
2662,0.10313649299632531
2668,0.05418104319994347
2684,0.05544912457462504
2686,0.05310742335708423
2706,0.06267872476920625
2709,0.059840487251151896
2710,0.05324054137550483
2712,0.048050302074388096
2717,0.056824978420834324
2718,0.1315605477317768
2720,0.10143547059975676
2726,0.12458195266396255
2732,0.12427202305540529
2735,0.11628013097856095
2736,0.10658561305990287
2754,0.05571543025078567
2755,0.05770948157269972
2758,0.11040212797091578
2759,0.06292118124142806
2768,0.12668936937902983
2769,0.13961160138405856
2770,0.06097001626529245
2776,0.056582355719385156
2779,0.059810892954969545
2790,0.05248470467641451
2794,0.05311820048077256
2796,0.0754126620091724
2801,0.10915125417411681
2810,0.09568889222162857
2813,0.05813560959336132
2820,0.12253263699341263
2822,0.1397528195510987
2830,0.12168104467807625
2831,0.12230010163153132
2835,0.09245121514564866
2837,0.11140685948701907
2852,0.13637872288262187
2861,0.05311620151227271
2864,0.05870314661134687
2869,0.049576878936794515
2870,0.059449208572366644
2883,0.05063735316773608
2890,0.04519961974677063
2892,0.061956012124198746
2895,0.10780212445309718
2908,0.07581766182703138
2911,0.044380011301339846
2918,0.11321882187072972
2931,0.12658408550430894
2936,0.07178026062974925
2938,0.06381489088649425
2940,0.14722669316902615
2942,0.06751394271175025
2943,0.05243799811735838
2945,0.12857789422781082
2949,0.05365056865164194
2959,0.06200752942935165
2966,0.11818567411952136
2969,0.11152530906821403
2970,0.05753582935933099
2975,0.05358266704497155
2976,0.061889714048579694
2987,0.05313403367290916
2993,0.056007976825328785
2995,0.05759485870979795
2998,0.05046090363743125
3002,0.05559000379543484
3004,0.0443261627914323
3008,0.07740684220607817
3010,0.12322489046362607
3019,0.05153303769746922
3027,0.05723673246490852
3030,0.1504813748857907
3031,0.10656644971362551
3037,0.06336683312301822
3038,0.0503383879865619
3039,0.06583695458727301
3043,0.0631408180875695
3048,0.05623043864476748
3049,0.06263892330941345
3053,0.04553468686166259
3054,0.05947094749016198
3056,0.04733136412327586
3069,0.05013509000093512
3071,0.12370839367001346
3072,0.136235253678371
3075,0.058644940414110225
3078,0.11879276300869887
3080,0.04450480726134668
3104,0.12690897366487164
3109,0.08590501828121092
3126,0.08265984122876426
3137,0.047704269514875074
3139,0.053332118194961434
3142,0.07156437085376186
3147,0.05658945124323256
3168,0.05365016622231347
3169,0.13004409700477174
3172,0.09712285332212205
3174,0.058293374772460854
3178,0.136028626457844
3179,0.04982839100013132
3181,0.05152365909830268
3190,0.09708337131463113
3192,0.12272971100861176
3196,0.05557343179565581
3197,0.14713743928166287
3206,0.11387138200213007
3208,0.05354798237894087
3210,0.04995380243005368
3214,0.059780372532887954
3220,0.041679932421254125
3228,0.05473125637043594
3232,0.060986498861407126
3247,0.06758361815826049
3253,0.0656856784852781
3256,0.05250567180020391
3257,0.05714319460796876
3262,0.07023721641594748
3269,0.05224232321955597
3276,0.050344511958997896
3279,0.11905400119023338
3282,0.03807456989935339
3284,0.05133932536959376
3285,0.12895428534312162
3295,0.054296727670344186
3297,0.08973106432537968
3298,0.08647899995627188
3311,0.05585218443570873
3313,0.04529989889080337
3321,0.050871810020905996
3325,0.07004913304226273
3329,0.0532842855218446
3345,0.15093874300095791
3347,0.04858304712924157
3349,0.058265510652341285
3350,0.04405129673495861
3354,0.12912830082316262
3356,0.12304655296170232
3363,0.051930213199532664
3372,0.08020280794579898
3376,0.05529504577160594
3380,0.05402172890254854
3383,0.07143436030532467
3385,0.12877821986090757
3387,0.1280561521047196
3395,0.049886991402875454
3396,0.048244843455769286
3397,0.05761370524081101
3411,0.07234468165239594
3413,0.04613753074626412
3415,0.039920625536143395
3444,0.13515312711447297
3446,0.055527644935584854
3447,0.04601902179209823
3448,0.04574088972794435
3454,0.058040288195598665
3466,0.0508524721621746
3471,0.12199198755971909
3474,0.06028744247152358
3488,0.11384877141797663
3496,0.06470388183267964
3498,0.08118822182801293
3508,0.053514358450296715
3511,0.06183710576462492
3514,0.07752839700212598
3524,0.06255583968573555
3526,0.09176831127523863
3529,0.06391036632413578
3552,0.058559794604920105
3561,0.06425859417343703
3564,0.05217317876802675
3566,0.049547194049828554
3576,0.1134487002954849
3581,0.05275252280168762
3582,0.04692726424736308
3583,0.04759153788822339
3587,0.04929430903820142
3589,0.06403156174177443
3590,0.09948355810076573
3592,0.07020078826846532
3594,0.06554788858476612
3598,0.05926058079972102
3605,0.06457441381427724
3608,0.13195344379889243
3610,0.1310395600274478
3619,0.04739779245935647
3622,0.0551605402555853
3623,0.16736749804999518
3628,0.05478969385715217
3629,0.05994691717178886
3647,0.04678417535576525
3653,0.038172668691944106
3657,0.12231411509234126
3658,0.09582301720201664
3661,0.055264030413675204
3665,0.11470707218566274
3668,0.05530727253534684
3670,0.04040007780377695
3672,0.04454452505276665
3675,0.10721506830333147
3680,0.04992417644780331
3697,0.05323042848046677
3698,0.04602769592628102
3699,0.09342724723559012
3703,0.037463824722441065
3711,0.11189255295431928
3712,0.14830597423102182
3716,0.04636006720993636
3717,0.12046709825746915
3721,0.12768333784198585
3726,0.10473169663258834
3735,0.12765379836713797
3736,0.14086583790679322
3740,0.052094345725247605
3748,0.10935800781057277
3751,0.08473861465438427
3753,0.039144107007994734
3754,0.04167272388764122
3755,0.0610590541720518
3764,0.046092319366800444
3768,0.05948925828471042
3781,0.04942882086417441
3782,0.12842365882043033
3787,0.06972140260093523
3800,0.05030638848763503
3804,0.05190408557504231
3820,0.04829451192151942
3821,0.12833540217447378
3824,0.03739755763261351
3825,0.11672854802374545
3826,0.13302909545638456
3831,0.05203264645407597
3834,0.11930906836555127
3835,0.10410503421133353
3836,0.05188756850368328
3840,0.04208085541244929
3841,0.12819502100734315
3848,0.14246980896997172
3863,0.11001543015126872
3869,0.05557446088104448
3875,0.11299207943439843
3877,0.10931107475623161
3878,0.13073765478311739
3879,0.11798340995846007
3881,0.10605596174973837
3882,0.04855672412203516
3887,0.08591441084400675
3890,0.044913145870007616
3904,0.05577237387320006
3905,0.15130556827558836
3908,0.10471460380293492
3917,0.12817922963163295
3927,0.10968699631535513
3931,0.12401313018920702
3938,0.11592488535594847
3944,0.09984760248860684
3947,0.059978433053715044
3950,0.09412099647804446
3971,0.0493909061098694
3982,0.06270413118866136
3991,0.060257295206095324
3992,0.04956670581516308
3997,0.043997181831898095
4005,0.05359025800642528
4008,0.054260644636700175
4016,0.06139970124076208
4018,0.05892985236074469
4020,0.17154214278454943
4027,0.05629296733820334
4038,0.09133050578466403
4045,0.10352332992261985
4048,0.04944032922968256
4051,0.04524360136327215
4054,0.1086066706786502
4055,0.13836236940007035
4065,0.05942686290336548
4066,0.11986247541261479
4073,0.12742594506776642
4079,0.05648496690475622
4084,0.0462426386102076
4087,0.17961381334697973
4089,0.05323767716442958
4091,0.11392975760368934
4092,0.059135409366628415
4102,0.09079647430114723
4108,0.12141296697077684
4113,0.11509324669617713
4116,0.12699788427342085
4117,0.04186226564196054
4124,0.06295885426217956
4125,0.06285307689985956
4128,0.06833744720321311
4129,0.07753236362126464
4130,0.11403708867441997
4134,0.051899921188722005
4144,0.05233526068350634
4147,0.07576376273745589
4150,0.051468795066386575
4158,0.10683810254633808
4162,0.05121949207721141
4163,0.05275147913076314
4166,0.05744884095906978
4167,0.054158829482858384
4168,0.11416658342686753
4175,0.05066122931369212
4179,0.07975212973281696
4180,0.13609897187853712
4189,0.05778424440241819
4192,0.12192967992832775
4195,0.0626668277892651
4197,0.05930996997766352
4198,0.05348601279715912
4202,0.05406225274974092
4208,0.0892209849648757
4222,0.11912593446248484
4225,0.0527185450698019
4227,0.06322596472294899
4229,0.05191982853569714
4230,0.10296384628555226
4244,0.09285964496413616
4247,0.05444747207442597
4249,0.11460035189966322
4258,0.054615207625092824
4266,0.15906040669756047
4283,0.04123765957774606
4286,0.08710681054678572
4287,0.05963236756567965
4289,0.05445919145240356
4291,0.11929362165128637
4292,0.09221552726436569
4296,0.05164245409542309
4309,0.04949510107077889
4323,0.11689175456414144
4324,0.11890284720560015
4327,0.10733837439427855
4328,0.057012922866480395
4330,0.05336691746529391
4334,0.07360400211207697
4338,0.05285415520571205
4341,0.11997348708804072
4343,0.050697671054119424
4349,0.06330640227094053
4366,0.10087056419473085
4367,0.05768790621265359
4373,0.03956619165269555
4374,0.1485319956186811
4384,0.12188778702364288
4390,0.1285895796966374
4403,0.11752491535640491
4409,0.05776533754137016
4419,0.11057338940521895
4427,0.08346181813329293
4428,0.13644563260611126
4429,0.06957256223885014
4430,0.04028514991874669
4431,0.1083759339459679
4433,0.05825025845169638
4434,0.04781716755948954
4442,0.052672706581939295
4444,0.10024880594901375
4456,0.06594205195108832
4457,0.05078982135333339
4459,0.10742852105992831
4463,0.1281299802102845
4465,0.11914460084470108
4466,0.054211807488744754
4469,0.08037990048482728
4486,0.051805574301097466
4488,0.07605047180680248
4490,0.110296989796007
4492,0.05026298057409553
4500,0.05161900115977451
4502,0.062431616358735884
4507,0.05817968749099733
4511,0.06644860746615888
4512,0.051434903715115145
4516,0.06818925136208472
4520,0.09542731105532776
4536,0.04094078163142406
4538,0.0517827225731512
4549,0.05223029488362414
4554,0.05541726416678933
4561,0.11737869362568636
4564,0.042511303750904145
4566,0.10509327677267111
4568,0.12142948660738427
4580,0.09494327578161207
4586,0.0758931058586128
4594,0.13358508961460278
4598,0.05348376312967585
4602,0.048603777643309476
4609,0.1186128166186138
4610,0.05191125716799074
4611,0.05909120357467379
4619,0.1210216028123624
4624,0.11951107752041298
4627,0.05234263065319507
4631,0.11657310248895428
4632,0.05788427131891194
4635,0.05877032610609103
4637,0.10911268737924153
4641,0.10162444640519934
4643,0.07117346001041694
4660,0.050434241789542894
4665,0.08564867951762532
4667,0.05842608014730032
4668,0.10153412772050135
4670,0.05043094425422992
4674,0.050031507169441415
4676,0.06656061772949026
4683,0.13834995197624492
4684,0.0647465239752747
4687,0.04763483214154265
4704,0.055755560167843325
4706,0.047997810679923404
4732,0.11982006479073827
4734,0.08582131980362405
4735,0.04945931659134768
4744,0.05192512082994234
4755,0.049590680707439716
4759,0.048040889440106295
4762,0.06259137417962328
4765,0.12186921485693643
4767,0.05589022426163587
4775,0.11285578358284594
4780,0.06065394211818739
4789,0.12834760944793736
4794,0.11071856307407656
4795,0.050350370209021764
4797,0.10237538402538762
4803,0.05153070946653561
4810,0.12061839973320468
4812,0.1463902944052754
4814,0.05439036959240215
4818,0.04755890026272206
4820,0.05993206435882405
4822,0.05824292610666209
4827,0.042753871084886305
4828,0.05392114190790948
4831,0.06303906647657942
4839,0.06250785365813519
4841,0.12479767400347004
4842,0.07882484883291249
4844,0.054662627362473286
4852,0.045617145483047496
4861,0.0781359137106429
4863,0.12980425509231236
4878,0.11264664515204681
4881,0.11142724999232492
4883,0.14789252315016915
4884,0.05514869450345917
4890,0.08088223890191946
4894,0.04635908895362188
4895,0.154444710922496
4898,0.11624566365590944
4899,0.05116508435423164
4901,0.06260112996195204
4902,0.04710883383712862
4919,0.0687997902693098
4934,0.0633163699754659
4937,0.0602902287511826
4939,0.049714658815819594
4945,0.06687697077413673
4952,0.09638878944226906
4953,0.12012480326777299
4954,0.05284034884273313
4955,0.04960285878205249
4967,0.04792335452173167
4970,0.11813473385279086
4979,0.12237588989166695
4983,0.05802974557017583
4989,0.1159326636109551
4995,0.1038793501032955
5004,0.1327739204581519
5007,0.11656035624178765
5009,0.05076927572593452
5010,0.04941320540185062
5016,0.05329410723288966
5033,0.053700869581161395
5038,0.049569867361900354
5045,0.04777313003279458
5049,0.05141834323407666
5051,0.04897473326303077
5055,0.13796115254178254
5058,0.056763138322225834
5059,0.05799831470301731
5073,0.059349802679704675
5074,0.10081913912925418
5076,0.12256597940801786
5078,0.0556611849451953
5081,0.05163250480694136
5082,0.045774206484289065
5084,0.05243141080743326
5105,0.06031746182559767
5107,0.06620382704863674
5111,0.07655103732933924
5120,0.049035304208245034
5121,0.054060531572304595
5123,0.04302020350004979
5141,0.051098368589217354
5144,0.05799678129402859
5147,0.14686882946656804
5149,0.03944939625959632
5152,0.04035180409627918
5160,0.04890498864769004
5170,0.05897263907005769
5171,0.11099987839931574
5176,0.14512165898887722
5178,0.15189430485990854
5192,0.05534254166850151
5195,0.06469565964079135
5204,0.051748201567271015
5208,0.11201615157724151
5211,0.06001528445247274
5216,0.06234313752700917
5217,0.12167757074370006
5225,0.06706060549162476
5228,0.12192828696062308
5239,0.04105855610713001
5241,0.05594244702755575
5243,0.11875132479132727
5246,0.12418462327425216
5247,0.13817004385728135
5249,0.04484714787908747
5251,0.16038888546387964
5255,0.11809166437861292
5257,0.12781203465220872
5259,0.06146488410480766
5260,0.061825494764702726
5269,0.11583168742372442
5281,0.07300679961642097
5284,0.11913544058811966
5286,0.07245333372880393
5292,0.07335371471303004
5293,0.11119851240462847
5299,0.05581346927676234
5301,0.05334420815167522
5303,0.0464636912705817
5305,0.045023487514735186
5319,0.08762400147058763
5325,0.052589180349777394
5331,0.05490248952068632
5333,0.03809704799308997
5335,0.05142240484583198
5339,0.10281599596614183
5340,0.050676524944605
5341,0.12195336498985947
5343,0.03251796034375453
5347,0.15349676357709013
5353,0.12688834310455208
5355,0.04431011665289501
5363,0.052041270616509684
5365,0.12320710470678589
5373,0.0975033819864763
5377,0.0661321119503568
5379,0.053046626437616574
5385,0.099001476320542
5386,0.05326492578712193
5387,0.08117747075749278
5389,0.06064597776609843
5390,0.058729489694522644
5396,0.05781930325693383
5397,0.0461375663298652
5404,0.06699525654555855
5407,0.0718419601821273
5410,0.04421290818160515
5411,0.05110819995156712
5412,0.05619906108873308
5413,0.04885043681169855
5418,0.10614833782253102
5424,0.05104115427907699
5427,0.1269540781629108
5428,0.06125692535703995
5433,0.06517352982579049
5441,0.13173386905982634
5448,0.05586215109500336
5456,0.11907643949307889
5460,0.04098905671037808
5465,0.12674395540606287
5468,0.06263843530419107
5470,0.1342366602865392
5475,0.048758691066252455
5487,0.12967405692747455
5501,0.05549126385404837
5504,0.051349151883220694
5508,0.1103877938406878
5510,0.04896490139134638
5514,0.04642527819548078
5528,0.1077959133809201
5540,0.05380829387999009
5543,0.05088225952319955
5545,0.10545940404641481
5546,0.14406565664506038
5548,0.057295395746104406
5551,0.13254638967778976
5553,0.07104633234150849
5556,0.04607987683334108
5560,0.11817698347911695
5563,0.05288126867596145
5569,0.06447638015694986
5572,0.06065540191617794
5576,0.05860094912725513
5582,0.062127658394245895
5586,0.06344084531277086
5598,0.054158578851668145
5605,0.049558572169473944
5608,0.04097051342928394
5610,0.03884060823400779
5622,0.03201888944564752
5628,0.1386795408098656
5632,0.05442233276570032
5640,0.04745705596139148
5641,0.09084108253588163
5647,0.04720628966640004
5654,0.11981552263263974
5665,0.04920715341878841
5667,0.13809633931883195
5674,0.07618889287095312
5691,0.04742399446699629
5694,0.06301212295652728
5706,0.057356254548915575
5716,0.06324010168783696
5722,0.06010931812640317
5738,0.11407183219040505
5745,0.09544623937445429
5746,0.059610175444570736
5755,0.07563917686344712
5756,0.057742314809382175
5760,0.1271086956793979
5761,0.11558849009146596
5762,0.05473900388080739
5763,0.05185090254811057
5765,0.12740091876865345
5773,0.07123944356493646
5781,0.09371988341780975
5786,0.060212757013829867
5789,0.07767872251559149
5802,0.052616848287235195
5808,0.08491374598658509
5811,0.048099388348444135
5812,0.13054390387384088
5813,0.10154877067685983
5821,0.07216577821125454
5829,0.18209571452633486
5838,0.10959505593479328
5842,0.13674938182725785
5861,0.050926261893667994
5864,0.05635540151341394
5871,0.11276787412496966
5875,0.11310751585188569
5879,0.048375940161805964
5881,0.05009351962255023
5891,0.05067281362493948
5903,0.0403820839980497
5909,0.053315301126160834
5914,0.1431419959528241
5918,0.051101883564578336
5933,0.05539469309898476
5945,0.054665548528938374
5948,0.056344818929807326
5949,0.05572323306893362
5950,0.04569385647979026
5952,0.06750534030252471
5955,0.10620703969214122
5959,0.1608519676850444
5961,0.05857352966300557
5964,0.0786926310568568
5966,0.12401034518328602
5978,0.10969952496871865
5980,0.06624687351401448
5983,0.11754025815236951
5985,0.05589119583611995
5995,0.05124035484060675
6009,0.11600435622550706
6016,0.041326625916640956
6021,0.05300707087362577
6023,0.05725436546793559
6029,0.10830920634318043
6033,0.08201792308015278
6036,0.056385245479222655
6039,0.048730513798827674
6046,0.05395227577576496
6047,0.04248049216322378
6051,0.07244144668271843
6054,0.04871718244045583
6061,0.13879475018601464
6065,0.04794039207198794
6068,0.09654189082928115
6069,0.05627242022927003
6070,0.10952496644275234
6072,0.07658512728741447
6076,0.11142753997113608
6082,0.06738783072968275
6104,0.1181044241516441
6110,0.04118578130673872
6122,0.05131124130215548
6123,0.12882960686316833
6126,0.052477354085632345
6128,0.10817186654746772
6131,0.052907211163288836
6139,0.04708721652588356
6140,0.13449574967054034
6142,0.09902127783581129
6143,0.039706829096027386
6147,0.10040725887213577
6152,0.11205070148878588
6164,0.052541561219296616
6171,0.13951138261567467
6173,0.12559556655191315
6175,0.16579155843966345
6176,0.06778075689449692
6179,0.09570384805825956
6181,0.06485769534479038
6191,0.06630879459790621
6200,0.06359183294159954
6201,0.10537051716249912
6208,0.12093474475282515
6219,0.060537646897523
6223,0.062138905950030056
6224,0.11595063657213042
6237,0.08513604518724081
6255,0.11213773531241193
6265,0.12340386961767197
6273,0.09651762724401311
6279,0.05367041941612557
6284,0.11282446044407353
6295,0.10233085700950932
6306,0.06774397088926197
6311,0.06036189864911759
6327,0.051107815857602684
6330,0.05283688996405831
6338,0.06002293219142811
6343,0.13137656861300626
6345,0.060882698112282925
6351,0.05792503674381705
6357,0.051914874393792096
6360,0.09374642029474646
6389,0.052485084893897645
6392,0.10375805783200552
6404,0.05354615912268574
6406,0.058611687695344535
6407,0.11223651426023759
6414,0.06093060573909465
6419,0.05417410507801177
6425,0.0571871047917118
6428,0.055942610534650224
6431,0.04751279858093098
6435,0.11479798956903921
6436,0.06408723798505593
6440,0.04472526227397712
6446,0.0528313817803136
6465,0.05287705374787943
6473,0.06887330424905823
6476,0.05787199226077354
6477,0.05105728530572889
6478,0.14042898248723454
6494,0.1339396768850829
6501,0.1356855842094189
6502,0.06854147745466457
6503,0.06165273554494532
6514,0.03902058592670521
6516,0.046323686665893635
6534,0.11686705879618757
6541,0.051824054838861315
6553,0.07076693116335257
6557,0.05503932218562811
6559,0.0528450374747795
6560,0.14359873015923497
6562,0.05135762768614814
6575,0.1348619300079698
6583,0.04775889556846485
6588,0.11867094769493233
6590,0.04425963308083409
6594,0.046354060318969346
6602,0.06044142462257263
6603,0.11225634175279064
6606,0.0488525154070183
6614,0.12523995773747848
6618,0.056774744310629566
6628,0.11884589728061623
6633,0.05395944753691968
6639,0.1065674303318238
6648,0.061490455591741065
6654,0.044710708725525336
6656,0.04973536247140276
6657,0.14923245156393372
6663,0.05823578800187525
6664,0.056854704785706936
6666,0.05737748815854255
6670,0.05118627175936484
6671,0.11337526723206066
6683,0.05118284156871899
6694,0.060304683847387304
6695,0.10651821019004176
6699,0.05007718553766712
6701,0.1184711544557798
6706,0.04751861162629184
6707,0.05630640627891023
6720,0.061855668087278895
6721,0.05206596080540291
6726,0.06073946099211333
6735,0.06118216195424113
6745,0.051016402133955835
6746,0.05323092837015765
6751,0.057864359546676035
6759,0.12426126513962445
6760,0.10311048047891436
6765,0.09625794008413081
6774,0.060867744388498714
6776,0.08081801379287301
6779,0.10852709342899877
6789,0.049582841726615104
6792,0.06537094855443497
6797,0.049224295049619074
6807,0.1332138524224846
6808,0.049501207216602755
6811,0.11885158668537156
6813,0.05505864400765489
6814,0.060224767644381616
6817,0.060086557233198265
6826,0.0724774333575618
6830,0.0545725914418039
6832,0.12544222133400332
6838,0.13320959276108452
6840,0.061213422832025945
6850,0.05804916892182326
6851,0.056829028316962155
6854,0.050566738460252336
6856,0.14957225722374637
6858,0.10683427433441874
6866,0.0507230043890171
6871,0.13400996060122272
6872,0.05528461751755556
6879,0.12374416064242169
6881,0.046599231829814715
6882,0.10012483892649372
6883,0.11719452735863799
6894,0.12950967761274837
6899,0.0508128595253425
6903,0.05787891340515138
6908,0.12987714532689124
6914,0.12280119433324564
6915,0.171177852657329
6917,0.05506900330035935
6922,0.0697883418330655
6933,0.055038353448381115
6944,0.10999150545095883
6948,0.13515985186530616
6957,0.10371144130692946
6964,0.05116109646462693
6987,0.05443914772233132
6989,0.038451260402382746
6991,0.0575345166271166
6992,0.11132344354463307
7019,0.05352956406189339
7021,0.06220625432545633
7023,0.10950278943164041
7033,0.061007415915275545
7034,0.058207563824612785
7043,0.05040198802020427
7047,0.049727943634736364
7050,0.07854248923474118
7057,0.0510941778480634
7069,0.06464456570331842
7070,0.04712210978646576
7072,0.11347569609583816
7081,0.09737813178405363
7082,0.07701185322424972
7088,0.13153410535179788
7093,0.09581034862978446
7100,0.1032403139699496
7104,0.04324002314118924
7109,0.04620546336858222
7111,0.06663793919128069
7113,0.05052259986196214
7119,0.05618213061304832
7122,0.057043796136132245
7134,0.12938832241533763
7147,0.056625689003965286
7155,0.07077053409450297
7156,0.05260089121139401
7163,0.05763572649279989
7173,0.03927708067912271
7177,0.07240284048180227
7179,0.12907691829950851
7191,0.12361591195407165
7196,0.14252553982991015
7197,0.061847188504505005
7205,0.0515614811519371
7209,0.07401811659730353
7215,0.06221133098499989
7216,0.039460082558669
7217,0.058989837960351565
7224,0.04730584709396392
7230,0.05285911983459951
7235,0.13035046449491314
7237,0.17498935139938968
7245,0.0649237757763755
7246,0.047849029363177545
7252,0.053583579088294093
7257,0.04856276291462292
7258,0.052074443097720434
7261,0.11296192426133243
7269,0.056086380631273
7270,0.06492212445708885
7283,0.12021043451891825
7299,0.05439214330777406
7301,0.054035610465157285
7304,0.07261810386984678
7311,0.06096262637927636
7314,0.05987856606471584
7332,0.05785175223876272
7333,0.1386027339195276
7335,0.10567089191742818
7336,0.058621001813959614
7337,0.1195849627733595
7344,0.057465571947473176
7348,0.12831512309466617
7351,0.059670863053452546
7352,0.04873555678871961
7371,0.11538236227096269
7373,0.08621182123646948
7376,0.051808718667842424
7383,0.0779459596491952
7390,0.06571640847803956
7391,0.06854614462365666
7392,0.09954317873566997
7395,0.047579375215436315
7400,0.10522691739899977
7403,0.050559379022821906
7404,0.05123583987403891
7414,0.047271186601804425
7429,0.055627858506163176
7435,0.1143904586860537
7436,0.0448987565227152
7438,0.05271040479736667
7441,0.05075310529759761
7443,0.0958642523942954
7444,0.1646281197838991
7452,0.04280565102291034
7456,0.058144311559454036
7462,0.040461017400491246
7483,0.04698021564763735
7490,0.1379098865485532
7492,0.13224141554386437
7504,0.06383772000594826
7507,0.046910046306005974
7511,0.06215403003803254
7519,0.10792852628490437
7520,0.14817276449179725
7522,0.055297639581068966
7530,0.04930822934951554
7536,0.11069078059548759
7541,0.10979363310264856
7543,0.06181855993373792
7545,0.11602889143921512
7558,0.12281913129410214
7560,0.09222622950293327
7561,0.047549284803746636
7571,0.0468037732545362
7579,0.05784538345030699
7580,0.10851822312310386
7581,0.057224390930799354
7586,0.04495281172707401
7590,0.12302045804382437
7592,0.05788615986330074
7594,0.051808253363950285
7595,0.1494909102617166
7601,0.04597272732339545
7602,0.06293702058423281
7603,0.05540508296622543
7611,0.10828361265062048
7617,0.037141685406647224
7618,0.14109258405521102
7619,0.11014203596191031
7625,0.06120403929153896
7628,0.05629661195980255
7630,0.0709291627277995
7631,0.05345727184279312
7633,0.09750194362596722
7634,0.06631515452864419
7641,0.0754806670335914
7642,0.14613768154264978
7646,0.05160699042590007
7662,0.12293368311841714
7666,0.10802729660569704
7674,0.05679338477369894
7676,0.047265985146385386
7679,0.13051657870326808
7681,0.059078701064067804
7686,0.06269831824221175
7696,0.12199674431824399
7707,0.05624439706954242
7708,0.049816148870383686
7712,0.05611599747431887
7715,0.052870617652926534
7716,0.06389250777554108
7717,0.1367327380887307
7719,0.052587081545548434
7723,0.0587417694102213
7726,0.10093265866514328
7734,0.131957824684752
7739,0.040517859274635123
7743,0.07594040452836502
7751,0.046131079321381704
7752,0.0993848447107107
7755,0.11553547082162047
7758,0.05722324559482984
7761,0.055821177484995634
7767,0.056113675270904904
7773,0.11287622066656419
7779,0.0783513728114022
7785,0.05947603715045943
7792,0.05802894572296851
7800,0.10086996715881487
7801,0.11061089843841082
7802,0.12316576096865824
7808,0.15929012851181715
7811,0.053857302809878944
7816,0.055617458597422655
7822,0.053132108049701504
7823,0.0595982537900329
7832,0.041774134160237446
7833,0.07421492154016138
7838,0.058321128717858876
7840,0.05838710201851808
7857,0.05902942398961672
7877,0.04844409271080992
7885,0.05190335871343765
7900,0.11160835135064505
7907,0.04955728067471639
7910,0.04748837731113003
7918,0.1334857803803805
7919,0.06339547989441469
7928,0.05875353078572055
7933,0.13013946448325497
7941,0.10650210164125787
7947,0.07949657212068569
7955,0.07247572261877984
7956,0.1210306515203953
7957,0.050474352739193935
7964,0.12989774945564755
7968,0.05888913184615789
7980,0.061828562649473444
8004,0.057626018475538186
8016,0.06280348370126725
8017,0.0621879062195949
8024,0.1319771958401148
8031,0.10977897915249223
8032,0.0565921812548565
8035,0.047818444625047425
8036,0.07209960119279424
8037,0.05414922126462429
8052,0.05082309603303762
8055,0.05756458447403972
8059,0.05128337910014382
8063,0.10872423391941058
8064,0.057111880299399245
8068,0.052976873883586635
8070,0.06459870403079869
8072,0.11772273296765742
8085,0.11464607869747714
8089,0.05575501416517281
8097,0.05687575305303213
8100,0.11354247897570058
8102,0.11387525288978882
8105,0.0400095963023944
8114,0.06599333730608217
8117,0.07398597543367101
8120,0.05679108593725633
8126,0.061249892891985784
8128,0.062017561224946435
8135,0.07440335511770776
8137,0.04763112563785219
8148,0.03457588038331089
8169,0.04558979754384845
8173,0.050626548573980024
8178,0.04848485005182566
8179,0.10696420033228861
8182,0.05954153281477882
8184,0.04692786748793031
8186,0.0988494988405309
8189,0.11891742758731676
8196,0.05838401302801012
8216,0.1283617502509245
8219,0.05605497738030098
8221,0.08916739021336677
8227,0.061946820519273076
8232,0.09952286518843516
8245,0.04987609200282124
8248,0.05164261558992749
8249,0.12012305946426151
8250,0.060992410386910695
8256,0.0425193167698115
8258,0.1311698731756705
8259,0.054567016339680606
8268,0.04988167630647184
8271,0.1233566303870519
8273,0.1130898613874267
8275,0.10802492882178923
8277,0.1094501107486058
8283,0.05283803494844449
8288,0.059280347662757485
8299,0.05800251016621754
8300,0.05104203343503156
8301,0.050205993427195374
8307,0.10592287889185643
8315,0.05361297896253035
8324,0.09587682505786028
8326,0.055839058104510994
8351,0.05334330370375971
8367,0.05651614575441885
8368,0.1111667804658983
8371,0.12998190776129573
8383,0.047631405554466655
8386,0.06753192599300079
8402,0.04931236531533829
8404,0.11808919450550397
8421,0.12815546013781892
8422,0.053029315803689824
8425,0.08467012940404912
8429,0.11452972940165206
8433,0.13374523894517387
8437,0.1059375957732825
8440,0.05163411395586499
8455,0.14744704799996206
8479,0.14290179952411833
8482,0.05849815739389778
8485,0.10728497881654465
8489,0.048514783520791444
8490,0.048803813349091146
8492,0.0535450791390749
8496,0.0513493547979386
8497,0.1350153395738884
8498,0.05925021446500214
8500,0.09002947810192267
8501,0.051654389320177595
8508,0.06187039616533332
8512,0.1588578378772784
8522,0.15319493681617774
8536,0.052465914706223846
8545,0.05158972782482997
8546,0.05810441867658692
8554,0.11195589522258954
8556,0.09703917636640585
8557,0.0659648888715712
8559,0.09868990118166338
8560,0.05705312736281744
8563,0.05282978547831583
8565,0.06890938213055207
8574,0.049160858770846555
8578,0.07375984322267005
8585,0.049144047021676296
8602,0.06242206083917993
8605,0.05371714763247752
8609,0.06589325722391262
8614,0.0716355440957419
8619,0.10502025230002074
8629,0.05835434423336654
8632,0.12166702393669153
8635,0.05363787569385421
8639,0.05375255108181425
8642,0.057073168865654826
8643,0.12883595689838973
8655,0.064864220688737
8657,0.04436374448004041
8662,0.12960290828456847
8666,0.08469582494021735
8674,0.051516230249195265
8676,0.12283198146254386
8686,0.10435830167196267
8691,0.05042856650604618
8702,0.09926533451319777
8714,0.05299207308678503
8718,0.10468231164469322
8731,0.05087547945681786
8738,0.06417152063617255
8745,0.05423514617166968
8749,0.05469582597011413
8754,0.06041502837217553
8760,0.04638214221987727
8762,0.05503236282803391
8767,0.04761581673027343
8768,0.10919431466497882
8769,0.05062435706478615
8771,0.1061301882055277
8795,0.04266536087642549
8796,0.05774370022266067
8811,0.10703573249348494
8815,0.138665282496375
8820,0.09792594510521596
8825,0.1250386504610094
8832,0.04443684171124055
8839,0.08178613854751882
8841,0.13005727260881478
8848,0.051663906469625216
8849,0.06652538959044928
8856,0.10549839135706776
8875,0.06986441423860915
8879,0.05341941877267034
8882,0.06007282135019329
8885,0.05875055394807941
8892,0.04459035871811308
8897,0.1260352313899688
8905,0.06833927779077005
8921,0.060114134725998566
8928,0.05271745020579194
8935,0.04463262222939822
8939,0.06372274461793977
8941,0.11016303183660876
8942,0.053415913448291004
8949,0.10641443990113192
8951,0.051575572168921544
8958,0.13376750296076212
8964,0.06311877024726907
8972,0.05634826006193213
8978,0.1545262101614008
8979,0.08297801927309101
8988,0.12082086936881983
8997,0.06021992728406258
8998,0.057629623361356914
8999,0.11919616495840714
9006,0.05514693318246389
9012,0.13810307883150424
9024,0.05678422632524087
9026,0.051009126479483774
9030,0.052198654848954744
9034,0.047498668804578426
9036,0.11863436850213127
9038,0.06601916885107215
9040,0.12222805357159136
9041,0.03295777813437783
9042,0.06409930719740893
9046,0.060246705294403034
9051,0.11676041570133223
9054,0.15493274603814766
9057,0.052377134751621625
9062,0.07078323688821093
9072,0.10782031044722312
9075,0.05127503477389902
9079,0.06520145804992827
9081,0.05795059756331639
9091,0.10287214717937601
9110,0.04476332411196894
9113,0.06571436997435516
9116,0.10834888598812227
9120,0.0565462302581605
9126,0.14925904458891817
9133,0.09353938855085775
9135,0.1191623242934822
9144,0.056107899414368334
9146,0.05804015312232567
9153,0.07531658989220161
9155,0.04725218940675285
9160,0.04101278353501842
9165,0.1444243674966505
9172,0.12408773734822635
9174,0.055242597332455734
9179,0.039925488490691594
9180,0.054139256096599135
9195,0.048724747190361704
9199,0.05134099116404935
9204,0.09819653820933154
9205,0.05287210222346194
9210,0.13250559579265075
9228,0.051668453601362484
9233,0.11988022307070431
9235,0.05982558809952456
9237,0.047277182288158984
9239,0.046696506932279606
9240,0.057974700565245826
9241,0.07633690616108939
9242,0.05556987304748963
9246,0.05698077321969544
9248,0.04709789223465743
9253,0.04450856538200543
9254,0.0587469896474374
9260,0.0489687860974928
9261,0.067832406911371
9262,0.04957664632117021
9263,0.1484550210019106
9268,0.059589028210438585
9275,0.049394644913876795
9278,0.055564947693456705
9287,0.04810670321093722
9292,0.11605127505719347
9308,0.14850875374433592
9309,0.05340772984539967
9310,0.11190151527675085
9312,0.03292970045781552
9314,0.06009059353218901
9316,0.05543372017628336
9318,0.10789456259066132
9322,0.12178804116026071
9325,0.060447047296908356
9327,0.10599722651823752
9336,0.06407476103788312
9340,0.09704126657831962
9342,0.1261459443846498
9346,0.04784673942160099
9351,0.13951172753094496
9357,0.055682662158824114
9372,0.06335640064988311
9374,0.0706023516906555
9378,0.054471794193196185
9385,0.0770142508679407
9413,0.0546047736005776
9418,0.047821728376897764
9420,0.1097672761260455
9422,0.04806966777054523
9423,0.10897488026018493
9425,0.04613171923664106
9426,0.11068363440381444
9434,0.06559066168139743
9436,0.10710058653916092
9439,0.05777912276450829
9446,0.057687853282248965
9460,0.06437065583555783
9461,0.11938092844808636
9467,0.06559601257503524
9472,0.126185633849791
9483,0.046024364861341656
9485,0.10075578186988947
9492,0.07626571433241891
9500,0.06358239588034009
9507,0.1170235519308163
9514,0.1251414037963711
9516,0.1187602546425484
9520,0.0851637383777973
9542,0.045462346946629706
9544,0.12222291017325482
9548,0.1537195675659577
9556,0.06432217760492544
9558,0.06576186521880374
9565,0.07949535911540231
9571,0.12214598821469787
9575,0.1127638825138312
9587,0.06691205707670081
9602,0.14445248539788763
9609,0.061637886157629815
9618,0.04499332518029716
9622,0.1260275489003909
9624,0.06287958697612808
9648,0.11097063497423763
9658,0.13627379255651476
9668,0.05306165418661179
9702,0.04436108890172438
9705,0.049388800436816586
9706,0.05694340207679324
9707,0.11403472909307585
9708,0.07820466216763228
9710,0.12591785635248562
9726,0.12444118111938238
9753,0.0657166830429106
9757,0.045846874079061864
9761,0.058330872569185205
9765,0.05246508837430464
9768,0.1526601516538749
9769,0.06086214031763307
9775,0.04808322319843639
9778,0.10152440871350574
9788,0.04210992436949367
9789,0.11685328878879038
9792,0.09409060066022694
9815,0.056811261070321015
9816,0.061960590326800964
9822,0.06216056107469097
9823,0.06982832990892984
9827,0.051636799299525485
9835,0.10678227825156242
9840,0.059545941009036464
9841,0.04329570691315317
9849,0.10334675123787927
9853,0.058665068207207995
9869,0.0603449826711626
9873,0.046303683226715436
9881,0.03962741169865649
9892,0.13871049848937406
9898,0.06244549206996408
9899,0.06360424426146889
9915,0.0501464962951573
9936,0.11746353652433428
9940,0.057676692084778984
9941,0.056251859898211236
9947,0.04317686296710559
9957,0.08873809268382928
9962,0.0602608942372892
9963,0.08092181934466873
9964,0.0700041230278928
9965,0.12300390837026633
9968,0.11321987770206238
9971,0.10449503566761933
9973,0.13957881293496313
9980,0.049984610572944205
10002,0.13628894963102964
10005,0.06294088928082153
10007,0.05493427230333396
10010,0.1351154397175107
10013,0.11244240356511818
10014,0.060836746493490884
10017,0.09974741946282813
10024,0.11363572114701133
10030,0.04118721496152565
10037,0.06171578648988254
10046,0.05232428428014949
10051,0.048855865572127045
10063,0.05242599893886358
10067,0.06476068271586279
10073,0.056614001103284156
10096,0.04619292549951021
10099,0.062243308080115405
10100,0.05250044678539105
10101,0.10458952096776093
10103,0.052734770967127746
10110,0.11511950730743291
10113,0.11553732949239995
10116,0.047791332436299655
10124,0.12078821499704553
10127,0.04743229637647056
10129,0.14221527941240453
10139,0.06896217041349824
10140,0.13232115686291646
10145,0.13937473908182624
10149,0.060117503053584154
10151,0.12684445699118704
10165,0.054667670633814544
10166,0.0530014820260633
10168,0.11744549027635548
10174,0.03746856154888211
10186,0.06839608240961527
10189,0.04954887730426843
10193,0.10393579218350338
10197,0.05283649417975569
10201,0.05529196759288775
10206,0.056928273420447616
10211,0.05306167633193855
10216,0.053419178846520386
10224,0.11517964326674739
10234,0.157305823400288
10236,0.09266593939831254
10239,0.12891267060445627
10247,0.058640603494434215
10250,0.05089658414086624
10253,0.11756471064921685
10254,0.055706387524381944
10263,0.11091655715233134
10264,0.13136618512814469
10265,0.06705936701660142
10275,0.04852827308525572
10280,0.06503662974963134
10286,0.12373105449898565
10287,0.12115060641925372
10293,0.0734030265155432
10294,0.052252180579596456
10303,0.0483270962203377
10308,0.13148545638044773
10311,0.060667651432928266
10318,0.05860206978235148
10323,0.1424200431844469
10324,0.12013411658304088
10327,0.05793298906826233
10330,0.06373985195718783
10331,0.05229992693138742
10333,0.060503224452146065
10334,0.11961470767521076
10335,0.1232041608211794
10338,0.10685622506527805
10339,0.1319616273348987
10348,0.05373300090208369
10354,0.10489248374743698
10356,0.05314048565102759
10367,0.0652651797385812
10375,0.05429747393999289
10384,0.12116258194301562
10386,0.06638752897852208
10389,0.06369743361733518
10393,0.053857039715672864
10404,0.10816230798665093
10408,0.0528194291070507
10416,0.11349646476956966
10434,0.15881381051251572
10448,0.14632289539355797
10449,0.05805058868248684
10452,0.046250036288212185
10453,0.04460175850519224
10454,0.11478871675496682
10461,0.044176747035564436
10462,0.04574322098194734
10472,0.06874924771699581
10474,0.1260240104320139
10476,0.08938754060960746
10478,0.046964840810588875
10483,0.04149176415472656
10492,0.06199139340508621
10493,0.11574455615514277
10499,0.0591303265183574
10501,0.04154822063112854
10509,0.06059416411195812
10512,0.04849309656708275
10513,0.0447247655004553
10516,0.057587401411868806
10517,0.06766990750392754
10525,0.05757418643301328
10529,0.04578159698316387
10532,0.060781345109124876
10537,0.055998209961453986
10541,0.1040566263784661
10545,0.05577314769808976
10548,0.05069415174512158
10552,0.06301565478896491
10554,0.1290010925025921
10557,0.06013100265684228
10564,0.12226535987518598
10574,0.060279677111733675
10591,0.05961655985393595
10596,0.0981862525769733
10600,0.15681583135167562
10606,0.0548867617622662
10611,0.11018673855114598
10622,0.05148564815189404
10626,0.07020335836307999
10629,0.0660201628778687
10630,0.0562019500881787
10631,0.13639977633343559
10633,0.061629161370787694
10638,0.05925568009369112
10639,0.1297162532665718
10640,0.07259943065722509
10657,0.12480633652580371
10663,0.11639919154631559
10664,0.04420638514560017
10667,0.07728434514639657
10671,0.06001422274820772
10672,0.05831850096636611
10675,0.06338809665313094
10679,0.12391010936484707
10681,0.057353616087976
10683,0.04771006667286583
10688,0.05423585404287123
10701,0.11657761303166264
10704,0.1219824374673939
10709,0.13082285798017546
10715,0.058697928770666506
10718,0.053447028870258734
10724,0.06384123892722014
10731,0.07083677169001085
10733,0.041711317741356134
10737,0.12095526141823253
10744,0.037623459591510956
10750,0.09818236656899847
10770,0.05232858507375532
10776,0.06526542995569076
10780,0.0557407134420065
10782,0.13792438852909333
10789,0.06758088021660368
10793,0.11528425310218066
10795,0.1169586404427029
10807,0.055080338169551005
10813,0.07846489728854215
10815,0.059755701187689664
10817,0.05445975851051804
10819,0.03958809286589342
10824,0.05441514973261695
10828,0.06454628421894859
10830,0.05044656057169424
10832,0.051305052270375184
10836,0.12890944887764968
10839,0.10386071923597535
10843,0.051493036451433445
10844,0.11792330669177914
10866,0.056201720911476696
10872,0.05122532213769427
10873,0.053167597818647286
10878,0.05339398354653551
10889,0.044924492398232554
10899,0.13422563844308882
10901,0.11301904328459988
10904,0.13278250378119927
10910,0.056840612012080516
10911,0.10715684108398482
10917,0.056011689625758476
10920,0.07168666026887255
10921,0.05339234350125664
10922,0.0610787184195664
10929,0.054053407455494806
10930,0.05290909639948751
10933,0.08925026943494804
10934,0.04877490650895674
10939,0.12318308192960109
10942,0.059461493996189996
10943,0.059650084769288444
10945,0.13268940526088874
10946,0.05147223825723224
10949,0.0852589009620597
10951,0.06548109418454558
10952,0.11692662224455101
10953,0.05668878349364752
10955,0.05750089806908165
10956,0.1403035373580437
10959,0.1403956180256517
10963,0.04252118194473607
10965,0.05188818150367752
10971,0.06022230790868675
10975,0.09484740348059519
10979,0.0485274031738989
10983,0.08165761033231189
10984,0.04614711505610133
10989,0.06678829066192155
10992,0.0466754427156343
11001,0.0512451163100137
11003,0.05216582097615556
11004,0.05302310051923306
11008,0.04868965494149853
11016,0.05891503789855268
11017,0.04624514255519105
11021,0.15376457700212817
11028,0.05582254880416446
11034,0.10543190710079701
11035,0.05196933868970377
11036,0.037766904622986354
11041,0.049929489593794035
11047,0.1376369660001695
11056,0.12498320505768722
11058,0.06257463213930282
11059,0.08214266663121698
11060,0.0987358069560145
11064,0.10267644849643294
11066,0.059544025861250106
11069,0.10263104234608628
11071,0.05120617303339078
11072,0.10396021326153732
11077,0.10112576240651906
11080,0.05435670825750815
11092,0.050346701183807616
11097,0.06123903004191012
11098,0.053477645812751565
11114,0.05207134454143114
11121,0.0633912344548245
11124,0.10356346471200666
11131,0.058523352449387826
11143,0.0860742132450365
11146,0.042981533527208265
11154,0.05208144972089279
11164,0.10935144995535027
11172,0.10629704111111403
11173,0.055459854872990294
11174,0.045925623882961286
11175,0.063007459683234
11180,0.06275754163132503
11184,0.047479817668606504
11188,0.05794425904453451
11189,0.07240952401998088
11190,0.0486531712740172
11197,0.044795262337724
11201,0.1620734506908212
11204,0.1438992243229301
11211,0.05055171918492197
11212,0.052166899902426185
11218,0.05363516127536062
11219,0.04734536906589329
11227,0.04888229012271957
11241,0.06333157395098314
11251,0.06933813557697337
11254,0.048664789217260425
11260,0.07612866509191112
11264,0.05787943064913213
11273,0.060168830345154446
11276,0.06241729457467581
11278,0.05578208307244461
11282,0.0682788554961924
11283,0.05774561361450265
11291,0.11916245906946382
11293,0.05881616887578515
11302,0.11894577742818525
11304,0.058909707000992524
11305,0.12202555735572235
11315,0.1128551921426499
11321,0.040886547927845775
11325,0.0698775511649566
11335,0.06197861930010035
11341,0.04854715760437328
11343,0.058459117009670075
11344,0.1265861803039187
11361,0.05185594642695293
11375,0.11985148865950276
11377,0.0631091007146391
11379,0.1610245821740128
11380,0.12594916366987924
11391,0.09389776846530455
11393,0.14555938297767515
11394,0.1264734745592977
11398,0.06848707180307276
11399,0.10072553293679903
11408,0.07112514505248486
11412,0.05420119857151151
11420,0.10965130237389023
11421,0.1299847600591368
11430,0.060018714944285456
11437,0.05461736331159104
11446,0.0617809434159525
11471,0.046577014449630146
11472,0.1109068235163756
11475,0.06902125596775002
11483,0.05661571636672045
11492,0.05908156056516915
11497,0.06060478319066503
11498,0.07725104665849568
11502,0.10638208009703953
11504,0.051647013293946116
11511,0.06696191479611327
11512,0.05286750584595749
11514,0.061226045166208665
11522,0.09829044287590195
11524,0.06337489278117635
11533,0.09736036062304028
11534,0.034880602822744244
11541,0.06061177538761572
11542,0.056772143398497656
11547,0.045904253033967925
11548,0.035156855160034306
11566,0.13797000695679876
11572,0.053793737577030876
11574,0.10188429817627741
11576,0.06444057505568955
11577,0.048876910513582346
11580,0.0552195101764624
11598,0.048169089691945
11603,0.043312114835388764
11613,0.11546305502140196
11614,0.06506540184205899
11620,0.06547365319171053
11621,0.1341491659025286
11622,0.048602278350884036
11626,0.07128595159919904
11630,0.05544484758541609
11636,0.06864665667939375
11637,0.06310777904190418
11639,0.040893884505171965
11647,0.052324134638244334
11653,0.07885027872840249
11654,0.05820676489508613
11660,0.04130346170305531
11664,0.13860581849581033
11667,0.11144981995925438
11679,0.10058467530654822
11687,0.1254780950033447
11691,0.05027848979643757
11696,0.108211401716012
11702,0.12772730636222265
11703,0.05823225055698956
11705,0.13529930110141478
11711,0.11072829475174646
11716,0.045816529261563
11717,0.1461108842837606
11722,0.05637044511648308
11724,0.05551054875272564
11728,0.1035363520530298
11737,0.051302069953559445
11738,0.055203564675390296
11744,0.05754889850806998
11747,0.05304656019807368
11753,0.08036081700304662
11757,0.12381440625069995
11758,0.059620065762643885
11760,0.0760011786191759
11762,0.05518347842826409
11764,0.05116411235673262
11768,0.061293391652900826
11773,0.046424705429283494
11774,0.1331764306948889
11783,0.09697307733304354
11785,0.10073553757418792
11787,0.11365631658642386
11791,0.11470984677790344
11796,0.05311196185381128
11797,0.045076963006677136
11798,0.05268228179203476
11803,0.060758482540015105
11808,0.045847490744364915
11810,0.06608894533157905
11814,0.1345881399069874
11822,0.1360005047109791
11824,0.06123941620864049
11829,0.12755301286591247
11846,0.0542402761940862
11847,0.10351525484290001
11850,0.1208388359103843
11853,0.04826015459584072
11854,0.06208891929602475
11857,0.05853283337195909
11862,0.04463329209833846
11883,0.057357693322234185
11890,0.053810994052880534
11909,0.05463807041437174
11913,0.06294542503970031
11917,0.08497861565505373
11919,0.0622972963820475
11920,0.05717801564218536
11921,0.09084169009833706
11928,0.045070308518676584
11929,0.05284989545756643
11935,0.06172583991356202
11936,0.044252474618588146
11939,0.06034481453142449
11942,0.05251284412891033
11943,0.059382580016541
11946,0.05278088482154454
11947,0.059847654474998194
11952,0.1261524442231556
11956,0.05138995295236751
11959,0.05815936814877198
11969,0.062279135735749794
11973,0.10961045977046814
11974,0.12340110999950878
11975,0.12681859326229328
11993,0.12280147980044415
11994,0.09626928084337547
11995,0.09159468074779849
12002,0.09865392317124116
12006,0.03751565468490776
12007,0.06012139988480388
12014,0.05197334093945056
12017,0.14342707803689836
12021,0.12056682874221909
12023,0.1318332071185936
12024,0.047995079431410945
12027,0.13193420369960848
12034,0.08517624969140317
12040,0.05435023963231722
12048,0.10890840398257821
12052,0.05639979655129849
12057,0.11876909906332378
12058,0.18890988582829504
12061,0.05306808789639026
12062,0.04915682896390629
12064,0.06691786789398103
12071,0.13868125744693344
12080,0.14075635038220294
12085,0.05627897639218272
12090,0.13270393988148305
12100,0.11988325561676876
12103,0.05576810644145487
12104,0.05319847831674093
12109,0.05490551576101541
12114,0.09105313312700393
12123,0.070818208036105
12124,0.05579282715516039
12128,0.04630096173882827
12132,0.09085308244030026
12135,0.04478114056808543
12140,0.1468243170332646
12149,0.052377946982511074
12155,0.04736180164408618
12158,0.04877051683304716
12161,0.13759018755858266
12163,0.13280058653773966
12164,0.11455869221940307
12174,0.05926005645891819
12175,0.045922196590386884
12179,0.1121775082596032
12183,0.05592590123971331
12184,0.12088756903301084
12186,0.05433449933413632
12190,0.05294638637241184
12193,0.11964331312018732
12195,0.0479934981605366
12196,0.04942707213416936
12205,0.06113025618333341
12213,0.10198629876638797
12220,0.06008201347244984
12221,0.053814608039343514
12222,0.057208010428732116
12224,0.05372183198144931
12230,0.1329730358085389
12239,0.10444278853546744
12242,0.04402215018723798
12244,0.05075631886996373
12245,0.12040745488551365
12247,0.052634593944701345
12254,0.11851540110774626
12258,0.04347673535311088
12266,0.062241271217320294
12267,0.12567095268565068
12272,0.11568654907897029
12273,0.061685549772662204
12276,0.07588137261075774
12277,0.052853696608424997
12283,0.056656272962796045
12289,0.05231940076224309
12297,0.10333109410212653
12300,0.1468724710335371
12302,0.06802103385871862
12310,0.07191910400409096
12312,0.10625049128491544
12314,0.04887732967490325
12315,0.04817447386785294
12327,0.058674876291092616
12329,0.06393173795401322
12332,0.08312762938185822
12342,0.059476842399923714
12346,0.06294924470095344
12347,0.10005578914176513
12349,0.06127108978306661
12350,0.062475837281929875
12354,0.0865831299139231
12356,0.03904351504780402
12359,0.05259769437676683
12360,0.056299924161419795
12369,0.052040449426618215
12372,0.05073193007670222
12373,0.053140567628239994
12375,0.11336919962234007
12376,0.06532976300048536
12379,0.0634152950354426
12382,0.07386019596216793
12387,0.08965322612788201
12389,0.05911367195008691
12394,0.14122315237938568
12395,0.052368896776756664
12396,0.1246146865252705
12404,0.1408386691283609
12405,0.06826089753763145
12412,0.1429894081184864
12419,0.10967807775556121
12431,0.09932082220616316
12440,0.10076412369926607
12444,0.15195240734041845
12447,0.06335425636233047
12452,0.11764672954739683
12454,0.06014684159867436
12456,0.13002288908264903
12461,0.055979201652385416
12469,0.05658239343866696
12472,0.07764093591849755
12473,0.06112197430436708
12474,0.04907794932478013
12476,0.07328770560921068
12479,0.04782534751948086
12481,0.07174969379517916
12487,0.06253156107061866
12493,0.09392087888065631
12501,0.0887878567967041
12504,0.09810920718415657
12507,0.08495858894256128
12510,0.07796209073381292
12512,0.11898690213489983
12520,0.1181911752316511
12526,0.08344429533904242
12529,0.05480267310328578
12532,0.04585021885900099
12533,0.07024001842654065
12544,0.07059968400542573
12546,0.05819662079770624
12551,0.06533287782082921
12555,0.14952471036800963
12576,0.10431811597720753
12581,0.14096634170737804
12588,0.16294475313184986
12593,0.0387332186466105
12594,0.04921482983497044
12598,0.11192202595139275
12599,0.13315645248247499
12601,0.05982891937876884
12610,0.13993168159265018
12622,0.04902843346071696
12624,0.053583768699071097
12625,0.11234589098994523
12629,0.05038099506725833
12632,0.058521131832401284
12634,0.044049225564669774
12635,0.056151869465225435
12638,0.07137681754402274
12640,0.048639630576031836
12641,0.09265088206788898
12643,0.04578574136034891
12644,0.06704951948523918
12647,0.06004976152871538
12651,0.1525127038229313
12657,0.08662752705276333
12658,0.11213227799939414
12660,0.09942317786624899
12661,0.06797806887636273
12666,0.04358809514425294
12673,0.048943601973549807
12678,0.11603483956607512
12681,0.06834914442599671
12682,0.0645001636727189
12684,0.05113744891129839
12689,0.11344996241183303
12699,0.11804489560680147
12701,0.11246897057900611
12710,0.04610907146834583
12712,0.07999692696207139
12713,0.12257534207019781
12715,0.06111194575519462
12716,0.04736090818125713
12717,0.11967983362510716
12718,0.05700513053199185
12720,0.05112473423540229
12724,0.0625062843361109
12725,0.1240091667016462
12726,0.05508543576928507
12741,0.11886514073234941
12742,0.11298267647745412
12743,0.11887538088705821
12748,0.049285429613949085
12749,0.07349738751397653
12751,0.1186721991968499
12752,0.07300071300601192
12756,0.12195873443391778
12760,0.06036167896447133
12761,0.04958723985936214
12764,0.1042126573906537
12767,0.059637602232745654
12774,0.12673652978728964
12782,0.09091844619369233
12783,0.05513705213319077
12784,0.09847242030946794
12785,0.09215404843237171
12787,0.1261894154236212
12798,0.057085889769536935
12805,0.10410074349559374
12806,0.11402947782098061
12809,0.08536990449165428
12815,0.047966049722967516
12820,0.053674601789580764
12824,0.10764440938103569
12829,0.06057040208121059
12833,0.10514236721748034
12841,0.12105662740308068
12843,0.09401612750348841
12847,0.05782837407316863
12848,0.05954418621146637
12849,0.05691901406869164
12852,0.05955951735977341
12855,0.12117035000293812
12864,0.1207425457478686
12872,0.05789187735718466
12873,0.1742735030860134
12874,0.12978484313532146
12877,0.04893059022590466
12879,0.056465748666768616
12885,0.0511468243974573
12893,0.05951139364235522
12894,0.07342138606321681
12895,0.06029994119961298
12901,0.04939219107302491
12912,0.04892267452761592
12919,0.11808887342669917
12924,0.05284375471316465
12929,0.08360335838563845
12931,0.055819101669351695
12945,0.05434075619100717
12958,0.07043665807236536
12962,0.11642710079644493
12964,0.11611901853626087
12974,0.11653504253491093
12976,0.05700268616343459
12980,0.05483911273088528
12984,0.054818691523061444
12987,0.04962396491837821
12991,0.13368924923308248
12995,0.11616735182551602
13001,0.056800056711359764
13005,0.11820055769878177
13006,0.1260794417789384
13015,0.06249878998626756
13017,0.0704856899298342
13033,0.15186428119510795
13034,0.10560922071160349
13035,0.11515455662363856
13038,0.051973296142339684
13044,0.07427521807239786
13045,0.05699915519341966
13052,0.049188257452177184
13059,0.1098606580497899
13060,0.04724867786990645
13061,0.14152983655903448
13066,0.05509733503197876
13080,0.1173882331708828
13082,0.12444224400872246
13105,0.0774588830558795
13106,0.14974817523696662
13121,0.14798104675140045
13123,0.1188598312750782
13125,0.05165491424467891
13129,0.05713959717712264
13130,0.04981836563327008
13132,0.13624771923066895
13133,0.08192515491019323
13135,0.12197346611010045
13141,0.051015132532202946
13145,0.07545570827610702
13149,0.047006640084621666
13153,0.12955870875060443
13158,0.11673734905057662
13159,0.04392794849664875
13169,0.058731969606118796
13170,0.061079215026435804
13178,0.12050358621932372
13179,0.062350127639905786
13180,0.103087990768031
13181,0.05097936401245188
13183,0.0756395278156996
13196,0.04529740320263043
13200,0.12172489718547362
13202,0.04916316231995125
13204,0.04840226820979857
13208,0.10757403981016979
13212,0.06220604286924221
13213,0.05609111421142823
13218,0.11061118044929136
13225,0.061768580146288304
13229,0.10812292580859051
13232,0.05409036442689234
13233,0.058176509013655425
13234,0.04827646322623338
13249,0.05933565283945625
13253,0.054736713739064226
13255,0.11825093829257612
13257,0.11944979655659548
13266,0.049488415556460545
13269,0.05781768902180641
13270,0.12659550036036096
13274,0.1021205350942977
13281,0.05814364801717799
13287,0.046397277349368764
13305,0.11785169584742328
13308,0.050399743924532496
13309,0.055291810721143524
13310,0.16410339396183707
13314,0.13427456811941857
13315,0.055983353909011074
13324,0.04424422855494414
13326,0.05286151323204395
13333,0.06695815913931141
13336,0.04528794557660531
13345,0.048088651610954505
13348,0.12074921185914252
13350,0.053549884247494066
13354,0.049840197467837806
13360,0.10522198523264978
13364,0.12523164357245525
13366,0.053348054344222
13368,0.13784033823561198
13375,0.10252897496790882
13376,0.057461505362025767
13380,0.08704506936403708
13382,0.052985243819374556
13384,0.1344633059007626
13387,0.054599720293754934
13390,0.04096928439228886
13398,0.11468413386644427
13403,0.04541960589098743
13404,0.08437408536413392
13405,0.049983740258613324
13409,0.11279910203969104
13411,0.05344079117890826
13414,0.11290420080554135
13416,0.10378157393172201
13417,0.06727776497061895
13418,0.12845040991008225
13422,0.07265086949089795
13430,0.05697215557395033
13435,0.04581373709690344
13439,0.052340501673881
13446,0.07548460407651376
13448,0.06846826946924249
13449,0.05907756273595383
13451,0.09905840881941687
13455,0.06581783080334368
13468,0.10933084673298828
13470,0.05503744178037658
13474,0.053723115645694125
13478,0.14091834073804893
13485,0.04990649034487255
13488,0.1345419262603772
13489,0.10307384692985791
13500,0.05569211467467929
13505,0.056420016045615404
13506,0.09116375270266042
13517,0.05517322360105743
13518,0.042441064416902624
13523,0.05969888244115533
13529,0.05861674277316494
13532,0.06180931558657886
13534,0.048715439253786366
13539,0.10006800023412989
13547,0.08267256987842303
13548,0.07704095060227292
13550,0.05512496676832689
13554,0.14455632105741303
13555,0.1406733609318251
13556,0.07125436309093952
13558,0.05571750120098355
13562,0.05451255564351402
13566,0.055213595169594204
13574,0.06279812826512887
13576,0.08227059210718862
13577,0.12089791722554778
13580,0.06207677307876721
13586,0.04834052296267785
13598,0.06558936607082581
13600,0.0547554767225037
13602,0.05903562092181416
13604,0.06025702431260694
13616,0.07803476697085138
13623,0.058744866553469034
13627,0.11976855028041386
13630,0.06649711537679379
13633,0.13704904064193676
13635,0.047870023473172714
13636,0.11697005178116134
13640,0.056282509226372755
13642,0.05237629209761038
13647,0.11323499930199678
13648,0.1111712673736743
13652,0.050162010592730386
13659,0.06777124025282591
13660,0.04837630827147937
13666,0.12336606366398273
13667,0.0495114407917127
13672,0.11126737229868523
13673,0.05966189530851622
13675,0.11914130587271313
13678,0.11674597575670428
13682,0.038294588924510826
13684,0.1141741374408848
13689,0.05116568565974247
13690,0.06713891061261017
13696,0.04765435075607533
13706,0.10219090449153634
13710,0.13889143957564193
13711,0.1189760321045842
13712,0.056312787941964815
13717,0.05171784359203396
13718,0.11777457900799707
13719,0.0645449352394023
13720,0.04251676268866356
13722,0.05707094177576854
13723,0.12005747379110811
13726,0.055352101548280144
13733,0.05818515735306464
13739,0.05304824875416702
13743,0.1252337960706377
13750,0.11380322821665637
13751,0.05027984790497211
13754,0.15134125903511142
13756,0.06153623740856486
13760,0.047889684427558095
13762,0.10838499010046009
13763,0.06389562792979586
13766,0.05644441011257023
13767,0.05168627972752606
13769,0.043991759145666505
13770,0.06382123785185276
13774,0.11268482453336132
13776,0.056724980828362595
13780,0.057485302994603034
13784,0.05669730812463481
13789,0.09360110491230426
13790,0.06663040005980604
13792,0.07512892459368505
13795,0.06073916796273504
13797,0.05129437462101334
13800,0.0483747963668887
13804,0.10816401699276412
13815,0.054669143807004605
13816,0.06416519032013836
13817,0.12387012366651566
13820,0.04901267987316485
13824,0.13502577013971856
13830,0.14480363960887943
13838,0.05357008828375936
13840,0.06133032999686146
13841,0.03643034772789673
13842,0.11996831912516434
13843,0.057917160191618
13849,0.05168146727721937
13852,0.06692924150125182
13855,0.05231092654845772
13858,0.04060432212504989
13863,0.05533378814201549
13871,0.04906640791031635
13872,0.10264757760452607
13873,0.0545532406469426
13874,0.0918131754267565
13877,0.13825270508537665
13879,0.0832492262133597
13885,0.09666621215005541
13886,0.12895657891185877
13892,0.11542702145798812
13895,0.06494885437563658
13906,0.11905485995231488
13907,0.11904419149157124
13908,0.06401975542762443
13909,0.05949134421511818
13911,0.057612533033908155
13918,0.1274978691515094
13919,0.05300867484135905
13927,0.14216535713044431
13930,0.05790885429844769
13931,0.11413711024918653
13933,0.11301260295524715
13938,0.08958174824954064
13943,0.04828638811431268
13944,0.06915243574479854
13946,0.052737860041701196
13949,0.04290098933096519
13952,0.14674024312856915
13957,0.07193022209104058
13958,0.07815897149860698
13965,0.07739116381587623
13970,0.04889333534052364
13972,0.06722116515934992
13981,0.05982466889974087
13983,0.04174545979344865
13985,0.056526481432111385
13986,0.06385049654539472
13993,0.12893819941102513
13995,0.05955990141357913
13998,0.05017870254243289
14000,0.05232381930862373
14002,0.04660433774886238
14003,0.06094271934935481
14019,0.1240130261861499
14021,0.12885746409953813
14026,0.11344532338645624
14031,0.06549764571918397
14032,0.06590275048544705
14034,0.04977407572323958
14035,0.059719467656259864
14043,0.08123834095242083
14046,0.1230253092162147
14048,0.054276127779228946
14057,0.1327379279975879
14065,0.052492215684906265
14067,0.050373602199748686
14082,0.06193747621541892
14086,0.12940104699876614
14103,0.1276961589005556
14104,0.13694114503191188
14106,0.1470202014009344
14107,0.07798197010498537
14111,0.05230463261547983
14116,0.05804173547036761
14118,0.06427278247345006
14119,0.06911102971397773
14122,0.04849524565298322
14123,0.06808192578609648
14124,0.05837446467001127
14125,0.11215890200598316
14126,0.11692096135125268
14127,0.09963000596511191
14133,0.12103148645648827
14137,0.06486468037035797
14139,0.12460937345651243
14143,0.047430472844049804
14148,0.05581252624845122
14149,0.058119847294350324
14150,0.06538601390480826
14162,0.06352361106702857
14163,0.06841461679941037
14164,0.049666295291867106
14173,0.13127483938455006
14174,0.11029149022958164
14178,0.04673880764715744
14181,0.055089721796416004
14186,0.10244609678237662
14187,0.11939739824829906
14188,0.050273186242108706
14192,0.12758242186084445
14193,0.05575993337799413
14198,0.12371424522790385
14200,0.11502971209778377
14201,0.04893316540200346
14208,0.07067630252865358
14214,0.1249884619504807
14220,0.04822371318938956
14224,0.050144715983532345
14229,0.04918837146808503
14233,0.0878969972607815
14241,0.05253465091639968
14242,0.12466477190510669
14246,0.05892428527997205
14247,0.05065272178583779
14250,0.0742841042894459
14251,0.05243704713186756
14254,0.1290233368868595
14257,0.06241409190178985
14259,0.12860624923575256
14261,0.11874911714300153
14281,0.10508561717243681
14282,0.09850189338032163
14285,0.05109953965565256
14286,0.09865677115211287
14293,0.047246553001872985
14297,0.0668467597849075
14298,0.0526617132580813
14301,0.054615074393952155
14308,0.048297135561038304
14311,0.05542033517436159
14313,0.052956653334103584
14314,0.049433827248233725
14315,0.04595988466422186
14320,0.05746981991295839
14325,0.0549226328430469
14333,0.055081072955860386
14336,0.13065124842882125
14338,0.08354311466556935
14354,0.12305071294338463
14359,0.12139577477347907
14361,0.1142707653966591
14362,0.059591621826592875
14363,0.09726109183897357
14369,0.06201424127513654
14370,0.10582326826593386
14376,0.0578710075547501
14382,0.06209639459385548
14387,0.06442070513797239
14389,0.13706471772040651
14390,0.05185600956190132
14392,0.11069549063262686
14393,0.07096192732787189
14396,0.12349347865525577
14407,0.08459989079410088
14412,0.050133285537173715
14413,0.13221369500004398
14414,0.054657890655181826
14416,0.08707190656887345
14417,0.05818690319588758
14423,0.12834681254060396
14427,0.11420042074554895
14430,0.12846409302607828
14433,0.05823871642605672
14434,0.04954546247941201
14435,0.12814772652851988
14436,0.05446534810315122
14438,0.05638238090540654
14439,0.06000036412038814
14442,0.08548935763986423
14444,0.09670985030577751
14446,0.05379758290392116
14449,0.05243830447232721
14451,0.04675594997159319
14459,0.1137481975816259
14464,0.10887438141059444
14467,0.1367819350300818
14469,0.13848757972129305
14470,0.058236400872696895
14471,0.10151471053170275
14476,0.04420604028293238
14477,0.06051813956138945
14479,0.05152349016427429
14480,0.06412042697392485
14481,0.044704005449154614
14485,0.1088970802742668
14486,0.05348280136216126
14493,0.05975998116795674
14504,0.1339321980623413
14508,0.13882573642128448
14509,0.12785594881573187
14516,0.09424177652068902
14520,0.05974014537145737
14522,0.05184881255891196
14523,0.047184595757731915
14529,0.11253305676260665
14532,0.061515213645894365
14537,0.051353516431402374
14540,0.06285138454575576
14541,0.05388403680760239
14544,0.05937821697062728
14548,0.08145083420253517
14550,0.13050229467669022
14554,0.03936778325238806
14555,0.05863777646762428
14564,0.10582872744570343
14571,0.0529478981236378
14572,0.05668503251732182
14576,0.12865871653820216
14580,0.05072366561539353
14581,0.08603158613121628
14582,0.12705345228016232
14583,0.096435068489966
14586,0.05893708967309969
14591,0.06430503893369531
14593,0.1268965782755663
14594,0.055415756887376606
14601,0.1171373502544785
14602,0.10524993239236285
14604,0.12421223689270883
14610,0.13250895328532636
14620,0.05163892365237703
14622,0.17296648672794526
14628,0.05778861236872241
14629,0.06739439278243428
14630,0.0525936060086427
14632,0.06894972137276315
14634,0.04377283201720635
14646,0.05042316767511247
14648,0.1294862734765747
14651,0.04860440419543718
14658,0.050320011439700676
14661,0.049902620634116324
14666,0.044432899497443556
14672,0.13808916256335466
14673,0.05155728920645311
14680,0.053603565410678254
14685,0.143016183519237
14688,0.1297265398428018
14694,0.11350313572971062
14695,0.1369041251415141
14702,0.1232568139310673
14705,0.04748643596811954
14706,0.06796465581920595
14707,0.12783788394770745
14711,0.06753043536458558
14713,0.0508115444930761
14714,0.04725740528481199
14717,0.06756772997684815
14722,0.06202425771590063
14726,0.05318285886536288
14735,0.06478915242170775
14736,0.06723010053920388
14742,0.12991096107300829
14744,0.16016617228511582
14746,0.05525861077095867
14748,0.10380980056918881
14751,0.14148628321190185
14753,0.14411805806931655
14754,0.1260505017058255
14759,0.13982238649833426
14764,0.11289859779831225
14766,0.052294802231221724
14767,0.06056295879941758
14768,0.11539282625599594
14770,0.06469257165387303
14773,0.13379286271586746
14777,0.11425314259040584
14778,0.06312305724679708
14779,0.046842931244701354
14782,0.10988633697521463
14783,0.12869205637746273
14784,0.04904557463785741
14793,0.05754046156061529
14795,0.053319082522689014
14797,0.13042958500873797
14800,0.06110290040682197
14802,0.06586244234075968
14803,0.06293491808583347
14805,0.13105183378523014
14808,0.11634133843326033
14809,0.07588414441778842
14812,0.11614916280913147
14813,0.11067864422169409
14814,0.12744565143105274
14818,0.12994903215125825
14819,0.048363974275076965
14820,0.04617429765733651
14821,0.13338560835967264
14822,0.049402037539972514
14826,0.08822830362128438
14827,0.059095468729348184
14831,0.10391531895622753
14832,0.05046380942206496
14839,0.06279622447603597
14842,0.06993432679219622
14848,0.1048741085069842
14849,0.0437493297913585
14855,0.05958826173915866
14856,0.12583620629995618
14865,0.05724445559977254
14866,0.06656405540606972
14869,0.05112858368149869
14873,0.12158906722696776
14877,0.05472627623394833
14881,0.05991185746526966
14882,0.131669661609385
14883,0.12766612660730778
14885,0.0694031066706629
14889,0.12373106569342807
14890,0.14102998778534073
14892,0.12605415369376663
14893,0.04965509323323386
14894,0.06982646740736491
14897,0.12698271551211424
14901,0.10958829580747033
14904,0.04739459998971571
14908,0.10334955443931453
14914,0.06430384791064105
14916,0.05751286641181391
14917,0.05954509314569869
14918,0.060152717220526154
14923,0.05682822939678147
14927,0.12258675214954386
14929,0.11574640750301811
14931,0.05468031007952338
14935,0.05157722556113575
14948,0.13027977095630322
14950,0.049183646328721436
14951,0.06926918409153524
14952,0.05391888851088963
14954,0.07819206243985397
14960,0.05320860416018511
14962,0.06086145423919798
14970,0.08549427852427452
14973,0.06808114176571799
14976,0.07671944264520585
14978,0.13124433027413962
14982,0.06894111273686847
14985,0.06061570135181786
14986,0.07286536585700001
14987,0.04623378860457779
14988,0.16041834321283255
14991,0.11748004030809157
14997,0.055416605841248884
14998,0.06125021791383108
14999,0.05387651055833085
15000,0.04399192407846613
15005,0.11938124028141499
15006,0.060714481983904896
15009,0.12748135371681163
15015,0.13123232835877197
15018,0.060302188998146475
15029,0.059111574039651345
15037,0.10100082003247121
15041,0.12365932807710907
15042,0.06965922030561483
15047,0.04885500761511563
15050,0.05227461460228703
15053,0.1365032055183477
15056,0.1278969763997146
15057,0.10861332346860343
15058,0.0489244178905675
15060,0.07519322129118468
15062,0.05884323182707488
15066,0.06959930417520717
15067,0.12007126956293612
15068,0.04710679618114672
15069,0.06555537087962839
15072,0.11383526765505254
15077,0.09798690774382794
15089,0.05745341440000587
15093,0.05284052934191495
15099,0.048216394320894335
15101,0.13584517795019932
15103,0.09678403139714144
15104,0.11476222883381001
15105,0.05707510455997183
15108,0.04958158306611688
15109,0.10927133043176877
15112,0.11047658612286035
15114,0.13237575906603194
15117,0.04628803674935242
15122,0.05496140972094581
15130,0.06415718391803106
15132,0.06044880433189208
15133,0.11797407329190726
15134,0.05124311722013026
15136,0.054292830330395725
15137,0.05580839156903505
15142,0.05703695997013138
15145,0.046916334164577855
15146,0.058870627551753325
15147,0.05583973054730238
15150,0.0551685841827587
15163,0.15520644606840514
15165,0.061376501890822645
15167,0.05201428178255656
15168,0.05626889610050529
15173,0.09616114402144761
15181,0.06544704509509541
15183,0.13617205576499083
15185,0.11621403083667653
15186,0.12358126298872465
15189,0.12321644885625187
15190,0.058174130686740745
15191,0.05087403362548337
15193,0.10738655077643583
15196,0.11821289616763371
15199,0.06385402726109765
15200,0.12309523193005505
15201,0.12610202624061362
15204,0.07265400111604339
15207,0.06775021275640312
15209,0.07838356516831524
15212,0.12965390670677945
15213,0.11379133485661778
15214,0.11914458042992755
15215,0.15063108810108863
15216,0.10196169929945036
15222,0.05913472913049677
15223,0.08106120062974566
15231,0.04435356534745637
15236,0.12747717935200872
15240,0.13181419461671007
15241,0.14517513159613904
15242,0.14766307890717797
15243,0.10999868101225321
15247,0.0987249274637202
15250,0.04685349728959092
15253,0.10539394567561956
15254,0.07900273943171011
15255,0.12477978349268104
15260,0.05693690284325426
15265,0.04659641735374251
15275,0.04548507955140818
15280,0.11846005296640671
15281,0.12862198915495207
15282,0.15546408695485
15283,0.0657356771229769
15284,0.1413413648858928
15292,0.07521075090902302
15293,0.0471521086983772
15300,0.15201861503133243
15301,0.10133425047199233
15302,0.05889906553565681
15303,0.050203602153241024
15306,0.05756821333269155
15311,0.10407748171260026
15313,0.05993837419611617
15320,0.09314048262398845
15322,0.0612766670373825
15324,0.05146406809586512
15327,0.12184575447703751
15329,0.05036891226567514
15340,0.06755326169010746
15349,0.10787652005201136
15355,0.10415542406604958
15356,0.0583295621476883
15359,0.06698434749151015
15360,0.12523190917847665
15361,0.0816311417531467
15364,0.0635303117577668
15367,0.055220001688375216
15368,0.06966417591508188
15372,0.11249552939601315
15374,0.07079668810382983
15377,0.05425758544427338
15383,0.1337485451486201
15386,0.057652500794932254
15391,0.05723056617970157
15394,0.04027079911616539
15395,0.11463085779259204
15396,0.0891856632437087
15397,0.08899182068078929
15400,0.04051596593830459
15404,0.07895761630901073
15408,0.0693146547185901
15409,0.05001063847329504
15411,0.055098962462203555
15414,0.12991440474938992
15416,0.0495135315071355
15421,0.04383197023888095
15423,0.06950895867584636
15425,0.051810412627047456
15426,0.11663200487271438
15428,0.12680062086554722
15429,0.06410633311530813
15437,0.10468479765956214
15438,0.06076023889887714
15449,0.06053057005430537
15456,0.11289101957917891
15459,0.11969819906417681
15460,0.1259012543779145
15465,0.11687505335297259
15466,0.11741775721228111
15468,0.14346843707610618
15469,0.046122001424129255
15470,0.10315437824607782
15473,0.053857837645889514
15474,0.13483939344093196
15484,0.07115289630015469
15486,0.0505439798465452
15488,0.1352622131009424
15489,0.048626489268252866
15493,0.06660725554717259
15494,0.05824765310969134
15511,0.045694816707901646
15512,0.12314639832212695
15517,0.12029815955252351
15518,0.044907825707406826
15522,0.050612451834637626
15524,0.1295009518857772
15526,0.06281048264431077
15527,0.05558986800958583
15528,0.12277007893937145
15534,0.08440452357216506
15537,0.1429190384704984
15538,0.049091458727917356
15541,0.07132674941638516
15544,0.13217164608905996
15545,0.10016904998270816
15546,0.05510151900050189
15547,0.060535209523107224
15548,0.12653156236964308
15549,0.15734746249851242
15550,0.05572112687399485
15551,0.060630021016662795
15552,0.06082429280811241
15553,0.11414140927732007
15562,0.10977547733825861
15563,0.06828921892868937
15564,0.13247427690191818
15567,0.052648671380344035
15568,0.0669540271984584
15569,0.05151602338175754
15573,0.054044060999514316
15574,0.04746021499214068
15579,0.06522762197735699
15581,0.05115733087552821
15582,0.1192981660554449
15586,0.10609047789429554
15589,0.11559491222860341
15591,0.046573938195620126
15594,0.0497295219696414
15596,0.12342356618277361
15598,0.11774684298777155
15600,0.06283772522131872
15603,0.15309189878690782
15617,0.05136129269345603
15619,0.1084911708176045
15625,0.059417112007750975
15633,0.05951617644202461
15636,0.11104232120722299
15637,0.06238002630663839
15640,0.05973591360540597
15641,0.05217004353746955
15642,0.10688311634406301
15643,0.04624219241970029
15650,0.05313209814248595
15653,0.07054798555370258
15655,0.14069249734665962
15661,0.12552869781411832
15663,0.11406453953479657
15665,0.06873568428310861
15667,0.11214782808188734
15671,0.05731023593737193
15673,0.10056677019984304
15676,0.05057716502663216
15679,0.05828456243770188
15684,0.0581331139007738
15685,0.05264807570986919
15690,0.06224957796498325
15695,0.05611099746602548
15699,0.159326584396563
15701,0.055200876745272076
15705,0.061080184342331034
15709,0.05928306565683099
15717,0.05527093815443419
15718,0.12530944416877657
15724,0.12853251138750588
15725,0.10669336282453762
15728,0.11742973339901928
15729,0.10157537288509934
15731,0.06045856379745199
15732,0.0900169434464156
15733,0.12374944281444841
15739,0.061035352894200604
15742,0.04261255840648434
15743,0.05301820270057411
15744,0.04813377384687321
15745,0.07225193586276604
15748,0.05386626618112733
15751,0.13754387792637976
15752,0.08524524030589875
15760,0.057252430947322346
15761,0.054372268385828516
15764,0.11943288821443199
15766,0.1292303442771003
15770,0.050639014495250746
15773,0.05918377188110287
15777,0.12757636467844202
15778,0.11029501291066605
15780,0.07553017634380053
15782,0.06466072937417064
15783,0.12424957195139207
15785,0.11368977738614353
15787,0.11975014246769704
15788,0.12638104402400557
15793,0.05343008153862354
15795,0.12155132338502772
15798,0.17190976982676243
15801,0.12608217020743642
15809,0.08719992924858376
15810,0.059407476117991465
15814,0.0613758450731802
15833,0.14619742364718077
15835,0.1243126396818787
15837,0.0459555788925946
15841,0.05534596823856231
15842,0.07237853964046363
15845,0.05854577268750768
15849,0.05173450353211504
15850,0.05882670051032849
15851,0.05034897906226846
15853,0.0440224239721446
15854,0.05203673022565974
15857,0.06041874253655493
15861,0.14541869821772313
15868,0.05686142389093856
15871,0.08567913631618444
15873,0.048509462012358284
15876,0.05794856925128633
15883,0.05415175594188511
15884,0.09586106880421995
15887,0.04372374336864656
15888,0.06682094189315624
15890,0.049223147776296675
15891,0.12335015691211382
15892,0.059060580340421734
15893,0.04875578791757657
15897,0.10949930722562416
15898,0.12642170982936882
15902,0.12901254149282584
15903,0.06349973204747265
15905,0.0486568211559028
15910,0.11867328872083824
15911,0.11888239687306269
15912,0.11528591993304674
15916,0.058870696582848256
15917,0.05217728240519048
15924,0.14705960477121807
15930,0.1389600939090852
15932,0.13224046063233305
15937,0.08355652243509928
15940,0.052242679295898806
15942,0.08741339657971453
15943,0.12548858332198942
15946,0.09054719884447439
15948,0.052511754760383444
15949,0.05702324547277972
15952,0.05646686067673416
15954,0.06171353303743912
15956,0.061963755370133364
15957,0.09012686104085896
15960,0.06221489603286312
15962,0.045579337124750735
15965,0.06335038423876921
15968,0.09789128245052213
15969,0.11102278991690406
15975,0.05417875730740697
15977,0.13989964609539188
15982,0.052528479313177216
15988,0.12310559559114923
15990,0.06439320850289443
15991,0.060517890322445984
15992,0.05454624274523119
15993,0.17208934485768854
15997,0.0770572132730048
16003,0.05608586619615618
16009,0.05280251320737751
16014,0.07101649837425164
16015,0.08738513445113025
16016,0.05998939597925653
16019,0.04842230208147911
16026,0.06304979943649218
16029,0.13867791758071546
16030,0.13458541558459491
16031,0.053223864110110965
16032,0.10853568236192915
16037,0.08259815482224427
16045,0.154111701859139
16049,0.11587328043587022
16051,0.06005426708028377
16055,0.16652782587018294
16061,0.1260384233027911
16064,0.13488474323831748
16065,0.06250901787255274
16076,0.060213238655863185
16078,0.05437352454448552
16085,0.055427804139380366
16087,0.0543913344553439
16088,0.17123080557334847
16091,0.14005216146409138
16092,0.05375985510367614
16093,0.1041700590713382
16095,0.11335193955282227
16101,0.05109723812491549
16102,0.06148927057260632
16110,0.12690075752088092
16111,0.08513348608420897
16113,0.043427191837782216
16118,0.13856540540767387
16121,0.05035450511829113
16123,0.057508565107371484
16127,0.09738693303335125
16129,0.054734012324277256
16130,0.12125511572805146
16133,0.0557475737062617
16135,0.05184351134090521
16136,0.054035853215182936
16137,0.1309123149798222
16138,0.057242909706225566
16140,0.13135358835605632
16141,0.134585415263797
16142,0.05523772200216127
16145,0.11887823989907154
16147,0.1376817393401406
16148,0.13248800987097825
16149,0.11308632524011114
16163,0.11662090202524754
16166,0.04889127452871521
16169,0.06099532968530132
16172,0.07577147682959821
16173,0.12260601420730127
16176,0.1236496558635085
16177,0.11073301808411419
16179,0.10259704656874356
16181,0.06559216362821604
16182,0.15328532795492528
16197,0.12466598467036581
16198,0.05543995394121338
16199,0.05213666110331972
16203,0.11160165548493348
16204,0.0795164910630942
16218,0.04068986645936068
16219,0.16610701095521993
16226,0.0637879300516753
16227,0.06045719612712888
16228,0.06332996033678469
16229,0.1468379176947977
16230,0.11044033421186018
16235,0.06086814006883911
16237,0.050007531533985954
16240,0.04825993517015072
16242,0.13117584250723993
16246,0.0868624414994753
16247,0.12429537996323707
16248,0.050775238743611
16254,0.13472087232662103
16256,0.15520694815970398
16258,0.05954415111651538
16260,0.05343334397479262
16266,0.05302563367256258
16270,0.052749078124498985
16271,0.062416231656324005
16272,0.05906247175951618
16274,0.06647935580512354
16275,0.12247758267038572
16276,0.04564960489608193
16277,0.057190213044662146
16278,0.051721505543564056
16279,0.12950591244468757
16280,0.12829751324472638
16284,0.11653599810035849
16286,0.05217640913107072
16288,0.13558322902642897
16293,0.05013978036779964
16299,0.11401723169062469
16300,0.06416680162493053
16307,0.06476474465257986
16314,0.11825160771666189
16315,0.053609635337405585
16319,0.12503231836851633
16320,0.14055116863804876
16321,0.062993281471466
16325,0.052038040203211094
16329,0.04514721901288157
16333,0.04570484734052198
16335,0.10014092479765245
16336,0.12078694246064518
16342,0.10024645529715812
16343,0.0543542691069365
16346,0.11453991283082321
16347,0.05549048379889627
16348,0.13724514560534318
16350,0.0687866473463274
16352,0.05276725612043077
16354,0.13317301758970315
16356,0.07381686839089902
16357,0.12396112577213726
16358,0.07021964514285811
16362,0.052866253214031066
16364,0.06530965725709029
16367,0.06241669655212483
16371,0.04744273675210468
16374,0.12918148514635494
16376,0.11706412536677131
16377,0.142207735544809
16378,0.1329062835918454
16381,0.03305048970587293
16384,0.052876855462887236
16386,0.09642385113892181
16388,0.04910241243660393
16391,0.13694134742904526
16394,0.12142048945131438
16397,0.05219597554157099
16398,0.1069230807908384
16400,0.06427834963275379
16404,0.13216375029300242
16409,0.059119257324739855
16411,0.04370848167590727
16418,0.1352453246540067
16420,0.0614415784187871
16421,0.12100675006086253
16425,0.04582534735000031
16426,0.06095468129783545
16429,0.13716724740323016
16430,0.11689313339139275
16431,0.05566007109386287
16437,0.0561586720814598
16438,0.05383798524209742
16439,0.06001946478497127
16440,0.06552644558172001
16441,0.10889688648692149
16451,0.06429056395720936
16461,0.09982127312941264
16464,0.08539900987635304
16466,0.0551522495307711
16467,0.07692400101167467
16468,0.16214329935178864
16469,0.05561784824626255
16470,0.1435418986668102
16483,0.14348129627416956
16488,0.057914942017791356
16490,0.07111804123842426
16496,0.16221891837010197
16502,0.05929041380765494
16511,0.049776225561514516
16512,0.10424182435454625
16513,0.13057788216654742
16514,0.04155989154314614
16515,0.05195671725723169
16517,0.12409098063495498
16520,0.05318621448687991
16525,0.11955459296798066
16529,0.057310287310349144
16532,0.0575409645574659
16536,0.12347836424922495
16540,0.058596279878990354
16542,0.05539697268597993
16548,0.06108779267492539
16549,0.049423315344885824
16551,0.127776471145484
16552,0.05094322928925214
16557,0.12038406020826983
16558,0.060034788184325984
16559,0.10971737881414269
16561,0.05387457555700468
16562,0.12375273776088225
16564,0.055911346728846296
16566,0.05858325044693241
16572,0.1507634231579125
16573,0.07189518658024388
16574,0.14710257323191872
16575,0.05763005499872833
16579,0.1573507269580161
16582,0.04471532490198183
16584,0.13495339954867808
16586,0.08423914162306646
16588,0.07094450752180012
16595,0.07036961310513078
16597,0.06018838724325283
16600,0.05347711104351076
16601,0.1477094235648092
16606,0.06360063664797816
16608,0.06493286272725521
16611,0.12556637840057663
16613,0.13948846797216366
16619,0.10551102302923658
16622,0.0813122047975717
16624,0.11948094553079812
16626,0.12194746221568198
16628,0.057459661059806724
16630,0.06224404036338989
16631,0.06166352867473036
16634,0.12113735088026556
16638,0.055602903600459115
16643,0.11779265844547503
16645,0.05250727661060108
16649,0.12090714839376561
16651,0.08976592659815806
16652,0.05758321630421564
16653,0.046715579935401756
16669,0.13609087612212337
16672,0.1277908040067344
16677,0.056753354816316014
16679,0.06744504203969272
16680,0.11689147107303066
16681,0.05632048198843396
16684,0.04127729431563706
16685,0.05084746236565219
16686,0.13177515532090656
16689,0.045126324371580484
16690,0.034872773743810044
16692,0.10209781383258794
16693,0.05991703230512389
16696,0.05630237527244203
16703,0.04959781441800912
16704,0.054555533977733085
16707,0.11664513632508551
16711,0.04909502481629775
16713,0.051349101908303565
16714,0.15316248459829368
16716,0.05188113827588034
16717,0.12286468679817282
16718,0.09694850848429017
16720,0.044629010346629375
16723,0.06566356335663867
16724,0.07492056764345995
16728,0.13717307231570422
16730,0.11532076191267844
16743,0.07666259022176987
16744,0.05749387007890201
16748,0.08134440661923159
16750,0.09690416069690697
16752,0.09840452450910094
16753,0.058034679299521934
16755,0.13212208116787438
16756,0.05855848563171235
16760,0.06436673144854503
16764,0.05198448461672848
16771,0.059411049874863536
16772,0.14643045844152733
16776,0.10506716399870636
16777,0.043831059339431724
16780,0.12213593017522126
16781,0.07120737870035786
16788,0.05374724981799727
16792,0.05165015098640843
16794,0.13788937042188149
16795,0.06023511921412548
16796,0.06471930377487872
16798,0.06509711391024132
16801,0.06042594523498005
16802,0.10569675024298336
16803,0.1110514485988091
16815,0.06525673698742278
16816,0.08592626832309737
16818,0.13864739026277811
16819,0.13805934968556888
16824,0.09854635081968582
16829,0.10541138009451792
16833,0.0625457410803236
16834,0.05659618811000876
16846,0.06129770936229509
16847,0.10320282767972445
16848,0.05359876910475215
16852,0.104649257235515
16853,0.08251215229906769
16857,0.07137382110984475
16858,0.10878394047196265
16861,0.10293500413216611
16862,0.12165751176197534
16867,0.05582132480579156
16869,0.054156062391880234
16870,0.1099597220688131
16872,0.11805190342899329
16877,0.06675943187570318
16883,0.052034496096240605
16890,0.06903326915348487
16893,0.12900152240237361
16894,0.0774278910086427
16897,0.10483857193825885
16901,0.05632757926418685
16902,0.0322879115670285
16906,0.04200355236730189
16910,0.06622094374234141
16911,0.13653564608630872
16921,0.09922678146811023
16926,0.10887964982343071
16928,0.05964695506834009
16932,0.16231774345713498
16933,0.09522460316061962
16935,0.05593376008172263
16943,0.12071895977527121
16947,0.06251672091184324
16948,0.12345880753885707
16949,0.05552760049982788
16953,0.12177092762071363
16954,0.05946249934204927
16956,0.0520501011147442
16958,0.057296739230777
16962,0.047288359024740906
16969,0.06568976191028286
16970,0.05135180964989076
16979,0.05606486984442749
16981,0.05894508964631129
16983,0.0651832657389876
16984,0.04981433678791319
16985,0.05299799714633422
16987,0.1172783713041449
16989,0.09574821771128511
16990,0.1135211091652537
16992,0.11561354497706831
16995,0.10614417616738563
16997,0.05997457435622756
17000,0.13421735769862664
17002,0.124886386323284
17003,0.03547198338886857
17006,0.101908290308295
17007,0.12475441036979074
17008,0.0574418344171689
17014,0.06260133093415586
17015,0.12066300793062627
17018,0.1514772643222329
17020,0.037523186454281064
17024,0.12984385176681554
17026,0.052796281365421124
17028,0.12134599540211742
17035,0.049650705824366925
17038,0.07345560532557181
17041,0.1252990591788469
17046,0.14476796787763838
17052,0.07753062254597733
17053,0.08319995706410886
17056,0.03977593426807369
17063,0.12370942135680349
17068,0.0632522808038786
17073,0.06521977256127948
17077,0.12154446022216106
17078,0.06531695500806871
17081,0.05470467699221999
17083,0.0625960643480972
17085,0.04747426845946917
17086,0.11408795340196437
17087,0.053607199131559785
17088,0.1000533500161773
17090,0.10125118373944923
17093,0.06885505730623316
17094,0.06915583206080897
17095,0.06856897866773527
17096,0.06328607423311493
17099,0.14442993064267334
17101,0.06730539263938942
17102,0.11390030945211067
17104,0.05949418551456719
17105,0.06023130644465485
17115,0.06113879737360336
17116,0.06997154550180484
17122,0.047257720989610015
17123,0.05678718770836523
17127,0.05440197728750657
17128,0.13082110652364068
17131,0.11866668263586906
17136,0.11270658335204492
17140,0.08486314660871842
17141,0.12138367888722845
17146,0.05954503660883799
17147,0.054931064377419285
17149,0.12295963399794416
17155,0.07401215040759007
17158,0.05390844558602694
17159,0.06795325132668917
17163,0.12641479111458934
17164,0.050694156734004785
17165,0.11920951440775562
17169,0.04907535108129188
17170,0.052066085765647356
17171,0.12658266837936893
17172,0.05080711933660843
17175,0.05426250535684548
17177,0.05114506497110359
17181,0.13059477087880228
17183,0.04971130334109477
17188,0.05566862950149621
17189,0.10326232101504479
17191,0.052757404373968655
17192,0.06072022077736974
17194,0.061728633820658435
17210,0.05271706306079072
17212,0.15025593674620724
17219,0.05581522941853092
17220,0.12721896561214624
17225,0.05843360810948941
17227,0.1293322272171588
17228,0.05031794900100585
17229,0.059909320133973785
17231,0.06139707598258675
17232,0.12141860421527452
17233,0.043839451843521456
17237,0.07292444107730109
17240,0.05198422355877609
17241,0.12019717529756765
17243,0.04229865207877551
17246,0.1405993057241407
17247,0.0947041125955649
17251,0.15453162276430613
17253,0.10447850837738501
17254,0.051091964844496934
17256,0.0596880119699244
17257,0.09493362147301962
17262,0.04616326578230866
17267,0.07120822257016406
17268,0.05625661903703669
17269,0.11864409354848095
17270,0.12872286682281586
17275,0.14282414629350593
17276,0.1299232632424805
17277,0.13125343845365772
17279,0.10741253184440855
17283,0.05733781535837273
17287,0.05862896080324417
17288,0.05927608699057177
17294,0.059884111132502256
17295,0.053890407758696066
17298,0.054129800210609334
17300,0.0397332156607603
17302,0.13905555039874556
17303,0.07015807365161222
17305,0.05296138471860986
17307,0.12281185879912274
17310,0.04821993706213265
17312,0.06367077576813253
17316,0.12606879311789346
17317,0.05133720332968586
17318,0.05330857078846017
17320,0.04345230864309973
17323,0.05807616625431484
17324,0.07980666851039969
17328,0.062125607779989676
17332,0.09340145221551767
17333,0.05322750428429615
17335,0.07421194678906957
17338,0.054362336850052054
17340,0.06601999847306063
17344,0.15160004286117112
17345,0.131942589290278
17349,0.09163501419393655
17351,0.1032872689681172
17352,0.04843385037785385
17354,0.06587050584915652
17356,0.05007417574751101
17357,0.1035481597537254
17361,0.048255631610749895
17362,0.12305963457916998
17363,0.10687961516791568
17366,0.057973548202163425
17367,0.09829683698540245
17369,0.06526711886878257
17371,0.12201907874238742
17373,0.11728763782817209
17378,0.12226891642028515
17380,0.1173617385582788
17382,0.13203432609240737
17383,0.11539455579244673
17387,0.04817152509213981
17389,0.12187632235949647
17391,0.04104745887286073
17398,0.12094689251535887
17402,0.11516492119818134
17405,0.12066235347929569
17407,0.060813374525847556
17409,0.06413545518773693
17411,0.04440683377243687
17412,0.05014047162896363
17413,0.06843756683761676
17415,0.06773830112604581
17420,0.05062082061988116
17421,0.07114945074623452
17422,0.12554746828454671
17428,0.1382962478694135
17430,0.04114052664658453
17433,0.0574870372547458
17435,0.11476251939212898
17438,0.05226434631047456
17440,0.05559909678938282
17442,0.05389626362197633
17444,0.07227054968007784
17448,0.05892747635028195
17449,0.054284752646197205
17462,0.13327379310344067
17464,0.08739739268160521
17466,0.07082586333617734
17468,0.1507046513928252
17469,0.14497899730130992
17472,0.116505124760417
17473,0.05181831723039626
17475,0.06828807918211517
17479,0.05029777246181897
17481,0.055440085471250324
17482,0.06386295473513356
17485,0.05593718513741474
17486,0.051085907198107364
17488,0.13612050689534935
17489,0.05158415270656139
17490,0.044864874184930535
17491,0.0564778826285731
17492,0.05713911760097038
17494,0.09251351530769512
17497,0.055340902877072724
17500,0.11751707021272936
17506,0.09261052369037344
17507,0.08788027426920932
17508,0.06001634306540783
17510,0.12423594653343736
17512,0.052680143226100797
17513,0.10824808768913777
17515,0.10240863859263143
17520,0.05762583265189292
17521,0.06534607355990495
17522,0.12391804909108034
17523,0.05187358330295745
17524,0.05830399290080938
17530,0.11577384970779782
17535,0.13724418748538528
17536,0.1292394231519735
17545,0.13530095370349826
17548,0.13451298998916972
17549,0.11138980560952048
17553,0.07546447469528329
17555,0.11396494646324905
17557,0.12711635302329868
17558,0.048075338256874364
17559,0.06704231327665085
17562,0.135239610539678
17564,0.05442968696141343
17565,0.06135269661128559
17566,0.12217256565869865
17567,0.12666755524707443
17568,0.06164678301629304
17569,0.13538140057194728
17572,0.1244393394823798
17573,0.12421719244267998
17575,0.11424329975139974
17577,0.11654335800151772
17578,0.06579375964683837
17580,0.05031947041927052
17581,0.13016118136862226
17585,0.09509385411288211
17586,0.13131787232068526
17591,0.11969955517010422
17594,0.071746618613637
17596,0.057651228637708565
17599,0.12482010160721566
17602,0.07129549294798182
17603,0.09140626536798306
17606,0.06362141234909056
17614,0.1525834742888067
17621,0.16141516001939973
17624,0.11759027625211364
17626,0.13583453211808155
17628,0.06694122880267762
17629,0.06326958550113818
17630,0.12614199802089285
17631,0.12146425003991523
17633,0.09203756900282921
17636,0.11364009805227732
17641,0.11178326498559539
17642,0.12383623098119155
17645,0.15176088727499445
17646,0.04691828766878947
17650,0.07950340371563873
17655,0.11422830764417514
17659,0.12409947688430807
17660,0.09623922664206673
17662,0.13070136759825518
17664,0.07127849669659389
17671,0.051747286114527745
17673,0.05008935281791824
17676,0.11107769673264849
17679,0.053011381219130654
17685,0.1333825616470733
17705,0.1323090685372467
17708,0.08563692113136333
17711,0.08496115117224892
17714,0.10431864071881453
17715,0.05317200288542488
17721,0.04943939684781291
17724,0.12741994955197777
17726,0.11024892422096852
17728,0.10667949975964844
17730,0.05718883330778832
17732,0.04529660528998774
17735,0.1476509093494195
17737,0.05715491620539882
17738,0.0982673308144651
17739,0.11773836324101376
17747,0.05368604090038181
17749,0.13156087333982194
17752,0.12297323459570203
17753,0.13367653680874
17756,0.11866883733335305
17758,0.03497135311851432
17760,0.05374526924990014
17762,0.12168137471484071
17763,0.11133870316707137
17769,0.05329018612720195
17775,0.1089000174823903
17776,0.05499995458820269
17781,0.11767448395076859
17782,0.04863199013646788
17783,0.05190312750446259
17784,0.14498827461219027
17785,0.09161074081700506
17798,0.050685336482236054
17799,0.12255104526075945
17800,0.12190646218480751
17803,0.06418953183540739
17804,0.0663627897664328
17805,0.10082813466734503
17808,0.12505065140252852
17817,0.05928462320812165
17823,0.1549913145647963
17824,0.10109352136139188
17825,0.060366301075217885
17827,0.053871622549832
17828,0.11792826977073954
17831,0.10567033271700786
17834,0.04554862590421142
17835,0.16314245214604728
17837,0.057700287682781785
17838,0.098525689039059
17839,0.05065497041754683
17843,0.17620615717152863
17846,0.12140095378732231
17847,0.13008354417862353
17848,0.11830398355946081
17853,0.06454115250519389
17856,0.12580129331654327
17859,0.08434214323482879
17863,0.06618933724696349
17868,0.05582777925774891
17869,0.06016440440645461
17870,0.0510490961402854
17875,0.0646351605613001
17876,0.05236185826215291
17877,0.09316186201038859
17879,0.11996114885572674
17884,0.05683712880779209
17885,0.07505490977443037
17886,0.06477303070900575
17890,0.13090937318148002
17897,0.03822069901926945
17900,0.037413047063887296
17902,0.07071032794428285
17903,0.0529863884657916
17908,0.07198666141087916
17914,0.1160634756188866
17915,0.11921596613265244
17916,0.05071566095972998
17920,0.059267014018179895
17921,0.1506339755403551
17924,0.13218686948120845
17925,0.12025388848110333
17926,0.042143065679782085
17928,0.05884029593246779
17930,0.04808158344165007
17932,0.05938134450368481
17933,0.054161765814851985
17939,0.12346338645706607
17941,0.13417299107060146
17943,0.05128232767803715
17947,0.059764377059269354
17948,0.12416894582760206
17950,0.046012328517277025
17956,0.060217803493939306
17959,0.05804561451077731
17970,0.09898370390063596
17973,0.06155925799022984
17974,0.1524281334001308
17975,0.1043137481755438
17976,0.10826834267456932
17980,0.04084291913066571
17986,0.13557183879060936
17987,0.05621403839260178
17990,0.056372636195970355
17994,0.09794943897836819
17999,0.051191283242310356
18002,0.06074716917329482
18003,0.05273169383078148
18005,0.05097271997227783
18007,0.05482592979484654
18013,0.08152389869440634
18015,0.04809948856898381
18016,0.05435664857625743
18018,0.061833959840708295
18019,0.07400038207252034
18026,0.13301838956219034
18030,0.1334798817337234
18032,0.16331852805260424
18035,0.116785283426497
18039,0.13878115963849097
18042,0.060551244897808575
18044,0.11876768271038053
18045,0.04961701998922463
18046,0.12100238148916481
18052,0.11274223344713319
18054,0.06315952714868171
18055,0.13361558739754956
18059,0.04721972339831755
18066,0.1419589375339932
18072,0.12257868998203805
18073,0.06469424279053841
18077,0.11040820148239207
18081,0.06232383188118445
18083,0.05397759552458559
18084,0.12186606018800833
18085,0.05736549618921892
18086,0.0508063779734875
18087,0.1285546960746844
18092,0.0744047657814611
18093,0.04825287142908305
18095,0.056766945228640765
18097,0.051741536242019506
18100,0.05496329310468638
18101,0.11311525676454726
18103,0.12408297223298603
18104,0.12551718391042163
18105,0.04915697457855642
18109,0.04853197499636106
18110,0.13743544132827887
18113,0.14365937709115195
18117,0.06452211645593516
18119,0.06453251054256662
18126,0.16257755554743422
18127,0.05113917426662042
18128,0.05803853051506559
18129,0.12402491641601304
18130,0.051775271056032496
18137,0.12287619728004388
18142,0.10558102334322458
18144,0.049222265874594315
18145,0.0480038611961002
18146,0.05393883900454531
18149,0.12394392543854836
18152,0.0477563089087286
18153,0.05560735119667972
18154,0.04992193445609224
18155,0.10370273206294536
18156,0.12171630551072089
18161,0.13345769443590058
18163,0.055703422339549585
18165,0.0597519888884357
18166,0.10332786411337871
18168,0.11230092278776369
18172,0.05112072212263096
18174,0.0724823960661961
18176,0.07179425991873034
18177,0.0674571696288274
18179,0.11924653262519262
18181,0.14011439308870996
18182,0.04916279664824702
18183,0.1465491661509582
18187,0.09502156646687755
18188,0.06546539069348147
18189,0.12199413906426812
18194,0.10814339279541094
18196,0.13233856847904774
18197,0.06720636392757524
18198,0.05587499238278444
18199,0.10809908754745647
18201,0.13993241671233653
18205,0.11730989216168819
18206,0.05508435596811907
18207,0.08277313653797563
18210,0.044823162433220924
18212,0.05878445128161405
18214,0.06161462562035455
18215,0.05418959843628246
18216,0.06942547144011628
18220,0.060551323283872305
18221,0.10265442511100335
18222,0.056953267708321445
18223,0.1719248471375733
18227,0.06103091005766015
18228,0.14553950596377985
18229,0.06167518870250946
18232,0.1291826019520165
18234,0.11207400820607427
18239,0.043024150873335686
18243,0.1228348655128131
18244,0.05850570834054753
18245,0.12959292504806774
18246,0.05598503768438291
18248,0.12323589455680005
18250,0.11045047912903279
18253,0.13413660643048644
18254,0.04820331998100395
18256,0.06033074175538096
18257,0.0656327669744574
18263,0.06260511797676359
18264,0.06009981232942586
18266,0.06375480084606504
18267,0.0628627763550193
18268,0.05722531201053761
18269,0.08294154379545528
18270,0.05481035293727733
18271,0.06274515793161549
18272,0.04450904764869127
18276,0.11980623882381494
18277,0.048567720920481075
18280,0.06872892430615943
18282,0.06872528255517067
18285,0.07104109204664057
18288,0.07959223879731339
18295,0.053410841156830965
18298,0.13071866969412352
18300,0.0559336188954273
18301,0.05392544946649681
18302,0.04885564213727938
18304,0.05064830970276789
18305,0.053554833707441934
18306,0.05179800601858242
18307,0.056324925450166194
18308,0.05768964152849949
18309,0.06850739444340591
18311,0.07345403163764556
18313,0.11337035387883244
18314,0.12615667082264947
18318,0.17453063367428814
18320,0.05506580184741602
18321,0.10114963722808636
18330,0.13696241603349885
18334,0.05177144233334709
18336,0.044611242198008015
18337,0.11857530602686073
18338,0.05398353228462776
18339,0.05628431145515395
18341,0.06934608115588191
18347,0.060177023067233576
18354,0.05534629230341882
18355,0.04738523331566931
18356,0.12052304757148878
18358,0.048131090569843625
18360,0.13717624533444528
18361,0.07834571883015343
18363,0.06608117697525102
18364,0.0713008361946373
18367,0.059668485479575116
18380,0.054701179521779775
18383,0.05761263193539044
18384,0.11618681034473877
18385,0.11548140631720002
18387,0.0855474613277729
18390,0.06859906110990846
18391,0.13994970451213287
18392,0.06311676827451831
18395,0.06331176220942576
18396,0.11271178775856451
18397,0.09444674713289813
18399,0.09228787702194613
18400,0.05605062875626566
18403,0.15739720980243238
18404,0.10200839911546575
18406,0.0482434491873472
18407,0.07404064163767199
18413,0.0508913406163195
18415,0.07906230488117516
18417,0.13653735017272564
18420,0.05341550385057122
18422,0.08664588809607658
18425,0.05804571887488735
18426,0.13071672462984302
18427,0.04298153401862365
18428,0.04837079682237028
18429,0.12442862212360366
18430,0.053165373163605
18431,0.11141109923686349
18432,0.11678314768435734
18433,0.14777656433700612
18435,0.051954635212897574
18436,0.048106033446329716
18437,0.05389386182074102
18439,0.04521878258452342
18444,0.04297108876931854
18446,0.0821608073363793
18448,0.10386014774619388
18455,0.04458209904916828
18457,0.0566875735034847
18459,0.12127930051719836
18463,0.1414967936961491
18464,0.04973142466161359
18467,0.05330488148225171
18469,0.07234181981955501
18471,0.06199745149023534
18475,0.061287755672015255
18476,0.055005893994661936
18477,0.046572362881463124
18483,0.11038628196743397
18488,0.05877695933898446
18489,0.06801780588641915
18490,0.05022448485607709
18492,0.1792465065821541
18493,0.05165244025504246
18494,0.06814579054895588
18498,0.10971955194129687
18502,0.12399200243077937
18503,0.07141675644591547
18504,0.05810707780431078
18506,0.1106693829505256
18507,0.1223195879703581
18508,0.06430196223479488
18512,0.061015488796299366
18515,0.0372407796810754
18517,0.149780811256271
18518,0.04788808967933797
18520,0.12172562801227343
18521,0.055980500284343836
18522,0.043343988348169285
18523,0.1007861468621441
18524,0.07696471039883415
18530,0.060207173133892324
18531,0.052849089279550385
18532,0.05748422209869422
18533,0.05288634607908875
18534,0.11983020072987725
18540,0.11245108834510982
18542,0.055131689483211434
18543,0.054075611410998405
18544,0.1257895431849477
18547,0.05508654703331961
18549,0.056639181545614196
18552,0.1522701934348651
18553,0.1221598651418432
18555,0.12280629998467488
18558,0.13174062842520462
18565,0.0480515879949066
18568,0.12882871246303496
18572,0.05418119093854928
18575,0.1267333031404361
18576,0.13292018225544228
18579,0.0507360518276753
18581,0.11423178076020118
18583,0.03841084266664615
18584,0.054058072930847474
18585,0.054372708093811416
18590,0.06051801657330779
18594,0.08142991696792921
18595,0.05387070184527514
18598,0.05767651419208847
18600,0.05640668885373864
18601,0.06699104187783707
18602,0.04527566422712887
18603,0.11395870759275598
18604,0.06599017615929226
18610,0.1106688031352179
18611,0.11301093340081476
18615,0.10790022259135007
18617,0.06233940920426984
18619,0.1278973396000734
18623,0.055403608955421284
18630,0.058866372190687445
18631,0.14537357616823646
18632,0.04759556860898839
18633,0.11916968733415907
18638,0.1267909596303202
18639,0.04412636062934286
18640,0.0511288074413173
18641,0.056446073109173184
18645,0.12036472155649039
18648,0.03787815510947331
18649,0.0671146440061744
18651,0.11165515911765515
18653,0.08909315240117935
18656,0.1414126976654816
18657,0.11170772318596023
18658,0.05420520033931737
18659,0.12603537270147086
18661,0.04613820949915521
18663,0.1215939040994451
18668,0.13058155072780817
18669,0.05915193409155867
18671,0.1344854545464619
18672,0.03804807460733394
18673,0.057852577577231695
18679,0.11878623280331574
18689,0.13631430656534665
18690,0.10208541561763457
18692,0.07079983937298812
18694,0.081714475696591
18695,0.1385158161573241
18698,0.12571150052578312
18699,0.11994217786368228
18704,0.12679419337404685
18706,0.06882763617342977
18709,0.13134912445374455
18712,0.1343476973087644
18713,0.12592477229454477
18717,0.1303188215222834
18719,0.13482727625399468
18724,0.049168111497966155
18725,0.058882429678057416
18728,0.11626196628103364
18729,0.05291019066900379
18732,0.06790863477065996
18733,0.044085360271316994
18734,0.058629270562012
18735,0.11324968823713998
18736,0.14715120775802973
18739,0.0949502885887568
18740,0.1330080965281551
18742,0.11774673576542621
18743,0.1243648352130769
18749,0.047267590539891075
18750,0.12545594048431122
18751,0.10092700189162143
18755,0.04977141102064937
18756,0.054145661627953506
18759,0.12065948421143292
18760,0.06235628304172944
18762,0.1266306596819728
18765,0.07398854714681563
18766,0.12125588855439125
18769,0.05131955584800254
18772,0.06323693651397128
18773,0.064942145375971
18774,0.06313031548215958
18778,0.11163862944740513
18780,0.06600980810020293
18782,0.07821085895103902
18784,0.1108735632346054
18785,0.13278770095202086
18786,0.10814573116750997
18801,0.03792181368773045
18804,0.0542651708514979
18807,0.11701434190639039
18810,0.05193059915402493
18811,0.0991129018375397
18815,0.048535915083475434
18816,0.12712466808316733
18818,0.13473267567613367
18819,0.1389197335986515
18820,0.12378039902204073
18821,0.043242896979744316
18822,0.1266432467482599
18825,0.06136995441317915
18827,0.048262623537583677
18831,0.062125043845322324
18832,0.12727039924971234
18834,0.05778086238122575
18836,0.11962567839245421
18837,0.04916258199501812
18840,0.06325441669558053
18842,0.09205455939723486
18847,0.11146702818163132
18849,0.05086076782820108
18852,0.1217107972611056
18854,0.11995632502588359
18855,0.047994527592755354
18857,0.05114411735819581
18859,0.12531917248513103
18860,0.03827457804017661
18861,0.12259672090965479
18862,0.05430345313105507
18864,0.12785236876927825
18868,0.10760984893946077
18870,0.12981652479570216
18871,0.051662359826519476
18874,0.06568691232300763
18880,0.14451528446037443
18882,0.11283597039670724
18884,0.11046159383417717
18889,0.12310813954437375
18892,0.1313337542779771
18894,0.08858330298281929
18895,0.11863514554714455
18897,0.1342436989882025
18898,0.04655214142697331
18900,0.1705546780962381
18902,0.0991544703788547
18907,0.1307532680894348
18909,0.15403974679263946
18910,0.05853226808335748
18914,0.12304014446731373
18917,0.0578477956989851
18918,0.07668855011624422
18921,0.12182140603825603
18924,0.07368778027752698
18925,0.04939541356585759
18927,0.13249525995792574
18928,0.0547127952680793
18929,0.05146204620336761
18930,0.05499567970857679
18932,0.11826539094289255
18935,0.042487346715793586
18938,0.08480621248837229
18940,0.11243738975792515
18941,0.1116929243590835
18942,0.13231543971678023
18944,0.05956089763102303
18946,0.14302146235308102
18949,0.057552774044770556
18954,0.05546891429290705
18956,0.11953547092490624
18957,0.06262760158356136
18959,0.12205132775668481
18960,0.04466831935478317
18962,0.06287083877730182
18963,0.1384750452365669
18964,0.12098129715502766
18965,0.12143259329370722
18967,0.049314658187376376
18969,0.12865146825249663
18971,0.04943642590419765
18973,0.062336735962731045
18977,0.05420965609580343
18978,0.11047467778635395
18981,0.12850867815653666
18982,0.07579369938756016
18983,0.10054450829050238
18984,0.05688319915139919
18985,0.1082629630283494
18986,0.13538145095299375
18987,0.050347426542464296
18988,0.09099198649078245
18991,0.06240489931103558
18992,0.1156699156880743
18993,0.054850550671656714
18994,0.11945818306747517
18995,0.06075598725602109
18997,0.05776029740757077
18999,0.04807505011080698
19002,0.04655900677064193
19004,0.056065035945466225
19005,0.08339468896545896
19007,0.09973450192557419
19010,0.13061755368047842
19012,0.10728157423492729
19014,0.10896161489751721
19016,0.057242408751342344
19017,0.1574624715530126
19018,0.06116171193403641
19019,0.12397034507487095
19022,0.052508165562505454
19023,0.12644547413085525
19024,0.06381751071130444
19028,0.11662964889393536
19029,0.048206323344165795
19030,0.06747204090042089
19031,0.13838513536338332
19034,0.09629043004636062
19035,0.04504317527954046
19036,0.16990683234014692
19037,0.09950903302978503
19038,0.1072934238855379
19040,0.06975409258200745
19042,0.06199687504032835
19043,0.043776178149216485
19044,0.10214637793762643
19047,0.11276981082849377
19048,0.12267316165414044
19049,0.08613910413088609
19051,0.10011875305814906
19053,0.08804167505669723
19054,0.13391641548497196
19056,0.05390315435802276
19057,0.13055806950943605
19058,0.11012663756024775
19059,0.09832668768905904
19060,0.1252433298467662
19062,0.056432041436271486
19064,0.13443768305962583
19071,0.1323035712822945
19078,0.06914115213629422
19079,0.05979015977776769
19080,0.1130615720042626
19081,0.05573985837867673
19085,0.06969097905978149
19088,0.1469957405921537
19089,0.10445808714672287
19090,0.09042277106334297
19091,0.1322329988694124
19092,0.08793855026096083
19094,0.05887714063449491
19099,0.11496439155033923
19100,0.06403913498905388
19101,0.06326184804689779
19103,0.05299263217883169
19104,0.1271098422062208
19106,0.11088871371810355
19107,0.13054897628665282
19108,0.11668275739481201
19109,0.05891328618303254
19111,0.12746696033357235
19112,0.1040820474385564
19113,0.12158071875729566
19114,0.05210404957880887
19116,0.1347924830629201
19117,0.11548936120158608
19121,0.09696121587457009
19125,0.06563293081905563
19127,0.1398649331453453
19128,0.05618528384799371
19136,0.05239192602346993
19137,0.05078734102315776
19142,0.10844498502175359
19143,0.0574411245543402
19144,0.10151017656977096
19146,0.05246216334418453
19147,0.057288644787244124
19152,0.07383291389307417
19154,0.052009298635242056
19157,0.12874204660655733
19160,0.0991213197598187
19161,0.052323355029906475
19162,0.05990869132087741
19165,0.051874203619630556
19167,0.05233256220445591
19168,0.09356489296279609
19171,0.055337355252188906
19172,0.05238802934334736
19173,0.056815627968514484
19174,0.06628262329079908
19176,0.11178181237800036
19177,0.13383819363648072
19178,0.05189729782654341
19179,0.05674698076496261
19180,0.05895381452160883
19182,0.11964333571013355
19184,0.06608520854693199
19185,0.056756103271471764
19187,0.06713537804371959
19189,0.11197494941773103
19191,0.04417139879563329
19193,0.13769456227494584
19194,0.12461054614000165
19197,0.17009771477871957
19198,0.08223559364430773
19200,0.12063547200954745
19202,0.06165673995182259
19204,0.0839070810496153
19205,0.04805051889810564
19206,0.05634224518422676
19212,0.04934031034008885
19213,0.06819915854548836
19214,0.1567562174497972
19222,0.08178369601336864
19223,0.13904186064374974
19225,0.05336908346759315
19228,0.08754928389640505
19230,0.06572737785375803
19236,0.063049680561651
19240,0.13584977019286168
19241,0.13622575293556477
19242,0.11290352500338548
19243,0.05309435070749697
19244,0.08087668587564692
19248,0.0494802127794892
19249,0.17317327901260654
19250,0.13143922895807802
19251,0.15169991038798328
19254,0.1383893484048404
19255,0.10447299374062015
19258,0.12083285978211299
19259,0.07513486762095306
19260,0.13499333844097522
19261,0.05415910384986399
19262,0.05960692928810435
19264,0.10649848482625598
19265,0.15742056317405784
19266,0.11878862027259125
19270,0.04734001138463612
19271,0.06349614755218642
19274,0.05951430300849314
19275,0.05366190992283687
19276,0.039782772799214224
19278,0.05456067762197233
19280,0.05320699468642307
19282,0.12554266591854873
19287,0.1682096346769589
19288,0.058975589970036324
19290,0.12992899281652143
19293,0.13506602854155475
19295,0.05391503074663255
19298,0.05227354317217594
19299,0.06190792090273077
19300,0.060711606945307243
19301,0.04973818017915663
19304,0.05696939268092638
19305,0.09599404195390825
19306,0.045674824035307565
19309,0.12277434635213175
19310,0.04737142217965505
19311,0.13829600603108935
19313,0.13481177456386412
19317,0.12064307783396531
19320,0.132666926793957
19322,0.04858681082037708
19324,0.11579903639269373
19325,0.1235179885269016
19326,0.13124524343501787
19328,0.11701057006222611
19330,0.12765624742538897
19331,0.18997353893084534
19332,0.08547221656386916
19334,0.07532144959202783
19337,0.05488998251456371
19338,0.13671666636890947
19340,0.06368111686819403
19341,0.050232458225999616
19342,0.10360057294946909
19343,0.12980688089961123
19347,0.05812708486478584
19348,0.1346507177079928
19349,0.055381983946136595
19354,0.10356951599421191
19356,0.05901203144110954
19357,0.0537861840933877
19358,0.06478058750693995
19361,0.09848819646664386
19362,0.058081642710142566
19365,0.1285543327375646
19366,0.05142674030724216
19367,0.1448364608766133
19369,0.052897579911329554
19372,0.051148163060561296
19376,0.0526342937730142
19377,0.053908078695732706
19382,0.06571400802264671
19383,0.12126434055354769
19384,0.12635248261297854
19385,0.06161575663717699
19386,0.12984133337099568
19388,0.06610120832970076
19392,0.12073553317020859
19393,0.13562083660515584
19394,0.12953500303823037
19395,0.1208725886153871
19396,0.1320271379612309
19397,0.052997718615562975
19399,0.12940418684502103
19400,0.13488360212125705
19402,0.10928534005301756
19403,0.1311116360602125
19404,0.05339489817346218
19405,0.048785114045526004
19406,0.06592936850589032
19408,0.11103746031624578
19412,0.13357148933454074
19414,0.0693571826317464
19419,0.06453003994712682
19421,0.12665088169973462
19424,0.05194753650124913
19429,0.14849170741026496
19431,0.14193279579034848
19432,0.11522737313816118
19434,0.05670454967498243
19435,0.05443523596464185
19436,0.1101242319877882
19438,0.11202539660712103
19439,0.10680675930478067
19441,0.05359926683624151
19442,0.055345546724220485
19443,0.10526228879062174
19447,0.04966193563709759
19448,0.057750327012664984
19449,0.09728074391542116
19450,0.13833272222874443
19452,0.055932605010439465
19455,0.1403479372188104
19458,0.04756784260487728
19459,0.13063374219182908
19460,0.1057154188133861
19461,0.06375190828882228
19462,0.04871759810305575
19463,0.05640627584026203
19468,0.08788605956639488
19469,0.046072708906904035
19470,0.1495362771334987
19471,0.07355125417144341
19472,0.06225485336989453
19474,0.1323496604954579
19475,0.07000440637650375
19477,0.13042398198151778
19478,0.11348172364649493
19479,0.13929959303319553
19482,0.1254522099638091
19484,0.13254730964733244
19487,0.11327032913024103
19492,0.11928507231445075
19495,0.09555306026569645
19502,0.11912134035184084
19505,0.09455990518593563
19506,0.07420630065328784
19507,0.04829822082635784
19510,0.047616957595778206
19511,0.15455416416557838
19512,0.07051386739636718
19515,0.08289882021205489
19520,0.05825015381126114
19521,0.05034807843778831
19526,0.11574390936007828
19527,0.055038070990955396
19531,0.051674505803216496
19532,0.05091717992048285
19534,0.11335348393347561
19538,0.1245854632193339
19539,0.05765432684836386
19542,0.0355751552216978
19543,0.05025259863043278
19545,0.12340359448430685
19546,0.10304584423662053
19548,0.1407311194396018
19550,0.1261192778273157
19552,0.12263707033970883
19553,0.03843187084599424
19554,0.046438780091872946
19555,0.09473046858465242
19556,0.12060421308938572
19557,0.05871632701394887
19561,0.1330881170973502
19563,0.15566059954456513
19570,0.08773138282699922
19572,0.05302407511230894
19574,0.12316520522128521
19578,0.05020457611442294
19579,0.13861952948623735
19582,0.14776407632019745
19586,0.057426279776899056
19587,0.10817366297834606
19589,0.05365307076413518
19590,0.06019660076097442
19592,0.061319551221908644
19594,0.06651950647282946
19596,0.04723370140169625
19599,0.04843741880981458
19600,0.05444747868983363
19603,0.04768248825788203
19604,0.11742200472401321
19605,0.13201425918424473
19607,0.09549550863976265
19616,0.05319242184498472
19618,0.07059053020020908
19619,0.04563462001029018
19620,0.06453226756391843
19623,0.07224159222406046
19624,0.15169223352550448
19625,0.09705692084119781
19626,0.054821754709465986
19628,0.06710734835160058
19629,0.1342644239002302
19631,0.0544863540010115
19633,0.10040227763334444
19634,0.061289185856004666
19635,0.12954693584940166
19636,0.1388646661712629
19637,0.048834478097901986
19639,0.11928059457174797
19643,0.11356116538647719
19644,0.1146511234160503
19645,0.13425758833551385
19647,0.13369966000689182
19649,0.12762584602441268
19650,0.12493951967123837
19652,0.1248893650211164
19653,0.12376589954611858
19656,0.059883011843145664
19660,0.12599392014759825
19663,0.06895926444184931
19664,0.14408417177656221
19666,0.11617627422672983
19668,0.07353285268460949
19671,0.11494097723155124
19672,0.12119427546704546
19674,0.06613451132989577
19675,0.05721736677927211
19676,0.06400825430196075
19678,0.11434515009142959
19679,0.06324739906804322
19680,0.13311540744657396
19681,0.12583227444402967
19682,0.06549777296245958
19683,0.12492293896684917
19684,0.06144831984776066
19686,0.07237207091250074
19687,0.07152025424120058
19691,0.05906212525083247
19692,0.05462079696412371
19698,0.05099181759483883
19699,0.055910647877708004
19700,0.053717387077624544
19702,0.06228256370829205
19706,0.05427208733822329
19707,0.12702286971085958
19708,0.06620542485585687
19709,0.15645392393513155
19710,0.12392555344729177
19711,0.10387514387327515
19713,0.08420448622335526
19714,0.052252127620604064
19716,0.1410903598708241
19718,0.05797405042779848
19719,0.12273414850175189
19720,0.05607964735408654
19724,0.04837895145203162
19726,0.04946593532450741
19727,0.06407439088915406
19728,0.04787888204516276
19729,0.11099293898971727
19731,0.0705018718193643
19733,0.11469344663588965
19735,0.05446464669614889
19736,0.11689412497364282
19743,0.13850773009209688
19744,0.06703293789681412
19746,0.05289335047016346
19748,0.11607856379646005
19750,0.11891223557607579
19751,0.08215263367245677
19753,0.07078626452321488
19754,0.05003787973925633
19758,0.12965209858100246
19760,0.12300649189499509
19766,0.051259371184398474
19769,0.043861171692023276
19770,0.06041123705655159
19775,0.14463456203100264
19778,0.05157934797999002
19779,0.045110218946337995
19781,0.09696206731332035
19782,0.05922748192797184
19783,0.058296521141180564
19784,0.05794950418351234
19785,0.13754548849649614
19788,0.1344367645600063
19790,0.12753310251161137
19791,0.062462829428380474
19792,0.05178039733483893
19793,0.04855483003291279
19795,0.11816172283993717
19797,0.11670857416909913
19802,0.060718468897392214
19803,0.11681648534693193
19805,0.13258521995278558
19806,0.060112251159565144
19810,0.15336660513337977
19813,0.060809256200306125
19818,0.12968213205608894
19819,0.06857361799251335
19820,0.13121839560150883
19824,0.15329577930144897
19828,0.11281695856303559
19830,0.05746456236480654
19831,0.06657643728496458
19832,0.0529126157859454
19833,0.1629776052521835
19834,0.11371826819262325
19835,0.046212997462931976
19836,0.0776100582555034
19838,0.05760609081653183
19839,0.12800943157635253
19841,0.12191710347605637
19843,0.11425476627417802
19844,0.09831163128856281
19845,0.12120263059190844
19847,0.12687441350047596
19848,0.13165644075892605
19851,0.056818797292645475
19853,0.14538716938965157
19855,0.11417618374905913
19857,0.11761716206132247
19858,0.08345457468818908
19861,0.05030090831719368
19867,0.13875497214472554
19868,0.11220638716158252
19871,0.05419109989048033
19875,0.05715977777106267
19878,0.048409806859561116
19879,0.06734287802932577
19881,0.12797202875291294
19882,0.0606266281946068
19883,0.1276098515738043
19884,0.12480620492280987
19887,0.0694541582314074
19889,0.05725763410919285
19890,0.1287744604354516
19893,0.05220753941536798
19894,0.1136678472554294
19896,0.07122800899942805
19898,0.1404779647590215
19900,0.13985823647255213
19901,0.1321101125698528
19904,0.1403502732979601
19906,0.14914596145413447
19914,0.06155503918878624
19916,0.06296636279298116
19920,0.1346298800563084
19921,0.0595002860206887
19922,0.05338841245031825
19924,0.13176420333964434
19925,0.04827671265505295
19926,0.14069593290682098
19935,0.05679756312748214
19937,0.14012821576053475
19938,0.10765273544855732
19941,0.12206364809947812
19943,0.053806756362140135
19946,0.13232564821392692
19949,0.05520910106318822
19953,0.11696622873403083
19955,0.13814141845242617
19957,0.06544473056348461
19958,0.1424021063328628
19959,0.16456728892490585
19960,0.13283773839359353
19963,0.06063133185812014
19964,0.06456534036759595
19965,0.14783303964641142
19966,0.14390175510049286
19967,0.050610809735480045
19968,0.12142886533938546
19969,0.05976766365329803
19970,0.07042698396021066
19972,0.0495643330281086
19973,0.054864892191251804
19974,0.047015196258574345
19975,0.09077193152629698
19977,0.14848822379853505
19983,0.0692570871745639
19984,0.04311422089905713
19986,0.08513261768764512
19987,0.05481271169131529
19988,0.12646391104533805
19989,0.09466311044433112
19993,0.05500801426162288
19995,0.10226221976304023
19996,0.12471890583133786
20001,0.10424616330065166
20003,0.05473576393952133
20004,0.1188516926051769
20011,0.1686386072122338
20016,0.04747648999888409
20019,0.11426108588497909
20020,0.11403356900311652
20024,0.06910772293635484
20025,0.04962593852980466
20027,0.1318110548013172
20030,0.1184270299370812
20031,0.04764835474426182
20032,0.052538696580076955
20034,0.05710896434810851
20035,0.04839546463540938
20037,0.06557743550744571
20039,0.05636587337231434
20040,0.11572664606448416
20041,0.05218759900797021
20042,0.10326257491377215
20043,0.10841606826625313
20045,0.04638808599311659
20047,0.15040559368551207
20048,0.079469818697703
20049,0.07173684808828198
20051,0.0719493346786236
20053,0.06558273933965707
20055,0.10244785736561111
20057,0.13564584766250687
20058,0.12030013787295553
20061,0.15200803211294642
20065,0.12623829231902034
20066,0.07890199365193627
20067,0.10241974144953943
20068,0.05082549287811249
20070,0.14188315322554113
20072,0.049602703939829046
20073,0.1574923588718425
20075,0.1487548568741503
20077,0.05431493244056567
20078,0.052877843627069786
20079,0.05081371534023211
20083,0.042949577463514695
20084,0.047216188380491984
20085,0.11566276478141964
20086,0.06627155569059767
20088,0.04963305989350655
20089,0.12064069461806257
20090,0.0640187375838995
20091,0.12457360187689502
20094,0.13757896710045295
20096,0.14096815442590477
20098,0.05634722051819281
20100,0.10255986967880196
20102,0.1436782538981694
20103,0.1169849267773412
20104,0.07093278925500471
20106,0.0614401630183384
20108,0.16137057113189937
20110,0.12415910890807634
20117,0.12981050447515374
20118,0.06236806347031001
20119,0.11059905521359853
20120,0.15247585421440832
20126,0.05513624936188437
20127,0.051640515723297704
20133,0.1071482479699421
20138,0.05358957930725205
20141,0.1324012350406682
20145,0.13710716745211055
20146,0.06841328343971163
20148,0.06957542052066716
20150,0.05697670817979886
20151,0.10819699912532899
20152,0.11207273146321493
20156,0.04754224542910988
20158,0.11592164746284575
20160,0.09952205752295194
20161,0.05715408089051874
20162,0.1292124124272121
20164,0.15602124935161116
20167,0.053397643207094836
20169,0.11800864068215866
20170,0.06818847207003993
20171,0.11794930069282196
20172,0.06113463894047055
20174,0.04564915514357901
20175,0.0749449604595131
20178,0.05275575745163223
20181,0.07770242265651975
20184,0.04872050393422259
20187,0.04353443739719802
20189,0.04210776596656616
20190,0.06104937355474521
20191,0.052566538380279866
20192,0.08471913778041987
20193,0.0572372589828421
20197,0.12663633208989106
20198,0.09768153902713177
20199,0.06161500784694178
20201,0.11854189037315957
20202,0.04927074678295659
20203,0.06478042932652668
20204,0.1385381827025832
20205,0.12037044817136379
20208,0.050148226051751565
20210,0.050777537348343456
20211,0.08304353107255527
20212,0.06315895167744426
20213,0.12099385074442486
20214,0.09627723073812959
20217,0.10685273953999387
20218,0.1275169067569741
20220,0.053050204226913616
20221,0.04630913533087795
20225,0.05619334191186745
20226,0.12536063287993102
20229,0.0939892448932308
20234,0.05388594865948311
20238,0.10302406268298411
20241,0.06787101170584439
20242,0.10907498731767103
20243,0.12345994096993756
20245,0.11157306660577683
20248,0.14024059088450325
20250,0.03778663694672865
20251,0.11074384541966914
20252,0.12405069193433547
20255,0.05481684596008977
20256,0.042262424003997316
20259,0.06546671500909644
20260,0.05545589687734591
20261,0.13365130194733593
20262,0.05922020023523115
20263,0.050404587197481136
20265,0.057209419249574046
20266,0.13122996191758388
20269,0.05180528002412933
20270,0.11955571436974126
20274,0.06161930392161492
20276,0.053237107214274555
20277,0.11824632949415881
20278,0.05561912383157448
20282,0.06297324664771087
20285,0.07065665685531652
20286,0.14963016716014835
20287,0.05809392399441048
20288,0.07945710482184278
20291,0.13035985511596543
20292,0.0655373292651241
20293,0.1074280822393801
20296,0.057388768140889744
20300,0.07383910346266455
20302,0.0674225698782137
20303,0.06333261714114988
20305,0.13957941582553843
20306,0.1292050323044313
20309,0.052035824323753053
20314,0.06695548407701335
20315,0.10681899573568407
20316,0.06513435882243379
20317,0.11636511080676681
20318,0.1312546662735264
20319,0.05059879518771329
20320,0.12821945579362412
20323,0.06694722615219241
20324,0.06374984346406569
20325,0.06536635632630751
20326,0.05792347176719546
20327,0.055750592497407166
20330,0.058016082850004265
20331,0.056883116635986844
20342,0.0642352340977243
20343,0.06491278607865912
20345,0.045981488428994785
20347,0.05333154983458928
20348,0.05956021187060992
20352,0.05198121633910728
20354,0.05110680080880135
20355,0.13590510380990295
20356,0.13778668473470018
20357,0.05151927686809994
20359,0.05009868447739117
20361,0.05890558357031308
20363,0.05257388938495201
20365,0.12348531025890348
20367,0.05451216291234157
20370,0.06074701905091583
20372,0.05381324045727876
20373,0.05499311289481076
20375,0.06105769727528136
20376,0.10400427389430858
20379,0.056111938204617774
20380,0.061287126470520883
20383,0.10605779562694059
20384,0.13149982955018738
20385,0.051578073300822154
20386,0.05664306432780679
20387,0.14257523729015206
20389,0.08922597847624307
20391,0.1497044404108545
20392,0.07823596442822697
20395,0.07992846462270019
20396,0.055021020440277
20398,0.1371738602990403
20401,0.10882062857132616
20403,0.1197931782603592
20404,0.1415910299880795
20406,0.06551743654781314
20407,0.12007691151884445
20409,0.05523084087405954
20411,0.05465367551078019
20412,0.1340692150911793
20418,0.11639038452787451
20419,0.11981602365246409
20420,0.06725095525153678
20423,0.06515460902897029
20430,0.13024566127562193
20432,0.05239728472308941
20433,0.07364050921051654
20434,0.1461478117621105
20437,0.0566275206923034
20438,0.11731503662833313
20439,0.047294683685423944
20440,0.051796558429599085
20442,0.05578047305463506
20444,0.12649660456862621
20446,0.10985963281726928
20449,0.14018571460735413
20452,0.15146721024550214
20454,0.058353757648190986
20455,0.05569206654997873
20456,0.054774975989284706
20458,0.13105334934343366
20462,0.11658740682039309
20464,0.11265849467502802
20465,0.09111132350272234
20467,0.12138833274237959
20468,0.04036986614580013
20472,0.12721734107819088
20473,0.04416903223383279
20475,0.05887306256690457
20477,0.1391717905105186
20482,0.12772512407075273
20483,0.05948392820416129
20486,0.1333273418336085
20487,0.12785154844954463
20490,0.06793033745726927
20491,0.10031392367080906
20494,0.05397658831794958
20495,0.10545098273450486
20496,0.05907914048886198
20497,0.054901106961932615
20498,0.05572417056626372
20499,0.05142754253652434
20507,0.05171533219136948
20508,0.06523900724107587
20509,0.07247249100165774
20510,0.06062201892240569
20511,0.1231171146648629
20512,0.054553851584030644
20513,0.12893158583058326
20517,0.11765601812859633
20518,0.1562322970979402
20522,0.12704479001603827
20525,0.12275477371831568
20526,0.07662622910298052
20531,0.05403960125272928
20534,0.12999384136255435
20536,0.08602953828864389
20540,0.10691307212234866
20544,0.07187754061617072
20546,0.12942467542472275
20548,0.059773966613612874
20549,0.11135453858691538
20550,0.04763123477747157
20551,0.052956036828742184
20552,0.09774456253441531
20553,0.04902088861002903
20555,0.04784377050374355
20559,0.1367640950860769
20560,0.05180233324829802
20561,0.11296995678642122
20562,0.08278225370410319
20563,0.09817862555382534
20565,0.11166586759121744
20567,0.05235076142030772
20568,0.14230886362941825
20569,0.12594355937562768
20572,0.056202578748723336
20580,0.13485823114751433
20582,0.11949701685858405
20584,0.13557027784792244
20585,0.1250348006876723
20588,0.042124145488376515
20591,0.05136105977289196
20596,0.13076989875541098
20597,0.056345243491169504
20600,0.06104686657500937
20602,0.11045390294915403
20606,0.04642584622977558
20609,0.11857961375145543
20610,0.1523844661008996
20611,0.13103132966986783
20613,0.05050736860056069
20616,0.0491999625340407
20619,0.052485200944356145
20622,0.04615322291342693
20627,0.05433848237331771
20630,0.11190885921514539
20631,0.059657758418292114
20637,0.044842946306933064
20641,0.04752804556481778
20643,0.046783573254353686
20645,0.057620482126466574
20647,0.04954479127209523
20650,0.12289156805888166
20651,0.06280946002043879
20653,0.12814904992305304
20654,0.06646686242884868
20655,0.058948986573242906
20656,0.13925287232946468
20657,0.04927172536229063
20659,0.0575770549773001
20661,0.04945563734814673
20662,0.05636737163888067
20663,0.09802297787490175
20666,0.058480518996211706
20667,0.09706420864752306
20668,0.11200173428034027
20669,0.15658982714556594
20673,0.0713339030359893
20675,0.11731009212661778
20676,0.154204076481097
20677,0.11536727908258418
20681,0.05861219188281443
20684,0.046679416772981895
20686,0.09735319757924106
20687,0.11417335262863625
20689,0.051519566764578174
20690,0.08174554246096409
20691,0.13242414997446855
20692,0.056862895034494654
20694,0.05036252868799541
20695,0.129700448191498
20696,0.053414561476082104
20698,0.0557515584810538
20700,0.13160073228296593
20703,0.11288958103545607
20704,0.1355669492711382
20705,0.0687142637126045
20706,0.0849379278155923
20707,0.12210406236812668
20710,0.14265533311545273
20711,0.10650148538567046
20712,0.07323408685704329
20713,0.11847204329211795
20714,0.13651773761747718
20715,0.04790057167720303
20716,0.1566113056718995
20722,0.11618617090815245
20724,0.13502623734514987
20726,0.06586106175851035
20728,0.1282512102832661
20729,0.059848177961524154
20730,0.06382676258243929
20734,0.11236727210991232
20735,0.05101546337401409
20736,0.05720060289693993
20737,0.10945873422680899
20738,0.1234159327151122
20742,0.1271944348819266
20743,0.05602120169253318
20744,0.06413742611038302
20745,0.1043033400625701
20746,0.10600366618654804
20751,0.07092142315534639
20754,0.11598874637447677
20756,0.060204961120787555
20758,0.12064389522008312
20759,0.11307045695459855
20760,0.13814981783806354
20761,0.058703136609258084
20762,0.047835004591247704
20763,0.039784867454906295
20764,0.051778882586735325
20767,0.09529540575063815
20769,0.08857700747616924
20770,0.09984046790420106
20773,0.12096825137075691
20775,0.06324745554061742
20776,0.047782101134683896
20777,0.05671124380475082
20778,0.05007636681677022
20782,0.06367969228979635
20783,0.053392341449643256
20784,0.0836230563260929
20786,0.05975854165107525
20787,0.1262559578533762
20788,0.05949379489252205
20789,0.06191454417134361
20790,0.05888133255736911
20791,0.1551254415491648
20800,0.14566379523553555
20801,0.05385718810147154
20804,0.12037402581729377
20807,0.1554570708563626
20809,0.061408152670902286
20810,0.09868061280509394
20812,0.14985255619847646
20814,0.06442119055231117
20815,0.05100996117060668
20818,0.05078879111524577
20819,0.09048137093887687
20820,0.054754514062457176
20821,0.12714225871615106
20823,0.052274896201473985
20826,0.13058694834207119
20827,0.13399333029594201
20828,0.12909469407522478
20829,0.11680721053033022
20830,0.14121122491530916
20831,0.054098887730933756
20833,0.056227065883206466
20835,0.0665537571985906
20836,0.07078480880196042
20837,0.13589076787793364
20838,0.10674934607564539
20841,0.0592567998551313
20842,0.14630194364575141
20843,0.12677817057853272
20844,0.055270103434676775
20845,0.0680413775482326
20849,0.13240890752417825
20850,0.052612091467802026
20851,0.05511139442371982
20852,0.14510605705276058
20853,0.0999070051940192
20854,0.05391569166226126
20855,0.11395702430011603
20857,0.04960317753131827
20859,0.10428300122930936
20861,0.06897236252055632
20863,0.13211336366391077
20864,0.14466681640146517
20865,0.061685120721001345
20866,0.07690126159991556
20867,0.12319053082309332
20868,0.05637954171698442
20869,0.10810634294832719
20872,0.11579053480605839
20874,0.046321620329058316
20875,0.12455119776829662
20876,0.07124547804309989
20878,0.06811119088596519
20879,0.11282285174555097
20880,0.05554872493263833
20882,0.1386574624222903
20883,0.0655333722191182
20885,0.07537857202356017
20886,0.057133307697905956
20887,0.049194729659565166
20888,0.12068892732158505
20889,0.052107260315937626
20891,0.06334192021504446
20892,0.12349799829534722
20893,0.06767096464512165
20896,0.060421738872199295
20897,0.05711449724929465
20899,0.11726953525941067
20900,0.13657080980907374
20901,0.16587879678546946
20902,0.06620657029760868
20903,0.10617443467609655
20905,0.06879040633949637
20906,0.11480018689068729
20911,0.07349025459530459
20912,0.13855698941707048
20913,0.1318060642571304
20915,0.05228920902292076
20916,0.15509664054871847
20917,0.07311964975880045
20921,0.05236923053943948
20924,0.07744576517028914
20925,0.1078939873022994
20926,0.11454166526014832
20930,0.11901656034611643
20932,0.07629964803024343
20933,0.048863268421195094
20935,0.13894992887867158
20937,0.04395775758511571
20940,0.12661824123095042
20941,0.049390425630250985
20943,0.0542509494911275
20944,0.06649370606932566
20946,0.05540571218258406
20947,0.05258383131629614
20949,0.11781701370176632
20950,0.05767970078295256
20955,0.061881987995657355
20957,0.07351286170886809
20958,0.1173682369717618
20960,0.11662326413701218
20965,0.054426943978232015
20973,0.07725675651902562
20975,0.052238778346968176
20976,0.13699177820844063
20984,0.12548741559437301
20985,0.054354399396961996
20991,0.10587703928410186
20994,0.06559690991199262
20997,0.06634292742600963
20998,0.057185300534051055
21003,0.050629841358688456
21004,0.12469952114658171
21006,0.045277908795281215
21008,0.06313488962277616
21009,0.05261316193044952
21010,0.10168443517121614
21013,0.12323136905954496
21014,0.14700061138203743
21016,0.11369415522380526
21017,0.056019617115875886
21021,0.07048398063086948
21023,0.05876117884213238
21024,0.08467120784838841
21025,0.13434510081969056
21027,0.11983296391902003
21029,0.07293951693083812
21030,0.07252058155457193
21031,0.051514088142621525
21032,0.13391701730192612
21033,0.12643735445186935
21034,0.0536788918605096
21035,0.0478458559325539
21038,0.08687739945450897
21039,0.04284063587244038
21042,0.13437855278752148
21046,0.1255222454070041
21047,0.0479392903035247
21050,0.06595609121535254
21051,0.12277666288802537
21052,0.1130921835252103
21054,0.05467307984304949
21056,0.06454107244656249
21057,0.0532330544211897
21058,0.06689683529641313
21059,0.1066302408658552
21060,0.05313758435300556
21063,0.054315995715196304
21066,0.05995456519056401
21074,0.13077502869815105
21076,0.06978536173678229
21077,0.07818061236151154
21078,0.04880115636040875
21080,0.10941260642977685
21084,0.05235596646994315
21090,0.05230004553000441
21093,0.13494135999753257
21094,0.11201369220901002
21095,0.057926866349993694
21096,0.09638952104353307
21097,0.07448901056726101
21098,0.06110976811246743
21099,0.10584098361075271
21102,0.12987539282012409
21103,0.11669096375502754
21104,0.06071086831184921
21105,0.04826443895149822
21106,0.050558823255067505
21107,0.13896797583290216
21108,0.11871358045956977
21109,0.0654955591158474
21114,0.058544994986279957
21119,0.11597802131490152
21120,0.06436272937825757
21121,0.06459089772432865
21125,0.14054701698923008
21128,0.1142264883380501
21129,0.061887101556512614
21130,0.057496777840684174
21131,0.048549747112563546
21133,0.0817577970832033
21134,0.05390816115967963
21135,0.11040648904072503
21137,0.05210405035963654
21138,0.12513851768096665
21139,0.05025509171746989
21140,0.07006548790435876
21141,0.11101572467691355
21142,0.10131020659236777
21143,0.05439034529480199
21144,0.0492020172398554
21146,0.0432585706581673
21147,0.11550392213456201
21149,0.05318210575615764
21150,0.14819343376785696
21152,0.11785188639239523
21153,0.09079686383511847
21155,0.07170916303134119
21158,0.0445572952771873
21159,0.05940181602635965
21161,0.11705910902436513
21162,0.04593022832097846
21163,0.12530976754430587
21166,0.1227655681003947
21167,0.14842036993363195
21173,0.050211136981571876
21174,0.06839248943840223
21177,0.06594151679837174
21178,0.06315882236412845
21180,0.11307935200534619
21181,0.05581600995585686
21182,0.055953485812066016
21183,0.12562907210869506
21184,0.0644882780445206
21186,0.053285821801642985
21187,0.053481027680044424
21188,0.10928835549785333
21189,0.09505672077886937
21192,0.11601253381220782
21193,0.12659631159727153
21196,0.07370523265570589
21198,0.10906529470578623
21199,0.09967449844717934
21200,0.14088467098452528
21204,0.1323297121275908
21206,0.08224470030215474
21207,0.05194258542733375
21208,0.12739633988672394
21210,0.05920903028850148
21211,0.05640724256682483
21212,0.05481945804620764
21213,0.05172921474727621
21214,0.06886050657388636
21216,0.05855740530661759
21217,0.06138892452004345
21218,0.12622402428706772
21219,0.050943964448221184
21220,0.13158842124455897
21223,0.07152754923286805
21224,0.12636569490832023
21226,0.13832330140202417
21227,0.05051506152213202
21229,0.06602294002698314
21231,0.12206399111551475
21232,0.12860845886046196
21233,0.1308701493708639
21237,0.11862754207909602
21240,0.05229305903383963
21245,0.06866231293459954
21246,0.10527786617501153
21248,0.1260505083533372
21251,0.04917167338800906
21252,0.07287968558851579
21254,0.10699373201643347
21256,0.13321586157171456
21257,0.11515447844053266
21258,0.17243304471293133
21259,0.1540480583355995
21260,0.11461932334393539
21262,0.05298647072638609
21263,0.14490691776024223
21264,0.1385295992238788
21265,0.13240065913201368
21268,0.05585868283936079
21269,0.05920124768514542
21271,0.152686351443102
21272,0.09388780098989867
21274,0.11462283079076123
21276,0.04628416260397452
21279,0.06266265334037142
21281,0.04212486312034891
21283,0.05770175388909205
21285,0.09985867616011902
21288,0.05488161255470697
21289,0.05230309291488046
21291,0.10190517545159562
21292,0.05645222662035771
21294,0.17988091262867664
21296,0.06717836701962827
21299,0.08426921417082366
21300,0.10686533460043084
21304,0.0564893615509695
21306,0.06619652432089741
21307,0.12428870612834003
21309,0.11212095149834958
21312,0.12420283169599458
21314,0.10109114874182536
21315,0.03774504683203165
21316,0.11788378462752133
21317,0.11156205130643822
21318,0.047726914559764994
21319,0.1257949130211862
21320,0.0644223855659402
21321,0.1128190315296136
21322,0.06602766120799508
21323,0.13416590683584328
21324,0.0562721644915517
21326,0.1314803615147548
21327,0.09179739981451873
21328,0.1380254622631386
21330,0.04712341363778585
21331,0.05756615399323157
21332,0.07612827774379746
21333,0.06395812333989614
21334,0.12328300063524046
21339,0.06854422724177373
21340,0.05724213220017821
21342,0.05197810554597422
21344,0.10798818687848684
21345,0.16975570262500767
21346,0.1375534466847446
21347,0.0502126191632762
21348,0.04418274451821354
21349,0.10914464650208443
21350,0.13616567919550765
21352,0.0583249956310993
21355,0.055821621337117835
21359,0.12837339532774775
21361,0.050413903628500185
21362,0.10426919492689493
21364,0.053632755950522304
21366,0.0406241199933723
21367,0.10988075053285123
21368,0.1291721958475128
21374,0.05471564761505593
21379,0.10597083111796671
21380,0.04114339735269436
21382,0.051697224603228474
21383,0.05345170344303295
21385,0.06204526419691186
21388,0.13251219644662904
21391,0.11640422253609792
21393,0.055036586758636034
21394,0.06536204598956707
21395,0.12210167641732239
21398,0.13296251442848545
21399,0.05219869731337848
21400,0.14188983184320544
21401,0.11066920698394929
21402,0.056257378084106954
21403,0.11511999724042253
21404,0.04711132681503031
21406,0.057031327912846194
21409,0.045916895334084114
21410,0.06500026867412917
21412,0.050103488807592154
21413,0.04716078049552386
21414,0.1276522227036184
21415,0.12180240979819303
21417,0.04678202093469725
21418,0.1074853170003305
21419,0.11859461546861365
21420,0.12134022902541462
21421,0.1354911773264493
21422,0.06055891266579071
21423,0.05042166728388153
21426,0.15962381374127846
21429,0.0550950547037906
21432,0.062418652690564874
21433,0.09590804935662321
21434,0.07499932715484128
21435,0.0697932972955698
21436,0.05670849678299442
21437,0.049218693038712506
21438,0.06426540054237055
21443,0.13604564777937245
21445,0.11981387922389158
21446,0.0472681697290651
21448,0.15586010410289494
21450,0.04668788348071495
21451,0.05237350343800693
21452,0.07542122316845537
21453,0.13204589855133578
21455,0.12499792991855824
21456,0.11868338793755688
21458,0.05191549538537748
21459,0.05380142739822354
21463,0.053263767571242494
21464,0.15523943082780559
21466,0.05818428861882004
21468,0.09708356209783447
21470,0.05007635302112446
21473,0.12194526019045161
21474,0.05105303060101406
21476,0.053619722029183
21478,0.043723343612181095
21479,0.13287776462407133
21482,0.07099589752543477
21486,0.08160177017171316
21487,0.10643316418384006
21488,0.06745616502722059
21489,0.053611300232164955
21490,0.11204202196966706
21492,0.13954071795844122
21493,0.1474442005695362
21495,0.12347758558627049
21499,0.1388637606601131
21500,0.04575736951731759
21503,0.07132405957022471
21504,0.10876863377803517
21511,0.05135684693657758
21513,0.12555441083715382
21514,0.06993021051465001
21515,0.05369439877844142
21516,0.06378667706877103
21517,0.054616812582523155
21519,0.11555375533171784
21521,0.0893947099617994
21522,0.11452436633684132
21525,0.057685433086803684
21526,0.04625869652350368
21527,0.06264707353602998
21529,0.1304586463562622
21530,0.09393634086317251
21531,0.08093711682143478
21532,0.059369027937567674
21533,0.055867276308326816
21534,0.12476260746832872
21538,0.05275982114105206
21540,0.0672963481040348
21542,0.11216588717549199
21544,0.07433360644114087
21545,0.07609490540971732
21547,0.05310992576246597
21548,0.04832650267495917
21551,0.05185492239171443
21552,0.1631969302145685
21556,0.04792179538159912
21557,0.08673730285004479
21558,0.13035496416705183
21559,0.11942795620439407
21560,0.0381101852036274
21563,0.054316272846180645
21567,0.11811623188998044
21568,0.04669892083117524
21570,0.06531683348718521
21575,0.06364655039193214
21576,0.06783689659037563
21577,0.05663926762075199
21579,0.04075760824378491
21580,0.05814880991179371
21581,0.0518827069497694
21582,0.051272863753909305
21586,0.06765407833423581
21588,0.059151525522125416
21589,0.1346828420297218
21590,0.07609247924583758
21592,0.12519004951663604
21593,0.06408320941270268
21594,0.14171971363089653
21595,0.03519984992592338
21596,0.12740416822880307
21597,0.1280859583612125
21599,0.06069723487023566
21600,0.06349216544217404
21604,0.059317351080353006
21605,0.05344839619919825
21606,0.05832709027458113
21607,0.12291703036558298
21608,0.06802133999286351
21611,0.05976782260645033
21612,0.12415463996211917
21613,0.14747745141358518
21614,0.13296401639409366
21617,0.06111597491635449
21618,0.06361549449974337
21621,0.10210416626550885
21623,0.12546888241665016
21624,0.07396604476711362
21625,0.15189515680844376
21626,0.1284686434295354
21634,0.05446543073925069
21636,0.12175760868224285
21638,0.11836793856052938
21641,0.04801080593293382
21643,0.12171318989784571
21645,0.050037695474161904
21646,0.05374316673551938
21649,0.05361938938942708
21650,0.051677706661063305
21651,0.05458001130202836
21652,0.11352867326139073
21653,0.10807392710559356
21654,0.13074234224603398
21659,0.04729150757857689
21660,0.049402728180591264
21661,0.07208345629038383
21664,0.10783210524985222
21665,0.05024642216150139
21666,0.18008046449998455
21669,0.058988399094306816
21671,0.06682382220090272
21673,0.12943930566070058
21675,0.05368861052000153
21676,0.07403757547154591
21677,0.10329682317285169
21678,0.06205608801383835
21680,0.049673348853981156
21681,0.10117801232649135
21683,0.12364363883894029
21684,0.05201713039872726
21685,0.046604254066824495
21686,0.041735612164218464
21688,0.0662585782352208
21689,0.13585065231440982
21690,0.1276030799078561
21692,0.12086982142926925
21693,0.06351678727266666
21694,0.0637155144004626
21695,0.05525382989056023
21696,0.0657294954002169
21697,0.10750541732590287
21698,0.053379097551803964
21699,0.0637249488912532
21705,0.05615299453303181
21709,0.1275780773003491
21710,0.1352553810662382
21711,0.13141586515853967
21714,0.07671441290582418
21715,0.12973655165084774
21716,0.06563169001785456
21719,0.05634193456839197
21721,0.1226176256780848
21723,0.16581741042924253
21727,0.06988935133731508
21728,0.10693839820242199
21729,0.0478324689125094
21730,0.05481044832207864
21731,0.13344639188119223
21732,0.03981972569863953
21733,0.0578318642763035
21734,0.08320675378856214
21736,0.054939733820673735
21737,0.08993989281255724
21738,0.14018277545282315
21739,0.13667195551773478
21741,0.13424462799347187
21742,0.15536627462413885
21745,0.05373614983902948
21746,0.051209038091172
21747,0.13532942194763964
21750,0.1242345096188239
21751,0.06222633201450828
21754,0.1251377481032041
21756,0.09760662143131056
21757,0.09629355586677162
21758,0.056451467237902064
21760,0.04057885109807773
21765,0.11220161655702268
21767,0.08226523216658548
21768,0.12412530604792832
21769,0.12660533259819923
21770,0.04081175167982757
21771,0.06146877625762385
21772,0.12994822424975622
21773,0.11244166952517912
21774,0.13521552570109088
21775,0.11386985960803617
21780,0.1159464890665106
21781,0.03716173660360682
21782,0.13810060428440624
21790,0.13130463402672374
21791,0.12812266156899343
21792,0.11177947305994268
21793,0.10647522801889585
21794,0.045816374389510105
21796,0.05161783832957778
21798,0.13129210388804735
21799,0.06349905824710939
21800,0.06368336649755663
21802,0.06628977033029612
21803,0.11293327104241306
21804,0.13160817189227195
21805,0.049034775777018855
21806,0.14234648028876049
21807,0.0689317735473134
21808,0.06101182853028871
21812,0.051254276532568775
21813,0.05899478592668242
21816,0.13375588679931136
21817,0.04474636385553133
21819,0.11430668695710396
21821,0.05411226060056549
21823,0.11104130214657615
21826,0.05805454043476459
21827,0.055386017503641
21828,0.058065397153883015
21829,0.09189654092425421
21831,0.0547387895794049
21833,0.07251599031310219
21836,0.07721451970368402
21837,0.128684958908045
21838,0.12364057182675614
21839,0.1304768786614848
21840,0.05897463297679712
21844,0.062139893558224676
21846,0.11247192688774053
21847,0.13081083919579872
21848,0.06391489919507556
21851,0.14510151353862646
21852,0.05096946060350016
21853,0.145893004413185
21855,0.04958641571033507
21856,0.051697879192608834
21859,0.14031810995610355
21862,0.04364351769415919
21864,0.0717045379734347
21866,0.08295255170805974
21867,0.05287889992221799
21868,0.06400985537071754
21869,0.112960499909288
21870,0.11410275796184073
21871,0.17452356700968807
21872,0.05219817890292522
21873,0.051148525980215534
21874,0.052375429932162106
21876,0.12440504821601794
21877,0.059605167104268886
21879,0.14682823511201956
21882,0.12788924778983388
21885,0.06336478464151832
21886,0.10960253696132297
21887,0.09437525937234156
21888,0.13499838261771552
21889,0.06823863274354518
21890,0.06200799788657627
21893,0.06118869380333641
21894,0.049323879585232475
21895,0.05021133251349379
21896,0.11606846471632241
21899,0.0960799698731428
21900,0.12171271790122973
21901,0.055669210004822826
21903,0.05075154575967048
21905,0.07326344332693432
21906,0.057730670420425144
21908,0.04627616470095046
21910,0.06336155825585964
21911,0.053634816869344876
21913,0.12742806061427972
21914,0.05170457854545584
21916,0.057742285019029234
21918,0.06155136293087722
21919,0.04579417747467917
21921,0.11827891907377859
21923,0.05664101198526953
21925,0.07400629524946083
21926,0.1329602616712021
21927,0.11392789377534344
21928,0.047729466988750045
21930,0.15477101750741423
21931,0.0679839449930538
21934,0.13375846624948046
21935,0.12996056850914517
21936,0.1497556263374003
21937,0.054716954085146575
21938,0.13742236518706671
21939,0.132181146819092
21941,0.047002980787139374
21942,0.12625374407561757
21945,0.14673394648423918
21946,0.051697575660434175
21947,0.12625291579885695
21948,0.11813195415736007
21952,0.05568322053590504
21953,0.12682089921207762
21957,0.1308451633493899
21958,0.052636331930443446
21959,0.11873315295856861
21961,0.10159406214997636
21962,0.0463634188062204
21963,0.05163044283783568
21964,0.07414803042662255
21967,0.11668834973962713
21969,0.06714336658213953
21970,0.061099387187750494
21971,0.0672204854274912
21973,0.14769626299426664
21974,0.060602446864904874
21980,0.04836932947839685
21981,0.059556402040750335
21983,0.11322066454026379
21984,0.10461282086666639
21985,0.05808424179908951
21986,0.12067776193358024
21990,0.12784445090568375
21991,0.0988766631648768
21992,0.05057082767947203
21994,0.15111842355573823
21995,0.04979728573688747
21996,0.06404727231102099
21997,0.04250209622568894
21998,0.1257171918105647
21999,0.053637122187795996
22002,0.05157703951485059
22004,0.04351955166520916
22005,0.1254375093730365
22007,0.10069366372231686
22008,0.10540826522590128
22009,0.044154957363539964
22012,0.06605923519420362
22013,0.05189820706622311
22015,0.0623975268089872
22016,0.12580407472538677
22017,0.05626949568469479
22019,0.06450847669890558
22020,0.12447225021004418
22021,0.048868491148636735
22022,0.1195772988525338
22023,0.12635433898368795
22025,0.11305150927437978
22027,0.12032776837792193
22028,0.05207774389885014
22033,0.12009861384407013
22034,0.1437584516150607
22035,0.05551853819101943
22036,0.05628793128244229
22038,0.03928475939072264
22039,0.1307716224024338
22042,0.055719228348689025
22044,0.03979736426177381
22045,0.050529196587196276
22048,0.14675243663010915
22049,0.1289913836876101
22051,0.04833649963010641
22052,0.07910696799319648
22053,0.06967003413291616
22054,0.11358031555382707
22055,0.10731633479251351
22056,0.14161636862592208
22058,0.05571521787921731
22059,0.06506048771177417
22061,0.06296078874985811
22062,0.1321488967080613
22065,0.11804184726807324
22066,0.059728577368695975
22068,0.050606060477383724
22069,0.11128582174835429
22074,0.13284827113126274
22076,0.12412864045844653
22077,0.10042731128873143
22078,0.12183742179882431
22079,0.06994930517910415
22080,0.16387499306017833
22082,0.05187521579964532
22084,0.13098778553751364
22085,0.11442789959770967
22086,0.05291235550472959
22090,0.10276659624869694
22091,0.0890573855520919
22093,0.057615649410994854
22095,0.05277407221826689
22098,0.05782966161549011
22099,0.05718477353346843
22100,0.039941937770357754
22101,0.12949746679163962
22102,0.16343052241337583
22103,0.05845201524886258
22106,0.1393479881118498
22107,0.07790982064254941
22111,0.12569396913525227
22112,0.051467508406950156
22116,0.06828273755175597
22121,0.05721555179767514
22123,0.048388903867854965
22124,0.06178199549705964
22125,0.06923379520535426
22126,0.11155503707040357
22127,0.03898227192400815
22130,0.05382155474785379
22131,0.1459467423256323
22132,0.057807904993913806
22134,0.13293804648751503
22135,0.1305107914013135
22136,0.06114594677940516
22137,0.03864260672058104
22141,0.13822496835585524
22143,0.062153356155200186
22146,0.10744820534004394
22147,0.0528272864420711
22148,0.13669144599282512
22149,0.05888142736273011
22151,0.09784643938334422
22152,0.09882833405687029
22153,0.06098507896671049
22154,0.05680518996505385
22156,0.14502048546148041
22158,0.10263978966619021
22159,0.09188372860677134
22160,0.06830367808750701
22161,0.06457327548133984
22163,0.04204068263002178
22164,0.06628087343751142
22166,0.12760380735500795
22167,0.06502529890615842
22168,0.1317890246120412
22169,0.14338678854069284
22172,0.1309518324387084
22175,0.11835825306765616
22176,0.052417236648852575
22177,0.05492401962983687
22178,0.18212780144492102
22181,0.05867876093899244
22182,0.06615049186267273
22183,0.0667179056523793
22184,0.11454673373991045
22186,0.12490240904021575
22187,0.06845118409738489
22190,0.15369796416309067
22193,0.10852687367955872
22194,0.1156243547613459
22195,0.13085040271188228
22196,0.05452083182151059
22197,0.06428487811608627
22198,0.05212006175426264
22199,0.14505739991006517
22200,0.06309207107908987
22202,0.14909916916409988
22203,0.054292794514611324
22204,0.06463863936787226
22205,0.052963261049726595
22206,0.1280382250043497
22208,0.05600254927562369
22210,0.04938458559126986
22212,0.14621511252201164
22214,0.13220390968274523
22216,0.06891575431537113
22219,0.06599890289237467
22222,0.125771553892328
22223,0.1642398029890187
22224,0.04722775800139922
22225,0.11438443793475056
22226,0.052562586575108844
22227,0.12264273878597441
22229,0.05762259807698129
22231,0.06365443804466554
22233,0.07400782041774832
22234,0.13834896111168876
22235,0.13216700994270852
22236,0.11907313357862526
22237,0.05789879722773784
22240,0.04186018318678976
22241,0.15701351398838506
22242,0.1299492851386843
22243,0.12123441760435885
22245,0.08367205899901341
22248,0.12290690524069983
22249,0.05037643491887408
22250,0.15735069015735156
22251,0.12258864579146325
22252,0.048232585520485566
22253,0.07202995192046727
22254,0.047102510101941185
22255,0.09236339798423424
22257,0.08274179667363454
22260,0.12680761169906724
22262,0.06357189899997628
22263,0.11604425716578669
22264,0.15373634406923692
22265,0.1186838834659484
22267,0.11910818984338233
22268,0.12671130679469295
22269,0.059682288057719766
22271,0.050276438850422656
22272,0.06249105540708517
22273,0.05077501535732441
22274,0.12490971946138729
22275,0.06982442754839592
22277,0.16477048362532548
22282,0.12838545191148032
22283,0.0796144507411421
22284,0.05776921886837678
22286,0.1454270172623429
22287,0.05031384981625672
22288,0.12812910600239316
22289,0.05085473464566957
22290,0.06186677496511921
22291,0.11714259027419217
22292,0.05478855447156737
22293,0.13436124206298725
22295,0.06358433185270526
22296,0.14870981070940625
22297,0.1275263830061463
22298,0.05822196616692851
22299,0.054488665426866686
22300,0.049397011003989647
22302,0.05843988131581687
22303,0.05181890412592143
22305,0.04951162305453742
22306,0.11224453268622575
22307,0.07733607096219632
22308,0.06527294048306431
22309,0.12632091844604595
22312,0.13647149308094622
22313,0.05338139901658111
22314,0.11715741027426052
22315,0.11009159538623876
22316,0.045420311713857964
22317,0.05394164148631066
22318,0.13796421883775098
22319,0.05840475649008589
22320,0.12822210418577268
22322,0.12832228292787687
22323,0.09809539169467525
22324,0.11700915130766892
22328,0.12346205948530725
22329,0.06169893738030296
22330,0.10860384828673726
22331,0.1350229411301853
22332,0.05303780292859094
22333,0.05336300593459755
22334,0.1021136367749612
22335,0.1289923955492343
22336,0.14025680598495374
22338,0.05246268251693243
22339,0.10750580431513862
22341,0.08230517098114713
22342,0.10961339710459157
22343,0.16630825983730335
22344,0.0565055283724386
22345,0.16260157291704086
22346,0.10375892550041554
22350,0.05969876049559452
22351,0.06552610082202476
22353,0.05888550931813714
22354,0.14569600361849797
22355,0.11306833693420665
22358,0.12092863728216083
22362,0.05259328898940381
22365,0.06697721630333969
22366,0.12598209365095892
22368,0.05189098521198871
22369,0.09919043766573206
22370,0.04496828970969492
22371,0.09065770319529129
22372,0.11598771773368875
22373,0.059133550339240004
22374,0.051616390734830576
22375,0.11398279386382257
22376,0.1474008156052073
22377,0.11001474669778363
22378,0.06405450034844935
22379,0.08113401217235514
22382,0.11651935921505532
22386,0.14540570142738884
22387,0.06958239327893566
22388,0.04854636332806632
22390,0.11526938709781435
22391,0.11597305020924525
22392,0.07006493623824099
22393,0.06323973303328286
22394,0.050701546119397076
22395,0.1693155180044745
22397,0.13305080853163834
22399,0.15954592063120537
22401,0.0660038875536671
22402,0.12596062109264183
22403,0.0580986844428897
22405,0.051512242691161406
22406,0.053825199946105455
22407,0.13892185769104518
22408,0.12021144360204977
22409,0.05302299021645297
22410,0.05750379240247444
22411,0.14456235346612784
22413,0.12698948917819475
22415,0.12363638951611909
22416,0.11367040546526352
22419,0.15481300888396538
22422,0.12169123933392813
22424,0.11368988828750834
22425,0.13901167028372544
22426,0.12882296180440125
22427,0.13469851820759074
22428,0.05561900822060593
22429,0.14725876840403554
22430,0.06391777293417489
22431,0.11947753615896224
22432,0.05843829170066027
22433,0.05491002786699232
22436,0.04723342270670637
22437,0.04660408130093731
22438,0.04791953614438177
22439,0.05674937356205615
22440,0.113924534102802
22441,0.0644515344518465
22442,0.05263049307985343
22443,0.053818944231669386
22444,0.060454908029711575
22446,0.048351411639460294
22447,0.14077279352418698
22448,0.12692504409578031
22449,0.10480138849967817
22450,0.12930560428226967
22451,0.11568198710701008
22452,0.05595753582244034
22454,0.057075746499758724
22455,0.17520394131019287
22457,0.05925366424320637
22459,0.10991176156475302
22460,0.07338032756626327
22461,0.10780689324469402
22462,0.18216684404171976
22464,0.04734002665721634
22465,0.04963458626385931
22466,0.05995051742560997
22470,0.13431659531971923
22474,0.1745494534340474
22476,0.05184902430630979
22477,0.12148723836514691
22479,0.14670867064347395
22480,0.1333037703652551
22482,0.08342551154526068
22485,0.05632665164393573
22486,0.1359475309477112
22487,0.08966349277023465
22488,0.06334120338297762
22489,0.04971152852148915
22492,0.12780053787378592
22493,0.13244997871442257
22495,0.11358896246685138
22497,0.11989033811367054
22499,0.1196880771211692
22500,0.05886044317238663
22502,0.11815818219632189
22507,0.12425402252305716
22508,0.05799355885463835
22510,0.04921848631582633
22512,0.13499183342215748
22513,0.0537795862369827
22515,0.05454484496508073
22518,0.13504114314522384
22519,0.05458536429394131
22520,0.12480335309972944
22521,0.11025244522945746
22523,0.11594357684833136
22524,0.13493282965073217
22525,0.11514924373366771
22526,0.13909088778569811
22527,0.06028607603841131
22528,0.054067029754251726
22529,0.038998910285954876
22530,0.17125926963791008
22531,0.050573897087621035
22533,0.12987355109213528
22538,0.06022588061362113
22540,0.05244981957752002
22542,0.10825968759877433
22544,0.07391288430760916
22546,0.0763100334204863
22547,0.15302362027155506
22549,0.06864656834609835
22550,0.04825524725273786
22551,0.10857686245300226
22552,0.17788916939155225
22553,0.04916011846925099
22554,0.09736094403925653
22558,0.061288215719872925
22560,0.0517438718805423
22561,0.04821018422720525
22562,0.1333519257407276
22563,0.1274675188891128
22564,0.05941531392845148
22565,0.079314761762412
22566,0.05240161862539921
22567,0.10333166043691577
22570,0.05091747736916135
22573,0.12903274183106306
22577,0.12733160668029442
22580,0.06571807849786174
22581,0.12768257211120695
22583,0.055413672728964754
22584,0.12825752233037244
22585,0.04256425523091008
22587,0.04517080943808945
22588,0.055069441486464143
22591,0.08962792548180623
22592,0.048791839675245426
22593,0.11533032956046425
22595,0.061166000068960856
22596,0.07934900625643047
22597,0.11423340032242803
22598,0.12764917309224616
22599,0.05450576438050158
22600,0.13945980374019257
22601,0.1330632971762597
22602,0.12710802455967338
22603,0.06107096490217011
22604,0.12280915861450388
22605,0.11907511092917243
22606,0.0808051624495135
22607,0.058478744126175576
22608,0.06053152746667969
22609,0.05860542283840416
22610,0.1220731816472545
22611,0.10296576528292291
22612,0.10132574157930428
22613,0.1068669783717366
22614,0.07161524614539469
22615,0.05351596079502179
22618,0.05965699185568586
22621,0.06508488571838962
22622,0.04878333005642357
22624,0.12846882761228215
22626,0.11478943274189912
22627,0.1298354003922967
22628,0.048661900956909275
22629,0.10508095266865779
22630,0.09819412385017556
22631,0.06304553040685995
22633,0.06322608300710422
22634,0.048969784412633575
22635,0.09123965358437496
22637,0.047359298063840996
22639,0.1583410803559582
22641,0.057906544192087746
22642,0.12989767702294427
22643,0.13865904597243883
22644,0.17450592036165435
22646,0.10355578982551907
22647,0.06305331366523598
22648,0.06737450937117813
22650,0.0831767057472593
22652,0.07277512940754761
22653,0.07252132920638601
22655,0.1349761650390546
22657,0.05542400895098227
22658,0.060440739203073884
22662,0.11348300360005756
22663,0.10808605873660881
22664,0.12509767798783888
22665,0.12419254407785811
22666,0.14298487666923848
22668,0.13702931256995293
22669,0.05717334821303657
22670,0.12841646263307563
22671,0.1413523651262811
22672,0.05283187197326027
22673,0.07305770281697602
22676,0.11782102771845611
22678,0.1381090899303323
22682,0.07112250626328125
22683,0.050205282640153004
22684,0.06458524432953035
22685,0.06298763240616664
22686,0.12096877161822357
22687,0.08489044270132365
22688,0.05234419886979404
22690,0.13744028247613382
22691,0.12966576735814814
22692,0.047160310217495414
22694,0.12050483555255524
22695,0.0664016543612989
22696,0.049491377088263656
22697,0.13987828875478253
22699,0.13035199328230246
22702,0.11686874288330233
22704,0.03861437616562177
22705,0.13512306031343277
22706,0.1380015899905715
22709,0.053614908072477145
22711,0.05708990449818776
22712,0.056109786757349206
22714,0.06145431598651429
22715,0.10073291294602914
22716,0.05056645031798226
22717,0.04824013036873201
22718,0.0524445392134319
22720,0.06455860847784535
22721,0.051030747275521884
22724,0.04424642815718988
22725,0.07455021316224117
22726,0.14347423033356135
22728,0.0707098227599024
22729,0.10770021416170772
22730,0.13209057444240832
22732,0.13979102400290308
22733,0.060355665200189354
22734,0.10970181109491565
22735,0.0657142526247149
22736,0.10854464198361119
22737,0.11777114571919625
22738,0.05381061614212126
22739,0.17997293241787113
22740,0.06788133883242069
22742,0.055278835077394076
22743,0.18255740857197308
22745,0.05829055872669294
22746,0.08157668656632254
22748,0.15527994190124836
22749,0.05890380088250048
22751,0.03849186844950696
22752,0.12472094953435242
22753,0.07079688947545061
22756,0.12597732484635288
22757,0.04956537470295653
22758,0.05316232985187478
22759,0.05762748648189326
22762,0.1326160935043177
22763,0.062222457394446366
22764,0.05263551262574795
22766,0.06888164317723999
22768,0.05269767370782806
22769,0.06576928695887285
22770,0.057581570239096144
22772,0.09195718907174774
22773,0.05956962123145627
22775,0.11794186388698435
22776,0.06398471976887771
22777,0.10623630763772833
22779,0.05743832720500076
22780,0.12268934911006496
22781,0.14217492445638472
22783,0.0499159840539972
22784,0.11982045550833864
22786,0.12025211967610402
22789,0.11549258249165724
22791,0.061843676137716797
22793,0.11599556754093827
22794,0.122525347933917
22795,0.06790420133728226
22796,0.052332569519011364
22798,0.131187525400346
22800,0.05505667503411883
22801,0.13527192673543906
22802,0.15009039632867627
22804,0.056733506942465664
22808,0.04807286404596984
22810,0.07574312426344589
22811,0.05269162774672205
22812,0.05680344712781559
22813,0.06529092821763552
22814,0.12481232510398899
22816,0.1046378638460254
22818,0.07466849765363073
22820,0.12687618712507043
22821,0.05693911700895135
22823,0.13069555781488998
22824,0.12788712567807758
22825,0.1069537424264298
22826,0.13975084654433195
22828,0.11910832083744173
22829,0.11648923012473669
22830,0.12735255483015506
22831,0.12633258104676912
22832,0.10869799951028385
22833,0.0523106746132052
22836,0.05170067565824471
22839,0.059111163761667
22840,0.04997922122189277
22841,0.12071313761118169
22842,0.05952545919000968
22845,0.048138787196442594
22846,0.04827811378716662
22847,0.09314494823292167
22848,0.052995324902351114
22851,0.07368890351633166
22853,0.04700112543381432
22855,0.09481563983092714
22859,0.06364361096782196
22860,0.1403284429427857
22861,0.05415735456711933
22862,0.06764787277647116
22864,0.0515783592934909
22865,0.05616386338811704
22870,0.10515975194427309
22871,0.10573977180867133
22873,0.05532100944453354
22874,0.12610241769126726
22875,0.11407723558468269
22876,0.11441211651523954
22877,0.05834786496351459
22878,0.04829843988640394
22879,0.06455963485830331
22880,0.12553784870028326
22882,0.058043306481595794
22883,0.1383475499747899
22884,0.06908634812949711
22886,0.048581257571344495
22887,0.05476131029136278
22888,0.12190084516904377
22889,0.1219063961025489
22890,0.06006624406344276
22891,0.0621503466050655
22894,0.0596758315128688
22897,0.08527648957907843
22898,0.054475854064281994
22899,0.056739265378048374
22900,0.04499285752515246
22901,0.04576484129109237
22904,0.11476449726015478
22905,0.12957677649032487
22906,0.1369094926191895
22907,0.141726541297436
22908,0.05956520713572962
22909,0.06730108436499457
22910,0.11523395246754248
22911,0.13030396278712555
22913,0.1381030203443795
22915,0.10439909430730158
22918,0.04888336469903213
22919,0.1334110586615237
22921,0.16573248906750293
22922,0.06586283376009851
22923,0.05429267804559826
22925,0.13675777205638764
22926,0.047423632252424554
22927,0.1319722053928716
22928,0.109567020831583
22929,0.07941019670763387
22930,0.04410119086389219
22933,0.05416990877984765
22934,0.1314106277777927
22935,0.04712232179601433
22936,0.1280511341110073
22937,0.13720519369008163
22938,0.1342565745304581
22940,0.04882129887120842
22941,0.14061047796206047
22943,0.05921891849326352
22945,0.05730121875093294
22946,0.05542277152886087
22947,0.0564691703725844
22948,0.14737092992860423
22949,0.13040789303064396
22950,0.12621491586491068
22951,0.12049736675042115
22952,0.08714431453123701
22953,0.12943977760028313
22954,0.139622153851041
22955,0.13867370453374128
22957,0.14644036781295358
22958,0.12592099296338174
22959,0.05807175355521164
22961,0.08897265009576734
22962,0.05797676214277828
22963,0.04563035529534393
22964,0.11430424141659287
22965,0.13151347194681468
22966,0.11523709705865821
22967,0.12540156415157502
22968,0.1445264894882141
22969,0.04830164399559595
22970,0.050654714651627464
22971,0.10326448549453476
22972,0.09347584382086362
22973,0.1601004053522058
22974,0.05937997938987996
22976,0.06518523592755301
22977,0.1273144686266797
22978,0.06380629159622088
22980,0.0576341121144283
22981,0.04476350721498931
22983,0.05868684949474422
22986,0.06165119553125594
22988,0.1689631030474337
22989,0.060738519177119546
22990,0.1149371954945327
22992,0.05966531644329461
22993,0.041502517017986414
22995,0.06483593887196318
22996,0.09699284619132627
22997,0.056624308187742944
22998,0.1103840281895794
23002,0.15504150702574604
23003,0.051465558203064546
23005,0.05459260369733064
23006,0.05257781553139487
23007,0.056243755447216194
23008,0.11826384760088575
23010,0.13723516381967935
23011,0.04021549461535767
23012,0.1372839856226212
23013,0.05430509569426239
23014,0.046724903561457636
23015,0.059629835831877066
23020,0.11622732441574173
23021,0.12288522794332216
23022,0.058681592091696946
23023,0.0668776819984817
23025,0.053213987916343825
23028,0.1137826203877311
23031,0.17017088482557335
23032,0.05884808996814987
23033,0.05008796682156993
23034,0.09802952142677328
23035,0.14003540154054497
23036,0.1344541166382756
23037,0.05953733806463489
23039,0.06422998735205585
23040,0.056639907302069754
23041,0.06381450686436364
23043,0.059094917239453745
23046,0.08913548899088693
23048,0.05479845882742537
23051,0.12817722187602784
23052,0.06288987457642375
23053,0.1281488757552601
23055,0.12914324608934982
23056,0.05128998474667309
23059,0.12667872698967267
23060,0.11169103758154153
23062,0.12204323644890777
23063,0.05177354094688762
23065,0.053299756148016866
23066,0.06299559252803048
23067,0.10414469543218954
23070,0.13682315427557207
23072,0.0526924501790654
23073,0.055036122180301475
23074,0.04738922832230756
23075,0.054396229561645845
23078,0.043920173872249085
23079,0.13412353740858
23080,0.15524813548045938
23081,0.050510050167476714
23082,0.13204986551181272
23084,0.05033508019328046
23087,0.04892356636803794
23088,0.06853168027685536
23089,0.12181177415620778
23090,0.1207347600982485
23095,0.053251188314335084
23097,0.11886974632383901
23098,0.049779106598177796
23099,0.06032103135658186
23100,0.10304233158368079
23101,0.13598397185338426
23102,0.12555193325156697
23103,0.08768551218497624
23105,0.05862166946970455
23106,0.08600148636557382
23108,0.05675850717444359
23109,0.14136398600125946
23110,0.055414999612146666
23111,0.051165803505784556
23112,0.043841329223315455
23113,0.06477147222095721
23114,0.12787430547124354
23115,0.14906014471150278
23116,0.07461666318647318
23118,0.050312172083412016
23119,0.04086338300752016
23120,0.10690298447651969
23122,0.14853766220028222
23123,0.12180689058622889
23124,0.05908315234292155
23125,0.04977825935561917
23126,0.13156512671091966
23128,0.07814289443709864
23129,0.13304108368226747
23131,0.05475516129672121
23132,0.12362255778825167
23133,0.09706098613878768
23134,0.10013034605069686
23135,0.04853910780659241
23136,0.05197266038039789
23137,0.08449945080303901
23139,0.11483410107694199
23142,0.06665567272742391
23143,0.05710821400205882
23146,0.12096390399551768
23147,0.10641298630638359
23148,0.10509021959161687
23149,0.04706283150009154
23151,0.0718687079353004
23152,0.08507193364082376
23153,0.06634044552271194
23154,0.11684893863261424
23156,0.12167764775429314
23157,0.05623926745281518
23158,0.06430587313992774
23161,0.11076222568540624
23162,0.07675620038294739
23163,0.050347350665761806
23164,0.05414848770247377
23166,0.06737373614704517
23167,0.14349618053647217
23168,0.06521610189037914
23169,0.0719052953026098
23170,0.06681202806018316
23171,0.12705217618350306
23172,0.07183910697948193
23173,0.05573777965129482
23174,0.05095087186541351
23176,0.14592412862743084
23177,0.0709765238448352
23178,0.053033135180515056
23179,0.05488676172615479
23180,0.14073945516377567
23181,0.057662078256278296
23182,0.1328173036101515
23183,0.12856920081295595
23184,0.05542878405248158
23185,0.1567739671840988
23186,0.05681041840431798
23187,0.06321589415062781
23188,0.07828509366000937
23191,0.06362457925491238
23192,0.0622266309235394
23193,0.10664314303061491
23194,0.1070692653257362
23196,0.05217098911386407
23197,0.07538452575443837
23198,0.11336440168108183
23199,0.05696247929012363
23201,0.10441327505353208
23202,0.1327411272446471
23203,0.09441547790265975
23204,0.06322097121694857
23205,0.12702397787792868
23206,0.06241452934971076
23207,0.072018095757519
23209,0.11309485690204518
23211,0.1539592045809611
23212,0.057029735091280113
23214,0.09821629722781436
23215,0.04787821447495576
23216,0.12448720310945345
23218,0.0683472760007594
23219,0.0620697069448015
23220,0.1230220986076468
23221,0.06715789127270964
23222,0.12308525029529938
23224,0.10702004224448138
23225,0.14002402961485916
23227,0.09569928273780155
23228,0.12205679883083516
23229,0.17060299203718116
23230,0.06239560587067828
23231,0.053213274191550475
23233,0.13827072621654163
23234,0.10565955827627942
23236,0.10836789817108919
23238,0.04797393625594464
23239,0.03175468068678686
23240,0.058363417168498966
23241,0.06794723471249041
23242,0.14433368224427956
23245,0.12963995671492803
23246,0.05102487945071682
23248,0.08277337747210034
23249,0.060100051441666025
23250,0.12077315168882273
23251,0.13215922799179713
23254,0.12665128793152144
23255,0.12132399190084381
23257,0.05364071874840472
23258,0.13889875088967593
23259,0.12167694796789241
23260,0.10590424372125624
23262,0.1028917060566436
23264,0.08204251112796944
23267,0.13388348357689614
23270,0.16631480579632194
23271,0.1298321900519666
23273,0.12684664988072045
23274,0.06234725507666994
23275,0.06531801011529137
23276,0.13937128365844328
23277,0.13826787393611573
23278,0.10181795922514679
23280,0.14971276269146314
23282,0.13174122831264773
23283,0.11826558628089673
23284,0.11692804583818839
23286,0.056300765351786915
23287,0.12634518427324415
23288,0.04901587148187822
23289,0.10695375005098108
23291,0.05786351455462402
23293,0.06797225109405843
23294,0.08910639893130863
23295,0.06623948975064743
23297,0.056064576741669536
23298,0.10644916042835177
23299,0.1104348296798126
23304,0.07517835522643201
23305,0.10016961043708326
23306,0.0514983538685723
23307,0.0466788970703605
23309,0.05225518145572503
23310,0.12838327795827287
23311,0.13742448554158007
23313,0.0567894122087113
23314,0.11433145909984987
23315,0.07550700027334804
23318,0.05216183274529489
23319,0.04836473883939861
23320,0.05462267010765708
23321,0.06964832917133398
23322,0.0987936501445736
23323,0.13234479125270981
23325,0.05038971028457029
23326,0.1263885613410968
23328,0.05861249505186271
23332,0.053581415630860156
23333,0.05086443568319266
23334,0.14205136281601483
23335,0.046994297609376165
23336,0.09988741956222714
23338,0.06169633562739292
23339,0.11790495212640598
23340,0.14124531400159598
23343,0.05335586900946371
23344,0.11720766898899586
23346,0.08066946555178972
23347,0.13249642733252678
23348,0.052073024450298856
23349,0.11595063840009305
23351,0.1231171256213516
23352,0.06173517149571506
23353,0.13788694623153844
23354,0.0619434584128748
23356,0.13128214751377396
23357,0.1210250875183367
23359,0.06623419569086648
23361,0.14022215993906967
23364,0.12146167484381389
23365,0.05099406097625062
23366,0.1462213912368706
23367,0.05306469600825462
23368,0.12049527190877182
23369,0.03933580761109108
23371,0.1260155806052656
23372,0.09293065789612996
23373,0.13073553407275776
23377,0.1045357138481349
23378,0.07205415363583342
23385,0.07158693992792596
23387,0.055719176457563246
23388,0.056769172863032964
23392,0.059103024868381177
23394,0.0727866798434242
23395,0.131466889247729
23397,0.1278572783797612
23398,0.062488014409520544
23399,0.12844474125769564
23401,0.06890796658135298
23402,0.1138113470466427
23404,0.11563102000842149
23407,0.1341630226690655
23409,0.05396901441686763
23410,0.05336002913881445
23411,0.04991928972264824
23412,0.11311815749024529
23413,0.07862615720233336
23415,0.12206154733817398
23416,0.10729726393423654
23417,0.05375233577165856
23419,0.06851462429514465
23421,0.07212868909802883
23422,0.054754559672258216
23423,0.12863947759589958
23426,0.13049605392158328
23427,0.05813720020885378
23428,0.062207352476302005
23430,0.14313249522709298
23431,0.09438246436518814
23432,0.12361045145375825
23433,0.04714932208896524
23435,0.05811959468953706
23436,0.10519952917748535
23438,0.12880521237748188
23439,0.06264776651300615
23440,0.08056989667180205
23441,0.06948706996082492
23442,0.05055041813397961
23443,0.12961468146562968
23444,0.10628733940944786
23447,0.06270380467908437
23450,0.06549623699809606
23452,0.06647853166490234
23453,0.09995263005636629
23454,0.07203095256669557
23455,0.046927529490905104
23456,0.05571260798876589
23457,0.13277664636675685
23459,0.1267947316542827
23462,0.1272148475936435
23463,0.05010074627884047
23466,0.05944451148895249
23468,0.13035502013345895
23469,0.10668071845869351
23470,0.06246951819435257
23471,0.07265712718817798
23472,0.08148887885654005
23473,0.1287385742874165
23474,0.07994880905025528
23476,0.12668265870755677
23477,0.10330580279394354
23478,0.13588049693740786
23479,0.06379955537316538
23480,0.15175609382480548
23481,0.06758923258308411
23482,0.057703487023199405
23483,0.06767435331112581
23484,0.10174969520047067
23486,0.05451056789570976
23487,0.06833837025289696
23488,0.06084202882581264
23489,0.05744728984328908
23490,0.08655444959151642
23492,0.05633708395690573
23493,0.060335653970404426
23494,0.1322494608530373
23495,0.08517181814668583
23496,0.0863516997971914
23497,0.04207176463970793
23498,0.05971419815591656
23499,0.04984311556243421
23500,0.06388608822041775
23501,0.05272714810494931
23504,0.15307603713045273
23505,0.042193124129962505
23506,0.052409707937265355
23507,0.05041132286310486
23508,0.12919628547293152
23509,0.1301685016362352
23514,0.10621567612722316
23515,0.06446732109661434
23516,0.05519168019319232
23517,0.1491808709100305
23519,0.05333028777914108
23520,0.05955267999388596
23521,0.04812178256289376
23523,0.04852659643241799
23524,0.05324355285600304
23525,0.13495927922539386
23526,0.08478320672946629
23528,0.1309065723777322
23529,0.11877528699319567
23530,0.11028942980436804
23531,0.14035539658739718
23532,0.04875482923398659
23533,0.04536861860607051
23534,0.053714031151898795
23535,0.06262351341041031
23538,0.07300429360298201
23540,0.07505714084182058
23542,0.046485540444035876
23544,0.12847389589720656
23550,0.04587523160970325
23551,0.08974063899444992
23552,0.056784077478661335
23553,0.09058036598200796
23554,0.10346606951710483
23556,0.12386017223102008
23557,0.14112128211348415
23560,0.13487426693664464
23561,0.06153397503500786
23564,0.11369997751661835
23565,0.15601744065865722
23566,0.11813983818716292
23568,0.14725501784459546
23569,0.05588118439946624
23571,0.12415448702829383
23572,0.04676719780575092
23573,0.054835455518836895
23574,0.10569331664220119
23575,0.10340139415681546
23576,0.12329246619323962
23577,0.12596674653020762
23578,0.05938767809977965
23581,0.12672855356382573
23582,0.06578734578049325
23583,0.15287809562615504
23584,0.06019253520906881
23585,0.10555424497604368
23586,0.11500744853538569
23590,0.042754520498325295
23592,0.0730546177362264
23593,0.052614667896719446
23596,0.09070775405821525
23598,0.12219238446891445
23599,0.04886305621931915
23602,0.1311918520800964
23603,0.105100635728534
23604,0.10677278731571116
23606,0.10725508273547003
23607,0.05083919128362943
23608,0.09893271861786468
23609,0.04778252974210405
23610,0.13484839548677938
23611,0.043613817274630304
23612,0.06982212450692829
23614,0.06536208756665861
23615,0.0438554346627624
23616,0.0513025175470158
23618,0.12729684579269382
23619,0.11341516762322432
23621,0.12088376771338424
23622,0.05341179986044695
23625,0.12163252527011019
23626,0.1325957694216116
23629,0.13313009906303322
23632,0.11638291050988027
23633,0.05845224374884097
23634,0.05034556710464944
23636,0.12662569440831942
23642,0.12814007510640946
23643,0.059289799785593594
23645,0.11293960197693806
23646,0.13284403513569484
23647,0.04459739363255119
23649,0.1252476667148374
23651,0.09418336391286422
23652,0.049888562360453394
23653,0.04870448497156924
23654,0.11349767584317165
23655,0.06810413003602771
23656,0.12232392767631932
23659,0.11872473576828003
23661,0.0538772197057279
23662,0.12830143329948832
23663,0.13247925643610084
23664,0.10454837844988052
23665,0.05578913305114403
23666,0.1331008180274995
23667,0.1257099690248669
23668,0.06294824031403852
23669,0.14129477855294323
23670,0.07014277946603491
23671,0.06699542183219517
23673,0.05047407472079071
23674,0.05025853650777569
23675,0.11985405631500098
23676,0.060863702471249774
23679,0.05065984380604193
23680,0.04535976789319943
23681,0.10459036141538351
23684,0.11259065455645868
23686,0.08209449669296914
23687,0.05707449261055662
23688,0.0496135885275687
23689,0.13217465758041094
23692,0.1467361524579379
23693,0.06698572779044992
23694,0.11976228443787887
23696,0.05177989567171986
23697,0.058743553563571554
23698,0.1344322746472873
23700,0.05451497808204421
23701,0.14359363924430843
23703,0.13255490767354666
23704,0.0524171049261928
23706,0.05960082896061192
23707,0.11146076630510031
23711,0.12946559572818817
23713,0.07430543646125716
23714,0.0636168803635905
23716,0.10624127023221681
23719,0.05224853632871777
23721,0.059323906556787126
23722,0.064575793686732
23723,0.1364596244763161
23724,0.05476929657524155
23726,0.07214506377867179
23728,0.04732261963744194
23729,0.09446293713846438
23730,0.14582732190829648
23731,0.04663660991148115
23733,0.05027494237636527
23735,0.13150428011919169
23736,0.048754053338550124
23737,0.04866337969376526
23738,0.10605139072988123
23740,0.12203411612900393
23742,0.12932549718716377
23743,0.06582660708612487
23744,0.058672588703216164
23745,0.1221804156548544
23748,0.12427010314200253
23749,0.07957240285159012
23751,0.11440454980457757
23752,0.09914178717991014
23753,0.06055926681855854
23754,0.11976310508623607
23755,0.03502720507123381
23756,0.05850759884868941
23758,0.049999036894064396
23759,0.0986341142237563
23760,0.11928357129331187
23761,0.13652727320842195
23763,0.06431859189610789
23764,0.12852474280481468
23765,0.08649738338676777
23767,0.06199902630848163
23768,0.1272617940970032
23769,0.09784755623857076
23771,0.11593348595010836
23772,0.050408424276533796
23773,0.06690257612622498
23774,0.14842611970414168
23775,0.048027847986493594
23776,0.06925901255068044
23777,0.054405987625125274
23779,0.049351466500861724
23780,0.06386954739069292
23782,0.05064282762744024
23783,0.05987317701356553
23785,0.06073658129505895
23788,0.10292253446351887
23790,0.12727213913371682
23791,0.06900325236195956
23793,0.14718721415248492
23794,0.14907316514715208
23795,0.11569625825422833
23796,0.07082438288074494
23797,0.09929687962737455
23798,0.0425234678190532
23799,0.07024863881115974
23800,0.052451459697315135
23801,0.04508180661218421
23803,0.08677211004338516
23804,0.06712935816637411
23806,0.05284622476073261
23807,0.128510370269527
23808,0.0417328987675989
23809,0.1120909135751209
23810,0.05467232594398964
23815,0.15875960404333148
23816,0.13476998488015757
23818,0.05258309711341756
23819,0.05761449096186771
23821,0.11822614156088461
23823,0.05887399899865394
23824,0.12689037552800594
23825,0.14150790680997583
23829,0.061487673992773606
23830,0.1433076201154118
23831,0.03720870865316534
23832,0.04561141683157146
23833,0.1315118116690926
23835,0.08791499182098653
23836,0.05261123282706921
23837,0.0648938564329584
23839,0.06777830154384812
23843,0.0629768486487125
23844,0.12493873547565268
23846,0.12656864134883097
23847,0.04996941050245439
23848,0.08078686735115999
23852,0.141568055603854
23853,0.0700794451725619
23854,0.052063416490449196
23856,0.05885329447862214
23858,0.10791178478215838
23859,0.14430095097014553
23861,0.07779383335554733
23863,0.11116759545926458
23864,0.06165358250334662
23865,0.08363623465368247
23866,0.107818638330001
23867,0.055445289877670306
23868,0.05906778435707765
23869,0.055232153219222424
23872,0.14188449693126634
23875,0.053862298106691124
23876,0.12223762494253303
23878,0.049528839228331546
23879,0.04772630150304727
23880,0.13082129805160778
23881,0.12325119893284764
23883,0.14249996535690293
23884,0.09436550427881416
23885,0.1320384884296249
23889,0.08232902549896169
23890,0.12500095639314743
23891,0.1046470914895762
23892,0.12860919210130464
23893,0.16897505347103275
23894,0.12830793825157943
23895,0.04970427595124364
23896,0.10254379988107255
23897,0.07131251904362611
23898,0.14655037812654162
23899,0.05324731447705627
23900,0.03963852130477353
23901,0.12722170508837416
23904,0.12542179074212606
23906,0.1277041842554171
23908,0.11811864385999009
23909,0.07164366684965429
23910,0.05426141324224296
23911,0.1189533434313765
23912,0.11408650394761685
23913,0.12877416447308282
23914,0.13986689522635765
23915,0.10980310330772661
23916,0.05259841785279298
23917,0.062232418918161544
23918,0.048346432663312365
23919,0.07100880997356623
23920,0.05288133723378906
23921,0.10975323385135126
23922,0.0951242852790902
23923,0.08266394982255704
23924,0.09770556385964582
23926,0.0553977905816293
23928,0.14233015126101822
23929,0.0573333057054386
23930,0.05996131842282067
23931,0.06193329496563338
23932,0.05438280589795344
23933,0.07294240805091377
23935,0.12653423154528604
23936,0.0707135883164494
23937,0.06164876227045016
23938,0.1340000610827234
23939,0.08997224953518262
23940,0.05674140922116971
23941,0.049176188625226665
23942,0.14141849416756583
23943,0.0654509047951705
23945,0.11060148131890686
23946,0.04944003044259627
23947,0.11615656853684347
23948,0.06333907762838271
23949,0.15743602428387102
23950,0.05672975053937147
23951,0.05973913919194218
23953,0.06414068299669899
23955,0.058005419214392076
23956,0.11774599201678879
23957,0.08088953088784717
23958,0.0715648327024052
23959,0.055351723893152904
23960,0.07783209565685958
23961,0.06242298326801158
23962,0.11475503067557179
23963,0.10310679308853031
23965,0.05483755106580534
23966,0.05411037023048421
23967,0.14174363520759958
23968,0.04835489665930939
23969,0.051385532474911344
23970,0.1609029885338448
23971,0.056091280340988266
23972,0.14526426532717296
23973,0.12340176129599788
23974,0.15525086347715727
23975,0.04978577675044512
23977,0.05041794911283811
23978,0.061744396121134304
23979,0.05352572683662538
23980,0.12377699094342744
23981,0.054505659382825374
23982,0.12764734180285425
23983,0.050608301924536817
23984,0.04498634357357628
23985,0.12872337707542153
23987,0.14486004372891603
23989,0.09889047926176324
23990,0.1151469793871618
23991,0.057253034636017996
23992,0.10129562463956147
23993,0.11335549970763677
23994,0.05746360274468623
23995,0.13911298212910417
23996,0.056937286717859206
23998,0.14177355978975809
23999,0.04208148192321088
24000,0.06015275557095598
24001,0.12180383717189082
24002,0.1322459001283609
24003,0.05625913372684383
24004,0.04751193886724729
24005,0.09954532409426436
24006,0.059609320635681015
24007,0.04695672993008326
24008,0.11335570987286957
24010,0.059816436314896484
24012,0.04460016039449966
24014,0.04971541644917831
24015,0.0567934139811774
24016,0.07633361369909268
24018,0.054123887317130664
24019,0.11600379806808093
24020,0.04683726590616388
24021,0.05973254194223227
24022,0.15133962022471076
24024,0.12488359279498311
24026,0.14021151277872243
24028,0.05722924459861486
24029,0.05610407711723897
24030,0.1351486909460616
24031,0.1454569992730255
24033,0.05479666112088347
24034,0.1849183663592813
24035,0.06652179353294727
24036,0.11920151840808743
24038,0.11291634788036489
24039,0.05924959771600259
24040,0.05360172948573465
24041,0.12907935170868112
24043,0.08269348985002961
24045,0.13539643374011961
24046,0.1073525120596136
24047,0.061917342199902504
24048,0.13384077651291174
24049,0.13362114650569323
24050,0.18103404054486666
24053,0.061240321305180916
24054,0.058409634719867605
24055,0.1282778272795187
24057,0.06032386335054138
24059,0.06675308877993713
24060,0.11763220397965694
24061,0.09374115164953517
24062,0.05666395276149424
24063,0.16407784229881883
24064,0.06299736105912088
24065,0.07386859727890006
24066,0.0593549235482446
24067,0.05316243179421299
24068,0.1315399622357309
24070,0.17298114330413228
24071,0.05021280097238476
24072,0.05808052214712336
24073,0.05184484374321955
24076,0.045705128161427425
24077,0.1059028974251051
24078,0.05167598539653501
24079,0.07104440831839337
24080,0.1277127108852034
24081,0.12064591529702168
24082,0.04928304631527736
24083,0.047695802558418
24085,0.05921800446895117
24086,0.13442641116892198
24087,0.10416110624538494
24088,0.08870629777563245
24089,0.05059660200168544
24090,0.1599744654096293
24092,0.06281718200024018
24093,0.11525155251615402
24094,0.05558530463403848
24096,0.0475276576734616
24097,0.1572821165211523
24098,0.1322643374455156
24099,0.056321965977859365
24100,0.05797071451313731
24101,0.12421011737067753
24102,0.09884665807558658
24103,0.04980790885565831
24104,0.054298395508548127
24105,0.05338932411349969
24106,0.13801542730102562
24107,0.12399921320850153
24108,0.049898837237623325
24109,0.1194528727744068
24110,0.054355581459415055
24111,0.10568593483891832
24112,0.06078241164163688
24113,0.060524209735491975
24114,0.08134503170006245
24115,0.14128630084824623
24116,0.06440240194232058
24117,0.14633240470639333
24118,0.04884976589978144
24119,0.05972041198264169
24120,0.04319502894360539
24122,0.048544837824592346
24123,0.1006116398911442
24124,0.06401331474837085
24126,0.12509406119573266
24127,0.11557859728971048
24128,0.0710370936888434
24129,0.06076664776456647
24130,0.102464039261742
24131,0.05675472466762987
24132,0.12433704264030349
24133,0.06723583585694469
24135,0.13133082417992192
24136,0.043067997983982205
24137,0.11741240777714393
24138,0.12196576626437236
24139,0.11111751462219416
24140,0.07038284357837198
24141,0.06940796277778571
24143,0.11566808475511897
24144,0.041050566705578724
24145,0.12761714697363005
24146,0.07081069877306302
24147,0.12232945544682461
24148,0.11627259869446249
24149,0.052947951625976555
24150,0.15383568212898224
24151,0.05196952306168399
24152,0.14283690521413855
24153,0.05434561105622944
24154,0.1357444900888128
24155,0.05125647473169567
24156,0.08365530000119037
24157,0.12004673541934271
24158,0.05637800378474543
24159,0.12982753689361132
24160,0.06278004764745117
24161,0.05205556122806804
24162,0.05455413098518409
24163,0.09452403502229756
24166,0.15704563703581453
24167,0.11960519053744169
24168,0.09354408425921962
24169,0.12600650771640953
24172,0.12550874833077785
24173,0.07455254813677042
24174,0.06746069442787136
24177,0.06745829943673824
24178,0.14723967807021246
24180,0.059451835003760375
24181,0.06704285446668462
24182,0.06871478474669349
24183,0.1357352520392208
24184,0.12574130403312014
24185,0.05160814786276142
24187,0.126368718019669
24189,0.1366079800907225
24190,0.07403342279065334
24191,0.14669395976305843
24193,0.05134582935893516
24195,0.08652890994672785
24196,0.12255985968529483
24198,0.11457243400456225
24200,0.153389155952863
24201,0.058206751750910724
24203,0.06040629690865193
24204,0.12969933891503937
24206,0.07852730537358078
24207,0.14574401927746122
24208,0.0662444155065455
24209,0.059069201570634305
24210,0.04664811470939521
24212,0.04936874668486761
24213,0.13699375090471455
24214,0.07123960347084567
24215,0.14812988249117098
24216,0.03836436105380047
24219,0.05353565918680975
24220,0.12482337190813719
24223,0.05253923093557057
24224,0.0594522510449754
24225,0.10626161845072526
24226,0.07292022781236861
24227,0.051783367559148
24228,0.04862026390028755
24229,0.12740758592060247
24230,0.05126505252257944
24231,0.10917707623377541
24232,0.060396791259705186
24233,0.0701403080617897
24234,0.065970879198065
24235,0.038564653038719414
24236,0.058970684174746685
24237,0.10667863390852642
24239,0.06772798111747474
24241,0.10065904737589208
24242,0.06931903600862811
24244,0.1459640062212203
24245,0.13116726230684989
24246,0.1312434978534941
24248,0.13490904118401473
24249,0.059557208115897445
24250,0.05317417929703884
24251,0.046632759941694274
24252,0.11071050984705855
24253,0.056355177118318826
24255,0.13068071381074975
24257,0.05966324599704671
24259,0.05174683540107122
24260,0.05402332067875302
24261,0.12106671788669461
24263,0.13508281818240703
24264,0.06317883797105313
24265,0.09192057424477482
24266,0.12054793100435435
24267,0.1256015325458109
24268,0.07338933524071596
24270,0.1347569449961594
24271,0.13954233838901808
24272,0.06482332103908443
24274,0.06343979608472693
24275,0.07368531450905305
24277,0.12584127172424123
24278,0.0663367235519077
24280,0.05054422513371822
24281,0.12417849242625789
24283,0.10895054373960453
24286,0.14184613738881335
24287,0.06278204144595548
24288,0.1354055705490603
24289,0.1015833889540053
24291,0.06126577267235168
24292,0.16571751116812544
24293,0.03665066637674857
24295,0.0650688505076331
24296,0.10622492994254228
24297,0.06903870209261977
24298,0.06741260828422163
24299,0.12946780023357116
24300,0.11534386100886383
24301,0.09510130135935138
24302,0.05959792333877774
24303,0.1636302342401334
24304,0.07550094727827726
24305,0.06894258102963202
24306,0.12645650472713704
24307,0.059492385014642074
24308,0.13560586836884775
24309,0.055451261317272696
24310,0.08963776999302829
24311,0.05353519294315457
24312,0.1081747618099898
24313,0.068150439102346
24314,0.05267084910059441
24315,0.07922475242892574
24316,0.04422417401722887
24318,0.06405079941467172
24319,0.09524578791216162
24320,0.05540569428673428
24321,0.06374748639874768
24322,0.15286574372412678
24323,0.13368535701954884
24324,0.055180360828217576
24325,0.16633508765889837
24327,0.11629355860439052
24329,0.13120763890489584
24330,0.13822235083239676
24331,0.11103960372970796
24332,0.053425174747691415
24333,0.07942951480066589
24334,0.057006565215489906
24335,0.06331367683718882
24338,0.13726654047431702
24339,0.05370537339868807
24340,0.08571476950087105
24343,0.09286743183004702
24344,0.045520391381266505
24345,0.11409834018914396
24346,0.09840016233141964
24348,0.050335377459782844
24349,0.05670026070267792
24351,0.11308612570339781
24352,0.054311150179982934
24353,0.06237242999821554
24354,0.12125549472202946
24355,0.09213028714272421
24356,0.13373797960127998
24357,0.09215374919168959
24358,0.1385619553225949
24359,0.049089044109337204
24361,0.11500594510838708
24362,0.13552665966191393
24363,0.07066850852274337
24364,0.09247512872563166
24365,0.12817859823368383
24367,0.11109825438019921
24368,0.04850609438393777
24369,0.0558676808639945
24372,0.05716114298418981
24373,0.057136817960206816
24374,0.04815818063124874
24375,0.12317866637809671
24377,0.12883557959116398
24378,0.08299076035828898
24379,0.13826945191349993
24380,0.054007995126337395
24381,0.13019170296310872
24382,0.06463998376772306
24383,0.09996582106582935
24384,0.0776368410481296
24385,0.10964740152650714
24386,0.06213953612740332
24387,0.07450202723547532
24388,0.11642240505386103
24389,0.047831883442535965
24390,0.058392834500935596
24392,0.051249842673376504
24394,0.07945602837498346
24395,0.1283596599159436
24396,0.16780569193666667
24398,0.14903438491017923
24399,0.04940997093877803
24400,0.054114655342085
24401,0.062312825694078304
24402,0.052066637660782095
24403,0.05020693861564684
24404,0.06229886241243117
24405,0.15319548462584756
24406,0.10635543171023362
24407,0.0800950650126063
24408,0.10768027935481844
24409,0.12807837623998503
24410,0.05291997182240456
24411,0.047641191079052736
24412,0.04663918029049989
24413,0.04933138147136956
24414,0.12308793052372416
24416,0.12618300537042765
24417,0.11434482754871013
24419,0.06955740660378174
24420,0.05139582774484637
24421,0.07463100830426923
24422,0.050882056042288494
24425,0.12371967468393752
24426,0.06091895081177822
24427,0.05819376439780052
24429,0.11821774499657887
24432,0.0554128778830958
24433,0.12101977587085848
24434,0.11762845055814761
24435,0.14319148356313854
24436,0.05579775874926912
24437,0.052781172437451195
24439,0.05827413031693835
24440,0.11647935591184422
24441,0.063219621657123
24442,0.15723204418351885
24443,0.0682518232449297
24444,0.06534979191985502
24445,0.08724848072803706
24446,0.12534305794765233
24447,0.11835781623832335
24449,0.11236064119367875
24450,0.06335201164857193
24451,0.13471357199055312
24452,0.1073981043669759
24453,0.05912660934694775
24454,0.048399427292027924
24456,0.1421858536271805
24457,0.06914873041841763
24458,0.04633293925040278
24459,0.04985886921928502
24460,0.05166286972056819
24461,0.07696834827374024
24462,0.11524477368667549
24464,0.12808278283053062
24465,0.05860976729084374
24466,0.08458013538092542
24467,0.05510842984775679
24468,0.12679745167929277
24469,0.05787213978818118
24474,0.13119759072533624
24475,0.059758659184895514
24476,0.11476767280334049
24477,0.13743560269194952
24478,0.1405261481997796
24480,0.14815148811212897
24481,0.05748464871465263
24483,0.10149025976486546
24484,0.047944860310607074
24485,0.14222010380091799
24486,0.13427353922357785
24487,0.09711277455795718
24488,0.06434472950078629
24489,0.04560910881609322
24491,0.067858785081298
24492,0.051743861137094324
24494,0.05306287942774324
24496,0.06731753399797659
24497,0.16240141799304808
24499,0.1024953364286442
24501,0.058678467639405256
24502,0.1084064572292645
24503,0.1243464232454354
24504,0.15178883172335997
24505,0.05474642132258082
24506,0.13846601444819784
24507,0.1257169936308017
24508,0.044773132608137325
24509,0.11835724648640993
24510,0.12403982324300818
24511,0.052581861397861085
24512,0.06759962230857536
24513,0.13037987260952313
24514,0.11919390568190989
24515,0.07197964615107602
24517,0.1539814394734401
24518,0.06960761656770217
24520,0.05264697753329588
24521,0.06923580201369997
24523,0.13460663796817837
24524,0.05403020372228977
24526,0.10790291651943545
24527,0.09569892306418022
24528,0.0627146899236491
24530,0.0731826651992055
24531,0.14329422575885942
24532,0.11505824977056406
24533,0.13059691855401734
24534,0.09757241460507343
24535,0.06403147958156377
24536,0.1350007023755595
24538,0.10452950590051191
24539,0.04778553942063272
24540,0.12708768264805007
24541,0.11668953425571184
24543,0.1269255431896939
24544,0.05689077869821387
24546,0.09288993495588295
24547,0.04826018324630883
24548,0.049360902545672956
24549,0.12830128081017417
24550,0.14680462910527006
24551,0.06138461934290222
24552,0.1371770734577231
24554,0.1438066041738255
24555,0.12250883046215943
24556,0.049767934670243055
24558,0.05083409507726922
24559,0.1462916627980591
24560,0.053978036495728965
24561,0.05384251619845236
24562,0.14956604519183336
24563,0.058663425967089955
24564,0.11956456016703959
24567,0.05133908454067135
24568,0.04928073062115054
24569,0.15542664475621554
24570,0.042297140391858286
24571,0.1067933472317912
24572,0.06277576107023025
24573,0.06253302297245637
24575,0.1462767144643266
24576,0.0647679321030205
24577,0.12301073031457913
24578,0.15127146628076976
24579,0.04905997244374969
24581,0.04972156430111782
24582,0.12263423787526918
24583,0.11758385515812707
24587,0.05684917371429011
24588,0.10532737375208291
24589,0.14268585815750984
24591,0.06478503844021631
24592,0.0541927598073287
24593,0.05970158972046938
24594,0.08648751984201797
24595,0.048074345361898675
24596,0.11931853479653817
24597,0.05003556638180375
24599,0.04930592324427327
24600,0.1333358056726123
24601,0.056638482971311084
24603,0.14660651148064074
24604,0.09733634343096349
24605,0.05803169364456118
24608,0.047864239496312556
24609,0.13792751061187275
24610,0.04819027730799015
24613,0.13855146639139612
24614,0.1336818903894848
24615,0.05261557882747176
24616,0.05280909082397061
24618,0.049848942463122776
24619,0.11042194153268997
24620,0.129749417385132
24621,0.055254445364411715
24622,0.11022934740908262
24623,0.12487243397249831
24624,0.13698458728181598
24625,0.1282168237875303
24628,0.0852486883511606
24629,0.05655448592953254
24630,0.05755280607168273
24631,0.12406435724159288
24632,0.059608691593258566
24633,0.046792265935422864
24634,0.16166990725665034
24635,0.12076092605162335
24636,0.132580982986515
24637,0.12111168134714356
24638,0.05091681051171467
24639,0.108705516432285
24640,0.13810667972080726
24641,0.0813532539238145
24642,0.05875436291550923
24643,0.05415671135373382
24644,0.10975313759358983
24645,0.10385955169127904
24646,0.05584338808202627
24647,0.04641881567948095
24648,0.06256508971900882
24649,0.05425408622682077
24650,0.12394896361988333
24651,0.0804779177976835
24652,0.04216509359306448
24653,0.13100569699183484
24654,0.12328347763581114
24655,0.16184585706194596
24656,0.05876778594350807
24657,0.11569625422729699
24658,0.04876580012759219
24659,0.12545614279844286
24660,0.11432269030065362
24661,0.06003642495479056
24662,0.05332756931625866
24663,0.12310650682769954
24664,0.13128338130856632
24665,0.04611804595287212
24666,0.057093356522253225
24667,0.04402529053242665
24668,0.12551543184900954
24669,0.10730567381450078
24670,0.12871633324527912
24671,0.08836888799105315
24672,0.1492407778588005
24673,0.1035049017312498
24674,0.043761459056119216
24675,0.061193215672171446
24676,0.056527783525050404
24677,0.1541145067233963
24678,0.054809451038900975
24679,0.12031638451830871
24680,0.047895026448704796
24681,0.05048073734403975
24682,0.057692630814215315
24683,0.12107805666998912
24684,0.10767037722738114
24685,0.10393217216422519
24686,0.06423394728756417
24687,0.12833222404764397
24688,0.04772198833084449
24689,0.0419399477927607
24690,0.1310533402420489
24691,0.05358082931671229
24692,0.045284326769305674
24693,0.0714564478955147
24694,0.05636067829036066
24695,0.05204560321619837
24696,0.09410478997504218
24697,0.06989588380049704
24698,0.11879719869204482
24699,0.046761252679048244
24700,0.040950023560171675
24701,0.13038012365183624
24702,0.13788143045301465
24703,0.05480408722737316
24704,0.04172135096094277
24705,0.0660909409756629
24706,0.1277655117983336
24707,0.059609261266471585
24708,0.09124443657488641
24709,0.06174662991187989
24710,0.11334668529259292
24711,0.10675558118232396
24712,0.05380613833878615
24713,0.0867253997872664
24714,0.05730243304814159
24715,0.047824596930326736
24716,0.05795948087136244
24717,0.07074723405948502
24718,0.11159771555020943
24719,0.06335759109294448
24720,0.06596710523493884
24721,0.14081983998315273
24722,0.12229810573435376
24723,0.053603945122081074
24724,0.0381078157430249
24725,0.12055695604011056
24726,0.13604624452640415
24727,0.06890571579024826
24728,0.04678380697019341
24729,0.0822860998609743
24730,0.11697950443217632
24731,0.04809829597229251
24732,0.08297908979605274
24733,0.05441054076762827
24734,0.06790362418429687
24735,0.06041668361823538
24736,0.13660587390812634
24737,0.07697521932488254
24738,0.06173937421960625
24739,0.15304874151507994
24740,0.11991614123091972
24741,0.1374628633519778
24742,0.11832840576393337
24743,0.06600682450770501
24744,0.050330624323428094
24745,0.06655267459207907
24746,0.12138251692238576
24747,0.06200895520968533
24748,0.13243531769762643
24749,0.15512306857831068
24750,0.0553219694006402
24751,0.05907490387398429
24752,0.04869049493312623
24753,0.06370093518537301
24754,0.12110929817962539
24755,0.1367251621304518
24756,0.18616141480601567
24757,0.06220883208315327
24758,0.05167518988787724
24759,0.05883381304245295
24760,0.13711561905611655
24761,0.11820385459452916
24762,0.04709641752118166
24763,0.06552117061212007
24764,0.08108702382721648
24765,0.04997120954180508
24766,0.11215729092765105
24767,0.1410546040541351
24768,0.14991872715917262
24769,0.05823201823344846
24770,0.12297544145962286
24771,0.1178860626456785
24772,0.14111768798360158
24773,0.061399734003950664
24774,0.15271156608117595
24775,0.06695312012062991
24776,0.1556426676303267
24777,0.040795445778336596
24778,0.1145514575488557
24779,0.058625742397949765
24780,0.13101937341541708
24781,0.1089925072922714
24782,0.07401939218905021
24783,0.11631358790415731
24784,0.15494252316612162
24785,0.12874326012434792
24786,0.12646592543007185
24787,0.05396499839910128
24788,0.13250558080318856
24789,0.06088647916632268
24790,0.1361255254922801
24791,0.11930914162593477
24792,0.1306058041768084
24793,0.11959363972051384
24794,0.06410458468467309
24795,0.06008235776959083
24796,0.11415325566875098
24797,0.0581883575939496
24798,0.05280336626021169
24799,0.11199835220429602
24800,0.06682950927741127
24801,0.0957278881824443
24802,0.12267887623625044
24803,0.0721934313015379
24804,0.04774895833411951
24805,0.0786338337875029
24806,0.08172534633153311
24807,0.07530855941286593
24808,0.08821771735317503
24809,0.14205854016468059
24810,0.1262777720968136
24811,0.1535190389103415
24812,0.0575144736579393
24813,0.05553183365787196
24814,0.05483980446229456
24815,0.11592327894509721
24816,0.10943548131650567
24817,0.11256521690210784
24818,0.09076825970430345
24819,0.0604602088601084
24820,0.048695323011510784
24821,0.1572451946878769
24822,0.05517575697832135
24823,0.13987294986891496
24824,0.054853215159801474
24825,0.05791650832194067
24826,0.0592433532102786
24827,0.13422440111058112
24828,0.15280176177460084
24829,0.055166841433272135
24830,0.12602382943196305
24831,0.16689826244936384
24832,0.05754167339477068
24833,0.05478263957778635
24834,0.12050401622052491
24835,0.10676365364927404
24836,0.12537017790749788
24837,0.06147878947847808
24838,0.06697893404452128
24839,0.05789598908881121
24840,0.10639962218333873
24841,0.12300172583525174
24842,0.07291723790929296
24843,0.10611428795547169
24844,0.11804282912371493
24845,0.05111124543167902
24846,0.12491973672537109
24847,0.16076762802907374
24848,0.13651970789900025
24849,0.13006080827462468
24850,0.057241735765137296
24851,0.12055113341281239
24852,0.1254352895740412
24853,0.1189341857045192
24854,0.06766260386718642
24855,0.05815718557663138
24856,0.05648532786342051
24857,0.072861788730614
24858,0.07343950820402806
24859,0.12114026962226315
24860,0.06842584437490354
24861,0.11361262882633723
24862,0.11793012010945746
24863,0.05753118046037239
24864,0.14307021645665352
24865,0.06413156097892882
24866,0.09168357901255075
24867,0.060657079447645174
24868,0.053066220087625966
24869,0.15772666735048002
24870,0.04827070754703952
24871,0.11581142142016927
24872,0.13102432910896442
24873,0.15091586715796104
24874,0.13606927934239071
24875,0.06066525415866668
24876,0.1254365067174557
24877,0.05711905031764823
24878,0.05957691803686421
24879,0.051434881668899264
24880,0.051947511330140674
24881,0.12511894963673648
24882,0.12208706116240024
24883,0.05091900884548918
24884,0.12873461823109622
24885,0.06937996735454106
24886,0.13117910190146106
24887,0.050018856127325685
24888,0.0683935176195016
24889,0.047484822533574
24890,0.05629086597779738
24891,0.054117905138920175
24892,0.1324913879146955
24893,0.06609576755534541
24894,0.14110118515161257
24895,0.05749439886658447
24896,0.06828021111138612
24897,0.05958881967956374
24898,0.06544427799144578
24899,0.13451801622904713
24900,0.05323969631264665
24901,0.12813476818320674
24902,0.04930578293158243
24903,0.12221573215526571
24904,0.051489310028464
24905,0.12380364607940864
24906,0.04974021524225463
24907,0.08521489297031236
24908,0.05829512625201435
24909,0.04747796292789543
24910,0.060430880338608314
24911,0.14340478270170903
24912,0.05971115692606993
24913,0.05323451678421663
24914,0.07294021323875409
24915,0.06603424385243856
24916,0.04410396871205415
24917,0.12001693517312607
24918,0.03469683833806654
24919,0.14677184932101991
24920,0.055819539693389326
24921,0.1161298510388731
24922,0.06435578410561049
24923,0.17394364792707206
24924,0.062098257421849705
24925,0.07588506291602147
24926,0.06203723974437378
24927,0.11813348140755071
24928,0.11567208839583851
24929,0.14350600519788786
24930,0.12719495465594793
24931,0.05233512733380273
24932,0.08555002528034371
24933,0.14642800584718696
24934,0.10354357106938349
24935,0.055861325269222176
24936,0.18189550232210905
24937,0.12023794145422567
24938,0.061256513418594685
24939,0.06566134365949922
24940,0.13313848526780717
24941,0.13752499681149188
24942,0.16311222824067623
24943,0.06526151183869953
24944,0.1325944359649089
24945,0.06599757289693833
24946,0.05244326107146831
24947,0.15565512586618155
24948,0.06151760827894759
24949,0.051655235607276716
24950,0.05272368298520785
24951,0.06071802713114531
24952,0.06593375611071613
24953,0.16620884146553022
24954,0.14458159442606958
24955,0.13752992323448382
24956,0.11813691999960291
24957,0.10362380168692349
24958,0.05670846774841389
24959,0.06248248790438331
24960,0.12858644976999709
24961,0.054515613451448335
24962,0.07389923419150426
24963,0.08074623909911512
24964,0.05191246053984077
24965,0.14999224777631157
24966,0.11540508917943566
24967,0.04885333871120441
24968,0.07128339665691562
24969,0.14159793282254932
24970,0.1320216118259357
24971,0.12759055672013395
24972,0.041403636856810165
24973,0.14108728886014338
24974,0.11564962877760976
24975,0.11704681828386326
24976,0.052302988919363066
24977,0.11534293777057554
24978,0.11951573847688433
24979,0.053162830982551465
24980,0.05240265528142743
24981,0.05326142045738891
24982,0.12543009352594295
24983,0.06585007276617708
24984,0.114323859488641
24985,0.13174969134255007
24986,0.05321217996255156
24987,0.06059502976220806
24988,0.05754361744256412
24989,0.06623248427696816
24990,0.13759216277831132
24991,0.13424572001884885
24992,0.05056233930597907
24993,0.11019043080459527
24994,0.09948901932950426
24995,0.11462865780203854
24996,0.05752987472886714
24997,0.04514618315016618
24998,0.14197320822090373
24999,0.09779026423303575
25000,0.11001159443310972
25001,0.05049316796499913
25002,0.10396849726410066
25003,0.12390979787564615
25004,0.14263733877022416
25005,0.05631259563825559
25006,0.11659316825943544
25007,0.06429253320024104
25008,0.058329300520703335
25009,0.116354280620474
25010,0.11928101147415997
25011,0.12097524427289166
25012,0.05311856876244148
25013,0.13932359815882314
25014,0.053806297950082904
25015,0.05708496670956268
25016,0.06111139684242414
25017,0.13076503370767462
25018,0.12712474040165356
25019,0.12220673516154447
25020,0.05190897278484664
25021,0.11601442044624959
25022,0.08191164085760935
25023,0.06632484957860449
25024,0.11494572299031866
25025,0.1127524493504847
25026,0.07487017229759202
25027,0.11592989936219256
25028,0.056804724234228
25029,0.11857719148828023
25030,0.12283809902777794
25031,0.1721307095454795
25032,0.050810057204469
25033,0.05386588965374312
25034,0.04811940273481049
25035,0.05326549870571611
25036,0.09788545107552406
25037,0.14851820946238758
25038,0.09799347285788344
25039,0.06105760218274007
25040,0.03940336618968094
25041,0.13979771400718122
25042,0.13862470861630435
25043,0.058658229109823025
25044,0.13273404718859458
25045,0.11136095788700942
25046,0.05464607054652345
25047,0.07096100983027775
25048,0.062298549329234544
25049,0.13469897966111963
25050,0.06000856857399951
25051,0.055059744178279336
25052,0.1325424884140046
25053,0.05221004311461052
25054,0.1229449586166611
25055,0.10978861964361536
25056,0.1342932752099832
25057,0.12703851182567302
25058,0.10619172843677997
25059,0.05221660437586974
25060,0.15009119375191102
25061,0.05373242189561895
25062,0.10996535824110823
25063,0.062239423862994775
25064,0.10818589765295271
25065,0.05206082394749236
25066,0.15595480241730938
25067,0.04866881448696737
25068,0.16002012916438055
25069,0.1253094907096346
25070,0.058218376224258246
25071,0.050875919276962084
25072,0.07689267353437593
25073,0.05932642737317388
25074,0.055176856338349865
25075,0.13393427508625944
25076,0.05980587469602208
25077,0.13188115904719053
25078,0.04908721629609086
25079,0.12201787097975625
25080,0.15517130815947835
25081,0.10895963532708175
25082,0.05827111947085994
25083,0.06028769892805675
25084,0.12142595315648648
25085,0.05188663289677114
25086,0.12229847339302342
25087,0.07316806262776873
25088,0.12687403137558267
25089,0.055161835305652177
25090,0.07804552921280299
25091,0.061985129220216414
25092,0.093390272653898
25093,0.06400895801565763
25094,0.13463551059776047
25095,0.1286857902630676
25096,0.10865119214519665
25097,0.062000285148923306
25098,0.13970030779988765
25099,0.05404544070136643
25100,0.13638267525243852
25101,0.12059567844847169
25102,0.08109309312378445
25103,0.16672390501357204
25104,0.11036236720324166
25105,0.04618432166765553
25106,0.10738598833076404
25107,0.07048669722604921
25108,0.08765642842906493
25109,0.09138810438227651
25110,0.10913991632419864
25111,0.06127070925192659
25112,0.15905061005192864
25113,0.05787614523427975
25114,0.1420013635980052
25115,0.12639017283526757
25116,0.1064000510860045
25117,0.11983508267341773
25118,0.062138402027948375
25119,0.08759626297007896
25120,0.061393878903338694
25121,0.09879849383618247
25122,0.1273463474525805
25123,0.13222665917717336
25124,0.11678563226109023
25125,0.13341963843002103
25126,0.15522303773076687
25127,0.07318520628740599
25128,0.15559985300783183
25129,0.12584479391142606
25130,0.11290904231945685
25131,0.05894127762900035
25132,0.04777748868076553
25133,0.14354694827948042
25134,0.048447559051270135
25135,0.05514866257431881
25136,0.12099919254038456
25137,0.05563794688452429
25138,0.13912507642683816
25139,0.06821553097875677
25140,0.09139107064545235
25141,0.1469422503920026
25142,0.05068061126463393
25143,0.040998638166490006
25144,0.054014653981854094
25145,0.11469144658908656
25146,0.06282894028967465
25147,0.14584903613044484
25148,0.06692633567052922
25149,0.1341248739189303
25150,0.053483136148417314
25151,0.0726840653800984
25152,0.07061298170923114
25153,0.07033031137590333
25154,0.07527263411338468
25155,0.1073052215747334
25156,0.1239693607990664
25157,0.06138681516643756
25158,0.05456390588406818
25159,0.05595292788159692
25160,0.11240883145577886
25161,0.16327437536825873
25162,0.11443239530409734
25163,0.12414153278654295
25164,0.0749793523227578
25165,0.04732237911212338
25166,0.05856583180147618
25167,0.058197775056621014
25168,0.14828611941544073
25169,0.07593792110157264
25170,0.15272393762881015
25171,0.13772776755058297
25172,0.05856784310901237
25173,0.07425128131875838
25174,0.13574573741107504
25175,0.05667368825125904
25176,0.06544154767737168
25177,0.13069668339337115
25178,0.057622960274549245
25179,0.12905301393883364
25180,0.14423640667256682
25181,0.056467514466800275
25182,0.05804295285802759
25183,0.06651638719909497
25184,0.11563931585309108
25185,0.11827579274113771
25186,0.12464061006112451
25187,0.06899842075459166
25188,0.11764681527961064
25189,0.05066267242731975
25190,0.14015731350210067
25191,0.1401431557288756
25192,0.14764891291675808
25193,0.13593273762085983
25194,0.05553763974391692
25195,0.05384579792900525
25196,0.10029676902402723
25197,0.07303817987716003
25198,0.05109294428784577
25199,0.13876823870035856
25200,0.05760253445962556
25201,0.06696407143730569
25202,0.05956866924739514
25203,0.04359384420883321
25204,0.05341618278807448
25205,0.15029514087212406
25206,0.04717186553514219
25207,0.12295584558890392
25208,0.09524556284405826
25209,0.05920804210804291
25210,0.13884582077820679
25211,0.10393801198017796
25212,0.07234763228743908
25213,0.04618400982933799
25214,0.09470923865197985
25215,0.04825511580178022
25216,0.056911008709571505
25217,0.04373815867117987
25218,0.09603434412252801
25219,0.12426144176032514
25220,0.1281133357107992
25221,0.11526479189547072
25222,0.14606471556051195
25223,0.1296031320151225
25224,0.06731717777226805
25225,0.12636975606203418
25226,0.04578989075556966
25227,0.04726160040909768
25228,0.12034132223756931
25229,0.0636609654788821
25230,0.12088316970239031
25231,0.061135408406372306
25232,0.10745892291268686
25233,0.1290771370100501
25234,0.0549300071252356
25235,0.11160729934471093
25236,0.14305573812531366
25237,0.05430605704519962
25238,0.05766719351274462
25239,0.13499696304060946
25240,0.07974632291716947
25241,0.05842397517550734
25242,0.11364371594743587
25243,0.09400372177403923
25244,0.15609098013676595
25245,0.1054998878819995
25246,0.1241691545058291
25247,0.12960187694611452
25248,0.05323244358468339
25249,0.13604515448820495
25250,0.05775828228690897
25251,0.1062297895541586
25252,0.11100546786397024
25253,0.059439872780258994
25254,0.1244974219156571
25255,0.12249543073640173
25256,0.06850467388764907
25257,0.12042279319699319
25258,0.10309090887096657
25259,0.1119707804140698
25260,0.11488933113014405
25261,0.06208092332718673
25262,0.12122163191598595
25263,0.09652387934694344
25264,0.07041492252659058
25265,0.10520261829242362
25266,0.06275533711539955
25267,0.058479943281966644
25268,0.05594550245592735
25269,0.07345775321662787
25270,0.075679810656688
25271,0.06164631370461297
25272,0.053283169430262345
25273,0.05427055077649255
25274,0.09952084723079324
25275,0.06501203723801169
25276,0.05083359035849658
25277,0.049925826066631145
25278,0.069931410485588
25279,0.12536453549204746
25280,0.053898570896608516
25281,0.07018399830263304
25282,0.12902191174312763
25283,0.16637470835985593
25284,0.05901105008848629
25285,0.062272993803306975
25286,0.09437642561191273
25287,0.06515879557874979
25288,0.10931324380234132
25289,0.13607474654871843
25290,0.068593178957948
25291,0.054071216562477833
25292,0.12830643172882056
25293,0.0874193459683678
25294,0.14254637099245487
25295,0.1261647581818736
25296,0.06543980017969624
25297,0.13386966507993056
25298,0.05597913021002703
25299,0.14913995649007494
25300,0.0646801377758045
25301,0.12000714320909352
25302,0.10723063558648256
25303,0.12303380198853137
25304,0.12142403547626832
25305,0.12365976519547853
25306,0.12451138396554615
25307,0.051739760748757066
25308,0.05510516326367003
25309,0.05523448069251022
25310,0.10693594430567527
25311,0.14784634511623362
25312,0.10004930880066815
25313,0.1270240050103788
25314,0.1284242668837748
25315,0.15450020777290632
25316,0.05476032024547957
25317,0.04463519189338381
25318,0.057379952134049145
25319,0.06126751445534527
25320,0.05026122828711252
25321,0.13508360890022567
25322,0.10513460441719331
25323,0.14291924749196874
25324,0.11628051530853387
25325,0.0768845596138056
25326,0.051701559558281485
25327,0.061521546895294175
25328,0.13755614045841058
25329,0.057909781802769324
25330,0.12159600235974273
25331,0.05434958421285498
25332,0.12159865395410344
25333,0.043827556766357086
25334,0.09070629129351936
25335,0.05310068098935121
25336,0.0703756621447189
25337,0.14183004467676105
25338,0.040366416025436364
25339,0.05152559766304451
25340,0.05184638950101456
25341,0.13721983532820378
25342,0.05083422784912608
25343,0.053487135310330544
25344,0.10247110454792852
25345,0.13242864929298542
25346,0.1397831494040855
25347,0.13836664882557967
25348,0.06978029653937118
25349,0.05419200484164693
25350,0.1384318057241423
25351,0.07047529236923934
25352,0.06106022601359745
25353,0.12872062095779666
25354,0.057212654018779036
25355,0.12557439587908262
25356,0.10847668538999493
25357,0.05698615669440658
25358,0.11741487450565917
25359,0.12861346813728855
25360,0.05515533656117829
25361,0.05446325782361422
25362,0.05620443294573417
25363,0.04801172897683116
25364,0.05304635712968221
25365,0.0653116585517223
25366,0.08052234791050615
25367,0.13918828626051868
25368,0.05347737134069467
25369,0.06003004570374792
25370,0.12404097672215271
25371,0.11777771474584423
25372,0.06197468550700448
25373,0.11284171864716375
25374,0.12504041644544162
25375,0.12915279678204586
25376,0.13023134699643038
25377,0.15600649715936976
25378,0.054344054750209696
25379,0.056211581513812996
25380,0.061778880955771866
25381,0.08546581919289879
25382,0.11082815619232077
25383,0.12154229805051725
25384,0.11999448888838017
25385,0.05472724687463183
25386,0.06201410942751207
25387,0.05481221895565989
25388,0.11341109730623404
25389,0.048069404347117185
25390,0.14124625057820164
25391,0.05245554577627745
25392,0.1051606105362271
25393,0.11305572667256618
25394,0.12074477898347133
25395,0.06046599597370333
25396,0.0840290581981145
25397,0.06103943084403567
25398,0.1295001061973125
25399,0.11889047570308196
25400,0.11825876872844694
25401,0.11956300563745725
25402,0.09757968615472765
25403,0.12426956746865422
25404,0.07017561155516311
25405,0.050663168744231296
25406,0.05462650221425451
25407,0.06934803836804153
25408,0.12446219155060952
25409,0.10938548188169109
25410,0.14151781274384856
25411,0.06465224574320175
25412,0.13258446141528288
25413,0.0673427707064322
25414,0.12441029040270149
25415,0.13650721720035994
25416,0.06030710788076519
25417,0.113467615791264
25418,0.07553280021021765
25419,0.12009598224521684
25420,0.052303173010864595
25421,0.050884436526761695
25422,0.1513134565167063
25423,0.14579108933701915
25424,0.1572358658912167
25425,0.055785295546272824
25426,0.13431622197615267
25427,0.12923897412109717
25428,0.1343248874663722
25429,0.05124264507157121
25430,0.07249661763979338
25431,0.17492999423680947
25432,0.15363887696571696
25433,0.16218229772132875
25434,0.06506994498009636
25435,0.05856158476639268
25436,0.12157693276327415
25437,0.13680722516237787
25438,0.05870995089320537
25439,0.05180715880344023
25440,0.06975997557568753
25441,0.0565374358341167
25442,0.10203567567530811
25443,0.05595169418843412
25444,0.0934937074218038
25445,0.06591440446739527
25446,0.13915458651306428
25447,0.05008145597733154
25448,0.08496517782749399
25449,0.09299661409402733
25450,0.10516567147102197
25451,0.07636566744377322
25452,0.05793827932144129
25453,0.04788665166040068
25454,0.1105287801526268
25455,0.10318641637116227
25456,0.11201207079216416
25457,0.05079494558764363
25458,0.05572192647123979
25459,0.11964485592896794
25460,0.0508261979802018
25461,0.04822519899144386
25462,0.0887017117067112
25463,0.06249837900631734
25464,0.05417390309274149
25465,0.061527850114485
25466,0.042878594756301
25467,0.10352768426579066
25468,0.11755319183300511
25469,0.12115550376006975
25470,0.061649935095393675
25471,0.13064366284861542
25472,0.05460012744277592
25473,0.1411674806159321
25474,0.050062184267285675
25475,0.05074444532744972
25476,0.05204735948103667
25477,0.07814550780432009
25478,0.05742439180431418
25479,0.11981537440462726
25480,0.1360610561170757
25481,0.1244758510297394
25482,0.06328034587910332
25483,0.0535506727883475
25484,0.1254165411882557
25485,0.12995390365369744
25486,0.0503784901970796
25487,0.05296203478913708
25488,0.1356867739812264
25489,0.052298066504929935
25490,0.051297480235285284
25491,0.0464208298986237
25492,0.06023017072648139
25493,0.12942061189979823
25494,0.10156085704411631
25495,0.04715944980133674
25496,0.05181086510540692
25497,0.12233962811776736
25498,0.055548169226985904
25499,0.15419992489399
25500,0.14349036479039157
25501,0.08018341527186093
25502,0.13763817428409106
25503,0.08869783950881135
25504,0.08972341994487985
25505,0.061835484829398046
25506,0.1403328539839506
25507,0.04992841460440259
25508,0.11791151566094356
25509,0.1038977913624602
25510,0.12385483334907016
25511,0.13752423890346738
25512,0.06734134224385167
25513,0.050496485520021665
25514,0.05220974242468891
25515,0.12418127725858366
25516,0.12628740456071627
25517,0.06262584952597257
25518,0.13851838317161005
25519,0.11534521779147068
25520,0.1199016182316093
25521,0.10301453013027843
25522,0.12195676773576405
25523,0.10527300134141691
25524,0.05068462727044133
25525,0.054184715230286305
25526,0.03891040060086905
25527,0.045133920758514745
25528,0.05203107485878419
25529,0.10862001694746529
25530,0.06723147378404146
25531,0.10439786616824097
25532,0.05528187795171956
25533,0.05250280301823588
25534,0.11775536747383952
25535,0.055188726975549184
25536,0.0650665340007378
25537,0.045255346465119736
25538,0.04376335242012219
25539,0.15719546102566956
25540,0.11484870653233435
25541,0.04103715591747884
25542,0.11964951853878464
25543,0.08343205105781544
25544,0.05691537273499216
25545,0.1260959829265821
25546,0.0680645989567433
25547,0.10376839454491049
25548,0.06157246218474811
25549,0.06724078330761117
25550,0.1502825641894666
25551,0.056088134827712285
25552,0.1150239669514687
25553,0.0942274871749094
25554,0.05878211488035224
25555,0.04190030334473105
25556,0.1293540434185285
25557,0.1315914474575215
25558,0.062142391674136474
25559,0.1501257012899812
25560,0.11552308592975453
25561,0.054521110828599055
25562,0.12732822267485153
25563,0.04850985805809538
25564,0.0364575727950694
25565,0.050596395053592605
25566,0.11701760205776347
25567,0.08859817616791553
25568,0.052688894519195756
25569,0.12730433196816843
25570,0.05573166713983868
25571,0.1367862242918698
25572,0.05249684772256531
25573,0.057369427834779926
25574,0.053566924205264
25575,0.12829999779202758
25576,0.10222529130372089
25577,0.05690397836907759
25578,0.14250454325002251
25579,0.05274319419921791
25580,0.04562155906804493
25581,0.04715155624966323
25582,0.05618390669485978
25583,0.05513360571151171
25584,0.1416338761001944
25585,0.1212394887280129
25586,0.05741816400997524
25587,0.05556492361636191
25588,0.14684606444800333
25589,0.06235784932333567
25590,0.0513029986808232
25591,0.04383765758436344
25592,0.05134720201112143
25593,0.1297211748779259
25594,0.0776426340525895
25595,0.06445747781734602
25596,0.0597104673943365
25597,0.060514834979878696
25598,0.13366470311001466
25599,0.06970116176801779
25600,0.1338493445889949
25601,0.06207236366272769
25602,0.11090677279188556
25603,0.07084595208044349
25604,0.11932508972801358
25605,0.0426782944432647
25606,0.11837823511097195
25607,0.05451617881955632
25608,0.06276762104027137
25609,0.05511619823571431
25610,0.05276060421210431
25611,0.10927647867850404
25612,0.06055096544230563
25613,0.13188841902906942
25614,0.13950227959967018
25615,0.04887386469387971
25616,0.07693781429455168
25617,0.12380589736317277
25618,0.0850276319828149
25619,0.06895684939389951
25620,0.1126755283911047
25621,0.05129975934784278
25622,0.1207586427105078
25623,0.10439665236227386
25624,0.10861170673955266
25625,0.12360994597858137
25626,0.05162462055721292
25627,0.07074753505250315
25628,0.05221381696540874
25629,0.05084303990906618
25630,0.05440010646881831
25631,0.12596237713220165
25632,0.056357254091624634
25633,0.052321382037688914
25634,0.05849807965272951
25635,0.05108060939208157
25636,0.11998381292237462
25637,0.06522788614558817
25638,0.05738353951123568
25639,0.06810273396540528
25640,0.1352709293544659
25641,0.13203380631121248
25642,0.13973838721495221
25643,0.13416884940390505
25644,0.06338592520345375
25645,0.11119824881268937
25646,0.13146372840723453
25647,0.13190964939768993
25648,0.1263178431688339
25649,0.04734008451614123
25650,0.12111179559038152
25651,0.15857281021441663
25652,0.1491200738585862
25653,0.059379690345737854
25654,0.11930783870693241
25655,0.060426740007764636
25656,0.14788846026053326
25657,0.06940199134929846
25658,0.05319511010634473
25659,0.04828847146813665
25660,0.04946230726410099
25661,0.05146874824015854
25662,0.05379189776032676
25663,0.045338006735584156
25664,0.07699818368644516
25665,0.0543617650669246
25666,0.06197389261753961
25667,0.13565869979068224
25668,0.10098992890140704
25669,0.07202597094861875
25670,0.11845060919078468
25671,0.05274061122312843
25672,0.14259206055705653
25673,0.05552832137713213
25674,0.056798909602351406
25675,0.05764280400552548
25676,0.06346002998488802
25677,0.06293579746240822
25678,0.15005763736948657
25679,0.11985884125092768
25680,0.0652100830818339
25681,0.05819361365192015
25682,0.12146216849613571
25683,0.15923605477149697
25684,0.10336873030502892
25685,0.07249605374988806
25686,0.11048234367560764
25687,0.04894593910140943
25688,0.154572181886806
25689,0.09909237775377702
25690,0.06235120205375081
25691,0.05155083291608884
25692,0.12283530564326985
25693,0.12051513282858985
25694,0.06119063163775849
25695,0.14881778886569516
25696,0.05319489655992816
25697,0.06844466567969605
25698,0.053232554550010386
25699,0.06008020159019023
25700,0.07698728676226883
25701,0.06295478060766439
25702,0.10720063097893912
25703,0.11071592225917053
25704,0.08409205631353764
25705,0.11347656914160066
25706,0.10894937572487677
25707,0.062132086959260334
25708,0.077033172589616
25709,0.048584930650863944
25710,0.05405715085859458
25711,0.1102315704987537
25712,0.1172866231510434
25713,0.06260658696121471
25714,0.057353903252875094
25715,0.12824911663877275
25716,0.047432713709469575
25717,0.04334036937939296
25718,0.13063428618054737
25719,0.1935639683730281
25720,0.11473132852015216
25721,0.11377897172004703
25722,0.14424907689012526
25723,0.07569623740746977
25724,0.06282078364794869
25725,0.05770153425826418
25726,0.07980452275947317
25727,0.047936358801191195
25728,0.050123318085284335
25729,0.055032219190990314
25730,0.12245671959820366
25731,0.06489926779288598
25732,0.06519989976070824
25733,0.050490304859532945
25734,0.1336644172930126
25735,0.04755664271209678
25736,0.10994127893014893
25737,0.1371453832152292
25738,0.060213117350262996
25739,0.04973948300820997
25740,0.12178429952292079
25741,0.08397853270960784
25742,0.11267099567306696
25743,0.05004134548452151
25744,0.10839509119476896
25745,0.057632885686915436
25746,0.14692001926759463
25747,0.09733971308677766
25748,0.0995251153065011
25749,0.12363773148756158
25750,0.10923765324481205
25751,0.11751395475437647
25752,0.1267316772791139
25753,0.05467494603808655
25754,0.11632084357269015
25755,0.05949859534864967
25756,0.12122730297767027
25757,0.15691838226361102
25758,0.051879472603660694
25759,0.05424777835304665
25760,0.06295594390283296
25761,0.042823954086382086
25762,0.08230095584684531
25763,0.1188997155703669
25764,0.07897320309120545
25765,0.13334100902697069
25766,0.12816550796590925
25767,0.1671458307181334
25768,0.05454161228120258
25769,0.12406571571216435
25770,0.05957050448427286
25771,0.05528998474917844
25772,0.06422676461923009
25773,0.06967512445473845
25774,0.05418530327089536
25775,0.11652163544207611
25776,0.0497408096982746
25777,0.06244581607735382
25778,0.14561920288798047
25779,0.13010085769105406
25780,0.11454179722377394
25781,0.1177881184345362
25782,0.05062434774930731
25783,0.134476997971296
25784,0.1315221306054153
25785,0.058990812761639366
25786,0.06710843094435916
25787,0.04685125260957362
25788,0.060632862041338796
25789,0.06093745819878817
25790,0.12499612326433455
25791,0.13108786922251087
25792,0.04943053981519429
25793,0.07919746961488036
25794,0.06425366156786354
25795,0.1338410000474124
25796,0.06283192351799954
25797,0.1715171529889181
25798,0.05317403655267443
25799,0.11738044917372234
25800,0.126160266521808
25801,0.10715557575641971
25802,0.060964947102072176
25803,0.1411942794299092
25804,0.05256532081249939
25805,0.06653561398375894
25806,0.10819725093895949
25807,0.0952184733610655
25808,0.11568413758857105
25809,0.054123528407552364
25810,0.1407041169975058
25811,0.04363098792318031
25812,0.06058082813562043
25813,0.06454522207484281
25814,0.05169539689892872
25815,0.05552657884400674
25816,0.04827679917844003
25817,0.08983083548482487
25818,0.047825462398439496
25819,0.1501418061208367
25820,0.10328396540560215
25821,0.05844423501173007
25822,0.059977003291345386
25823,0.08807848606281761
25824,0.06026708960605661
25825,0.1357198785606528
25826,0.06516044410590784
25827,0.04835478356979827
25828,0.06958701295197779
25829,0.08359687526551093
25830,0.08057859193134666
25831,0.10883822006267427
25832,0.11486345367460432
25833,0.07364741418052345
25834,0.06688552515400108
25835,0.06509648317162163
25836,0.0470617008418788
25837,0.04381031630355029
25838,0.11244819319360042
25839,0.10645268489838204
25840,0.06090537983897704
25841,0.1392206780884242
25842,0.08644961156754677
25843,0.08870794127475465
25844,0.06504234230519136
25845,0.11383115581392629
25846,0.06311832976192848
25847,0.061250056761838596
25848,0.06261081551875976
25849,0.048389164962050216
25850,0.11613543641246964
25851,0.06036249111961055
25852,0.11499314042466927
25853,0.06320660270588287
25854,0.06467169397117764
25855,0.13298611417178907
25856,0.11607870899477454
25857,0.1372037215820952
25858,0.11534294195087845
25859,0.04952848661379687
25860,0.05795013897830513
25861,0.1581530173049739
25862,0.18297121300839814
25863,0.09090938750117938
25864,0.052005715399195754
25865,0.05771413668967405
25866,0.10933367993564999
25867,0.07588297388863535
25868,0.06337902774915459
25869,0.05040762914655142
25870,0.11339126139304018
25871,0.13626359216514256
25872,0.05941932206464348
25873,0.047081306717834455
25874,0.13680000053967067
25875,0.06161134263685869
25876,0.05590276318780808
25877,0.06742285217230734
25878,0.050088001815028295
25879,0.15306069922648885
25880,0.09808344024531043
25881,0.043298340146805364
25882,0.11535661030356051
25883,0.12489564454967009
25884,0.06416403107319359
25885,0.11660260978163922
25886,0.06666007641406575
25887,0.09282534106853324
25888,0.1132237760679082
25889,0.10736511105945758
25890,0.10946749084314389
25891,0.052779670392478786
25892,0.10812335269126613
25893,0.12505715406513068
25894,0.1492144835529532
25895,0.05982915961558229
25896,0.12567892397901445
25897,0.054905854555612296
25898,0.13292495626316492
25899,0.06602661957106075
25900,0.0587776229377593
25901,0.11124824172668325
25902,0.054548442068015277
25903,0.047759304508518695
25904,0.11959616175031602
25905,0.10334773711379289
25906,0.06750115101368302
25907,0.10487208286090216
25908,0.05807880232942782
25909,0.13764091331544584
25910,0.11009216362927118
25911,0.09764886442496538
25912,0.10043903655519801
25913,0.11256628806356901
25914,0.0570357917664858
25915,0.050705223263113365
25916,0.1089664414536947
25917,0.12743974134862915
25918,0.05602306581142958
25919,0.05126601490206131
25920,0.05350403353040547
25921,0.050981200947411286
25922,0.057176473721699435
25923,0.11168744989324102
25924,0.05307263972287525
25925,0.12586924371542782
25926,0.13596374449753348
25927,0.049063756405384844
25928,0.0608132227873126
25929,0.06539015566783585
25930,0.14291039187300164
25931,0.0505855516260462
25932,0.05188606052032281
25933,0.135913165984954
25934,0.09666296339984845
25935,0.05628483238296447
25936,0.10863005824871494
25937,0.05310228219957603
25938,0.06318855544900576
25939,0.11763652538130455
25940,0.1281051383939868
25941,0.06952548823982002
25942,0.047471628201180775
25943,0.05787636455308846
25944,0.12308452118425847
25945,0.05292423655448381
25946,0.10734585371747832
25947,0.12232404451425552
25948,0.11803038779846158
25949,0.1687520845043697
25950,0.08898377139283599
25951,0.0575522120953384
25952,0.06520120277489576
25953,0.11759915890966931
25954,0.04709641567664193
25955,0.14085463973203294
25956,0.1527688658787939
25957,0.05092513975268561
25958,0.13607569953436377
25959,0.15437944555954952
25960,0.097191823339261
25961,0.05303978619110256
25962,0.0677951649378387
25963,0.06553161456992113
25964,0.12826817408904923
25965,0.12417931602546743
25966,0.04844466634925718
25967,0.1418468489331766
25968,0.10804636065474653
25969,0.050723347718823114
25970,0.128803433846765
25971,0.06367504717690782
25972,0.1297575040746283
25973,0.06730522950270001
25974,0.1274943084878703
25975,0.06094698440828652
25976,0.1269083582580179
25977,0.1331157399525082
25978,0.16283956528447022
25979,0.05319142004504761
25980,0.057647355665735915
25981,0.12014138216509089
25982,0.058112622745174994
25983,0.05258468813410915
25984,0.06561633246603958
25985,0.1287088858928587
25986,0.07295320265441374
25987,0.04805118304374058
25988,0.08257581114487178
25989,0.05500656377255606
25990,0.05182355677894096
25991,0.10444593581320138
25992,0.045402647413875855
25993,0.06360798209266584
25994,0.1313319780959872
25995,0.062351523396870695
25996,0.11578298317435289
25997,0.12270704409043565
25998,0.04634405838817197
25999,0.10838157546538131
26000,0.10468302632979484
26001,0.0520873176967004
26002,0.062463065316374924
26003,0.050160023462310986
26004,0.07687354165690427
26005,0.05266251379628154
26006,0.1250344435386518
26007,0.07074198527874406
26008,0.15421721464729204
26009,0.11521308389229971
26010,0.16953292343855453
26011,0.05965394247737864
26012,0.10154795578786818
26013,0.12442647005154822
26014,0.054635946579336014
26015,0.13728169504762255
26016,0.052450894705763924
26017,0.10851525218545233
26018,0.11135301779923874
26019,0.05321148172622843
26020,0.12583417296096103
26021,0.07661372106147078
26022,0.1403319105427767
26023,0.044288137628013056
26024,0.039093549961953654
26025,0.06056384175943234
26026,0.05900612810918355
26027,0.05768644548504146
26028,0.06731262797632027
26029,0.050229693316931424
26030,0.06649505428153539
26031,0.12519401949827405
26032,0.150460248425566
26033,0.05152902680582651
26034,0.07901326266530519
26035,0.05552766286009928
26036,0.06167732649199435
26037,0.05814565241104887
26038,0.055003665481877455
26039,0.12442760502325717
26040,0.11095283007911375
26041,0.09901725710652626
26042,0.0658166983924157
26043,0.0522096629315846
26044,0.049335604479360126
26045,0.11478665707827164
26046,0.12520463240711202
26047,0.0821978002390581
26048,0.1299702604252623
26049,0.08904789621778322
26050,0.12638615333253325
26051,0.058214525717265056
26052,0.0641806706198959
26053,0.0885667430662879
26054,0.0605419452038786
26055,0.13696589376148355
26056,0.15085130005497163
26057,0.04858095025709301
26058,0.06637391381304124
26059,0.05934176878927737
26060,0.1310845373514293
26061,0.05928431322575253
26062,0.11342330587295127
26063,0.07702640245455311
26064,0.054054099386139705
26065,0.14545057161856195
26066,0.0632073640317464
26067,0.058278250483393995
26068,0.1315131129850991
26069,0.08905616641269296
26070,0.11802903201739297
26071,0.05446861971342125
26072,0.11289951902812674
26073,0.1371460764235289
26074,0.12934806829518916
26075,0.055748518770174824
26076,0.12818644228034243
26077,0.13794717226132935
26078,0.05067545108826953
26079,0.13924870628260413
26080,0.1567381610608706
26081,0.08135825735708971
26082,0.08913347538533378
26083,0.04476222714971389
26084,0.1000860277698739
26085,0.055983493483079065
26086,0.11561426085793924
26087,0.10591166461744435
26088,0.054659754713200365
26089,0.1337390572598654
26090,0.11917621167925413
26091,0.08605254058696529
26092,0.12611289075161514
26093,0.05959897203565808
26094,0.12207760484252128
26095,0.06770867678429429
26096,0.09113700380418276
26097,0.13702006633831978
26098,0.1759439313795566
26099,0.12543921524575594
26100,0.06048970227152029
26101,0.07115407595745486
26102,0.05683886904692931
26103,0.056401680070496195
26104,0.060752695752812454
26105,0.06716859247193534
26106,0.04556360189207537
26107,0.11967165459812162
26108,0.059535407503850966
26109,0.07498315966360977
26110,0.13705169001405376
26111,0.05221923021080093
26112,0.05611466420143958
26113,0.05588296871629286
26114,0.1307592907403498
26115,0.05694135494126596
26116,0.05733805324845627
26117,0.10312456084044541
26118,0.11255037512047578
26119,0.11836851233560265
26120,0.16683088104939342
26121,0.04695630678485177
26122,0.06511313606305551
26123,0.06655930530038935
26124,0.11129116071171007
26125,0.10832610542755952
26126,0.05173425275962465
26127,0.05413364844728703
26128,0.06068882294183395
26129,0.0549163518956542
26130,0.04819240358928776
26131,0.15029977674549969
26132,0.043048059675586836
26133,0.12705258546910414
26134,0.11007294488158949
26135,0.13102455044280661
26136,0.055129585180209446
26137,0.113193687881415
26138,0.10506311203255293
26139,0.05198794853727455
26140,0.14319812766939022
26141,0.05861084613466156
26142,0.13321103586178595
26143,0.1289768938535556
26144,0.12966981473156033
26145,0.05561032743731559
26146,0.12972101421421506
26147,0.06148715194506443
26148,0.11715161675043172
26149,0.12600202881689002
26150,0.053726617048777806
26151,0.118583166723923
26152,0.11644115332531471
26153,0.04831441247385627
26154,0.05405640179555976
26155,0.13421563224779726
26156,0.057457098492076836
26157,0.12059778435118006
26158,0.06572266784791884
26159,0.11856832847836729
26160,0.05471270095203621
26161,0.13051635471127732
26162,0.12146899540625922
26163,0.04982495276120943
26164,0.13100432817116336
26165,0.11742271813922771
26166,0.11220558803228374
26167,0.04353897562324549
26168,0.1642507828994927
26169,0.0696546028525253
26170,0.11577305026647224
26171,0.13307760693216955
26172,0.056880741589468896
26173,0.11105156431494058
26174,0.152032725464945
26175,0.10377984680277698
26176,0.12189449520558224
26177,0.051994860004115524
26178,0.03590715441442351
26179,0.08730736822480525
26180,0.052743434207259354
26181,0.05342786575906072
26182,0.15322288167788436
26183,0.05635356552919595
26184,0.11439070742434257
26185,0.15840454729056966
26186,0.058085201988431874
26187,0.1294362556855246
26188,0.13334209007185602
26189,0.05246747228929523
26190,0.12519455954483621
26191,0.05367394313312379
26192,0.05788674129024096
26193,0.11182231732244025
26194,0.06634422059622597
26195,0.04605628569336621
26196,0.06022789541475513
26197,0.04864535253354948
26198,0.13990226426184216
26199,0.05976267153776798
26200,0.125935912551902
26201,0.06624181967558886
26202,0.1520042042672088
26203,0.06348005571332155
26204,0.05729661102062764
26205,0.1591934928647831
26206,0.07386251121126981
26207,0.1445409254554294
26208,0.11965935192491725
26209,0.04523313610357957
26210,0.12979499088233953
26211,0.17223363923156343
26212,0.051406632967764966
26213,0.10666141871700192
26214,0.16900217679164373
26215,0.114537317920813
26216,0.12670777655445808
26217,0.11277703002328772
26218,0.04340742752561305
26219,0.11916293809962947
26220,0.06454620641978444
26221,0.0646596266099429
26222,0.14920740105237754
26223,0.060046647911232355
26224,0.12335626481994882
26225,0.05420262695090608
26226,0.08952565608904675
26227,0.12432755334171827
26228,0.052500218228802284
26229,0.14103487708491833
26230,0.04771458815869933
26231,0.05163350383396158
26232,0.05201551886237612
26233,0.11406692757869506
26234,0.04986425130449189
26235,0.13795827265006227
26236,0.06003217384327548
26237,0.05013280629928528
26238,0.056128773213212614
26239,0.13124269726291102
26240,0.05113665947549358
26241,0.07239679378126444
26242,0.058932102714803765
26243,0.14220853173061893
26244,0.13510301023053137
26245,0.06831778886363016
26246,0.07571522248290319
26247,0.1277627892140162
26248,0.12884715651014622
26249,0.14169175706631373
26250,0.07525472844184161
26251,0.05337193053816559
26252,0.10589986707400237
26253,0.12114887419568088
26254,0.13797652759900683
26255,0.12848846472205952
26256,0.11960219782644249
26257,0.10266455500307825
26258,0.11695093026753908
26259,0.11673170813061223
26260,0.05114146973657455
26261,0.15276030432420803
26262,0.09855885432416281
26263,0.13595056624419732
26264,0.10564598934501651
26265,0.06226285498943294
26266,0.11542777253751556
26267,0.1359749795536587
26268,0.10694075801738764
26269,0.048303185682072404
26270,0.10336136857745098
26271,0.06336630637997706
26272,0.1860650064065935
26273,0.10321669117289996
26274,0.06017612367394951
26275,0.08816989652472385
26276,0.07543679185017069
26277,0.14858823471694207
26278,0.06949207359153332
26279,0.0592221510337875
26280,0.13288298986952998
26281,0.06011029687229197
26282,0.13583822464929377
26283,0.13072569230026418
26284,0.09900050851086253
26285,0.05533447498691327
26286,0.05124569220323326
26287,0.12763668002410164
26288,0.12179743832227642
26289,0.05730556096906483
26290,0.07000452111232319
26291,0.12726803917165963
26292,0.12590785976334484
26293,0.12463382868933193
26294,0.12791542220586014
26295,0.049996118793250804
26296,0.08971058626869019
26297,0.05957191011432922
26298,0.05379389334810466
26299,0.048498629676147056
26300,0.06085628024090708
26301,0.05173148678417976
26302,0.05737031322250506
26303,0.1426076005551488
26304,0.12234806856943395
26305,0.0708776073429434
26306,0.046904932012869216
26307,0.11248788250250627
26308,0.1382279964034221
26309,0.04112429348438926
26310,0.1310966385301861
26311,0.1635144203074347
26312,0.062069721264079225
26313,0.047682704346075994
26314,0.10549535389699015
26315,0.10475645647480304
26316,0.05462969712518157
26317,0.16916194291740203
26318,0.06034150839599875
26319,0.058203373635012025
26320,0.11741982492992149
26321,0.11821138127033988
26322,0.0852446284358902
26323,0.17208782985416893
26324,0.06328505059527037
26325,0.1526848621851428
26326,0.05865440119607961
26327,0.0615122667476721
26328,0.06111117368521741
26329,0.06991499265225633
26330,0.11479291826112858
26331,0.140249951383472
26332,0.05876947799603805
26333,0.06342098675014911
26334,0.05888212295897982
26335,0.06422521107118875
26336,0.1477340816807283
26337,0.055563242037663545
26338,0.06829439692978509
26339,0.12327840515908353
26340,0.049666836096940586
26341,0.05548782559301665
26342,0.06456791953340556
26343,0.11008311696567467
26344,0.0665060019221785
26345,0.13984864502068645
26346,0.116349658863598
26347,0.12111243104162212
26348,0.065949149102421
26349,0.11446012195421881
26350,0.059391708860350216
26351,0.10863718456725217
26352,0.13444882014442364
26353,0.05581972591948432
26354,0.05620628268318405
26355,0.14133330238335826
26356,0.11556470167996395
26357,0.04808735976724449
26358,0.11544321108326078
26359,0.053268569941411034
26360,0.14666471854676905
26361,0.03598834849499477
26362,0.057405469228728724
26363,0.05132273476163083
26364,0.14849555826821054
26365,0.10037113319333305
26366,0.09276762937942695
26367,0.07121843767292434
26368,0.06992613081911275
26369,0.11737504872390751
26370,0.05805662062327474
26371,0.056917247727305983
26372,0.139915743658285
26373,0.04859121179148611
26374,0.12250114698338956
26375,0.05342966409050736
26376,0.05007643277745293
26377,0.054524504203118086
26378,0.05138482436388767
26379,0.046657362500876445
26380,0.10146195945788755
26381,0.063807276945632
26382,0.14025126026533136
26383,0.1608712618110677
26384,0.04904450536423172
26385,0.11826174533895806
26386,0.13612981961657658
26387,0.14019563057970316
26388,0.057873904742828525
26389,0.1126092439082711
26390,0.11858546769120365
26391,0.05620730807058867
26392,0.12196952421801045
26393,0.11799689827897016
26394,0.060279946626624434
26395,0.11538431699560109
26396,0.05688777073447948
26397,0.07006176953765163
26398,0.06874782498679209
26399,0.16147343138585188
26400,0.04989979932634939
26401,0.0706565010169115
26402,0.14193562272477137
26403,0.11098953578309223
26404,0.12178603772763462
26405,0.05352498721837429
26406,0.06230099263896687
26407,0.051170326505447325
26408,0.14791103846569364
26409,0.11307665468610065
26410,0.05302590381426713
26411,0.12838858725172345
26412,0.05137019357011781
26413,0.1379296919583005
26414,0.15932483669642533
26415,0.1252978589174001
26416,0.14295145240112683
26417,0.0553262019178921
26418,0.12102609338211472
26419,0.18021787641488574
26420,0.05704126692694794
26421,0.05400330040032368
26422,0.06769153771722164
26423,0.09007035458013897
26424,0.13925651347274925
26425,0.11590799106020101
26426,0.114496316232169
26427,0.05864040595883668
26428,0.06316076649466854
26429,0.059431913846709
26430,0.11562705188609843
26431,0.04726904606530557
26432,0.0509881970879288
26433,0.11978794691307557
26434,0.10020081366746458
26435,0.05402572563668696
26436,0.0980147280639863
26437,0.14784423412926853
26438,0.13187102111587193
26439,0.05302212074302702
26440,0.04587618341688217
26441,0.06497361130568195
26442,0.12971933437423075
26443,0.11248338551414945
26444,0.04855978271478406
26445,0.12340632964490646
26446,0.053354491600321234
26447,0.11755109833943579
26448,0.10574576773467399
26449,0.05832890200725276
26450,0.04493278622808772
26451,0.15632067708953623
26452,0.09952957875074356
26453,0.1525637001412924
26454,0.11889125883281589
26455,0.03508136689667442
26456,0.04933711845755918
26457,0.055929573652829086
26458,0.11469396548172515
26459,0.0642929350725356
26460,0.1153094190039472
26461,0.16972964320997552
26462,0.10887067859986484
26463,0.06118316265726143
26464,0.09148240335172127
26465,0.048977075592747804
26466,0.1311040409376559
26467,0.11680498687177963
