id_cliente,prediccion
2,0.12571314
3,0.16231401
7,0.12567168
10,0.1376756
11,0.13009891
12,0.12604491
14,0.13412362
16,0.14022058
25,0.11948699
32,0.11571362
38,0.12344987
42,0.16340922
63,0.12952392
65,0.14817648
70,0.13458313
74,0.12519062
76,0.13114692
83,0.13182677
90,0.10248407
98,0.22339402
104,0.12370715
121,0.12820463
124,0.17208646
125,0.15959926
137,0.15855394
143,0.12622336
144,0.17952947
157,0.14115974
163,0.12762322
197,0.17253752
203,0.21627872
205,0.13042155
209,0.15826412
228,0.19786228
231,0.1371281
237,0.16734594
243,0.14021116
247,0.13659729
249,0.14508548
253,0.12556346
261,0.13164857
263,0.10549365
275,0.12265887
279,0.15517683
280,0.13335283
292,0.12486327
297,0.13226266
299,0.12323667
302,0.120205455
304,0.13522278
308,0.1502943
318,0.14713296
319,0.2044103
323,0.16259217
325,0.15480383
339,0.1404294
340,0.13812959
355,0.12811758
359,0.14976954
368,0.14787221
371,0.14313921
378,0.13806193
390,0.13952112
392,0.1381803
409,0.11696894
412,0.17744197
420,0.14965491
422,0.13526842
428,0.14642148
429,0.11160818
430,0.13947308
434,0.121325314
437,0.13340181
447,0.15503615
464,0.11865698
466,0.19361202
468,0.16149259
470,0.14638945
473,0.1342399
475,0.13226053
476,0.14014716
480,0.1179711
483,0.1386076
487,0.1610197
495,0.18153672
496,0.17129442
499,0.12711823
502,0.17292646
504,0.12777966
508,0.12324409
514,0.12756144
515,0.14779775
538,0.12150103
548,0.13065803
551,0.1408583
553,0.15285905
560,0.11999694
564,0.12821971
572,0.15212199
577,0.13340624
578,0.1833339
591,0.13176486
593,0.13246748
604,0.13118717
606,0.13518287
614,0.14221959
616,0.12318707
622,0.13922763
626,0.12861705
632,0.13244279
637,0.11936705
640,0.10152595
647,0.12164123
648,0.12755397
653,0.13736181
654,0.13853575
659,0.14476445
661,0.14208013
670,0.13214257
671,0.14874108
673,0.124864906
674,0.13568583
682,0.12956661
683,0.12980896
687,0.1277843
688,0.14874752
689,0.1299058
701,0.13274014
705,0.13166402
707,0.12511458
710,0.15971239
714,0.11956819
716,0.12952244
717,0.17225148
729,0.16030487
732,0.14234689
734,0.14329474
736,0.1274167
742,0.12186557
750,0.14488028
764,0.14432116
767,0.11983189
768,0.13017751
774,0.15667306
777,0.13096493
784,0.13239923
785,0.13440247
786,0.12898305
787,0.15258598
788,0.13848604
790,0.17290096
794,0.15028824
796,0.13536496
802,0.11898531
812,0.15639512
814,0.11228883
816,0.13442613
817,0.13221331
834,0.13193716
835,0.1271216
836,0.12945424
837,0.12284294
840,0.15039577
841,0.18891492
854,0.17228013
858,0.13032605
859,0.13975064
883,0.13139573
887,0.14352298
902,0.12735045
913,0.12889951
915,0.114743814
916,0.1512312
917,0.15530184
924,0.12821768
929,0.14565903
933,0.1414587
936,0.14618637
941,0.12704074
946,0.15560819
948,0.1270307
952,0.12402323
959,0.13323978
963,0.12844227
965,0.1055625
970,0.14646819
975,0.19970536
979,0.13085991
982,0.12799309
986,0.1433971
992,0.14283127
1003,0.10933086
1004,0.13780382
1007,0.16546786
1014,0.103851765
1017,0.12702139
1018,0.12280396
1043,0.14956139
1046,0.13056654
1052,0.12780176
1061,0.12582594
1063,0.13501815
1064,0.15100136
1067,0.14495815
1070,0.15719569
1075,0.13574302
1105,0.14019524
1116,0.1372553
1117,0.21722959
1123,0.16010399
1125,0.13638406
1132,0.12360683
1160,0.11371201
1161,0.14691658
1165,0.1496638
1171,0.15488853
1181,0.17393768
1185,0.13648164
1197,0.1534677
1202,0.14090745
1205,0.13627404
1206,0.13600442
1213,0.16244534
1216,0.13117132
1228,0.14992054
1232,0.1347126
1238,0.110579796
1241,0.1399958
1246,0.12766205
1258,0.121843755
1263,0.11991572
1289,0.12668812
1301,0.13743028
1302,0.12684138
1303,0.17702514
1312,0.11969039
1314,0.13433935
1322,0.10948544
1326,0.15714082
1328,0.14930981
1334,0.13951522
1336,0.13050723
1337,0.12484573
1338,0.14466277
1340,0.13080113
1361,0.1500224
1365,0.20252766
1368,0.20367949
1370,0.109097056
1378,0.1272599
1381,0.18060067
1388,0.13236488
1393,0.1309776
1395,0.12293802
1400,0.13188729
1404,0.13220555
1405,0.13834515
1411,0.13850895
1414,0.13852066
1415,0.12851132
1420,0.11000414
1425,0.10477131
1434,0.15470168
1453,0.15827928
1455,0.13945681
1460,0.14992657
1465,0.17890294
1474,0.14532089
1475,0.11702392
1476,0.18683295
1477,0.12091252
1489,0.101581074
1495,0.11646138
1496,0.13254072
1501,0.13420895
1504,0.1286369
1506,0.1381495
1516,0.17217015
1535,0.13486831
1541,0.14865455
1546,0.14815871
1552,0.13156919
1558,0.13505767
1559,0.15175116
1564,0.11734541
1566,0.12838562
1567,0.18844822
1573,0.14996728
1576,0.14755492
1577,0.13837335
1578,0.13259494
1586,0.13017304
1587,0.15388963
1589,0.1339363
1591,0.13032441
1592,0.18245795
1598,0.13096958
1602,0.17638886
1604,0.14166859
1606,0.15797493
1614,0.13572392
1615,0.14392501
1619,0.12297594
1623,0.13097052
1631,0.13820288
1639,0.12568264
1648,0.12039555
1659,0.12567784
1669,0.19233906
1673,0.13856706
1678,0.13798611
1682,0.16894513
1683,0.128428
1692,0.13341603
1693,0.15837283
1695,0.1479697
1698,0.14833449
1706,0.16192803
1709,0.12866955
1710,0.14457609
1719,0.12438659
1720,0.12937802
1726,0.12965053
1730,0.12681629
1732,0.12467736
1733,0.145102
1736,0.102582246
1743,0.15488298
1751,0.13539945
1752,0.13137501
1754,0.1700703
1756,0.1537558
1760,0.12147845
1765,0.13395862
1776,0.1494149
1778,0.1481872
1779,0.17415775
1781,0.12816204
1795,0.16161731
1808,0.10668125
1809,0.1429846
1814,0.12879732
1821,0.13963485
1822,0.1223817
1824,0.13145712
1827,0.15987498
1834,0.1405337
1844,0.19708876
1851,0.1365054
1867,0.16677791
1869,0.12601383
1875,0.1627191
1882,0.13606402
1897,0.19512765
1910,0.13553251
1917,0.12922922
1918,0.17274857
1935,0.138536
1936,0.13657391
1937,0.13959165
1949,0.17260085
1952,0.12015897
1956,0.1400031
1969,0.14243414
1970,0.12745705
1971,0.13397066
1977,0.16583212
1982,0.17794277
1995,0.1259043
2002,0.12757652
2004,0.14181341
2011,0.15209508
2013,0.13977714
2014,0.12755917
2026,0.12527172
2040,0.13621931
2043,0.14621426
2060,0.12289379
2069,0.10801427
2073,0.11525567
2076,0.10208526
2082,0.12712654
2089,0.12475957
2091,0.14655143
2103,0.1959523
2109,0.13393728
2112,0.1360902
2113,0.13550463
2119,0.13062543
2121,0.1665984
2125,0.12523355
2127,0.16377476
2128,0.1301553
2132,0.13784651
2146,0.14823756
2148,0.15907873
2149,0.20778245
2156,0.14329198
2157,0.13246071
2159,0.19314916
2160,0.12870461
2169,0.16429251
2170,0.13977206
2186,0.13646959
2188,0.12904283
2190,0.11896294
2203,0.11933613
2204,0.13320209
2205,0.17638077
2207,0.14088292
2209,0.122443825
2211,0.09964539
2220,0.123116866
2226,0.1406379
2229,0.120267116
2234,0.12583806
2237,0.14212812
2240,0.12648706
2249,0.12964891
2252,0.15118304
2264,0.17203595
2269,0.13043515
2272,0.1331867
2283,0.12663026
2284,0.1620442
2287,0.14455584
2290,0.12633781
2298,0.13525397
2328,0.14716913
2329,0.18972917
2330,0.18334542
2336,0.15148227
2338,0.12593623
2341,0.14702348
2353,0.14946173
2356,0.13379982
2366,0.12296918
2401,0.12906042
2404,0.13079315
2408,0.12307674
2409,0.12321281
2410,0.14052235
2421,0.16027191
2425,0.14040925
2427,0.20890927
2429,0.13437758
2432,0.1394933
2435,0.13744318
2436,0.13221319
2447,0.12551875
2449,0.12592736
2454,0.12993892
2460,0.12887453
2472,0.14010012
2479,0.1266657
2483,0.13904484
2484,0.13832623
2492,0.15007079
2493,0.13307035
2495,0.12477306
2498,0.16442364
2501,0.12823768
2510,0.13296415
2512,0.104178794
2516,0.15219131
2517,0.17970932
2538,0.13145716
2561,0.12502003
2563,0.12948078
2567,0.12813064
2569,0.10410249
2576,0.13758151
2588,0.13312423
2592,0.111204155
2593,0.15192413
2604,0.11370471
2613,0.1322526
2620,0.1279081
2626,0.1629774
2629,0.119482495
2634,0.13147774
2637,0.13339044
2649,0.16913085
2653,0.20829713
2661,0.15085837
2662,0.12980276
2668,0.10648172
2684,0.14157741
2686,0.1301347
2706,0.1381715
2709,0.12464784
2710,0.12345963
2712,0.10466972
2717,0.12461738
2718,0.14022855
2720,0.12398547
2726,0.12617466
2732,0.20317288
2735,0.1859561
2736,0.13528515
2754,0.13057035
2755,0.12133287
2758,0.12749225
2759,0.123762526
2768,0.1403952
2769,0.19514719
2770,0.13854194
2776,0.117513895
2779,0.14569776
2790,0.1275853
2794,0.12771691
2796,0.14538902
2801,0.13719459
2810,0.13454328
2813,0.13836496
2820,0.14940786
2822,0.14181033
2830,0.1333741
2831,0.14227578
2835,0.13841897
2837,0.14021568
2852,0.15811677
2861,0.127104
2864,0.12399733
2869,0.14373127
2870,0.1558059
2883,0.13155152
2890,0.11808711
2892,0.13676041
2895,0.14043896
2908,0.15337397
2911,0.10344256
2918,0.13922769
2931,0.19095568
2936,0.17900722
2938,0.15436181
2940,0.20128235
2942,0.13878144
2943,0.13967857
2945,0.16862601
2949,0.15551987
2959,0.13742082
2966,0.13558404
2969,0.1337362
2970,0.1248407
2975,0.12365216
2976,0.14787608
2987,0.13260873
2993,0.1695627
2995,0.123980135
2998,0.1259394
3002,0.14795378
3004,0.12462529
3008,0.13381904
3010,0.14242454
3019,0.1595796
3027,0.15944006
3030,0.18687135
3031,0.13428634
3037,0.13305296
3038,0.12196138
3039,0.14539498
3043,0.12044557
3048,0.13168785
3049,0.16133633
3053,0.13505515
3054,0.13714279
3056,0.113887735
3069,0.13943033
3071,0.14388171
3072,0.13689122
3075,0.16446128
3078,0.13600297
3080,0.11336469
3104,0.1553693
3109,0.13836356
3126,0.124939546
3137,0.12787573
3139,0.117532045
3142,0.13220641
3147,0.14409816
3168,0.119258195
3169,0.14895679
3172,0.13292597
3174,0.15729024
3178,0.14738858
3179,0.13120228
3181,0.11905914
3190,0.14884259
3192,0.15132527
3196,0.17898776
3197,0.20366077
3206,0.14536881
3208,0.12707861
3210,0.11774214
3214,0.13420491
3220,0.10284538
3228,0.13297771
3232,0.13320605
3247,0.13693576
3253,0.15592675
3256,0.12130203
3257,0.12865117
3262,0.11498378
3269,0.111588195
3276,0.14743668
3279,0.16791444
3282,0.10812627
3284,0.15652035
3285,0.14661115
3295,0.12017176
3297,0.12529944
3298,0.12240088
3311,0.11874182
3313,0.13031341
3321,0.13370755
3325,0.12021877
3329,0.14005849
3345,0.17469953
3347,0.11313645
3349,0.13160747
3350,0.112003505
3354,0.14975442
3356,0.15724672
3363,0.12522472
3372,0.15630944
3376,0.12002889
3380,0.12556304
3383,0.13282493
3385,0.1367154
3387,0.1481088
3395,0.1450276
3396,0.12746201
3397,0.123352185
3411,0.14271298
3413,0.12190805
3415,0.10589663
3444,0.18269758
3446,0.1312983
3447,0.13424444
3448,0.11293899
3454,0.12701817
3466,0.13176809
3471,0.14197868
3474,0.13052666
3488,0.1442123
3496,0.13380022
3498,0.14148332
3508,0.13163014
3511,0.1500348
3514,0.13341191
3524,0.12618269
3526,0.12991622
3529,0.1416452
3552,0.13217157
3561,0.1275516
3564,0.14016229
3566,0.13854764
3576,0.14459053
3581,0.12791592
3582,0.13231461
3583,0.15420763
3587,0.13071711
3589,0.1589385
3590,0.15059148
3592,0.12690823
3594,0.13072838
3598,0.12691219
3605,0.16123612
3608,0.14801331
3610,0.15371603
3619,0.14032799
3622,0.11682072
3623,0.18801087
3628,0.11817434
3629,0.13815233
3647,0.12324768
3653,0.118016645
3657,0.1617156
3658,0.14021045
3661,0.12682348
3665,0.14217499
3668,0.1101727
3670,0.10143998
3672,0.12516163
3675,0.14373946
3680,0.14404914
3697,0.1590021
3698,0.11199162
3699,0.1359529
3703,0.114794284
3711,0.13491397
3712,0.19435851
3716,0.1271638
3717,0.13733678
3721,0.14293031
3726,0.13089825
3735,0.15490948
3736,0.15900162
3740,0.12957911
3748,0.15721613
3751,0.13494381
3753,0.10439263
3754,0.11209005
3755,0.17259319
3764,0.119242676
3768,0.12889117
3781,0.13249202
3782,0.14185649
3787,0.14521281
3800,0.12995769
3804,0.14814004
3820,0.114822164
3821,0.1510293
3824,0.10387568
3825,0.13686158
3826,0.1619925
3831,0.12900294
3834,0.18380378
3835,0.13782798
3836,0.12948067
3840,0.11231445
3841,0.1506077
3848,0.17090313
3863,0.1581748
3869,0.13745831
3875,0.1439306
3877,0.15184739
3878,0.14368527
3879,0.18577607
3881,0.14372312
3882,0.11887482
3887,0.13706551
3890,0.12635772
3904,0.13837934
3905,0.16238464
3908,0.14891958
3917,0.20968951
3927,0.14147604
3931,0.1527712
3938,0.13726628
3944,0.15677938
3947,0.12962468
3950,0.13545537
3971,0.1293285
3982,0.1396956
3991,0.12251563
3992,0.13336775
3997,0.106503114
4005,0.14310466
4008,0.13075282
4016,0.14939696
4018,0.12660451
4020,0.17755221
4027,0.15722871
4038,0.1302037
4045,0.15025842
4048,0.1638439
4051,0.12654403
4054,0.13065994
4055,0.15449645
4065,0.12728138
4066,0.13843024
4073,0.15218513
4079,0.14529772
4084,0.11183959
4087,0.20535731
4089,0.11923248
4091,0.16010754
4092,0.12495104
4102,0.16590825
4108,0.15114462
4113,0.14877374
4116,0.14310412
4117,0.1091625
4124,0.13003674
4125,0.14557573
4128,0.13234137
4129,0.13303868
4130,0.13739023
4134,0.15692857
4144,0.12837297
4147,0.15116943
4150,0.12980486
4158,0.1484165
4162,0.12972318
4163,0.12544006
4166,0.12281547
4167,0.14610274
4168,0.14844568
4175,0.13684179
4179,0.18994865
4180,0.12736708
4189,0.12824823
4192,0.15449487
4195,0.13030417
4197,0.1302754
4198,0.15944871
4202,0.13003492
4208,0.13784225
4222,0.15610191
4225,0.12456454
4227,0.12621726
4229,0.14433607
4230,0.14485584
4244,0.15468171
4247,0.11837387
4249,0.13081527
4258,0.13742262
4266,0.1945757
4283,0.109225236
4286,0.19116688
4287,0.13158935
4289,0.118254766
4291,0.14808583
4292,0.15455545
4296,0.12578635
4309,0.11745395
4323,0.15711516
4324,0.14218207
4327,0.16061811
4328,0.1237814
4330,0.14966115
4334,0.13454401
4338,0.12736179
4341,0.14151224
4343,0.14293861
4349,0.12168026
4366,0.12697092
4367,0.14717185
4373,0.113625325
4374,0.19101572
4384,0.1358202
4390,0.21151726
4403,0.13880156
4409,0.10891742
4419,0.14591146
4427,0.1340729
4428,0.14430231
4429,0.13128309
4430,0.10242788
4431,0.13181284
4433,0.15450406
4434,0.124718614
4442,0.111748435
4444,0.12837566
4456,0.14355768
4457,0.14891094
4459,0.13248965
4463,0.1408351
4465,0.1454143
4466,0.18847086
4469,0.19844693
4486,0.12831888
4488,0.1376598
4490,0.12401672
4492,0.1311335
4500,0.15070647
4502,0.200849
4507,0.12614529
4511,0.12866694
4512,0.12740362
4516,0.119108014
4520,0.12893055
4536,0.10272148
4538,0.11997937
4549,0.16327532
4554,0.12934865
4561,0.14939183
4564,0.12726657
4566,0.13932692
4568,0.14136697
4580,0.14491293
4586,0.12811081
4594,0.14328119
4598,0.13296954
4602,0.1293127
4609,0.14084928
4610,0.12302485
4611,0.12957604
4619,0.1477395
4624,0.14848574
4627,0.12492679
4631,0.14001404
4632,0.1584721
4635,0.14352873
4637,0.13760236
4641,0.15069883
4643,0.13658239
4660,0.124511905
4665,0.1497015
4667,0.1821218
4668,0.12187424
4670,0.13076958
4674,0.14650376
4676,0.12730438
4683,0.15451635
4684,0.13319713
4687,0.122505695
4704,0.13134247
4706,0.14621253
4732,0.13670541
4734,0.18882184
4735,0.115024604
4744,0.13906384
4755,0.12643094
4759,0.12835796
4762,0.13636707
4765,0.18338342
4767,0.12687561
4775,0.14810008
4780,0.16016717
4789,0.14359878
4794,0.15220402
4795,0.13532007
4797,0.12043081
4803,0.13215728
4810,0.14425474
4812,0.16589098
4814,0.13832311
4818,0.12166153
4820,0.14459886
4822,0.1251787
4827,0.101384416
4828,0.14720966
4831,0.13400058
4839,0.1455597
4841,0.13615681
4842,0.11889457
4844,0.15505773
4852,0.12488556
4861,0.1550078
4863,0.16600396
4878,0.15778042
4881,0.20864421
4883,0.21207523
4884,0.13287066
4890,0.12606937
4894,0.10785989
4895,0.21446075
4898,0.14274493
4899,0.12602696
4901,0.16263895
4902,0.11135489
4919,0.13107732
4934,0.13585256
4937,0.122164145
4939,0.12518138
4945,0.17293696
4952,0.12941407
4953,0.13611805
4954,0.12454358
4955,0.12710847
4967,0.12368952
4970,0.14326954
4979,0.14324273
4983,0.1265371
4989,0.15750651
4995,0.12748283
5004,0.1704916
5007,0.15055603
5009,0.12668747
5010,0.121013075
5016,0.13674682
5033,0.12153667
5038,0.12747367
5045,0.10672939
5049,0.12523133
5051,0.13086498
5055,0.15197892
5058,0.15066606
5059,0.12535152
5073,0.14392565
5074,0.16091083
5076,0.14228193
5078,0.13589396
5081,0.12599978
5082,0.11784319
5084,0.12037602
5105,0.12639816
5107,0.15463696
5111,0.14306372
5120,0.13427731
5121,0.11751113
5123,0.12807943
5141,0.12883185
5144,0.13155617
5147,0.1630669
5149,0.13263917
5152,0.14268287
5160,0.1205744
5170,0.17379515
5171,0.13957776
5176,0.19879375
5178,0.16310784
5192,0.1283208
5195,0.16607048
5204,0.12981267
5208,0.15153989
5211,0.11004248
5216,0.17550655
5217,0.13093905
5225,0.15134181
5228,0.15717654
5239,0.10465104
5241,0.16272141
5243,0.15673935
5246,0.16177933
5247,0.15366127
5249,0.12846664
5251,0.22019635
5255,0.13507429
5257,0.13837478
5259,0.17267689
5260,0.14242812
5269,0.16574925
5281,0.13640472
5284,0.12812229
5286,0.16304122
5292,0.15408933
5293,0.14005148
5299,0.13088332
5301,0.13013461
5303,0.1210428
5305,0.14561863
5319,0.18088663
5325,0.13038462
5331,0.12837233
5333,0.11773961
5335,0.1248786
5339,0.15436642
5340,0.12427741
5341,0.14076866
5343,0.11581668
5347,0.22104989
5353,0.13843392
5355,0.119051546
5363,0.13161899
5365,0.15237187
5373,0.14157268
5377,0.13872984
5379,0.152193
5385,0.13899525
5386,0.13706517
5387,0.13521044
5389,0.14380528
5390,0.14897178
5396,0.13602316
5397,0.14469852
5404,0.12544806
5407,0.13312826
5410,0.12309023
5411,0.13192359
5412,0.12136091
5413,0.12264755
5418,0.16176474
5424,0.15933828
5427,0.14708608
5428,0.12882192
5433,0.13819094
5441,0.14611188
5448,0.12831174
5456,0.12921122
5460,0.10724916
5465,0.15732616
5468,0.122739576
5470,0.1612277
5475,0.12680678
5487,0.1580722
5501,0.12890513
5504,0.1333377
5508,0.13350181
5510,0.110870615
5514,0.12734298
5528,0.14622298
5540,0.11844637
5543,0.12864098
5545,0.13942905
5546,0.13649566
5548,0.13724464
5551,0.1740777
5553,0.12937233
5556,0.1291806
5560,0.13335559
5563,0.12692921
5569,0.12734325
5572,0.1295308
5576,0.16098206
5582,0.1352992
5586,0.14200738
5598,0.14011247
5605,0.12880632
5608,0.12727992
5610,0.13222061
5622,0.101002626
5628,0.1306449
5632,0.12427986
5640,0.1359202
5641,0.1741844
5647,0.13369931
5654,0.1826446
5665,0.13154481
5667,0.17147058
5674,0.15239958
5691,0.13880566
5694,0.15462358
5706,0.12215593
5716,0.14905497
5722,0.13643992
5738,0.1294798
5745,0.14140917
5746,0.10418756
5755,0.1736062
5756,0.13559891
5760,0.14360836
5761,0.13726902
5762,0.16553551
5763,0.13283712
5765,0.14926958
5773,0.13747947
5781,0.13236585
5786,0.17834665
5789,0.1468941
5802,0.1491387
5808,0.1539178
5811,0.12738483
5812,0.17660163
5813,0.13002005
5821,0.13946898
5829,0.1393508
5838,0.13054512
5842,0.15872613
5861,0.13615382
5864,0.12314632
5871,0.14185302
5875,0.13637842
5879,0.13170646
5881,0.13528167
5891,0.13239767
5903,0.09924441
5909,0.15417382
5914,0.18228947
5918,0.15085378
5933,0.12036723
5945,0.13313238
5948,0.13607901
5949,0.12018537
5950,0.13074431
5952,0.15672861
5955,0.14037135
5959,0.15965919
5961,0.12854542
5964,0.15757595
5966,0.16574785
5978,0.16616975
5980,0.12793966
5983,0.13867992
5985,0.13528113
5995,0.13364603
6009,0.13535121
6016,0.104418665
6021,0.1580827
6023,0.122478336
6029,0.16536409
6033,0.17614385
6036,0.17308995
6039,0.12361216
6046,0.13843523
6047,0.11952052
6051,0.116303444
6054,0.13834058
6061,0.14803141
6065,0.11384347
6068,0.13106441
6069,0.14949174
6070,0.13145842
6072,0.12640122
6076,0.13030334
6082,0.14002675
6104,0.12436824
6110,0.14720099
6122,0.13481876
6123,0.14950734
6126,0.113630205
6128,0.13791445
6131,0.13753326
6139,0.1307612
6140,0.1335994
6142,0.16034088
6143,0.10504783
6147,0.13931908
6152,0.15578185
6164,0.13198419
6171,0.1677105
6173,0.1630297
6175,0.16722265
6176,0.12701103
6179,0.13955146
6181,0.13188963
6191,0.14411405
6200,0.13405153
6201,0.127773
6208,0.1913949
6219,0.15914796
6223,0.13339373
6224,0.15556058
6237,0.14957441
6255,0.15116444
6265,0.14987925
6273,0.123890534
6279,0.14380589
6284,0.13964616
6295,0.14290611
6306,0.12891454
6311,0.14251964
6327,0.122056834
6330,0.12891082
6338,0.15880701
6343,0.15718123
6345,0.1487055
6351,0.12654859
6357,0.14890672
6360,0.13260381
6389,0.12345472
6392,0.15127766
6404,0.1307049
6406,0.12378202
6407,0.12915136
6414,0.15852815
6419,0.14778826
6425,0.1351275
6428,0.1453643
6431,0.11483856
6435,0.13672617
6436,0.13838167
6440,0.11819862
6446,0.12857878
6465,0.1262176
6473,0.12605542
6476,0.13321446
6477,0.11970335
6478,0.14514922
6494,0.14627406
6501,0.17677309
6502,0.1322024
6503,0.12898861
6514,0.103811495
6516,0.12810922
6534,0.12969737
6541,0.12384068
6553,0.13178395
6557,0.11559557
6559,0.1589137
6560,0.16163681
6562,0.13292938
6575,0.14541556
6583,0.13303667
6588,0.13573356
6590,0.11078107
6594,0.10450059
6602,0.17784663
6603,0.13707966
6606,0.1232407
6614,0.15324087
6618,0.12416251
6628,0.1352286
6633,0.13465244
6639,0.12677667
6648,0.15585545
6654,0.11797483
6656,0.1316224
6657,0.15270391
6663,0.1319592
6664,0.11656761
6666,0.14705098
6670,0.12018717
6671,0.13588743
6683,0.13329984
6694,0.126968
6695,0.13377179
6699,0.13307112
6701,0.13681868
6706,0.12839687
6707,0.127295
6720,0.13140304
6721,0.18322846
6726,0.15548043
6735,0.12852833
6745,0.13675483
6746,0.1182314
6751,0.13091162
6759,0.17641702
6760,0.14485753
6765,0.13205759
6774,0.14354366
6776,0.13991266
6779,0.13784023
6789,0.1454377
6792,0.14390583
6797,0.13334775
6807,0.15608175
6808,0.16551965
6811,0.16551562
6813,0.1770242
6814,0.13339327
6817,0.12718984
6826,0.12928294
6830,0.13351515
6832,0.13489075
6838,0.16337934
6840,0.12984146
6850,0.12373264
6851,0.13226816
6854,0.15553692
6856,0.17698845
6858,0.1465603
6866,0.13998157
6871,0.14656748
6872,0.12915966
6879,0.12965822
6881,0.13197862
6882,0.13904618
6883,0.14420144
6894,0.13834263
6899,0.13610578
6903,0.13540594
6908,0.16765143
6914,0.14518292
6915,0.201505
6917,0.13334912
6922,0.18076693
6933,0.13402675
6944,0.13274169
6948,0.1406044
6957,0.12793353
6964,0.13875805
6987,0.12274906
6989,0.10954415
6991,0.122764915
6992,0.13382556
7019,0.1272097
7021,0.15000255
7023,0.13832584
7033,0.14817141
7034,0.13596985
7043,0.13523157
7047,0.12388267
7050,0.1379773
7057,0.111329496
7069,0.13276249
7070,0.13024831
7072,0.15632926
7081,0.13957807
7082,0.15305889
7088,0.1721023
7093,0.15169682
7100,0.13540953
7104,0.10247264
7109,0.12290063
7111,0.1524532
7113,0.13314061
7119,0.12857866
7122,0.13084519
7134,0.17555466
7147,0.16661204
7155,0.12305704
7156,0.1299506
7163,0.16322154
7173,0.09985051
7177,0.12607192
7179,0.1485486
7191,0.13670199
7196,0.16412841
7197,0.14092186
7205,0.12792109
7209,0.13239866
7215,0.13055876
7216,0.11546173
7217,0.12750459
7224,0.12187558
7230,0.15134396
7235,0.16293593
7237,0.2177666
7245,0.16067362
7246,0.124124356
7252,0.14347178
7257,0.14257504
7258,0.12301031
7261,0.16145584
7269,0.1287948
7270,0.13703384
7283,0.1563554
7299,0.12365274
7301,0.13045438
7304,0.1591509
7311,0.14122263
7314,0.13553749
7332,0.12714583
7333,0.16525641
7335,0.14267157
7336,0.13572747
7337,0.15203369
7344,0.12265068
7348,0.13510887
7351,0.12276763
7352,0.15422367
7371,0.12583351
7373,0.13068776
7376,0.10568268
7383,0.13600458
7390,0.17910479
7391,0.138456
7392,0.13918716
7395,0.12892018
7400,0.13449189
7403,0.13163975
7404,0.123610094
7414,0.11681864
7429,0.14638813
7435,0.13640422
7436,0.12839808
7438,0.117645845
7441,0.12293375
7443,0.14954445
7444,0.18528381
7452,0.10455034
7456,0.11739944
7462,0.10170786
7483,0.118904434
7490,0.14269611
7492,0.16386269
7504,0.13168994
7507,0.12166518
7511,0.12809089
7519,0.12757765
7520,0.18893525
7522,0.12465048
7530,0.12382651
7536,0.14160734
7541,0.14638267
7543,0.14151672
7545,0.14485475
7558,0.16508274
7560,0.13686404
7561,0.126937
7571,0.13677023
7579,0.12622812
7580,0.14136167
7581,0.13102795
7586,0.12924987
7590,0.1357172
7592,0.12716404
7594,0.12347459
7595,0.17651159
7601,0.13937862
7602,0.1490252
7603,0.12969252
7611,0.13270715
7617,0.10673309
7618,0.18866858
7619,0.12635915
7625,0.13601263
7628,0.14640637
7630,0.10230543
7631,0.12861626
7633,0.1551142
7634,0.13080792
7641,0.14626846
7642,0.17987104
7646,0.11685497
7662,0.16703124
7666,0.1408599
7674,0.11900516
7676,0.11907022
7679,0.1695523
7681,0.13226947
7686,0.12414383
7696,0.15801519
7707,0.14763528
7708,0.12160939
7712,0.17309916
7715,0.15551494
7716,0.17051603
7717,0.16031526
7719,0.1195686
7723,0.17339562
7726,0.12880641
7734,0.15659815
7739,0.10618984
7743,0.13354863
7751,0.13184036
7752,0.14413035
7755,0.13853398
7758,0.14904872
7761,0.12921308
7767,0.12551624
7773,0.1396872
7779,0.17093045
7785,0.164255
7792,0.12999444
7800,0.14717948
7801,0.19933575
7802,0.15590802
7808,0.21223968
7811,0.13558422
7816,0.14887834
7822,0.14317845
7823,0.17340907
7832,0.12704317
7833,0.12930545
7838,0.1381943
7840,0.12882176
7857,0.13682732
7877,0.14382505
7885,0.14458069
7900,0.1283103
7907,0.12861723
7910,0.13340107
7918,0.16730966
7919,0.15789609
7928,0.12827872
7933,0.14134735
7941,0.13414337
7947,0.15381554
7955,0.13991024
7956,0.13220665
7957,0.13431357
7964,0.1487556
7968,0.15059108
7980,0.15782005
8004,0.1528865
8016,0.13763574
8017,0.12919264
8024,0.15941384
8031,0.13811284
8032,0.14952296
8035,0.12951837
8036,0.13368382
8037,0.15325923
8052,0.12890567
8055,0.12617953
8059,0.13380809
8063,0.18848422
8064,0.15172854
8068,0.1476381
8070,0.13749757
8072,0.14741676
8085,0.15263864
8089,0.132312
8097,0.11818491
8100,0.13411278
8102,0.14762439
8105,0.13285327
8114,0.12218595
8117,0.1263346
8120,0.1252381
8126,0.12196119
8128,0.12751925
8135,0.1310078
8137,0.11993282
8148,0.12771104
8169,0.12977155
8173,0.1242828
8178,0.13453297
8179,0.15983887
8182,0.14127314
8184,0.12372196
8186,0.13216826
8189,0.13222376
8196,0.13307565
8216,0.13993491
8219,0.14272593
8221,0.13437793
8227,0.13957618
8232,0.1293621
8245,0.13574055
8248,0.12566823
8249,0.13434856
8250,0.12559077
8256,0.12644136
8258,0.13820496
8259,0.12668176
8268,0.12853524
8271,0.1382603
8273,0.14857869
8275,0.14586656
8277,0.1394166
8283,0.12950255
8288,0.13374528
8299,0.13517183
8300,0.12842125
8301,0.13792734
8307,0.14804994
8315,0.16523878
8324,0.17331469
8326,0.13492793
8351,0.14682528
8367,0.16677354
8368,0.13626447
8371,0.16270457
8383,0.12506521
8386,0.13250734
8402,0.12458981
8404,0.15399037
8421,0.18465175
8422,0.12934625
8425,0.1816441
8429,0.12299778
8433,0.13519932
8437,0.13687567
8440,0.1450993
8455,0.16600531
8479,0.18269384
8482,0.13507025
8485,0.13816442
8489,0.15053998
8490,0.12214375
8492,0.12736508
8496,0.12937784
8497,0.15759818
8498,0.13567223
8500,0.13253853
8501,0.12814163
8508,0.15295848
8512,0.21560727
8522,0.20284739
8536,0.16897383
8545,0.12391516
8546,0.13327199
8554,0.15612635
8556,0.13187873
8557,0.13358447
8559,0.1345371
8560,0.16269444
8563,0.13526429
8565,0.1299054
8574,0.11907014
8578,0.13189097
8585,0.14459617
8602,0.18046892
8605,0.11339816
8609,0.13323042
8614,0.1282931
8619,0.1385623
8629,0.13598023
8632,0.14139591
8635,0.14831965
8639,0.12789008
8642,0.1772478
8643,0.1709234
8655,0.1433194
8657,0.13137384
8662,0.19122034
8666,0.19381244
8674,0.13239923
8676,0.14073178
8686,0.13105589
8691,0.120825864
8702,0.13964544
8714,0.15163301
8718,0.12934336
8731,0.13480723
8738,0.14266294
8745,0.122500315
8749,0.13869059
8754,0.13491069
8760,0.13015798
8762,0.12897825
8767,0.13453689
8768,0.13592467
8769,0.13007222
8771,0.1307034
8795,0.11887673
8796,0.1461495
8811,0.13057797
8815,0.15871482
8820,0.1370001
8825,0.14000905
8832,0.11871007
8839,0.17276175
8841,0.14661843
8848,0.12545322
8849,0.13939092
8856,0.13329773
8875,0.12604515
8879,0.16776317
8882,0.12329258
8885,0.122960456
8892,0.13074218
8897,0.14859772
8905,0.13510783
8921,0.14663747
8928,0.13457865
8935,0.12802468
8939,0.14124736
8941,0.13590941
8942,0.14130421
8949,0.15794368
8951,0.13243215
8958,0.17010203
8964,0.12859316
8972,0.12695077
8978,0.21425056
8979,0.13996384
8988,0.17664142
8997,0.12413247
8998,0.15336922
8999,0.14779617
9006,0.14732438
9012,0.15003547
9024,0.13531233
9026,0.14337482
9030,0.16528703
9034,0.12053712
9036,0.13393408
9038,0.13745707
9040,0.13756308
9041,0.10696588
9042,0.13149099
9046,0.13528408
9051,0.1416488
9054,0.20500164
9057,0.13025598
9062,0.13977997
9072,0.13261056
9075,0.13099867
9079,0.13752338
9081,0.13642412
9091,0.13125668
9110,0.120142214
9113,0.13245426
9116,0.13203733
9120,0.1440178
9126,0.20027307
9133,0.14172502
9135,0.1545916
9144,0.12224756
9146,0.12873276
9153,0.1188625
9155,0.14083566
9160,0.10480061
9165,0.15196773
9172,0.13828507
9174,0.13734587
9179,0.10011631
9180,0.12166385
9195,0.1721293
9199,0.13878095
9204,0.14015344
9205,0.13994338
9210,0.1376033
9228,0.12879142
9233,0.13518739
9235,0.12625949
9237,0.12812634
9239,0.13111635
9240,0.1266085
9241,0.14587183
9242,0.12176617
9246,0.14597955
9248,0.12795472
9253,0.1297469
9254,0.13735083
9260,0.12058894
9261,0.14242466
9262,0.17332643
9263,0.15987906
9268,0.12747666
9275,0.122355215
9278,0.11918027
9287,0.12214947
9292,0.16369839
9308,0.16341802
9309,0.134821
9310,0.14596327
9312,0.10388814
9314,0.15117486
9316,0.11163705
9318,0.13413693
9322,0.13946594
9325,0.14524363
9327,0.1304361
9336,0.122740254
9340,0.13681844
9342,0.13691497
9346,0.11972558
9351,0.14368963
9357,0.12833934
9372,0.15471753
9374,0.14007132
9378,0.1341808
9385,0.15269907
9413,0.12162245
9418,0.1514195
9420,0.13626377
9422,0.13632652
9423,0.13986623
9425,0.12475883
9426,0.15211046
9434,0.13761105
9436,0.13986123
9439,0.158132
9446,0.13091817
9460,0.14148523
9461,0.15788107
9467,0.15842392
9472,0.12172086
9483,0.12655598
9485,0.14066797
9492,0.15544924
9500,0.128553
9507,0.1345854
9514,0.13486378
9516,0.16097383
9520,0.1426724
9542,0.12531663
9544,0.1777833
9548,0.1694899
9556,0.1333252
9558,0.13821602
9565,0.14000496
9571,0.13323322
9575,0.14183044
9587,0.12415837
9602,0.20778266
9609,0.12535588
9618,0.110752136
9622,0.1608195
9624,0.14812309
9648,0.14390817
9658,0.17560068
9668,0.14586377
9702,0.120273806
9705,0.11764909
9706,0.14913021
9707,0.13453737
9708,0.16378447
9710,0.14537063
9726,0.13880861
9753,0.128202
9757,0.11603749
9761,0.1446768
9765,0.13099155
9768,0.167918
9769,0.12743413
9775,0.13109866
9778,0.13341942
9788,0.105808824
9789,0.15141575
9792,0.13697417
9815,0.121197075
9816,0.14104757
9822,0.15562028
9823,0.16885978
9827,0.14270402
9835,0.13549924
9840,0.119023435
9841,0.1326759
9849,0.14363435
9853,0.12600912
9869,0.17870352
9873,0.11613629
9881,0.108110674
9892,0.1790724
9898,0.12337562
9899,0.12836084
9915,0.1281054
9936,0.147973
9940,0.12659875
9941,0.13489258
9947,0.14101973
9957,0.12936482
9962,0.121298775
9963,0.1419129
9964,0.13249159
9965,0.1687981
9968,0.13799785
9971,0.11922416
9973,0.14510427
9980,0.12913327
10002,0.15648028
10005,0.16435899
10007,0.13268158
10010,0.13811906
10013,0.16237089
10014,0.12941423
10017,0.1227764
10024,0.1370358
10030,0.10639495
10037,0.12558386
10046,0.11528522
10051,0.12911713
10063,0.14133279
10067,0.12670363
10073,0.1265722
10096,0.124372564
10099,0.16711356
10100,0.14420167
10101,0.12793985
10103,0.17306216
10110,0.14101425
10113,0.15630457
10116,0.12946261
10124,0.15420532
10127,0.12004328
10129,0.15408604
10139,0.14333177
10140,0.16785043
10145,0.18300138
10149,0.116992585
10151,0.16070451
10165,0.14222352
10166,0.14181843
10168,0.13742107
10174,0.1021997
10186,0.16646795
10189,0.12674826
10193,0.15295406
10197,0.12536646
10201,0.12675294
10206,0.13737929
10211,0.12659864
10216,0.1337509
10224,0.16417149
10234,0.14934371
10236,0.1269234
10239,0.13970865
10247,0.16598353
10250,0.118529506
10253,0.13750936
10254,0.13016771
10263,0.14526395
10264,0.1389732
10265,0.13382299
10275,0.12670514
10280,0.12994635
10286,0.13961029
10287,0.1492683
10293,0.12804791
10294,0.12671188
10303,0.15340242
10308,0.14389801
10311,0.12840481
10318,0.17423396
10323,0.19810049
10324,0.13374023
10327,0.11700737
10330,0.13000812
10331,0.12304839
10333,0.12865761
10334,0.1482241
10335,0.14420769
10338,0.13211538
10339,0.16397747
10348,0.12304096
10354,0.17182758
10356,0.12890758
10367,0.13410024
10375,0.12887608
10384,0.13400966
10386,0.12913103
10389,0.14320236
10393,0.15352026
10404,0.13812523
10408,0.14894946
10416,0.14270566
10434,0.15561646
10448,0.16062187
10449,0.13525018
10452,0.12255209
10453,0.15413982
10454,0.14415897
10461,0.12595154
10462,0.12330457
10472,0.13047871
10474,0.13936447
10476,0.13942976
10478,0.13840829
10483,0.10904551
10492,0.118781015
10493,0.15059869
10499,0.13366899
10501,0.11867371
10509,0.12086679
10512,0.12821501
10513,0.11478954
10516,0.13076788
10517,0.12823778
10525,0.1325555
10529,0.11757134
10532,0.13694242
10537,0.1298649
10541,0.1456345
10545,0.11661607
10548,0.12103252
10552,0.16062662
10554,0.15503626
10557,0.13566919
10564,0.13797219
10574,0.14115402
10591,0.11987829
10596,0.1317741
10600,0.18246226
10606,0.13262598
10611,0.12665638
10622,0.13153099
10626,0.13669719
10629,0.13243353
10630,0.12030377
10631,0.14244932
10633,0.13561532
10638,0.1539875
10639,0.16034503
10640,0.12874585
10657,0.14188074
10663,0.14413874
10664,0.12701355
10667,0.133163
10671,0.13139653
10672,0.1371797
10675,0.12447309
10679,0.17053646
10681,0.14139797
10683,0.13860843
10688,0.13325542
10701,0.1370115
10704,0.20685773
10709,0.15986885
10715,0.13756418
10718,0.14917658
10724,0.13328925
10731,0.17392643
10733,0.12112058
10737,0.1983057
10744,0.10402696
10750,0.14509493
10770,0.117874056
10776,0.15572816
10780,0.12822202
10782,0.17192431
10789,0.16839036
10793,0.15178108
10795,0.18486895
10807,0.12804963
10813,0.13095377
10815,0.12315059
10817,0.15504059
10819,0.12169726
10824,0.13391516
10828,0.1849883
10830,0.16415279
10832,0.13545273
10836,0.14144242
10839,0.14102612
10843,0.1257796
10844,0.13380124
10866,0.16398767
10872,0.11865228
10873,0.13107206
10878,0.14369565
10889,0.13050862
10899,0.14915837
10901,0.14578521
10904,0.15838335
10910,0.1550866
10911,0.15739031
10917,0.12235403
10920,0.13462661
10921,0.12796791
10922,0.16011836
10929,0.13453095
10930,0.13917458
10933,0.13069582
10934,0.11922264
10939,0.14049718
10942,0.13856354
10943,0.15444086
10945,0.15365347
10946,0.14291501
10949,0.1361993
10951,0.13271153
10952,0.14668262
10953,0.13644394
10955,0.13173983
10956,0.1322382
10959,0.17550175
10963,0.11076755
10965,0.14680344
10971,0.13727486
10975,0.14040036
10979,0.12987384
10983,0.14165314
10984,0.12082627
10989,0.15197548
10992,0.12592156
11001,0.13146581
11003,0.16053303
11004,0.16651179
11008,0.15307702
11016,0.14140975
11017,0.12619247
11021,0.21027933
11028,0.15274969
11034,0.13744226
11035,0.13573241
11036,0.1042095
11041,0.120192975
11047,0.14869137
11056,0.14917956
11058,0.13556977
11059,0.12492167
11060,0.14038466
11064,0.13159882
11066,0.13162027
11069,0.1505404
11071,0.12385655
11072,0.13977608
11077,0.13031481
11080,0.12290151
11092,0.1294643
11097,0.12762116
11098,0.13668689
11114,0.12171364
11121,0.1549854
11124,0.16336852
11131,0.13979498
11143,0.20017076
11146,0.10134453
11154,0.12713863
11164,0.17094503
11172,0.13085157
11173,0.13276091
11174,0.12231835
11175,0.13532268
11180,0.1417383
11184,0.12851539
11188,0.120210476
11189,0.1705806
11190,0.109433465
11197,0.11720978
11201,0.18231109
11204,0.16313843
11211,0.12763584
11212,0.1298721
11218,0.1260294
11219,0.12442807
11227,0.128428
11241,0.1294873
11251,0.17532252
11254,0.16562681
11260,0.15106131
11264,0.13117662
11273,0.18362516
11276,0.12750946
11278,0.12137215
11282,0.1570167
11283,0.12756114
11291,0.13668264
11293,0.1689404
11302,0.14365888
11304,0.17654406
11305,0.14263253
11315,0.14561677
11321,0.11818853
11325,0.13906536
11335,0.13118054
11341,0.14811893
11343,0.14843836
11344,0.17744462
11361,0.12952904
11375,0.15201639
11377,0.14827177
11379,0.1718835
11380,0.16460411
11391,0.13075942
11393,0.14587514
11394,0.14742771
11398,0.13602771
11399,0.12705453
11408,0.11769196
11412,0.12625337
11420,0.14333683
11421,0.15294048
11430,0.13534752
11437,0.14125466
11446,0.15847316
11471,0.11636196
11472,0.15610361
11475,0.15705158
11483,0.15708327
11492,0.13692297
11497,0.1254966
11498,0.13234587
11502,0.14787272
11504,0.15812421
11511,0.1316446
11512,0.12606421
11514,0.13079526
11522,0.15614942
11524,0.13255052
11533,0.14144702
11534,0.10052601
11541,0.11845829
11542,0.13005129
11547,0.13030638
11548,0.10385986
11566,0.19776405
11572,0.16798447
11574,0.13899153
11576,0.14975113
11577,0.14458536
11580,0.13517295
11598,0.13113968
11603,0.123044714
11613,0.14871824
11614,0.1638702
11620,0.1318027
11621,0.16807264
11622,0.12768151
11626,0.14004304
11630,0.13418034
11636,0.13453424
11637,0.13060965
11639,0.11661087
11647,0.12036173
11653,0.12780292
11654,0.11769351
11660,0.12368652
11664,0.13713033
11667,0.13511784
11679,0.16058522
11687,0.15264602
11691,0.13253473
11696,0.14015226
11702,0.15440726
11703,0.13859783
11705,0.14545196
11711,0.15319754
11716,0.11555318
11717,0.16590917
11722,0.1362374
11724,0.13145426
11728,0.16664922
11737,0.13627315
11738,0.121635124
11744,0.12440551
11747,0.1457574
11753,0.15989095
11757,0.1620802
11758,0.16043545
11760,0.15582281
11762,0.12828046
11764,0.12564538
11768,0.1298108
11773,0.18600053
11774,0.17224975
11783,0.13706633
11785,0.12650266
11787,0.14182843
11791,0.1476493
11796,0.12387386
11797,0.10315189
11798,0.12128235
11803,0.15452228
11808,0.14131032
11810,0.14638205
11814,0.14791416
11822,0.18357112
11824,0.14124756
11829,0.1350326
11846,0.13439442
11847,0.12827013
11850,0.18066177
11853,0.12817217
11854,0.142415
11857,0.12670101
11862,0.12931085
11883,0.124762826
11890,0.14378971
11909,0.12602837
11913,0.1790431
11917,0.12571973
11919,0.11983286
11920,0.12964687
11921,0.13352591
11928,0.12640844
11929,0.13075477
11935,0.14273272
11936,0.11725941
11939,0.14930004
11942,0.11913276
11943,0.13007526
11946,0.12559623
11947,0.13124835
11952,0.13515827
11956,0.13266286
11959,0.16286984
11969,0.14145453
11973,0.15713999
11974,0.120176785
11975,0.15331149
11993,0.15295702
11994,0.13056996
11995,0.16494063
12002,0.13473697
12006,0.1126184
12007,0.12700886
12014,0.13586695
12017,0.19230065
12021,0.17700589
12023,0.15042864
12024,0.13279419
12027,0.16426714
12034,0.14188913
12040,0.12423957
12048,0.13820586
12052,0.13348979
12057,0.14816359
12058,0.21904293
12061,0.12921916
12062,0.13007012
12064,0.13197505
12071,0.15818238
12080,0.1573826
12085,0.12240682
12090,0.1509475
12100,0.14065652
12103,0.17424034
12104,0.1295269
12109,0.14589903
12114,0.13801521
12123,0.12964283
12124,0.15076733
12128,0.14998826
12132,0.14174303
12135,0.12462908
12140,0.17988616
12149,0.12419025
12155,0.12976497
12158,0.12203841
12161,0.18206178
12163,0.21246645
12164,0.12875022
12174,0.14009182
12175,0.14323746
12179,0.16017717
12183,0.13916971
12184,0.15584774
12186,0.13863093
12190,0.12708108
12193,0.13884802
12195,0.14888489
12196,0.12930153
12205,0.1280429
12213,0.13724296
12220,0.13559017
12221,0.13335972
12222,0.13960789
12224,0.1311356
12230,0.14541028
12239,0.13502057
12242,0.12803477
12244,0.1280765
12245,0.14185326
12247,0.13196698
12254,0.14262463
12258,0.12623347
12266,0.14010417
12267,0.15176484
12272,0.18962373
12273,0.13127632
12276,0.16565694
12277,0.12759475
12283,0.1336249
12289,0.14076284
12297,0.12847084
12300,0.1638047
12302,0.12952241
12310,0.13023722
12312,0.13012733
12314,0.1352796
12315,0.123566695
12327,0.12448045
12329,0.1394018
12332,0.13428009
12342,0.19479644
12346,0.13400333
12347,0.16792732
12349,0.1311757
12350,0.120764524
12354,0.13593374
12356,0.106968656
12359,0.1372341
12360,0.1706183
12369,0.13168123
12372,0.11811462
12373,0.1336357
12375,0.1435358
12376,0.17714371
12379,0.1552263
12382,0.1287168
12387,0.17260496
12389,0.12865314
12394,0.194336
12395,0.13502158
12396,0.15636863
12404,0.18629508
12405,0.13496003
12412,0.1551441
12419,0.17838264
12431,0.13051482
12440,0.14415067
12444,0.21381868
12447,0.13919656
12452,0.12248345
12454,0.1278425
12456,0.15886904
12461,0.15849783
12469,0.12859732
12472,0.17675255
12473,0.12657711
12474,0.12707224
12476,0.140415
12479,0.14124972
12481,0.15196003
12487,0.13480315
12493,0.14142214
12501,0.12393213
12504,0.14083676
12507,0.12180759
12510,0.13170831
12512,0.1887101
12520,0.13843665
12526,0.13444327
12529,0.14167462
12532,0.12557976
12533,0.1636053
12544,0.14923906
12546,0.14419112
12551,0.14262278
12555,0.18657471
12576,0.14143127
12581,0.16864839
12588,0.20718032
12593,0.10769702
12594,0.12016308
12598,0.14140095
12599,0.14815232
12601,0.12804092
12610,0.14746289
12622,0.1519158
12624,0.12526453
12625,0.13844644
12629,0.18005908
12632,0.12552771
12634,0.11364034
12635,0.13722509
12638,0.15774702
12640,0.11506902
12641,0.13703185
12643,0.12397461
12644,0.19215642
12647,0.12797719
12651,0.1668208
12657,0.12969868
12658,0.13443628
12660,0.13272399
12661,0.118423216
12666,0.12845506
12673,0.118014164
12678,0.13504758
12681,0.13498607
12682,0.15812711
12684,0.1321867
12689,0.14061928
12699,0.13399144
12701,0.14209148
12710,0.10418317
12712,0.1561173
12713,0.14265624
12715,0.15910812
12716,0.12589614
12717,0.17820902
12718,0.12817322
12720,0.12712233
12724,0.1293726
12725,0.13818948
12726,0.13472772
12741,0.14937915
12742,0.15777254
12743,0.14448532
12748,0.13120957
12749,0.15337937
12751,0.13621771
12752,0.12944302
12756,0.14256556
12760,0.13292919
12761,0.13024116
12764,0.1358268
12767,0.16217807
12774,0.14055058
12782,0.13286924
12783,0.14527175
12784,0.12996314
12785,0.13107955
12787,0.17704594
12798,0.123750575
12805,0.12385447
12806,0.1570822
12809,0.13730857
12815,0.1486026
12820,0.12117489
12824,0.131959
12829,0.1284707
12833,0.12964833
12841,0.13166167
12843,0.16316558
12847,0.13201588
12848,0.13563481
12849,0.14496198
12852,0.16203803
12855,0.13679035
12864,0.1645763
12872,0.17982848
12873,0.17512274
12874,0.14482486
12877,0.16178747
12879,0.12418853
12885,0.12898737
12893,0.13180819
12894,0.15941781
12895,0.13974267
12901,0.12018582
12912,0.13195762
12919,0.13210124
12924,0.1244618
12929,0.17237099
12931,0.13225013
12945,0.119586356
12958,0.14516337
12962,0.14262584
12964,0.15242656
12974,0.13839477
12976,0.15244691
12980,0.12806495
12984,0.14491445
12987,0.10471969
12991,0.13203518
12995,0.15813908
13001,0.1525791
13005,0.14979976
13006,0.15026593
13015,0.13381368
13017,0.12745349
13033,0.21009846
13034,0.16180976
13035,0.13565925
13038,0.14127919
13044,0.16044213
13045,0.12822366
13052,0.120540515
13059,0.14501354
13060,0.12269675
13061,0.16028772
13066,0.1535545
13080,0.17043908
13082,0.15408659
13105,0.1591399
13106,0.15244357
13121,0.17868344
13123,0.149155
13125,0.13778533
13129,0.1300548
13130,0.11150135
13132,0.17958887
13133,0.12942016
13135,0.13611947
13141,0.1238833
13145,0.15622093
13149,0.14830893
13153,0.13781415
13158,0.14177419
13159,0.13985708
13169,0.15921636
13170,0.13006303
13178,0.14407972
13179,0.13007274
13180,0.14136037
13181,0.13075688
13183,0.13235463
13196,0.13297002
13200,0.15546767
13202,0.110266455
13204,0.12824996
13208,0.12728925
13212,0.13772571
13213,0.12642744
13218,0.13844414
13225,0.13025843
13229,0.12680843
13232,0.1301157
13233,0.14326881
13234,0.12835336
13249,0.14388269
13253,0.15368797
13255,0.1435447
13257,0.16426353
13266,0.1390675
13269,0.13630821
13270,0.13486461
13274,0.134479
13281,0.1747631
13287,0.11814617
13305,0.13934773
13308,0.14580834
13309,0.1614248
13310,0.19041333
13314,0.13767168
13315,0.17964546
13324,0.11451302
13326,0.13370326
13333,0.13407637
13336,0.123148866
13345,0.12523496
13348,0.15033038
13350,0.1504657
13354,0.17964745
13360,0.13657287
13364,0.13661978
13366,0.15232089
13368,0.14853923
13375,0.13471499
13376,0.1219551
13380,0.1442713
13382,0.122108415
13384,0.14597946
13387,0.17003834
13390,0.104358695
13398,0.13361557
13403,0.113975294
13404,0.14365849
13405,0.12665041
13409,0.18892871
13411,0.13713384
13414,0.13233456
13416,0.13878499
13417,0.15246312
13418,0.17427275
13422,0.12959224
13430,0.15802549
13435,0.1277803
13439,0.144022
13446,0.13911627
13448,0.18263327
13449,0.1235892
13451,0.1311634
13455,0.14021514
13468,0.15798149
13470,0.12965152
13474,0.13953277
13478,0.17025599
13485,0.13481224
13488,0.16412716
13489,0.16622628
13500,0.1625882
13505,0.1284899
13506,0.13064638
13517,0.13314041
13518,0.10511007
13523,0.123965256
13529,0.12714432
13532,0.1445742
13534,0.14360498
13539,0.13525777
13547,0.12560803
13548,0.13856724
13550,0.14583637
13554,0.15744115
13555,0.16153197
13556,0.15149805
13558,0.17766806
13562,0.14140603
13566,0.12462083
13574,0.17123693
13576,0.13888393
13577,0.14427985
13580,0.17200518
13586,0.14475934
13598,0.16381556
13600,0.13692711
13602,0.12535541
13604,0.1318098
13616,0.13353431
13623,0.1306123
13627,0.1473054
13630,0.18342958
13633,0.15546668
13635,0.16443011
13636,0.17306742
13640,0.13418585
13642,0.15049599
13647,0.14816582
13648,0.15577827
13652,0.12579073
13659,0.20679745
13660,0.124929525
13666,0.15760066
13667,0.16213273
13672,0.12846848
13673,0.13454126
13675,0.13258138
13678,0.15746741
13682,0.11864943
13684,0.15666695
13689,0.1219497
13690,0.13358456
13696,0.12536722
13706,0.14338608
13710,0.21885544
13711,0.13797724
13712,0.18906581
13717,0.13177715
13718,0.12456385
13719,0.12831847
13720,0.10456607
13722,0.13967629
13723,0.14616936
13726,0.13145986
13733,0.13118686
13739,0.16955076
13743,0.14126863
13750,0.14054209
13751,0.118845694
13754,0.20302452
13756,0.14097498
13760,0.13260771
13762,0.13562858
13763,0.1415537
13766,0.13669561
13767,0.14544128
13769,0.10731627
13770,0.12633744
13774,0.14373569
13776,0.14816415
13780,0.14543548
13784,0.13549767
13789,0.13708353
13790,0.13486934
13792,0.19174585
13795,0.1374107
13797,0.12616144
13800,0.12399804
13804,0.16601838
13815,0.13808043
13816,0.18958852
13817,0.15154573
13820,0.14960629
13824,0.14297885
13830,0.15589081
13838,0.15392512
13840,0.14089675
13841,0.13409263
13842,0.15578927
13843,0.13674718
13849,0.16228509
13852,0.13751036
13855,0.14889608
13858,0.1243568
13863,0.13440305
13871,0.13130039
13872,0.14654228
13873,0.12985973
13874,0.14463519
13877,0.14360748
13879,0.13454157
13885,0.13925944
13886,0.13248333
13892,0.13991566
13895,0.13974522
13906,0.13832349
13907,0.14095724
13908,0.14572902
13909,0.13073178
13911,0.12366805
13918,0.16572775
13919,0.13102448
13927,0.15444176
13930,0.14509337
13931,0.14625677
13933,0.14757745
13938,0.13663474
13943,0.14374706
13944,0.13903116
13946,0.124698564
13949,0.114007585
13952,0.2285019
13957,0.16783132
13958,0.14332983
13965,0.11330983
13970,0.12587678
13972,0.14021833
13981,0.14079845
13983,0.10131968
13985,0.12650688
13986,0.11539039
13993,0.14956164
13995,0.13767351
13998,0.12035781
14000,0.14657913
14002,0.1583836
14003,0.13663098
14019,0.15173376
14021,0.17276977
14026,0.14227994
14031,0.17001739
14032,0.17469272
14034,0.12736352
14035,0.15211178
14043,0.13173503
14046,0.18174502
14048,0.14079389
14057,0.16084498
14065,0.13759066
14067,0.17226215
14082,0.13664053
14086,0.14696835
14103,0.16071725
14104,0.21858612
14106,0.16880281
14107,0.1609676
14111,0.14058545
14116,0.1243573
14118,0.13010722
14119,0.12400427
14122,0.127359
14123,0.139266
14124,0.13153443
14125,0.14874116
14126,0.14042953
14127,0.12868509
14133,0.14765187
14137,0.13282417
14139,0.13455693
14143,0.1311904
14148,0.12229569
14149,0.13547121
14150,0.14725733
14162,0.18051489
14163,0.13829839
14164,0.13116959
14173,0.20864479
14174,0.19154347
14178,0.12992397
14181,0.13797618
14186,0.16216175
14187,0.15495096
14188,0.122731276
14192,0.14418358
14193,0.12755063
14198,0.16968186
14200,0.14206536
14201,0.1747012
14208,0.14804609
14214,0.18647824
14220,0.12502697
14224,0.13547665
14229,0.12972316
14233,0.12816592
14241,0.13597122
14242,0.13792928
14246,0.13072275
14247,0.124726124
14250,0.14415218
14251,0.15153901
14254,0.16350576
14257,0.17742918
14259,0.14324917
14261,0.13860784
14281,0.13431002
14282,0.14603053
14285,0.15068214
14286,0.1307141
14293,0.1376461
14297,0.1411705
14298,0.11758579
14301,0.12609795
14308,0.12680663
14311,0.19527817
14313,0.16141583
14314,0.14236698
14315,0.12526487
14320,0.12573494
14325,0.13467827
14333,0.12259904
14336,0.1713218
14338,0.14512278
14354,0.16568817
14359,0.14948508
14361,0.14112052
14362,0.13904506
14363,0.14699961
14369,0.18727142
14370,0.1634839
14376,0.120365545
14382,0.15581824
14387,0.119398005
14389,0.17175567
14390,0.13282305
14392,0.13898961
14393,0.120949104
14396,0.15324509
14407,0.13544019
14412,0.11099653
14413,0.15040588
14414,0.11202665
14416,0.14818066
14417,0.12873907
14423,0.14776932
14427,0.14552587
14430,0.14801902
14433,0.12546994
14434,0.1293813
14435,0.18743794
14436,0.13112372
14438,0.12715313
14439,0.1382562
14442,0.11758713
14444,0.14985073
14446,0.13032614
14449,0.1544353
14451,0.12506036
14459,0.13372527
14464,0.14644046
14467,0.1650241
14469,0.14382827
14470,0.13973102
14471,0.18169168
14476,0.12995769
14477,0.14533752
14479,0.13005549
14480,0.16984564
14481,0.12072685
14485,0.12516473
14486,0.12465471
14493,0.15226278
14504,0.15066627
14508,0.19661134
14509,0.17703582
14516,0.1524784
14520,0.12760903
14522,0.19096284
14523,0.12550938
14529,0.14307164
14532,0.14459902
14537,0.12730826
14540,0.12641001
14541,0.13404413
14544,0.12156946
14548,0.1297707
14550,0.16924424
14554,0.14168437
14555,0.14725408
14564,0.13470735
14571,0.15178677
14572,0.13358967
14576,0.13822377
14580,0.16778618
14581,0.13324669
14582,0.16603966
14583,0.12925635
14586,0.12709843
14591,0.14310965
14593,0.13505019
14594,0.12377071
14601,0.13418204
14602,0.12993333
14604,0.14626819
14610,0.15429911
14620,0.12890485
14622,0.21227469
14628,0.13100009
14629,0.17986788
14630,0.122741535
14632,0.1951489
14634,0.12569223
14646,0.15136626
14648,0.18265267
14651,0.13585815
14658,0.16319862
14661,0.13286167
14666,0.12161162
14672,0.19598457
14673,0.13246003
14680,0.12746704
14685,0.23021095
14688,0.14752902
14694,0.14024605
14695,0.14976491
14702,0.13902292
14705,0.12908499
14706,0.152561
14707,0.1805251
14711,0.13947971
14713,0.12916256
14714,0.12690385
14717,0.12935829
14722,0.16092816
14726,0.13078365
14735,0.12663005
14736,0.14020464
14742,0.15982454
14744,0.22929683
14746,0.13415065
14748,0.13850982
14751,0.20913781
14753,0.16195159
14754,0.13672377
14759,0.14996082
14764,0.1420518
14766,0.13881657
14767,0.11411916
14768,0.14996788
14770,0.12622607
14773,0.22789146
14777,0.13933684
14778,0.13150825
14779,0.1232702
14782,0.15519224
14783,0.15035628
14784,0.1480447
14793,0.14836311
14795,0.13525246
14797,0.14478678
14800,0.13113792
14802,0.15319888
14803,0.12326086
14805,0.23497322
14808,0.15883891
14809,0.13489662
14812,0.20841591
14813,0.18884075
14814,0.15559524
14818,0.16023736
14819,0.10429227
14820,0.1330391
14821,0.16998747
14822,0.17543185
14826,0.13497047
14827,0.14575197
14831,0.15671091
14832,0.12573639
14839,0.14734247
14842,0.14667001
14848,0.1325989
14849,0.15202479
14855,0.15228362
14856,0.18074827
14865,0.17210205
14866,0.20679578
14869,0.12732393
14873,0.15101768
14877,0.12831973
14881,0.14694595
14882,0.14806855
14883,0.14179507
14885,0.13767909
14889,0.15994433
14890,0.14492038
14892,0.15102084
14893,0.12078543
14894,0.13593031
14897,0.15400104
14901,0.14361379
14904,0.12029301
14908,0.13733573
14914,0.13039047
14916,0.10902671
14917,0.13334067
14918,0.13388303
14923,0.14838699
14927,0.14434077
14929,0.14686868
14931,0.12854767
14935,0.1556614
14948,0.18240643
14950,0.14105171
14951,0.14871614
14952,0.14550307
14954,0.15011714
14960,0.16962503
14962,0.12913494
14970,0.12967943
14973,0.13605958
14976,0.14432442
14978,0.13300866
14982,0.14353453
14985,0.117082566
14986,0.13274914
14987,0.11614146
14988,0.19479944
14991,0.15271711
14997,0.13411961
14998,0.13784193
14999,0.15181202
15000,0.12016245
15005,0.15045209
15006,0.13352735
15009,0.14087182
15015,0.17733452
15018,0.12728807
15029,0.20106733
15037,0.18246637
15041,0.1347385
15042,0.12819949
15047,0.12461007
15050,0.13652004
15053,0.13935293
15056,0.17045869
15057,0.14126702
15058,0.12556157
15060,0.15303063
15062,0.14233984
15066,0.18233214
15067,0.14678726
15068,0.14902255
15069,0.14534068
15072,0.13434207
15077,0.1463854
15089,0.1401246
15093,0.121090315
15099,0.12102834
15101,0.14289623
15103,0.13637586
15104,0.15955181
15105,0.13812505
15108,0.12081351
15109,0.16775988
15112,0.13126922
15114,0.16468048
15117,0.14100726
15122,0.13960856
15130,0.12041634
15132,0.13362496
15133,0.15654792
15134,0.13635339
15136,0.19041808
15137,0.15107986
15142,0.17185073
15145,0.119661376
15146,0.14405878
15147,0.12781642
15150,0.14341354
15163,0.19388625
15165,0.14031605
15167,0.11907857
15168,0.1241466
15173,0.12963147
15181,0.13084088
15183,0.1588577
15185,0.14602326
15186,0.15151164
15189,0.1375957
15190,0.1530834
15191,0.14381076
15193,0.15376566
15196,0.14309067
15199,0.13602477
15200,0.17319897
15201,0.15186125
15204,0.19254653
15207,0.1504531
15209,0.12981345
15212,0.1658002
15213,0.15819892
15214,0.14116605
15215,0.18593717
15216,0.18243349
15222,0.13484932
15223,0.1672776
15231,0.13026492
15236,0.1475921
15240,0.17265315
15241,0.15842518
15242,0.20053737
15243,0.14107172
15247,0.1639216
15250,0.12336422
15253,0.15433908
15254,0.13442439
15255,0.15593009
15260,0.124320425
15265,0.13445453
15275,0.116594985
15280,0.14353248
15281,0.21201196
15282,0.20466787
15283,0.22788262
15284,0.17905791
15292,0.14359841
15293,0.11982025
15300,0.2347006
15301,0.13719776
15302,0.1616828
15303,0.13286595
15306,0.13145341
15311,0.1354414
15313,0.14525847
15320,0.14881307
15322,0.12735622
15324,0.1418115
15327,0.16982476
15329,0.15913866
15340,0.16565888
15349,0.13521168
15355,0.13561495
15356,0.17559455
15359,0.16555905
15360,0.17996143
15361,0.1648699
15364,0.15880367
15367,0.1675147
15368,0.14702606
15372,0.16162062
15374,0.1354142
15377,0.17266463
15383,0.13855337
15386,0.13206849
15391,0.16251041
15394,0.10860342
15395,0.14182808
15396,0.14160317
15397,0.14252491
15400,0.11372494
15404,0.13284993
15408,0.13781822
15409,0.123245336
15411,0.1455666
15414,0.14640085
15416,0.120186746
15421,0.104259565
15423,0.12712404
15425,0.12916724
15426,0.15365893
15428,0.17056064
15429,0.1328256
15437,0.17920192
15438,0.13859062
15449,0.13091181
15456,0.14966208
15459,0.17633934
15460,0.14680077
15465,0.16191167
15466,0.1697313
15468,0.17020306
15469,0.13927203
15470,0.12822513
15473,0.13896517
15474,0.15671198
15484,0.13333973
15486,0.12873976
15488,0.15867993
15489,0.1362101
15493,0.14076123
15494,0.12290208
15511,0.14312404
15512,0.1800161
15517,0.15363249
15518,0.13314839
15522,0.10619225
15524,0.13947211
15526,0.13396724
15527,0.14877345
15528,0.1474071
15534,0.13681078
15537,0.17419538
15538,0.13200887
15541,0.13151811
15544,0.14711238
15545,0.1264365
15546,0.14319962
15547,0.14093588
15548,0.14760725
15549,0.24547651
15550,0.14548317
15551,0.19322242
15552,0.13098153
15553,0.13523635
15562,0.14729223
15563,0.16290925
15564,0.13546112
15567,0.15902726
15568,0.13953748
15569,0.1567747
15573,0.1385627
15574,0.12071301
15579,0.14205836
15581,0.13345265
15582,0.13959868
15586,0.13557586
15589,0.13498585
15591,0.12270304
15594,0.12131786
15596,0.12968016
15598,0.14114854
15600,0.13288271
15603,0.1821257
15617,0.13317391
15619,0.14163327
15625,0.12503995
15633,0.15875362
15636,0.13424511
15637,0.14119612
15640,0.13129139
15641,0.124510236
15642,0.14179115
15643,0.10736182
15650,0.12916929
15653,0.124761544
15655,0.14722376
15661,0.16493058
15663,0.13779923
15665,0.15421654
15667,0.15061277
15671,0.14844568
15673,0.17341568
15676,0.12999964
15679,0.1699271
15684,0.14886388
15685,0.14110422
15690,0.1439056
15695,0.12818736
15699,0.23588902
15701,0.19169848
15705,0.1545816
15709,0.12663016
15717,0.1376959
15718,0.16679008
15724,0.14356348
15725,0.14058942
15728,0.13454795
15729,0.13821806
15731,0.12990013
15732,0.14473665
15733,0.14648293
15739,0.1450323
15742,0.12242191
15743,0.13523214
15744,0.13659805
15745,0.17567848
15748,0.1541037
15751,0.16496359
15752,0.14306396
15760,0.13530016
15761,0.12880678
15764,0.15599063
15766,0.18362734
15770,0.12853545
15773,0.16238523
15777,0.14443842
15778,0.15148652
15780,0.1741153
15782,0.16936877
15783,0.15040049
15785,0.13402821
15787,0.14029521
15788,0.16573182
15793,0.14713082
15795,0.1445345
15798,0.24884982
15801,0.16008435
15809,0.13895224
15810,0.13377021
15814,0.14005442
15833,0.1631732
15835,0.16556972
15837,0.12299717
15841,0.14870423
15842,0.1788058
15845,0.13693361
15849,0.1303171
15850,0.13268852
15851,0.12193683
15853,0.11433247
15854,0.13579485
15857,0.1399397
15861,0.18553707
15868,0.15025796
15871,0.13427918
15873,0.12504557
15876,0.13085662
15883,0.13375
15884,0.16147855
15887,0.10738598
15888,0.12905562
15890,0.11911041
15891,0.16120292
15892,0.13107747
15893,0.13066147
15897,0.13839318
15898,0.16525921
15902,0.16065145
15903,0.13226503
15905,0.13154219
15910,0.13102034
15911,0.14224182
15912,0.14778328
15916,0.13055535
15917,0.12765782
15924,0.14861684
15930,0.17299595
15932,0.15850201
15937,0.1476226
15940,0.13269915
15942,0.16030009
15943,0.16045424
15946,0.14948857
15948,0.1323631
15949,0.12605582
15952,0.14702122
15954,0.13634822
15956,0.13459481
15957,0.18510553
15960,0.16940434
15962,0.12382496
15965,0.12937674
15968,0.14009885
15969,0.13293931
15975,0.12208729
15977,0.16816287
15982,0.14196004
15988,0.15588234
15990,0.18897904
15991,0.12975767
15992,0.1741301
15993,0.2013696
15997,0.1463265
16003,0.12735875
16009,0.1396897
16014,0.13770242
16015,0.14623436
16016,0.15094666
16019,0.15109678
16026,0.13676193
16029,0.18885121
16030,0.1648061
16031,0.15510172
16032,0.13832
16037,0.121636756
16045,0.15483227
16049,0.15756932
16051,0.1420304
16055,0.20943329
16061,0.14170808
16064,0.15325214
16065,0.15658729
16076,0.16429965
16078,0.15678084
16085,0.13620819
16087,0.16594534
16088,0.23303108
16091,0.1592393
16092,0.12827118
16093,0.15048094
16095,0.13890633
16101,0.1268952
16102,0.16487886
16110,0.200645
16111,0.13610178
16113,0.11535573
16118,0.14585938
16121,0.1837885
16123,0.14637086
16127,0.14240688
16129,0.13239738
16130,0.16263358
16133,0.1371632
16135,0.12470869
16136,0.12645754
16137,0.16728756
16138,0.120401286
16140,0.14825428
16141,0.17217249
16142,0.13132209
16145,0.144762
16147,0.1811914
16148,0.1689662
16149,0.14638978
16163,0.16954179
16166,0.12653907
16169,0.1243853
16172,0.14718764
16173,0.19102453
16176,0.14848962
16177,0.13111751
16179,0.15836146
16181,0.13676444
16182,0.19128579
16197,0.15304884
16198,0.1274435
16199,0.15096286
16203,0.15006602
16204,0.18919201
16218,0.104841076
16219,0.24584168
16226,0.16633447
16227,0.12885718
16228,0.14753786
16229,0.17516762
16230,0.13874963
16235,0.13324124
16237,0.15405522
16240,0.13140978
16242,0.15446468
16246,0.15002576
16247,0.17531158
16248,0.12679255
16254,0.2020194
16256,0.24213253
16258,0.14046726
16260,0.13087715
16266,0.16700888
16270,0.13756454
16271,0.13340871
16272,0.13504408
16274,0.12539223
16275,0.13844694
16276,0.1378435
16277,0.16218129
16278,0.15740289
16279,0.18235114
16280,0.16541612
16284,0.1565987
16286,0.121223584
16288,0.15277216
16293,0.13292193
16299,0.16832043
16300,0.13944413
16307,0.12401465
16314,0.13495283
16315,0.12988575
16319,0.1336324
16320,0.17502204
16321,0.1463507
16325,0.116711915
16329,0.1415029
16333,0.16578537
16335,0.14728506
16336,0.15781227
16342,0.1357198
16343,0.15481636
16346,0.17911062
16347,0.13029537
16348,0.20600343
16350,0.14016908
16352,0.12503815
16354,0.15685615
16356,0.13774225
16357,0.16287798
16358,0.13454741
16362,0.13201399
16364,0.14825425
16367,0.13921505
16371,0.124971844
16374,0.14892428
16376,0.14603598
16377,0.2052089
16378,0.1572798
16381,0.11176598
16384,0.13963188
16386,0.14032872
16388,0.13120553
16391,0.16365552
16394,0.1389614
16397,0.13458648
16398,0.19298276
16400,0.14953108
16404,0.1534267
16409,0.12657344
16411,0.121985964
16418,0.16724849
16420,0.13846773
16421,0.15450054
16425,0.1245939
16426,0.13318343
16429,0.20888367
16430,0.14560603
16431,0.15263057
16437,0.1530933
16438,0.16309905
16439,0.13305828
16440,0.13324381
16441,0.14849123
16451,0.13031249
16461,0.17735052
16464,0.14792877
16466,0.15852772
16467,0.13865836
16468,0.21562093
16469,0.16372585
16470,0.19160141
16483,0.16644439
16488,0.14413708
16490,0.13716014
16496,0.26426718
16502,0.14985093
16511,0.13251728
16512,0.13962622
16513,0.1361207
16514,0.10459477
16515,0.11971885
16517,0.13738462
16520,0.14361104
16525,0.14735243
16529,0.13097012
16532,0.12364121
16536,0.20479074
16540,0.16633338
16542,0.15848632
16548,0.1424961
16549,0.12437271
16551,0.19119826
16552,0.12248735
16557,0.14439383
16558,0.13932225
16559,0.15509282
16561,0.13327257
16562,0.17178327
16564,0.13441302
16566,0.14225724
16572,0.16629748
16573,0.15517993
16574,0.15486625
16575,0.12369709
16579,0.24976657
16582,0.12769985
16584,0.20682426
16586,0.15575665
16588,0.13789715
16595,0.18198135
16597,0.124993816
16600,0.1371029
16601,0.16434252
16606,0.17700818
16608,0.16261917
16611,0.14391907
16613,0.15011509
16619,0.13648425
16622,0.14462279
16624,0.17394832
16626,0.1437438
16628,0.12615968
16630,0.1285378
16631,0.1897984
16634,0.14725563
16638,0.14548533
16643,0.16254196
16645,0.13426772
16649,0.15039213
16651,0.1415026
16652,0.12629104
16653,0.104481734
16669,0.1497116
16672,0.14477795
16677,0.18913947
16679,0.12788479
16680,0.17924684
16681,0.1217703
16684,0.10372475
16685,0.12769729
16686,0.15380333
16689,0.123540275
16690,0.106304415
16692,0.13284524
16693,0.13468634
16696,0.16297711
16703,0.13799945
16704,0.1675707
16707,0.12538038
16711,0.12752736
16713,0.12538937
16714,0.2113795
16716,0.14504308
16717,0.14682306
16718,0.14445734
16720,0.1318037
16723,0.12671368
16724,0.14580591
16728,0.18436104
16730,0.131995
16743,0.1139795
16744,0.12871791
16748,0.16659145
16750,0.13354869
16752,0.12601453
16753,0.13797793
16755,0.14896822
16756,0.118994884
16760,0.13779843
16764,0.12778282
16771,0.1411835
16772,0.22486532
16776,0.16126055
16777,0.162289
16780,0.18832864
16781,0.13645408
16788,0.12237835
16792,0.12885231
16794,0.15768677
16795,0.126947
16796,0.18098222
16798,0.1400675
16801,0.1539235
16802,0.14041519
16803,0.1469617
16815,0.1496236
16816,0.16963317
16818,0.17635143
16819,0.17610702
16824,0.13028342
16829,0.14152454
16833,0.13700399
16834,0.12743714
16846,0.1322367
16847,0.14109902
16848,0.14978461
16852,0.12522063
16853,0.17130096
16857,0.12888019
16858,0.15515983
16861,0.15476502
16862,0.14889579
16867,0.12564324
16869,0.14685002
16870,0.15615493
16872,0.13992214
16877,0.11488454
16883,0.1283477
16890,0.13811713
16893,0.1495118
16894,0.14229183
16897,0.13499598
16901,0.13834433
16902,0.11293428
16906,0.11056537
16910,0.13608038
16911,0.2067023
16921,0.13336033
16926,0.14025137
16928,0.15045802
16932,0.20012933
16933,0.13997853
16935,0.12850812
16943,0.1809484
16947,0.13035874
16948,0.1631373
16949,0.13278854
16953,0.15264405
16954,0.12561068
16956,0.12876953
16958,0.19202748
16962,0.15436001
16969,0.13337007
16970,0.1483618
16979,0.14891155
16981,0.13153745
16983,0.13375507
16984,0.12610264
16985,0.15498441
16987,0.14211646
16989,0.20242769
16990,0.14779213
16992,0.13506986
16995,0.137724
16997,0.1542637
17000,0.21495926
17002,0.16294806
17003,0.11267126
17006,0.15762481
17007,0.16600396
17008,0.13256188
17014,0.12986122
17015,0.15041228
17018,0.18212822
17020,0.10646115
17024,0.17813277
17026,0.14641415
17028,0.15362014
17035,0.12533197
17038,0.1376805
17041,0.17096782
17046,0.14200497
17052,0.20185418
17053,0.1639113
17056,0.1343414
17063,0.16598879
17068,0.13141951
17073,0.1560125
17077,0.13445126
17078,0.12838675
17081,0.16882582
17083,0.14537323
17085,0.122769035
17086,0.13879347
17087,0.15201482
17088,0.15697102
17090,0.13110003
17093,0.131281
17094,0.13217042
17095,0.12297948
17096,0.17406254
17099,0.15769702
17101,0.17711593
17102,0.13996375
17104,0.15634656
17105,0.13349739
17115,0.1332769
17116,0.16334161
17122,0.12517639
17123,0.1368215
17127,0.13081484
17128,0.15609911
17131,0.15982482
17136,0.13781415
17140,0.1358141
17141,0.1349558
17146,0.115035735
17147,0.12331966
17149,0.15918115
17155,0.17578997
17158,0.14158039
17159,0.13345276
17163,0.13948566
17164,0.12335774
17165,0.16675287
17169,0.15284777
17170,0.122447155
17171,0.17227665
17172,0.112922505
17175,0.17080484
17177,0.13098401
17181,0.18748175
17183,0.14146614
17188,0.12119825
17189,0.15374145
17191,0.12705685
17192,0.1401355
17194,0.12786244
17210,0.13413605
17212,0.20251663
17219,0.16817673
17220,0.13952534
17225,0.14015204
17227,0.14617115
17228,0.119861424
17229,0.13512981
17231,0.1667594
17232,0.15139155
17233,0.12587343
17237,0.1373015
17240,0.17299105
17241,0.1285336
17243,0.11614819
17246,0.2377414
17247,0.13212413
17251,0.21558703
17253,0.14826216
17254,0.15759309
17256,0.1259614
17257,0.14237459
17262,0.12807587
17267,0.15661883
17268,0.13088
17269,0.13663217
17270,0.1583857
17275,0.2536138
17276,0.16516432
17277,0.17850283
17279,0.14970969
17283,0.1437105
17287,0.12894338
17288,0.13430634
17294,0.13174808
17295,0.16055982
17298,0.1479993
17300,0.13282374
17302,0.17004937
17303,0.14420792
17305,0.12793858
17307,0.17516127
17310,0.13041276
17312,0.20740074
17316,0.17482789
17317,0.12834139
17318,0.1475184
17320,0.11714044
17323,0.12693354
17324,0.12963562
17328,0.14765142
17332,0.13436176
17333,0.1285827
17335,0.16562884
17338,0.13637687
17340,0.15572515
17344,0.15487045
17345,0.16460568
17349,0.15780509
17351,0.14736198
17352,0.12599953
17354,0.18115021
17356,0.16989383
17357,0.13449244
17361,0.17284542
17362,0.18032373
17363,0.14014319
17366,0.15621133
17367,0.12561168
17369,0.14848284
17371,0.14559713
17373,0.1525277
17378,0.15929683
17380,0.14669734
17382,0.15640908
17383,0.15345266
17387,0.12543844
17389,0.17548087
17391,0.108179286
17398,0.147719
17402,0.13702697
17405,0.15825315
17407,0.1344133
17409,0.13767773
17411,0.17273231
17412,0.1183872
17413,0.13135771
17415,0.13788182
17420,0.13518056
17421,0.14354411
17422,0.15997468
17428,0.13896294
17430,0.11011624
17433,0.13288401
17435,0.1517595
17438,0.1283545
17440,0.15092613
17442,0.1325188
17444,0.13303445
17448,0.1628352
17449,0.15063721
17462,0.15938191
17464,0.1470689
17466,0.17717674
17468,0.1435776
17469,0.2347031
17472,0.14460555
17473,0.1315781
17475,0.12769224
17479,0.14460501
17481,0.15635009
17482,0.13425872
17485,0.123117745
17486,0.14281954
17488,0.17397393
17489,0.15036923
17490,0.1236142
17491,0.1551582
17492,0.1276806
17494,0.13843055
17497,0.16645998
17500,0.14935334
17506,0.13933246
17507,0.15445943
17508,0.14841753
17510,0.1745254
17512,0.15385121
17513,0.15703246
17515,0.14781232
17520,0.17456941
17521,0.14942676
17522,0.16220918
17523,0.14037871
17524,0.12847887
17530,0.14799711
17535,0.19293047
17536,0.1428559
17545,0.15395772
17548,0.17905821
17549,0.1389883
17553,0.13826972
17555,0.22619207
17557,0.15133697
17558,0.14094049
17559,0.13964741
17562,0.22089319
17564,0.14499082
17565,0.14545752
17566,0.16824564
17567,0.14566958
17568,0.14809583
17569,0.15553366
17572,0.14470224
17573,0.14854337
17575,0.14740185
17577,0.14334022
17578,0.14412768
17580,0.12996948
17581,0.15491436
17585,0.14034644
17586,0.1652266
17591,0.15346707
17594,0.14310612
17596,0.12506165
17599,0.1494754
17602,0.15959907
17603,0.17743625
17606,0.14978057
17614,0.2033117
17621,0.16820538
17624,0.1679739
17626,0.16541691
17628,0.14095126
17629,0.1526266
17630,0.15786183
17631,0.16746086
17633,0.20447956
17636,0.15646571
17641,0.1444872
17642,0.16692068
17645,0.2030288
17646,0.13179564
17650,0.14467993
17655,0.12708014
17659,0.16694188
17660,0.12913406
17662,0.14575727
17664,0.18589737
17671,0.12693545
17673,0.14242275
17676,0.15269999
17679,0.12285799
17685,0.15231544
17705,0.16436128
17708,0.16067256
17711,0.16176054
17714,0.20205721
17715,0.12894648
17721,0.13490121
17724,0.17546566
17726,0.13904959
17728,0.14330375
17730,0.12619078
17732,0.123077646
17735,0.20296562
17737,0.1276175
17738,0.13541308
17739,0.15751451
17747,0.13850649
17749,0.1763588
17752,0.14942817
17753,0.13617156
17756,0.14664361
17758,0.10297467
17760,0.14137828
17762,0.13923152
17763,0.14588554
17769,0.13695365
17775,0.13345511
17776,0.13788474
17781,0.14786334
17782,0.13239434
17783,0.12369411
17784,0.18154821
17785,0.12964392
17798,0.12554531
17799,0.17701356
17800,0.18431382
17803,0.13555285
17804,0.13894318
17805,0.13685824
17808,0.16517593
17817,0.14799841
17823,0.21242058
17824,0.1390436
17825,0.15492909
17827,0.1615128
17828,0.16492903
17831,0.12641717
17834,0.13939664
17835,0.20289944
17837,0.12959164
17838,0.19874844
17839,0.17853415
17843,0.23199421
17846,0.20450999
17847,0.1552734
17848,0.13540217
17853,0.18385336
17856,0.14492755
17859,0.12762538
17863,0.14357388
17868,0.13217348
17869,0.13896482
17870,0.13443522
17875,0.13764043
17876,0.12622395
17877,0.14085855
17879,0.14618063
17884,0.1363115
17885,0.17138728
17886,0.17114958
17890,0.1388056
17897,0.10353657
17900,0.11320007
17902,0.17874014
17903,0.1583415
17908,0.16999443
17914,0.1425481
17915,0.13694656
17916,0.12950355
17920,0.13505791
17921,0.1433744
17924,0.15487657
17925,0.17125233
17926,0.10532081
17928,0.13655333
17930,0.12111404
17932,0.11906517
17933,0.14404428
17939,0.1526034
17941,0.16789135
17943,0.14925814
17947,0.12989533
17948,0.14000744
17950,0.138262
17956,0.12903911
17959,0.13234924
17970,0.15342674
17973,0.1520923
17974,0.18606709
17975,0.12903887
17976,0.14994001
17980,0.11301015
17986,0.20384955
17987,0.1623585
17990,0.14291854
17994,0.13485003
17999,0.1433416
18002,0.12717426
18003,0.12772208
18005,0.13259166
18007,0.15039194
18013,0.13575336
18015,0.14516897
18016,0.13160266
18018,0.12682042
18019,0.15659383
18026,0.13061626
18030,0.14359204
18032,0.17610948
18035,0.15760607
18039,0.14700167
18042,0.1371501
18044,0.15066877
18045,0.11607652
18046,0.13742806
18052,0.14854634
18054,0.1634816
18055,0.15204479
18059,0.12152674
18066,0.23103112
18072,0.16121733
18073,0.14464658
18077,0.15800834
18081,0.13738951
18083,0.13467188
18084,0.15298972
18085,0.1436337
18086,0.13537991
18087,0.17600939
18092,0.13704067
18093,0.112871826
18095,0.1383563
18097,0.13847926
18100,0.203441
18101,0.15860455
18103,0.14322591
18104,0.14158078
18105,0.13401924
18109,0.11606081
18110,0.1655525
18113,0.1712946
18117,0.14059448
18119,0.18204191
18126,0.23267609
18127,0.12729606
18128,0.15305988
18129,0.17481692
18130,0.14450832
18137,0.25131497
18142,0.13354251
18144,0.13406497
18145,0.12779747
18146,0.1321918
18149,0.16284032
18152,0.12377518
18153,0.14412306
18154,0.14196655
18155,0.13614309
18156,0.16233858
18161,0.18453401
18163,0.16179124
18165,0.13710855
18166,0.14961463
18168,0.14055876
18172,0.1221334
18174,0.1698249
18176,0.15504426
18177,0.1878378
18179,0.14177214
18181,0.20284621
18182,0.1276302
18183,0.21281299
18187,0.14168836
18188,0.15195584
18189,0.16245838
18194,0.15092748
18196,0.15254109
18197,0.13450876
18198,0.108316764
18199,0.14678727
18201,0.15371089
18205,0.1382947
18206,0.13874243
18207,0.16567186
18210,0.12570333
18212,0.15968196
18214,0.12321492
18215,0.1346548
18216,0.14403632
18220,0.19467811
18221,0.1567413
18222,0.12872995
18223,0.2364736
18227,0.12584147
18228,0.20930044
18229,0.14412247
18232,0.16618761
18234,0.18573242
18239,0.13917868
18243,0.16238065
18244,0.14145422
18245,0.14267063
18246,0.10878159
18248,0.13569008
18250,0.19692518
18253,0.18274987
18254,0.12779415
18256,0.14831503
18257,0.16428621
18263,0.13265456
18264,0.14800408
18266,0.12942244
18267,0.14242722
18268,0.1234212
18269,0.1421672
18270,0.19614749
18271,0.1774123
18272,0.12665918
18276,0.1665996
18277,0.15288183
18280,0.13980323
18282,0.11996025
18285,0.13088106
18288,0.19914834
18295,0.16093203
18298,0.23947926
18300,0.13755547
18301,0.13633408
18302,0.12933783
18304,0.16674973
18305,0.15153135
18306,0.15584026
18307,0.13211526
18308,0.15751529
18309,0.13937561
18311,0.13863544
18313,0.14455532
18314,0.16761583
18318,0.24541895
18320,0.14675489
18321,0.12584499
18330,0.1594639
18334,0.13134953
18336,0.13398343
18337,0.1545362
18338,0.14211418
18339,0.13331853
18341,0.16155277
18347,0.17998351
18354,0.16654979
18355,0.13151102
18356,0.20791887
18358,0.12921539
18360,0.22968362
18361,0.14337416
18363,0.19178784
18364,0.16703452
18367,0.14975859
18380,0.13041422
18383,0.1396239
18384,0.17603609
18385,0.13830471
18387,0.18713494
18390,0.13495164
18391,0.18666828
18392,0.1357415
18395,0.18048851
18396,0.15365338
18397,0.15362217
18399,0.15010232
18400,0.15696836
18403,0.18093209
18404,0.1329066
18406,0.1207125
18407,0.17286243
18413,0.13622901
18415,0.17575945
18417,0.15679826
18420,0.1480484
18422,0.13383174
18425,0.18695015
18426,0.2065697
18427,0.10106193
18428,0.14066951
18429,0.14181274
18430,0.1357514
18431,0.13571326
18432,0.16050227
18433,0.21896403
18435,0.12614536
18436,0.11933529
18437,0.12909645
18439,0.120745905
18444,0.14271744
18446,0.1579473
18448,0.14816374
18455,0.12198587
18457,0.1387067
18459,0.16149092
18463,0.18119156
18464,0.133125
18467,0.14906982
18469,0.15512447
18471,0.13424574
18475,0.1519347
18476,0.12870403
18477,0.13378762
18483,0.13221823
18488,0.17696445
18489,0.15823224
18490,0.14885023
18492,0.17982501
18493,0.12961814
18494,0.15677063
18498,0.14175795
18502,0.16415414
18503,0.1412969
18504,0.1389489
18506,0.13575225
18507,0.16118386
18508,0.13204844
18512,0.12529282
18515,0.105184324
18517,0.1482308
18518,0.14729561
18520,0.13553447
18521,0.1491401
18522,0.14726752
18523,0.13673577
18524,0.14314473
18530,0.13107121
18531,0.16169451
18532,0.13127318
18533,0.1366097
18534,0.16713053
18540,0.1376716
18542,0.13559957
18543,0.14173076
18544,0.14674315
18547,0.14702071
18549,0.13430212
18552,0.21887001
18553,0.16082078
18555,0.15991382
18558,0.16242032
18565,0.16485637
18568,0.15633331
18572,0.13002628
18575,0.19666268
18576,0.17028394
18579,0.14519373
18581,0.16254738
18583,0.11139504
18584,0.13136971
18585,0.1295686
18590,0.13156784
18594,0.16763367
18595,0.1299829
18598,0.14679296
18600,0.14240435
18601,0.16815527
18602,0.1290341
18603,0.16709794
18604,0.13277742
18610,0.15127026
18611,0.13853373
18615,0.14292936
18617,0.12167834
18619,0.17427737
18623,0.1476108
18630,0.13324931
18631,0.18192323
18632,0.12654735
18633,0.1533079
18638,0.1427466
18639,0.12099926
18640,0.15271905
18641,0.14231364
18645,0.1576376
18648,0.104460955
18649,0.1383478
18651,0.14326553
18653,0.14580515
18656,0.22482523
18657,0.18555374
18658,0.12472372
18659,0.1463632
18661,0.14360358
18663,0.174192
18668,0.15264031
18669,0.14931451
18671,0.18654701
18672,0.10369738
18673,0.16696659
18679,0.13794939
18689,0.16103356
18690,0.1468814
18692,0.17121732
18694,0.13526875
18695,0.17366327
18698,0.15669805
18699,0.14802879
18704,0.18862845
18706,0.16737121
18709,0.17814095
18712,0.18989342
18713,0.1565334
18717,0.15817899
18719,0.22973596
18724,0.12882714
18725,0.16482972
18728,0.15287775
18729,0.1350225
18732,0.18497205
18733,0.13406664
18734,0.18409501
18735,0.20864649
18736,0.1733228
18739,0.13241975
18740,0.14955474
18742,0.14411257
18743,0.16787426
18749,0.12749068
18750,0.13459386
18751,0.13324685
18755,0.15204357
18756,0.1493617
18759,0.14662902
18760,0.15424253
18762,0.15250342
18765,0.14066516
18766,0.14917572
18769,0.14042088
18772,0.14338104
18773,0.14027888
18774,0.1490613
18778,0.14048065
18780,0.14743833
18782,0.14195152
18784,0.13447344
18785,0.16589305
18786,0.15013637
18801,0.103109635
18804,0.13197254
18807,0.15372524
18810,0.16202804
18811,0.13332455
18815,0.1394806
18816,0.14520524
18818,0.1414763
18819,0.17406467
18820,0.14781457
18821,0.15043195
18822,0.16280515
18825,0.14413182
18827,0.16469899
18831,0.129562
18832,0.1885681
18834,0.15006328
18836,0.16695377
18837,0.12782386
18840,0.19601786
18842,0.13606015
18847,0.14780787
18849,0.12586436
18852,0.13303009
18854,0.16436845
18855,0.1259993
18857,0.12846145
18859,0.16892645
18860,0.11566622
18861,0.14088383
18862,0.13073874
18864,0.14213921
18868,0.16626228
18870,0.1635905
18871,0.14589489
18874,0.1378231
18880,0.175498
18882,0.13522318
18884,0.13598396
18889,0.13623826
18892,0.14829682
18894,0.16849823
18895,0.15184031
18897,0.2094488
18898,0.13639878
18900,0.24761173
18902,0.1416864
18907,0.16449617
18909,0.23399909
18910,0.16876827
18914,0.142357
18917,0.1342603
18918,0.14393336
18921,0.17748342
18924,0.14355873
18925,0.12678827
18927,0.15693279
18928,0.15571798
18929,0.12809154
18930,0.13814414
18932,0.18005171
18935,0.11671194
18938,0.17386463
18940,0.14999226
18941,0.14517426
18942,0.14387505
18944,0.13232927
18946,0.17251381
18949,0.12705056
18954,0.17483498
18956,0.15308191
18957,0.14144468
18959,0.18692406
18960,0.1110387
18962,0.140275
18963,0.17158182
18964,0.18890603
18965,0.14359796
18967,0.12657042
18969,0.13995238
18971,0.14334913
18973,0.14065257
18977,0.15391773
18978,0.15151717
18981,0.18385331
18982,0.13442415
18983,0.13486452
18984,0.13489018
18985,0.13321108
18986,0.18467523
18987,0.13516161
18988,0.14514713
18991,0.17531708
18992,0.14078633
18993,0.13764545
18994,0.17428817
18995,0.17843615
18997,0.13318905
18999,0.122670524
19002,0.13006616
19004,0.13858509
19005,0.12292053
19007,0.15269688
19010,0.17534278
19012,0.14482836
19014,0.12793703
19016,0.14253865
19017,0.23014475
19018,0.14310768
19019,0.16011588
19022,0.14293069
19023,0.19438465
19024,0.15301797
19028,0.14386621
19029,0.12920916
19030,0.14318834
19031,0.1971824
19034,0.14124998
19035,0.14495459
19036,0.21681063
19037,0.13609494
19038,0.16242747
19040,0.1732599
19042,0.15889098
19043,0.12781675
19044,0.13336544
19047,0.166582
19048,0.17412545
19049,0.13956669
19051,0.15286556
19053,0.14072408
19054,0.1774932
19056,0.135207
19057,0.19053282
19058,0.14863221
19059,0.13727388
19060,0.1469554
19062,0.17629315
19064,0.1673492
19071,0.17556348
19078,0.1297588
19079,0.1553091
19080,0.13017012
19081,0.15829067
19085,0.13511848
19088,0.17444815
19089,0.16474555
19090,0.14517869
19091,0.18086351
19092,0.12431431
19094,0.12806655
19099,0.20204672
19100,0.14249896
19101,0.14357749
19103,0.13808018
19104,0.14435214
19106,0.1661863
19107,0.18452865
19108,0.14833187
19109,0.13601212
19111,0.20170216
19112,0.14671998
19113,0.13233355
19114,0.1639805
19116,0.21926066
19117,0.16794652
19121,0.14574687
19125,0.15682156
19127,0.16306354
19128,0.1300633
19136,0.12956876
19137,0.12743756
19142,0.17280987
19143,0.13426039
19144,0.13235211
19146,0.1356366
19147,0.12561423
19152,0.1432364
19154,0.13282579
19157,0.15099396
19160,0.15165693
19161,0.18007968
19162,0.15727116
19165,0.12820825
19167,0.12227536
19168,0.12972862
19171,0.16323884
19172,0.1600325
19173,0.14221266
19174,0.1527364
19176,0.13291349
19177,0.19140843
19178,0.11131831
19179,0.14473474
19180,0.14491218
19182,0.14697249
19184,0.13983145
19185,0.1589605
19187,0.13047749
19189,0.18491483
19191,0.122409105
19193,0.18430181
19194,0.15634383
19197,0.24678561
19198,0.14419705
19200,0.14591275
19202,0.15874477
19204,0.19414414
19205,0.14129499
19206,0.13098273
19212,0.14410666
19213,0.1381093
19214,0.19817612
19222,0.20656341
19223,0.18411282
19225,0.15551044
19228,0.16135661
19230,0.16733368
19236,0.16548473
19240,0.19805789
19241,0.1520971
19242,0.14126736
19243,0.20006205
19244,0.13687871
19248,0.14311
19249,0.22544262
19250,0.17453037
19251,0.19825403
19254,0.15715139
19255,0.13669644
19258,0.21264865
19259,0.14595163
19260,0.1974077
19261,0.12541008
19262,0.1260584
19264,0.13848814
19265,0.18109697
19266,0.13517156
19270,0.12759018
19271,0.13088912
19274,0.13954753
19275,0.13873275
19276,0.116037436
19278,0.14385039
19280,0.14287329
19282,0.16308548
19287,0.23833945
19288,0.13022265
19290,0.1486793
19293,0.20057093
19295,0.15316829
19298,0.15068775
19299,0.13048081
19300,0.15475607
19301,0.15134262
19304,0.16182281
19305,0.16558684
19306,0.12407721
19309,0.1549308
19310,0.14719981
19311,0.16655667
19313,0.16961412
19317,0.1590226
19320,0.20368864
19322,0.12941264
19324,0.15096499
19325,0.14233114
19326,0.20469029
19328,0.13996542
19330,0.1821647
19331,0.24319988
19332,0.13923573
19334,0.15709579
19337,0.13380069
19338,0.15678759
19340,0.12940328
19341,0.13468961
19342,0.14082278
19343,0.15967794
19347,0.17706555
19348,0.20021309
19349,0.17182884
19354,0.1485303
19356,0.1342278
19357,0.12703702
19358,0.15757254
19361,0.14997932
19362,0.1333862
19365,0.14475459
19366,0.12656823
19367,0.18205509
19369,0.13970833
19372,0.12873779
19376,0.119933285
19377,0.15135196
19382,0.13517722
19383,0.1768461
19384,0.18648365
19385,0.14213423
19386,0.17513248
19388,0.1480397
19392,0.13709201
19393,0.17397031
19394,0.15313517
19395,0.17238651
19396,0.14484584
19397,0.12007095
19399,0.19818068
19400,0.14940281
19402,0.17919439
19403,0.15876822
19404,0.12670328
19405,0.13416582
19406,0.16050667
19408,0.13553186
19412,0.1881208
19414,0.14019635
19419,0.14867878
19421,0.16863987
19424,0.12424746
19429,0.22483055
19431,0.17689276
19432,0.13446775
19434,0.14329435
19435,0.12393921
19436,0.14218685
19438,0.16650589
19439,0.15881395
19441,0.1376494
19442,0.18275876
19443,0.14606956
19447,0.1253789
19448,0.13031681
19449,0.15379673
19450,0.15102659
19452,0.13672493
19455,0.17539519
19458,0.13868615
19459,0.15422001
19460,0.13409065
19461,0.13006516
19462,0.16168265
19463,0.15320837
19468,0.14952762
19469,0.122269996
19470,0.21778645
19471,0.15668343
19472,0.13380176
19474,0.18731631
19475,0.1407007
19477,0.15277253
19478,0.1298269
19479,0.18095745
19482,0.13941157
19484,0.17779483
19487,0.14688526
19492,0.15495321
19495,0.14571549
19502,0.14480038
19505,0.14224821
19506,0.13443042
19507,0.13055429
19510,0.13390872
19511,0.22226198
19512,0.13138825
19515,0.16104302
19520,0.1316065
19521,0.177012
19526,0.14391708
19527,0.1306922
19531,0.18189321
19532,0.13017927
19534,0.1637648
19538,0.18701093
19539,0.12017496
19542,0.11485002
19543,0.1292451
19545,0.15178247
19546,0.13720968
19548,0.15279
19550,0.14962289
19552,0.15886833
19553,0.104455136
19554,0.16416183
19555,0.14742711
19556,0.16227126
19557,0.12849155
19561,0.16182822
19563,0.20289516
19570,0.12994654
19572,0.1605456
19574,0.16714418
19578,0.1238687
19579,0.15628938
19582,0.17417343
19586,0.13977656
19587,0.13011649
19589,0.14342628
19590,0.1384203
19592,0.14083396
19594,0.19607605
19596,0.14778605
19599,0.12465634
19600,0.14902796
19603,0.123761356
19604,0.15729755
19605,0.16014802
19607,0.17023577
19616,0.12300394
19618,0.14002426
19619,0.1284853
19620,0.13894862
19623,0.13911988
19624,0.17408837
19625,0.1430231
19626,0.1437425
19628,0.13966173
19629,0.1532567
19631,0.13326871
19633,0.1347695
19634,0.1377517
19635,0.17288248
19636,0.16684307
19637,0.12179139
19639,0.17271249
19643,0.13948569
19644,0.14503555
19645,0.17109519
19647,0.1454297
19649,0.13857192
19650,0.14863548
19652,0.15445526
19653,0.1506126
19656,0.14206782
19660,0.14170381
19663,0.2058142
19664,0.24222416
19666,0.16586764
19668,0.16411094
19671,0.14682454
19672,0.15031376
19674,0.1544578
19675,0.13140464
19676,0.17630063
19678,0.15834583
19679,0.15756516
19680,0.18120539
19681,0.14664085
19682,0.1435972
19683,0.15140611
19684,0.14030464
19686,0.13617308
19687,0.16889666
19691,0.14870583
19692,0.14693737
19698,0.14486845
19699,0.14709978
19700,0.1338929
19702,0.13389458
19706,0.15070044
19707,0.23598352
19708,0.13088976
19709,0.17950486
19710,0.14214505
19711,0.14851277
19713,0.1598716
19714,0.16043995
19716,0.15927234
19718,0.119353175
19719,0.1649026
19720,0.12356485
19724,0.11466006
19726,0.16151999
19727,0.14763796
19728,0.13483694
19729,0.139053
19731,0.1359267
19733,0.17754042
19735,0.1294123
19736,0.15128826
19743,0.1407024
19744,0.17949148
19746,0.12741683
19748,0.16123958
19750,0.1404774
19751,0.15927044
19753,0.13051848
19754,0.13620514
19758,0.1659587
19760,0.15144013
19766,0.13006549
19769,0.12904467
19770,0.17466643
19775,0.16719247
19778,0.13229646
19779,0.119497634
19781,0.13633049
19782,0.20767245
19783,0.13337749
19784,0.16042794
19785,0.1821428
19788,0.18940741
19790,0.16253558
19791,0.1366115
19792,0.13282168
19793,0.16137174
19795,0.12920979
19797,0.15579744
19802,0.1540045
19803,0.1516181
19805,0.18012075
19806,0.20116317
19810,0.23586546
19813,0.130554
19818,0.2257174
19819,0.17775303
19820,0.1645915
19824,0.23646769
19828,0.16127561
19830,0.14433572
19831,0.16735016
19832,0.16083302
19833,0.21447891
19834,0.1469918
19835,0.13680929
19836,0.12563361
19838,0.16254488
19839,0.1444474
19841,0.15235606
19843,0.13570915
19844,0.12867859
19845,0.14390054
19847,0.1596712
19848,0.19660366
19851,0.14902075
19853,0.17686373
19855,0.14354768
19857,0.19411674
19858,0.17005648
19861,0.16502686
19867,0.17568095
19868,0.1468706
19871,0.1278129
19875,0.13416028
19878,0.1335375
19879,0.15398891
19881,0.1462819
19882,0.13129073
19883,0.15702079
19884,0.17923146
19887,0.19504249
19889,0.13709204
19890,0.15161914
19893,0.14480431
19894,0.18416823
19896,0.12937717
19898,0.20049074
19900,0.1781139
19901,0.14442001
19904,0.17543583
19906,0.21873231
19914,0.1412062
19916,0.15030311
19920,0.17031895
19921,0.15661801
19922,0.1402714
19924,0.19996347
19925,0.13358423
19926,0.23868285
19935,0.1480135
19937,0.2203839
19938,0.13256541
19941,0.16902529
19943,0.12280231
19946,0.15770242
19949,0.13345349
19953,0.13450609
19955,0.20808014
19957,0.18093453
19958,0.16728057
19959,0.22773625
19960,0.15844843
19963,0.15704815
19964,0.19541857
19965,0.14692315
19966,0.20219508
19967,0.1300262
19968,0.17435841
19969,0.11962674
19970,0.15087056
19972,0.11770218
19973,0.12977676
19974,0.107672416
19975,0.15965892
19977,0.19489983
19983,0.13647453
19984,0.105179705
19986,0.16345125
19987,0.18653497
19988,0.15329818
19989,0.13865972
19993,0.12533946
19995,0.1687382
19996,0.20189072
20001,0.14878656
20003,0.13683073
20004,0.15227632
20011,0.19019938
20016,0.15475295
20019,0.13749944
20020,0.1638679
20024,0.13477805
20025,0.17669551
20027,0.15574116
20030,0.14827009
20031,0.12716211
20032,0.15259492
20034,0.13249175
20035,0.13632184
20037,0.13952371
20039,0.11777869
20040,0.14196941
20041,0.14184922
20042,0.14057423
20043,0.1431807
20045,0.12707
20047,0.20380776
20048,0.18229826
20049,0.14070122
20051,0.22034687
20053,0.14040515
20055,0.15577693
20057,0.18108615
20058,0.14578313
20061,0.21031067
20065,0.16851835
20066,0.12780961
20067,0.14872724
20068,0.123634286
20070,0.1524668
20072,0.15443614
20073,0.18926777
20075,0.1883066
20077,0.14641032
20078,0.13362674
20079,0.14534345
20083,0.115321584
20084,0.11780074
20085,0.13962126
20086,0.15281923
20088,0.14324203
20089,0.15687846
20090,0.1643588
20091,0.21235152
20094,0.18032826
20096,0.15390006
20098,0.12444052
20100,0.21069002
20102,0.22146414
20103,0.1550232
20104,0.16445616
20106,0.12942305
20108,0.22171155
20110,0.17852727
20117,0.19666693
20118,0.22425185
20119,0.13506989
20120,0.18487261
20126,0.11906256
20127,0.14942001
20133,0.14942086
20138,0.13317823
20141,0.13355824
20145,0.15798107
20146,0.1679162
20148,0.14112723
20150,0.13651548
20151,0.15337098
20152,0.14179382
20156,0.12161609
20158,0.14335205
20160,0.14329764
20161,0.15756549
20162,0.14703596
20164,0.2615341
20167,0.12044761
20169,0.15223654
20170,0.18186499
20171,0.14155471
20172,0.13658012
20174,0.13058823
20175,0.14543353
20178,0.13705915
20181,0.14412187
20184,0.1628609
20187,0.17465
20189,0.12828054
20190,0.13304421
20191,0.156041
20192,0.13943845
20193,0.17114031
20197,0.19776772
20198,0.13152385
20199,0.12574956
20201,0.1398609
20202,0.13867694
20203,0.13622054
20204,0.15878163
20205,0.20152615
20208,0.1533617
20210,0.13827756
20211,0.13759439
20212,0.16404748
20213,0.14323743
20214,0.22209877
20217,0.14239812
20218,0.13615343
20220,0.13196255
20221,0.12581716
20225,0.1745761
20226,0.15120308
20229,0.13877925
20234,0.120308645
20238,0.14141043
20241,0.18072599
20242,0.15818873
20243,0.20310357
20245,0.14866321
20248,0.16900508
20250,0.123901114
20251,0.16521643
20252,0.14334866
20255,0.1383429
20256,0.13754791
20259,0.13081206
20260,0.13567592
20261,0.14558515
20262,0.13577044
20263,0.13411698
20265,0.1523879
20266,0.20008689
20269,0.13749276
20270,0.14178805
20274,0.11785039
20276,0.14541143
20277,0.19763121
20278,0.13691387
20282,0.15105963
20285,0.13647276
20286,0.22950023
20287,0.1858883
20288,0.17590782
20291,0.17801756
20292,0.18355921
20293,0.14732684
20296,0.18458326
20300,0.13339177
20302,0.14292037
20303,0.16321129
20305,0.20923238
20306,0.18504038
20309,0.12554963
20314,0.16333516
20315,0.13966231
20316,0.13261122
20317,0.13344128
20318,0.14433599
20319,0.12710054
20320,0.14526902
20323,0.1362903
20324,0.13123345
20325,0.14542662
20326,0.17709208
20327,0.12968487
20330,0.13211602
20331,0.14346637
20342,0.21730816
20343,0.1521992
20345,0.1305387
20347,0.14404017
20348,0.13157088
20352,0.12165265
20354,0.13606337
20355,0.1608874
20356,0.1999943
20357,0.13117668
20359,0.13153382
20361,0.20201935
20363,0.14174543
20365,0.14680582
20367,0.15859446
20370,0.13008133
20372,0.1354951
20373,0.18003102
20375,0.16556391
20376,0.13158521
20379,0.14884472
20380,0.13294956
20383,0.14210358
20384,0.197556
20385,0.12540929
20386,0.14423944
20387,0.16896583
20389,0.15566859
20391,0.18332368
20392,0.20648389
20395,0.15896033
20396,0.16164272
20398,0.19518048
20401,0.13558023
20403,0.13645813
20404,0.16748925
20406,0.17683785
20407,0.13868494
20409,0.15352562
20411,0.13723567
20412,0.16705963
20418,0.14424215
20419,0.12946922
20420,0.1390963
20423,0.14294489
20430,0.1627242
20432,0.1386479
20433,0.19968732
20434,0.1856523
20437,0.15773223
20438,0.15157631
20439,0.1388333
20440,0.13017829
20442,0.1512642
20444,0.18952182
20446,0.15345149
20449,0.17302509
20452,0.15867174
20454,0.1387934
20455,0.1397168
20456,0.14978088
20458,0.13179864
20462,0.14155704
20464,0.15463476
20465,0.14330445
20467,0.14802632
20468,0.12125356
20472,0.18283437
20473,0.115118
20475,0.14633079
20477,0.14038718
20482,0.17012255
20483,0.14726095
20486,0.15645237
20487,0.14454709
20490,0.13432118
20491,0.13965097
20494,0.14261732
20495,0.1470996
20496,0.12947312
20497,0.12156301
20498,0.16232875
20499,0.13296232
20507,0.12884553
20508,0.13977693
20509,0.16080365
20510,0.15938076
20511,0.16089039
20512,0.16348466
20513,0.21416274
20517,0.14755979
20518,0.205108
20522,0.17197783
20525,0.16992919
20526,0.12486951
20531,0.14498267
20534,0.14900173
20536,0.13572498
20540,0.15252504
20544,0.13624546
20546,0.16562694
20548,0.12953426
20549,0.15619488
20550,0.1362019
20551,0.1304222
20552,0.14183238
20553,0.1286728
20555,0.15296833
20559,0.18100823
20560,0.17275696
20561,0.19044326
20562,0.124976404
20563,0.14048283
20565,0.1670053
20567,0.16854171
20568,0.2033115
20569,0.15820956
20572,0.1323597
20580,0.16771586
20582,0.14227185
20584,0.18029542
20585,0.18120243
20588,0.11601322
20591,0.16817254
20596,0.13889171
20597,0.1592437
20600,0.13278843
20602,0.14098254
20606,0.16565895
20609,0.14343242
20610,0.16406867
20611,0.14465097
20613,0.13537866
20616,0.15795812
20619,0.13095985
20622,0.13884373
20627,0.12373256
20630,0.21784319
20631,0.12812558
20637,0.14038546
20641,0.16256084
20643,0.1813985
20645,0.19246328
20647,0.1234396
20650,0.15537363
20651,0.13680957
20653,0.16069134
20654,0.1692235
20655,0.12778945
20656,0.18447138
20657,0.1394584
20659,0.14208905
20661,0.15830764
20662,0.14933473
20663,0.13270101
20666,0.12880182
20667,0.14109482
20668,0.14703313
20669,0.17193887
20673,0.15805905
20675,0.15874289
20676,0.24237196
20677,0.15838075
20681,0.13068196
20684,0.13868025
20686,0.14489627
20687,0.13963988
20689,0.15386796
20690,0.14771695
20691,0.15771739
20692,0.15698732
20694,0.14032653
20695,0.16213264
20696,0.16666001
20698,0.14200206
20700,0.16149579
20703,0.1664006
20704,0.22974019
20705,0.13728549
20706,0.14232539
20707,0.18468514
20710,0.19240505
20711,0.15453012
20712,0.13899715
20713,0.17562792
20714,0.16257796
20715,0.12933797
20716,0.22586748
20722,0.15421477
20724,0.17010589
20726,0.16250452
20728,0.1600879
20729,0.16200882
20730,0.14278942
20734,0.14795156
20735,0.13336955
20736,0.13223867
20737,0.13965356
20738,0.18274826
20742,0.1776299
20743,0.1778714
20744,0.13586767
20745,0.14608493
20746,0.14795245
20751,0.12666117
20754,0.21327393
20756,0.15788867
20758,0.15108064
20759,0.1464123
20760,0.21483177
20761,0.15394823
20762,0.12193446
20763,0.11535672
20764,0.12830195
20767,0.16813673
20769,0.15278994
20770,0.14193198
20773,0.14482203
20775,0.17200041
20776,0.12654524
20777,0.15825568
20778,0.1659877
20782,0.13503945
20783,0.13426182
20784,0.15270415
20786,0.11143676
20787,0.1454868
20788,0.14126118
20789,0.16182122
20790,0.1466634
20791,0.22023034
20800,0.19466522
20801,0.13961658
20804,0.15572919
20807,0.25833043
20809,0.16832289
20810,0.19309975
20812,0.19530632
20814,0.13017762
20815,0.14372784
20818,0.12150431
20819,0.18769361
20820,0.18044443
20821,0.17123081
20823,0.15643188
20826,0.16533029
20827,0.20459412
20828,0.1613546
20829,0.12906553
20830,0.18050043
20831,0.13733228
20833,0.1505605
20835,0.15589903
20836,0.1335519
20837,0.19175546
20838,0.1460152
20841,0.17023544
20842,0.17112634
20843,0.13982923
20844,0.12888072
20845,0.14292398
20849,0.16684006
20850,0.12331707
20851,0.13097753
20852,0.1676982
20853,0.18744886
20854,0.15809686
20855,0.18936537
20857,0.16195339
20859,0.1450266
20861,0.14220797
20863,0.16481256
20864,0.20184195
20865,0.14104028
20866,0.21208276
20867,0.1862991
20868,0.14738518
20869,0.1714703
20872,0.15545033
20874,0.14462785
20875,0.15668845
20876,0.14050183
20878,0.15021288
20879,0.13805479
20880,0.14738937
20882,0.18817016
20883,0.16269378
20885,0.11907796
20886,0.1279
20887,0.16304083
20888,0.14813031
20889,0.14579251
20891,0.14003389
20892,0.13381533
20893,0.16777503
20896,0.15255283
20897,0.1453031
20899,0.14689372
20900,0.1731315
20901,0.209788
20902,0.1347891
20903,0.12937668
20905,0.13754438
20906,0.17416538
20911,0.15561874
20912,0.1850132
20913,0.17375258
20915,0.14607431
20916,0.22389668
20917,0.19385055
20921,0.13202082
20924,0.12574303
20925,0.14476372
20926,0.1393274
20930,0.15338309
20932,0.15730536
20933,0.13066593
20935,0.2045958
20937,0.1185331
20940,0.21610568
20941,0.12988651
20943,0.13244149
20944,0.12945662
20946,0.10381391
20947,0.12717152
20949,0.16130053
20950,0.13731152
20955,0.13590908
20957,0.13994874
20958,0.1410293
20960,0.18606693
20965,0.1650633
20973,0.18690768
20975,0.12869696
20976,0.18340775
20984,0.22929603
20985,0.11847149
20991,0.19304065
20994,0.23037995
20997,0.14033145
20998,0.13602021
21003,0.16271049
21004,0.17444703
21006,0.1268175
21008,0.14257501
21009,0.14962718
21010,0.16310872
21013,0.18803881
21014,0.1615195
21016,0.1377578
21017,0.14462434
21021,0.12911907
21023,0.14242133
21024,0.13938954
21025,0.13574354
21027,0.1582404
21029,0.22952867
21030,0.16826206
21031,0.12353393
21032,0.19476052
21033,0.17769487
21034,0.14970593
21035,0.12921292
21038,0.16233325
21039,0.121294625
21042,0.16946772
21046,0.14743258
21047,0.13638309
21050,0.177961
21051,0.16970994
21052,0.14517826
21054,0.12729473
21056,0.19441468
21057,0.15732075
21058,0.14343402
21059,0.15627742
21060,0.13899931
21063,0.18432419
21066,0.19372258
21074,0.14378782
21076,0.16579287
21077,0.13681373
21078,0.12645875
21080,0.14199853
21084,0.15393429
21090,0.14898495
21093,0.17279576
21094,0.13804398
21095,0.16773407
21096,0.1338372
21097,0.16788991
21098,0.16399533
21099,0.15202439
21102,0.15979844
21103,0.15425432
21104,0.1470121
21105,0.16186063
21106,0.14063425
21107,0.16687648
21108,0.14237
21109,0.14564422
21114,0.13804834
21119,0.13532169
21120,0.14607929
21121,0.15188059
21125,0.16042243
21128,0.1651474
21129,0.18476956
21130,0.16066177
21131,0.12601198
21133,0.1461742
21134,0.13910331
21135,0.1338371
21137,0.12239196
21138,0.13207997
21139,0.15357049
21140,0.16096994
21141,0.13342226
21142,0.16833381
21143,0.15603824
21144,0.12653315
21146,0.11155009
21147,0.16504773
21149,0.14896405
21150,0.17217357
21152,0.16391145
21153,0.16699882
21155,0.16245702
21158,0.13323162
21159,0.13448973
21161,0.18041909
21162,0.14154942
21163,0.18585701
21166,0.1576376
21167,0.2139875
21173,0.14256898
21174,0.1613175
21177,0.14616063
21178,0.1408093
21180,0.17661989
21181,0.19432789
21182,0.12391097
21183,0.1551405
21184,0.12895332
21186,0.14127347
21187,0.16399881
21188,0.13387667
21189,0.17453286
21192,0.15127991
21193,0.18461047
21196,0.174858
21198,0.15133002
21199,0.14952506
21200,0.19580644
21204,0.1629856
21206,0.14415091
21207,0.14577796
21208,0.15204637
21210,0.13037741
21211,0.12296641
21212,0.12865807
21213,0.11591724
21214,0.13948318
21216,0.15219869
21217,0.15770529
21218,0.1765348
21219,0.16617256
21220,0.150737
21223,0.19145252
21224,0.18327226
21226,0.19818576
21227,0.13923533
21229,0.14809988
21231,0.15939954
21232,0.16894111
21233,0.13799047
21237,0.15536942
21240,0.12737547
21245,0.17089525
21246,0.13725434
21248,0.15593572
21251,0.1365728
21252,0.14005898
21254,0.13260545
21256,0.15509947
21257,0.15924893
21258,0.24067642
21259,0.21788259
21260,0.15314847
21262,0.14345191
21263,0.19082525
21264,0.22022028
21265,0.18841296
21268,0.13845605
21269,0.14521483
21271,0.19555187
21272,0.15945894
21274,0.17540292
21276,0.12592775
21279,0.14249916
21281,0.12925465
21283,0.15072876
21285,0.14008214
21288,0.16651134
21289,0.14851506
21291,0.1325388
21292,0.12916383
21294,0.25528464
21296,0.14930615
21299,0.14993049
21300,0.14461792
21304,0.18882622
21306,0.17498155
21307,0.18029931
21309,0.15812565
21312,0.15926081
21314,0.18928996
21315,0.18336931
21316,0.19095041
21317,0.1546446
21318,0.10875605
21319,0.21649125
21320,0.1904906
21321,0.1291132
21322,0.15647137
21323,0.19513088
21324,0.1328181
21326,0.22991125
21327,0.14049876
21328,0.15112574
21330,0.124556124
21331,0.13793233
21332,0.19155371
21333,0.12961029
21334,0.16469342
21339,0.14729518
21340,0.13146833
21342,0.13074028
21344,0.15627633
21345,0.20631588
21346,0.18279235
21347,0.13473855
21348,0.13433109
21349,0.13693602
21350,0.19087856
21352,0.1629376
21355,0.14165264
21359,0.21637519
21361,0.12934253
21362,0.1430318
21364,0.15554954
21366,0.11136231
21367,0.13763201
21368,0.1357218
21374,0.1679161
21379,0.13996589
21380,0.10569149
21382,0.12683058
21383,0.1182058
21385,0.13958788
21388,0.14283572
21391,0.19286457
21393,0.15147015
21394,0.17659909
21395,0.13199836
21398,0.14687409
21399,0.15893143
21400,0.19408289
21401,0.14176331
21402,0.16575642
21403,0.17490591
21404,0.13857813
21406,0.13116933
21409,0.13417438
21410,0.13034247
21412,0.1345559
21413,0.13387124
21414,0.18826206
21415,0.15927354
21417,0.1231625
21418,0.14962077
21419,0.160283
21420,0.17944394
21421,0.18366422
21422,0.13690604
21423,0.15531473
21426,0.16700886
21429,0.13028306
21432,0.1351837
21433,0.15478507
21434,0.1558606
21435,0.14482048
21436,0.14161369
21437,0.1732074
21438,0.14399564
21443,0.16681755
21445,0.16395727
21446,0.13061197
21448,0.23483077
21450,0.1283491
21451,0.14113574
21452,0.12988833
21453,0.15616317
21455,0.21515068
21456,0.15260695
21458,0.13764763
21459,0.14943485
21463,0.18651888
21464,0.21869335
21466,0.18405867
21468,0.15230027
21470,0.14030159
21473,0.14762951
21474,0.12972558
21476,0.14310536
21478,0.1079427
21479,0.15050359
21482,0.13097546
21486,0.12664141
21487,0.13712516
21488,0.13977745
21489,0.16726711
21490,0.13694116
21492,0.22038867
21493,0.20478953
21495,0.14546157
21499,0.16245776
21500,0.13455907
21503,0.1284216
21504,0.19551438
21511,0.12908374
21513,0.16427083
21514,0.14747736
21515,0.16316932
21516,0.14528759
21517,0.13763484
21519,0.14012834
21521,0.14245613
21522,0.17741026
21525,0.19553697
21526,0.14743057
21527,0.12118605
21529,0.15557693
21530,0.17507078
21531,0.18766083
21532,0.16969411
21533,0.14511013
21534,0.1678301
21538,0.10606162
21540,0.1389685
21542,0.14189234
21544,0.14233088
21545,0.12986419
21547,0.14812516
21548,0.14291793
21551,0.12598726
21552,0.261502
21556,0.13487108
21557,0.14028354
21558,0.17621581
21559,0.15427889
21560,0.124052815
21563,0.19460845
21567,0.14791287
21568,0.1406721
21570,0.17060287
21575,0.12944937
21576,0.17824636
21577,0.13619043
21579,0.13201496
21580,0.13910611
21581,0.14345938
21582,0.13387421
21586,0.22722815
21588,0.16002542
21589,0.14088918
21590,0.12563561
21592,0.16783993
21593,0.19483271
21594,0.21513157
21595,0.10009007
21596,0.14782946
21597,0.14926897
21599,0.14013623
21600,0.15467094
21604,0.12934709
21605,0.1491977
21606,0.19935365
21607,0.15016477
21608,0.19028872
21611,0.16107307
21612,0.18272501
21613,0.20932962
21614,0.1558145
21617,0.13596249
21618,0.13716866
21621,0.13487938
21623,0.15716025
21624,0.13467035
21625,0.23984805
21626,0.14307198
21634,0.1470176
21636,0.15304676
21638,0.19066794
21641,0.14696744
21643,0.17369612
21645,0.1291761
21646,0.16278377
21649,0.13624753
21650,0.16437052
21651,0.15699619
21652,0.13648894
21653,0.15585092
21654,0.15368395
21659,0.13053817
21660,0.13459556
21661,0.12221313
21664,0.14970739
21665,0.13749966
21666,0.23708163
21669,0.14719397
21671,0.13690609
21673,0.1674337
21675,0.18215191
21676,0.13332976
21677,0.16438316
21678,0.16052252
21680,0.13375556
21681,0.13951164
21683,0.14526702
21684,0.13847713
21685,0.14022738
21686,0.13227302
21688,0.16886568
21689,0.16264315
21690,0.15601204
21692,0.15372805
21693,0.13537343
21694,0.1344265
21695,0.12542635
21696,0.13739268
21697,0.1513835
21698,0.1708093
21699,0.13832654
21705,0.15118028
21709,0.16913576
21710,0.1819854
21711,0.19855703
21714,0.13061756
21715,0.1611324
21716,0.16346627
21719,0.16271885
21721,0.1730889
21723,0.21886471
21727,0.17115848
21728,0.14680995
21729,0.13991657
21730,0.13732016
21731,0.167095
21732,0.10566983
21733,0.13373066
21734,0.17448516
21736,0.1561465
21737,0.14510305
21738,0.15947564
21739,0.19898579
21741,0.15975034
21742,0.23265488
21745,0.17568146
21746,0.15310097
21747,0.17366874
21750,0.13268392
21751,0.122755416
21754,0.14922678
21756,0.14407875
21757,0.14414033
21758,0.18596439
21760,0.13157243
21765,0.14856225
21767,0.13200997
21768,0.15516986
21769,0.17038478
21770,0.14191334
21771,0.12842195
21772,0.17381051
21773,0.1389173
21774,0.22483504
21775,0.1478223
21780,0.16091491
21781,0.13373877
21782,0.19578259
21790,0.14279918
21791,0.20722467
21792,0.16987078
21793,0.16080274
21794,0.11136807
21796,0.13664636
21798,0.20520626
21799,0.14929093
21800,0.14863099
21802,0.15709572
21803,0.1624894
21804,0.13995332
21805,0.1319467
21806,0.14863588
21807,0.15638202
21808,0.1434721
21812,0.13647082
21813,0.19299953
21816,0.15243067
21817,0.12550351
21819,0.14299622
21821,0.14110401
21823,0.17683168
21826,0.14180052
21827,0.12304443
21828,0.1562576
21829,0.12826395
21831,0.13264449
21833,0.14002109
21836,0.17307183
21837,0.22081028
21838,0.13132393
21839,0.16173634
21840,0.12618974
21844,0.14420566
21846,0.13971575
21847,0.16804454
21848,0.15235898
21851,0.20651929
21852,0.13016458
21853,0.15827587
21855,0.12706195
21856,0.1614374
21859,0.19383246
21862,0.10979676
21864,0.15816575
21866,0.18761481
21867,0.13518417
21868,0.14557646
21869,0.14017522
21870,0.14654863
21871,0.22617368
21872,0.16685103
21873,0.14445932
21874,0.1348548
21876,0.16228315
21877,0.13678218
21879,0.20516111
21882,0.17784235
21885,0.13454461
21886,0.13313717
21887,0.16172794
21888,0.21910632
21889,0.1369111
21890,0.14067872
21893,0.12899601
21894,0.13860513
21895,0.12251317
21896,0.17747034
21899,0.17486635
21900,0.16435045
21901,0.12814152
21903,0.12997478
21905,0.16980325
21906,0.16405235
21908,0.11430438
21910,0.14086832
21911,0.13415082
21913,0.16321266
21914,0.13904643
21916,0.1368173
21918,0.13702723
21919,0.14206845
21921,0.14268553
21923,0.13120966
21925,0.17968513
21926,0.17220157
21927,0.1348799
21928,0.14346786
21930,0.24620046
21931,0.1631383
21934,0.18786126
21935,0.14639081
21936,0.18740419
21937,0.12341505
21938,0.1703216
21939,0.20957479
21941,0.12890159
21942,0.16425839
21945,0.15414171
21946,0.13453092
21947,0.25030312
21948,0.1487023
21952,0.15174675
21953,0.15063427
21957,0.16683842
21958,0.15328665
21959,0.14868152
21961,0.14407136
21962,0.13488516
21963,0.15985808
21964,0.18070336
21967,0.15511896
21969,0.17175017
21970,0.17684159
21971,0.11716873
21973,0.2314136
21974,0.14150257
21980,0.13654971
21981,0.13739534
21983,0.1350602
21984,0.13886401
21985,0.1471438
21986,0.1726397
21990,0.17072412
21991,0.1383451
21992,0.12564248
21994,0.21615903
21995,0.13711078
21996,0.12270962
21997,0.15796636
21998,0.15517564
21999,0.12611267
22002,0.13662575
22004,0.13320056
22005,0.18532553
22007,0.15602691
22008,0.1777928
22009,0.12155247
22012,0.19365819
22013,0.15738547
22015,0.13613443
22016,0.1383597
22017,0.13500163
22019,0.17439431
22020,0.15378892
22021,0.1337728
22022,0.14427792
22023,0.1709659
22025,0.26580676
22027,0.1563047
22028,0.12140039
22033,0.12845644
22034,0.19363871
22035,0.13877942
22036,0.12449636
22038,0.11899209
22039,0.14135483
22042,0.1392312
22044,0.14939068
22045,0.13857335
22048,0.18401721
22049,0.14180459
22051,0.13050203
22052,0.17580315
22053,0.14387996
22054,0.1520967
22055,0.13594031
22056,0.18713133
22058,0.14461936
22059,0.19388796
22061,0.15367419
22062,0.13939409
22065,0.14443302
22066,0.15707952
22068,0.14818847
22069,0.1866094
22074,0.20402892
22076,0.13718651
22077,0.14116096
22078,0.16668864
22079,0.16560833
22080,0.16963835
22082,0.13553806
22084,0.1616901
22085,0.16833295
22086,0.16799906
22090,0.16726549
22091,0.16291574
22093,0.14367959
22095,0.14847225
22098,0.13467091
22099,0.16159509
22100,0.11958966
22101,0.15906306
22102,0.24289894
22103,0.11995978
22106,0.1919045
22107,0.14693163
22111,0.18655361
22112,0.14800988
22116,0.14788325
22121,0.16355129
22123,0.13230656
22124,0.17029159
22125,0.13435847
22126,0.14969683
22127,0.11839607
22130,0.13340096
22131,0.19083709
22132,0.16871905
22134,0.18948953
22135,0.16518733
22136,0.16357452
22137,0.13323422
22141,0.18772502
22143,0.13780382
22146,0.17021212
22147,0.15441689
22148,0.17130259
22149,0.14705104
22151,0.1700315
22152,0.15345506
22153,0.13217564
22154,0.1341656
22156,0.2328571
22158,0.14223653
22159,0.2035861
22160,0.15006143
22161,0.1268955
22163,0.10834439
22164,0.1495652
22166,0.15996458
22167,0.17635047
22168,0.24989523
22169,0.25621772
22172,0.146343
22175,0.14650732
22176,0.12836078
22177,0.12546489
22178,0.25062215
22181,0.14412571
22182,0.15391245
22183,0.12691942
22184,0.14191456
22186,0.2378451
22187,0.17323947
22190,0.22841541
22193,0.13554606
22194,0.14194737
22195,0.2187134
22196,0.15794751
22197,0.16182971
22198,0.1387183
22199,0.22099121
22200,0.1546688
22202,0.16128077
22203,0.14609459
22204,0.13999362
22205,0.12828556
22206,0.17279239
22208,0.1493787
22210,0.12876166
22212,0.15629403
22214,0.13946933
22216,0.1560571
22219,0.17044272
22222,0.15279202
22223,0.2544272
22224,0.17508864
22225,0.149738
22226,0.13300048
22227,0.17930855
22229,0.12150487
22231,0.14917412
22233,0.17875595
22234,0.21562564
22235,0.16163467
22236,0.14888336
22237,0.1786855
22240,0.11215398
22241,0.20999373
22242,0.15779416
22243,0.1261189
22245,0.22324477
22248,0.15654944
22249,0.14402986
22250,0.23150332
22251,0.14591353
22252,0.17183869
22253,0.14046508
22254,0.12437711
22255,0.15612328
22257,0.13441384
22260,0.1548456
22262,0.15293327
22263,0.15526481
22264,0.214494
22265,0.1412009
22267,0.21179318
22268,0.1948442
22269,0.15867296
22271,0.13981289
22272,0.13765374
22273,0.1340958
22274,0.19909836
22275,0.21236062
22277,0.2510356
22282,0.16414024
22283,0.19938624
22284,0.13970065
22286,0.14692247
22287,0.13495705
22288,0.16145793
22289,0.14712884
22290,0.14199296
22291,0.14697024
22292,0.13347082
22293,0.15049963
22295,0.13514169
22296,0.23454566
22297,0.15343359
22298,0.13551049
22299,0.14353186
22300,0.14182296
22302,0.1712646
22303,0.20305516
22305,0.12171156
22306,0.16884868
22307,0.16980658
22308,0.14252913
22309,0.15288956
22312,0.21614
22313,0.12148118
22314,0.18404762
22315,0.17244293
22316,0.14539568
22317,0.16212231
22318,0.23299454
22319,0.16220608
22320,0.16000172
22322,0.1667683
22323,0.1683172
22324,0.18533374
22328,0.15892152
22329,0.13867742
22330,0.17049843
22331,0.16357225
22332,0.14252059
22333,0.15365985
22334,0.15007356
22335,0.15197721
22336,0.16888271
22338,0.15430851
22339,0.17504568
22341,0.13235894
22342,0.15530202
22343,0.19047645
22344,0.20690024
22345,0.30248132
22346,0.14492749
22350,0.14536817
22351,0.13587178
22353,0.12749147
22354,0.18456265
22355,0.1586889
22358,0.17295946
22362,0.15321898
22365,0.19680144
22366,0.16862214
22368,0.1432799
22369,0.13744582
22370,0.1514496
22371,0.12661952
22372,0.16838801
22373,0.12708724
22374,0.12286314
22375,0.13834527
22376,0.25401768
22377,0.18441464
22378,0.13338488
22379,0.1918631
22382,0.16636461
22386,0.21116929
22387,0.16878174
22388,0.1314088
22390,0.1620549
22391,0.13922517
22392,0.123301044
22393,0.18383186
22394,0.16458194
22395,0.2377104
22397,0.15278114
22399,0.245094
22401,0.13844654
22402,0.16004366
22403,0.14680955
22405,0.15716307
22406,0.14056846
22407,0.17209028
22408,0.15896107
22409,0.13419434
22410,0.14161481
22411,0.24173275
22413,0.22166765
22415,0.1474236
22416,0.17369504
22419,0.19820568
22422,0.15914376
22424,0.15248421
22425,0.21141468
22426,0.14876494
22427,0.18101674
22428,0.18633462
22429,0.17597641
22430,0.12915663
22431,0.166261
22432,0.12918021
22433,0.13379131
22436,0.11486902
22437,0.13430917
22438,0.15674362
22439,0.12627463
22440,0.14700402
22441,0.12624653
22442,0.1317231
22443,0.1859046
22444,0.125002
22446,0.1344432
22447,0.1930133
22448,0.15029167
22449,0.13892822
22450,0.14384826
22451,0.15442486
22452,0.14522292
22454,0.1488943
22455,0.2285935
22457,0.19205184
22459,0.15293704
22460,0.21125582
22461,0.13484332
22462,0.24134587
22464,0.13593917
22465,0.12583657
22466,0.15956092
22470,0.18365806
22474,0.22541271
22476,0.16710386
22477,0.1512863
22479,0.18887098
22480,0.2139623
22482,0.16876939
22485,0.14040308
22486,0.28560856
22487,0.12506033
22488,0.19862561
22489,0.16031586
22492,0.16134746
22493,0.1894035
22495,0.22857866
22497,0.16453937
22499,0.14695385
22500,0.12279631
22502,0.15196085
22507,0.14209288
22508,0.13072023
22510,0.15705222
22512,0.19347747
22513,0.1353588
22515,0.16516422
22518,0.16530848
22519,0.1312584
22520,0.136565
22521,0.14821376
22523,0.19214919
22524,0.23355494
22525,0.14743432
22526,0.18743506
22527,0.13416769
22528,0.12431059
22529,0.11300267
22530,0.26458752
22531,0.1377189
22533,0.16345198
22538,0.13086061
22540,0.13816898
22542,0.14957172
22544,0.15360186
22546,0.14240429
22547,0.19434448
22549,0.13431476
22550,0.16457674
22551,0.20151322
22552,0.15720312
22553,0.13504508
22554,0.1586505
22558,0.14277916
22560,0.13801482
22561,0.13524492
22562,0.18371646
22563,0.1955933
22564,0.16118255
22565,0.15804796
22566,0.14161195
22567,0.15213832
22570,0.15040928
22573,0.17944105
22577,0.15970317
22580,0.17689213
22581,0.15884769
22583,0.15826584
22584,0.1712958
22585,0.12264701
22587,0.11979779
22588,0.1662971
22591,0.18337475
22592,0.15154803
22593,0.16994765
22595,0.14909184
22596,0.16682136
22597,0.19766968
22598,0.17724407
22599,0.13729033
22600,0.15843529
22601,0.15321131
22602,0.180436
22603,0.14838506
22604,0.1847125
22605,0.23248981
22606,0.17138618
22607,0.13564399
22608,0.1418976
22609,0.18209115
22610,0.15373164
22611,0.14054096
22612,0.16602743
22613,0.18520623
22614,0.1759594
22615,0.1602284
22618,0.13510814
22621,0.14358324
22622,0.13508074
22624,0.19431858
22626,0.17006993
22627,0.18898034
22628,0.13161926
22629,0.14578056
22630,0.19205883
22631,0.13054761
22633,0.14109941
22634,0.16410358
22635,0.14544392
22637,0.13400212
22639,0.22003737
22641,0.13008519
22642,0.17953165
22643,0.14720848
22644,0.25408852
22646,0.14314295
22647,0.16132376
22648,0.17014584
22650,0.16876484
22652,0.12746944
22653,0.13016333
22655,0.17662019
22657,0.1280776
22658,0.15986383
22662,0.14086105
22663,0.14424111
22664,0.1773427
22665,0.17695692
22666,0.19185053
22668,0.16033174
22669,0.25204986
22670,0.15933068
22671,0.16471224
22672,0.11310798
22673,0.14600486
22676,0.15047231
22678,0.16057803
22682,0.1437806
22683,0.16139612
22684,0.15196764
22685,0.13650738
22686,0.15401043
22687,0.16518636
22688,0.12771316
22690,0.1937519
22691,0.16377476
22692,0.13351674
22694,0.19564782
22695,0.13653255
22696,0.17073093
22697,0.22143088
22699,0.2604937
22702,0.20277703
22704,0.13067083
22705,0.1437527
22706,0.25008538
22709,0.15390173
22711,0.18345812
22712,0.14107499
22714,0.14377983
22715,0.14380446
22716,0.14136815
22717,0.16608717
22718,0.12955019
22720,0.18366085
22721,0.1802111
22724,0.12357517
22725,0.15594737
22726,0.20746058
22728,0.13896744
22729,0.14579274
22730,0.21289371
22732,0.16052286
22733,0.14922358
22734,0.17413776
22735,0.24573156
22736,0.13951746
22737,0.146276
22738,0.13597119
22739,0.176007
22740,0.17293836
22742,0.18308009
22743,0.28465727
22745,0.13975786
22746,0.17335199
22748,0.23261322
22749,0.14490774
22751,0.11669947
22752,0.15124698
22753,0.20736112
22756,0.16925892
22757,0.13040712
22758,0.1504824
22759,0.15176103
22762,0.17211223
22763,0.1678348
22764,0.13904652
22766,0.15670364
22768,0.15787742
22769,0.12679589
22770,0.12644929
22772,0.17785704
22773,0.13329539
22775,0.14818394
22776,0.15026248
22777,0.13717353
22779,0.18949713
22780,0.15166914
22781,0.21793905
22783,0.15871716
22784,0.18089233
22786,0.1733536
22789,0.15662108
22791,0.16159484
22793,0.14880514
22794,0.12845138
22795,0.20405504
22796,0.17765397
22798,0.1458269
22800,0.13192564
22801,0.21001665
22802,0.1853705
22804,0.15124142
22808,0.1301014
22810,0.20711565
22811,0.14954181
22812,0.13369605
22813,0.13863754
22814,0.14751194
22816,0.14836757
22818,0.13836333
22820,0.17919135
22821,0.1953537
22823,0.18659157
22824,0.18048845
22825,0.15068185
22826,0.18403532
22828,0.1450149
22829,0.16917259
22830,0.18798313
22831,0.15597549
22832,0.15706035
22833,0.13379253
22836,0.16991441
22839,0.1260978
22840,0.17054914
22841,0.1566082
22842,0.12664896
22845,0.14486071
22846,0.13977873
22847,0.1413297
22848,0.1394938
22851,0.13788284
22853,0.12720066
22855,0.14952031
22859,0.15153258
22860,0.24072249
22861,0.1335932
22862,0.1539595
22864,0.1591943
22865,0.15096128
22870,0.18935852
22871,0.15823697
22873,0.14774367
22874,0.17402263
22875,0.1460218
22876,0.14520094
22877,0.2113901
22878,0.11946511
22879,0.17999423
22880,0.16666113
22882,0.12586172
22883,0.23781216
22884,0.13795835
22886,0.12727162
22887,0.14796285
22888,0.16416638
22889,0.19189338
22890,0.14985798
22891,0.14518555
22894,0.1603174
22897,0.15107922
22898,0.16257736
22899,0.15107895
22900,0.13088617
22901,0.12522998
22904,0.15216424
22905,0.15208554
22906,0.20211977
22907,0.21014655
22908,0.13599828
22909,0.14754808
22910,0.16232914
22911,0.20651492
22913,0.14708588
22915,0.15612641
22918,0.12379521
22919,0.18456046
22921,0.23851812
22922,0.13042885
22923,0.14329578
22925,0.14023507
22926,0.11505656
22927,0.21068494
22928,0.14134763
22929,0.1523511
22930,0.18508886
22933,0.13916585
22934,0.16244897
22935,0.13210449
22936,0.24390091
22937,0.23193713
22938,0.19217488
22940,0.12378995
22941,0.27876782
22943,0.14771199
22945,0.13938174
22946,0.13884279
22947,0.16119722
22948,0.1963933
22949,0.17716067
22950,0.19135638
22951,0.17677772
22952,0.14294592
22953,0.14654677
22954,0.22175142
22955,0.2248679
22957,0.25577667
22958,0.21014668
22959,0.13863315
22961,0.18065205
22962,0.16819276
22963,0.13737437
22964,0.18479177
22965,0.17416129
22966,0.16560955
22967,0.1622479
22968,0.23853312
22969,0.13865185
22970,0.122792125
22971,0.1590661
22972,0.18608336
22973,0.25673592
22974,0.15234381
22976,0.1395646
22977,0.17863055
22978,0.14672709
22980,0.14557762
22981,0.11147014
22983,0.13449022
22986,0.16163003
22988,0.26884106
22989,0.18899947
22990,0.15875348
22992,0.13321938
22993,0.14784776
22995,0.14611793
22996,0.13973792
22997,0.17288408
22998,0.1429785
23002,0.19345246
23003,0.1337017
23005,0.15323013
23006,0.1442309
23007,0.13095996
23008,0.1586865
23010,0.15847506
23011,0.11183152
23012,0.15548962
23013,0.18853194
23014,0.120307155
23015,0.15250272
23020,0.14906393
23021,0.18853568
23022,0.1706013
23023,0.14011872
23025,0.1799453
23028,0.2027143
23031,0.21384455
23032,0.18183133
23033,0.13795128
23034,0.15228681
23035,0.16078478
23036,0.19733736
23037,0.12539823
23039,0.17856923
23040,0.12829128
23041,0.13867435
23043,0.13061443
23046,0.14020689
23048,0.17577365
23051,0.18744005
23052,0.13490252
23053,0.1410311
23055,0.17387967
23056,0.13626423
23059,0.15567698
23060,0.17900485
23062,0.13892038
23063,0.15475011
23065,0.16287145
23066,0.14002761
23067,0.13930173
23070,0.1613476
23072,0.15124044
23073,0.15171018
23074,0.14056583
23075,0.14020889
23078,0.14445123
23079,0.16014466
23080,0.17565572
23081,0.124860145
23082,0.17990085
23084,0.13460478
23087,0.12831582
23088,0.20350417
23089,0.23200563
23090,0.16550612
23095,0.14810406
23097,0.14693432
23098,0.12782225
23099,0.12819631
23100,0.15425153
23101,0.20106356
23102,0.18905553
23103,0.15717617
23105,0.126239
23106,0.15362169
23108,0.20097205
23109,0.21896164
23110,0.1550015
23111,0.12581114
23112,0.12833788
23113,0.2265702
23114,0.174425
23115,0.18271105
23116,0.13574012
23118,0.1634963
23119,0.1334245
23120,0.16276856
23122,0.21560745
23123,0.14324279
23124,0.14425185
23125,0.12461784
23126,0.1540604
23128,0.20391718
23129,0.16788663
23131,0.1328737
23132,0.14490017
23133,0.17902508
23134,0.19557574
23135,0.1364882
23136,0.148583
23137,0.16228563
23139,0.13926454
23142,0.13177086
23143,0.15619652
23146,0.1490831
23147,0.18338181
23148,0.15341811
23149,0.12386841
23151,0.15302601
23152,0.13429575
23153,0.19300984
23154,0.14587894
23156,0.21431969
23157,0.13815998
23158,0.14608303
23161,0.18244058
23162,0.22128835
23163,0.14065129
23164,0.16339609
23166,0.18315123
23167,0.17701201
23168,0.13219297
23169,0.12342278
23170,0.13725118
23171,0.14268288
23172,0.15683262
23173,0.17272618
23174,0.13638566
23176,0.1925235
23177,0.13308632
23178,0.14026658
23179,0.1333068
23180,0.21573304
23181,0.20477444
23182,0.18738385
23183,0.23235147
23184,0.13106252
23185,0.2320951
23186,0.12982954
23187,0.18534371
23188,0.17463355
23191,0.15762495
23192,0.1415559
23193,0.14962097
23194,0.14962246
23196,0.13109161
23197,0.14436735
23198,0.18915708
23199,0.18086694
23201,0.15378594
23202,0.17195414
23203,0.13605991
23204,0.14110677
23205,0.16059811
23206,0.14154732
23207,0.1338232
23209,0.14673811
23211,0.17520404
23212,0.20261198
23214,0.14590825
23215,0.13314831
23216,0.14887762
23218,0.16343328
23219,0.13564993
23220,0.15891513
23221,0.124572076
23222,0.15551618
23224,0.14532208
23225,0.14598191
23227,0.1392745
23228,0.15330788
23229,0.1810392
23230,0.14543724
23231,0.1776634
23233,0.23873506
23234,0.14941141
23236,0.1438759
23238,0.14178838
23239,0.13263714
23240,0.13953273
23241,0.15184577
23242,0.2762354
23245,0.19805731
23246,0.15171482
23248,0.1566658
23249,0.1910148
23250,0.16653183
23251,0.18653663
23254,0.20174739
23255,0.1634513
23257,0.21482903
23258,0.26969737
23259,0.14577785
23260,0.15186346
23262,0.14291559
23264,0.14689277
23267,0.18605053
23270,0.22830662
23271,0.1702519
23273,0.16971312
23274,0.13274685
23275,0.15406339
23276,0.1557403
23277,0.18275091
23278,0.13866425
23280,0.1735536
23282,0.17810324
23283,0.14680272
23284,0.14601731
23286,0.13731205
23287,0.15602306
23288,0.1392207
23289,0.15454368
23291,0.13479714
23293,0.15738869
23294,0.15357836
23295,0.15079771
23297,0.18172865
23298,0.14851911
23299,0.16700399
23304,0.14943185
23305,0.12580585
23306,0.13805105
23307,0.16717485
23309,0.19975355
23310,0.20013022
23311,0.19450174
23313,0.15421976
23314,0.15571812
23315,0.15455316
23318,0.13273558
23319,0.13409929
23320,0.15801324
23321,0.1404116
23322,0.14384842
23323,0.1580011
23325,0.13124815
23326,0.1713006
23328,0.1972461
23332,0.14961414
23333,0.12130519
23334,0.27515748
23335,0.12986131
23336,0.14329687
23338,0.13980894
23339,0.14625166
23340,0.22851431
23343,0.13748309
23344,0.14779
23346,0.14985909
23347,0.1470772
23348,0.13900639
23349,0.17212515
23351,0.1785943
23352,0.19736783
23353,0.27980658
23354,0.13584836
23356,0.23880407
23357,0.16649333
23359,0.13468085
23361,0.15926248
23364,0.1511256
23365,0.14272505
23366,0.18098909
23367,0.13449684
23368,0.16376877
23369,0.13863373
23371,0.1829267
23372,0.14132725
23373,0.14869146
23377,0.12723772
23378,0.13812922
23385,0.13415308
23387,0.18722968
23388,0.14430918
23392,0.16421624
23394,0.19753298
23395,0.1455531
23397,0.19591047
23398,0.15944737
23399,0.16359696
23401,0.16740377
23402,0.14523314
23404,0.1504606
23407,0.17249532
23409,0.1727219
23410,0.21189964
23411,0.1240247
23412,0.15561056
23413,0.18069781
23415,0.15832256
23416,0.15483296
23417,0.12925325
23419,0.1304579
23421,0.15976515
23422,0.15514413
23423,0.15582286
23426,0.16000697
23427,0.17808945
23428,0.1293547
23430,0.17263398
23431,0.13751592
23432,0.1557494
23433,0.1296776
23435,0.13889521
23436,0.14990582
23438,0.16803181
23439,0.1806487
23440,0.15134154
23441,0.14671451
23442,0.15394786
23443,0.24408779
23444,0.15531875
23447,0.1399526
23450,0.13414808
23452,0.14900866
23453,0.14393884
23454,0.14228359
23455,0.13042288
23456,0.21808663
23457,0.19003381
23459,0.1395264
23462,0.197657
23463,0.1597721
23466,0.13577163
23468,0.2738518
23469,0.16021533
23470,0.14208068
23471,0.15725283
23472,0.1714863
23473,0.14817972
23474,0.19035958
23476,0.15296628
23477,0.13934168
23478,0.17944732
23479,0.19439872
23480,0.17024238
23481,0.16681662
23482,0.14317772
23483,0.15518993
23484,0.14308974
23486,0.13321875
23487,0.14439237
23488,0.15642257
23489,0.15412867
23490,0.20500757
23492,0.13591029
23493,0.13028114
23494,0.20968813
23495,0.2206501
23496,0.17927776
23497,0.18218933
23498,0.10922453
23499,0.12449387
23500,0.13931209
23501,0.13728105
23504,0.22756019
23505,0.11933169
23506,0.14318575
23507,0.18089017
23508,0.16647874
23509,0.21583425
23514,0.15181112
23515,0.17621408
23516,0.15363048
23517,0.18902467
23519,0.1557854
23520,0.120962776
23521,0.13071148
23523,0.12912445
23524,0.17757821
23525,0.138704
23526,0.13901488
23528,0.14691535
23529,0.141394
23530,0.14199546
23531,0.17803366
23532,0.18802533
23533,0.16399844
23534,0.13055424
23535,0.12495305
23538,0.115529664
23540,0.15591386
23542,0.1245164
23544,0.16400206
23550,0.18467772
23551,0.19224168
23552,0.14212471
23553,0.13865356
23554,0.1382589
23556,0.19366758
23557,0.20463198
23560,0.16149333
23561,0.1300883
23564,0.14591418
23565,0.24858402
23566,0.14507811
23568,0.17890455
23569,0.13388006
23571,0.1685607
23572,0.15180594
23573,0.1299163
23574,0.15475172
23575,0.1308289
23576,0.1592858
23577,0.18491986
23578,0.15379469
23581,0.14943512
23582,0.17740433
23583,0.15924059
23584,0.14658459
23585,0.14614676
23586,0.15190035
23590,0.12450249
23592,0.13889672
23593,0.14647557
23596,0.20295116
23598,0.15193301
23599,0.1401178
23602,0.15693858
23603,0.17807114
23604,0.20399168
23606,0.13806444
23607,0.1333842
23608,0.14105639
23609,0.1703624
23610,0.18627565
23611,0.10531459
23612,0.13650514
23614,0.17550378
23615,0.16850978
23616,0.13780862
23618,0.17018166
23619,0.1633782
23621,0.17450316
23622,0.13473067
23625,0.13949814
23626,0.16435811
23629,0.14104581
23632,0.14387226
23633,0.16886836
23634,0.13205278
23636,0.15618004
23642,0.18743823
23643,0.17749287
23645,0.1539884
23646,0.24112387
23647,0.16628064
23649,0.16541114
23651,0.14781842
23652,0.14197773
23653,0.11253131
23654,0.24027625
23655,0.14695594
23656,0.15312067
23659,0.14328584
23661,0.17105617
23662,0.14039548
23663,0.187034
23664,0.19762924
23665,0.13940114
23666,0.24130307
23667,0.15249841
23668,0.13377662
23669,0.2412028
23670,0.15698476
23671,0.15253282
23673,0.12727223
23674,0.13991141
23675,0.17496802
23676,0.14258547
23679,0.14879204
23680,0.19108678
23681,0.13995598
23684,0.22085541
23686,0.17702928
23687,0.1291668
23688,0.14082424
23689,0.18637665
23692,0.22036943
23693,0.12694754
23694,0.17269991
23696,0.12605283
23697,0.1379158
23698,0.1488604
23700,0.13142401
23701,0.18529542
23703,0.20924114
23704,0.12356415
23706,0.1853048
23707,0.13063192
23711,0.18441778
23713,0.19669206
23714,0.16528846
23716,0.13354312
23719,0.13794419
23721,0.15740387
23722,0.13327128
23723,0.24717939
23724,0.13468142
23726,0.15714832
23728,0.13515227
23729,0.15986149
23730,0.23061146
23731,0.13684584
23733,0.14068441
23735,0.15780683
23736,0.10972393
23737,0.11567002
23738,0.1745742
23740,0.19806023
23742,0.13468695
23743,0.1639014
23744,0.12561615
23745,0.16993207
23748,0.17205304
23749,0.16692664
23751,0.1786904
23752,0.1874618
23753,0.16025807
23754,0.16179521
23755,0.10642521
23756,0.18396683
23758,0.13670334
23759,0.16277647
23760,0.21494661
23761,0.23065135
23763,0.13893692
23764,0.20144278
23765,0.15204863
23767,0.12661965
23768,0.16216251
23769,0.14690423
23771,0.16384439
23772,0.12063752
23773,0.14007095
23774,0.20091633
23775,0.12687534
23776,0.17730214
23777,0.17277743
23779,0.12188977
23780,0.14393787
23782,0.1445652
23783,0.14231132
23785,0.15872543
23788,0.16246477
23790,0.16702347
23791,0.14211372
23793,0.23796694
23794,0.16308498
23795,0.16139625
23796,0.14224482
23797,0.1394035
23798,0.11259122
23799,0.15648453
23800,0.16860381
23801,0.16581449
23803,0.14268136
23804,0.15125167
23806,0.12991
23807,0.18785018
23808,0.16245973
23809,0.13542497
23810,0.14136772
23815,0.2426639
23816,0.15673375
23818,0.16217636
23819,0.18892655
23821,0.14995603
23823,0.14221132
23824,0.14988601
23825,0.17224991
23829,0.14792344
23830,0.17671822
23831,0.1480503
23832,0.12966551
23833,0.17890969
23835,0.14184327
23836,0.15938449
23837,0.17722258
23839,0.14380203
23843,0.1565976
23844,0.15348719
23846,0.17100282
23847,0.13727905
23848,0.14291303
23852,0.16017589
23853,0.1429444
23854,0.12797573
23856,0.13625972
23858,0.14727677
23859,0.25296876
23861,0.16894564
23863,0.16055062
23864,0.13607848
23865,0.12976852
23866,0.15850757
23867,0.13653754
23868,0.14915118
23869,0.14169772
23872,0.191973
23875,0.14427899
23876,0.15564683
23878,0.14226392
23879,0.12041504
23880,0.1628502
23881,0.19271941
23883,0.18920399
23884,0.1438658
23885,0.15727635
23889,0.16191709
23890,0.14250864
23891,0.13733035
23892,0.15518937
23893,0.20886643
23894,0.14759624
23895,0.12830496
23896,0.14558943
23897,0.15313025
23898,0.20044564
23899,0.17328687
23900,0.1050537
23901,0.16377053
23904,0.21236423
23906,0.18970641
23908,0.15729974
23909,0.16814534
23910,0.15437616
23911,0.15478677
23912,0.15419674
23913,0.1630091
23914,0.28249785
23915,0.15521626
23916,0.13957065
23917,0.18304913
23918,0.13333797
23919,0.17486455
23920,0.14792526
23921,0.19184892
23922,0.16143453
23923,0.17537801
23924,0.15705279
23926,0.15782112
23928,0.19470386
23929,0.2120871
23930,0.13809562
23931,0.1504489
23932,0.13088179
23933,0.1409769
23935,0.2851511
23936,0.123754956
23937,0.13688838
23938,0.18420404
23939,0.15361615
23940,0.19400427
23941,0.18604729
23942,0.24797203
23943,0.1379049
23945,0.17138527
23946,0.12221819
23947,0.15163286
23948,0.18183416
23949,0.24772805
23950,0.14843164
23951,0.15659939
23953,0.19868903
23955,0.17462642
23956,0.17760445
23957,0.17411403
23958,0.13857785
23959,0.1920487
23960,0.138505
23961,0.13965793
23962,0.1475759
23963,0.13862666
23965,0.15366185
23966,0.17260592
23967,0.21060129
23968,0.10879789
23969,0.11166032
23970,0.21786311
23971,0.13161173
23972,0.2444032
23973,0.1824927
23974,0.19800252
23975,0.1304747
23977,0.13059472
23978,0.12701237
23979,0.15395847
23980,0.17529604
23981,0.151817
23982,0.14919306
23983,0.12967296
23984,0.12506348
23985,0.15025309
23987,0.21212447
23989,0.15914463
23990,0.21478766
23991,0.2238329
23992,0.14148703
23993,0.14563175
23994,0.1538081
23995,0.21581393
23996,0.16647656
23998,0.18825376
23999,0.10948512
24000,0.13059856
24001,0.17278185
24002,0.24597
24003,0.14780876
24004,0.15299638
24005,0.1978704
24006,0.1663262
24007,0.1420379
24008,0.14683266
24010,0.20535932
24012,0.12937424
24014,0.14788736
24015,0.17547765
24016,0.21758063
24018,0.13265273
24019,0.14148805
24020,0.1551358
24021,0.13346098
24022,0.18781222
24024,0.15292466
24026,0.19975695
24028,0.1365371
24029,0.17639977
24030,0.19760464
24031,0.19493516
24033,0.13543262
24034,0.30474257
24035,0.14795244
24036,0.16586992
24038,0.145634
24039,0.18075489
24040,0.16541927
24041,0.16582838
24043,0.1601001
24045,0.2267323
24046,0.1588324
24047,0.17138062
24048,0.17742734
24049,0.19509403
24050,0.26892865
24053,0.123675816
24054,0.12390063
24055,0.15438797
24057,0.14232197
24059,0.26082215
24060,0.14371556
24061,0.13898644
24062,0.15074241
24063,0.24029128
24064,0.2521177
24065,0.17663679
24066,0.16814363
24067,0.13947874
24068,0.15707435
24070,0.27655044
24071,0.13097492
24072,0.19567464
24073,0.14020392
24076,0.13077377
24077,0.14710756
24078,0.14726505
24079,0.13588586
24080,0.13869917
24081,0.14153932
24082,0.13053373
24083,0.12654127
24085,0.14952804
24086,0.22966842
24087,0.1810544
24088,0.23342694
24089,0.16390967
24090,0.27319902
24092,0.13507624
24093,0.15392524
24094,0.17889576
24096,0.14345445
24097,0.1681896
24098,0.21920058
24099,0.13473372
24100,0.18019639
24101,0.16830851
24102,0.16846292
24103,0.14905083
24104,0.12817633
24105,0.15745825
24106,0.174411
24107,0.16439457
24108,0.1386356
24109,0.15611765
24110,0.13164994
24111,0.15699245
24112,0.14250362
24113,0.13813567
24114,0.13643909
24115,0.1537589
24116,0.16385451
24117,0.22379103
24118,0.14640974
24119,0.17241625
24120,0.1258098
24122,0.13701056
24123,0.17070504
24124,0.1406187
24126,0.17425928
24127,0.18677847
24128,0.18818684
24129,0.12638615
24130,0.15254018
24131,0.17883728
24132,0.2725059
24133,0.13253972
24135,0.18072997
24136,0.11778062
24137,0.14844584
24138,0.18868586
24139,0.1590718
24140,0.18044513
24141,0.17062107
24143,0.15090129
24144,0.12439099
24145,0.17495283
24146,0.17222199
24147,0.20334184
24148,0.18608995
24149,0.12921666
24150,0.24496835
24151,0.13557929
24152,0.18678169
24153,0.15767838
24154,0.24430202
24155,0.16552022
24156,0.14078398
24157,0.15381302
24158,0.16687338
24159,0.24523771
24160,0.16193525
24161,0.13047443
24162,0.1678029
24163,0.14678837
24166,0.2573698
24167,0.14297543
24168,0.18000762
24169,0.19626276
24172,0.17097665
24173,0.14140496
24174,0.13120578
24177,0.14909974
24178,0.27901492
24180,0.17922203
24181,0.19375862
24182,0.18600233
24183,0.19436836
24184,0.17071518
24185,0.2069581
24187,0.16552159
24189,0.14601359
24190,0.20007001
24191,0.1964843
24193,0.15061897
24195,0.21806024
24196,0.14185302
24198,0.15872456
24200,0.23611307
24201,0.14679112
24203,0.21752957
24204,0.18099985
24206,0.1552457
24207,0.1933759
24208,0.13168463
24209,0.143704
24210,0.14791289
24212,0.13514698
24213,0.23192422
24214,0.21091582
24215,0.19857207
24216,0.17737417
24219,0.1423932
24220,0.15398842
24223,0.1521153
24224,0.1281738
24225,0.13680026
24226,0.17788927
24227,0.13034146
24228,0.13015763
24229,0.19432913
24230,0.13239972
24231,0.19397502
24232,0.12992282
24233,0.1298934
24234,0.14974675
24235,0.103875056
24236,0.22346328
24237,0.13460986
24239,0.23159331
24241,0.14577651
24242,0.20667395
24244,0.28196388
24245,0.19845584
24246,0.16831599
24248,0.20079266
24249,0.14594665
24250,0.18618041
24251,0.13205643
24252,0.16215114
24253,0.14018501
24255,0.17440005
24257,0.16343178
24259,0.14539964
24260,0.13082097
24261,0.14245729
24263,0.15390025
24264,0.13888979
24265,0.15005188
24266,0.14587897
24267,0.14650394
24268,0.18642399
24270,0.20153204
24271,0.15193516
24272,0.15087621
24274,0.16399407
24275,0.14070377
24277,0.17531995
24278,0.15104835
24280,0.13968372
24281,0.14461595
24283,0.15302062
24286,0.17367157
24287,0.14319976
24288,0.15696575
24289,0.13673607
24291,0.1626263
24292,0.34838948
24293,0.114655174
24295,0.15118247
24296,0.13843386
24297,0.15441161
24298,0.24358088
24299,0.16783924
24300,0.16206615
24301,0.14950329
24302,0.18639396
24303,0.2080775
24304,0.17897046
24305,0.20114301
24306,0.15519892
24307,0.1353288
24308,0.19907598
24309,0.12801653
24310,0.14371662
24311,0.16810186
24312,0.1902423
24313,0.16047429
24314,0.12867355
24315,0.17350124
24316,0.122637644
24318,0.14624733
24319,0.21250759
24320,0.14153841
24321,0.14773767
24322,0.2288866
24323,0.21986312
24324,0.16215016
24325,0.23594446
24327,0.16807494
24329,0.21421348
24330,0.15096562
24331,0.16262
24332,0.21221523
24333,0.20661911
24334,0.14004096
24335,0.16204152
24338,0.21845233
24339,0.13992319
24340,0.15957724
24343,0.20796959
24344,0.1421943
24345,0.13901755
24346,0.14729413
24348,0.15801322
24349,0.13710748
24351,0.16933112
24352,0.1622483
24353,0.12917167
24354,0.24568927
24355,0.21735479
24356,0.15997635
24357,0.14840995
24358,0.21904461
24359,0.13474464
24361,0.16238368
24362,0.25501603
24363,0.14617094
24364,0.14975402
24365,0.20109425
24367,0.14155388
24368,0.12903944
24369,0.16730362
24372,0.18449862
24373,0.1295755
24374,0.13804236
24375,0.16323085
24377,0.16773821
24378,0.12524559
24379,0.22111724
24380,0.13504995
24381,0.17019531
24382,0.14361729
24383,0.15714566
24384,0.14537066
24385,0.14592096
24386,0.15376398
24387,0.16042505
24388,0.14164373
24389,0.12579751
24390,0.18338557
24392,0.14384656
24394,0.19214898
24395,0.18081132
24396,0.2811734
24398,0.25380167
24399,0.122368336
24400,0.1365953
24401,0.1186045
24402,0.12881593
24403,0.1604347
24404,0.13602671
24405,0.18112136
24406,0.20893888
24407,0.1590627
24408,0.136634
24409,0.1531889
24410,0.14027837
24411,0.11654165
24412,0.1362142
24413,0.14028668
24414,0.16507119
24416,0.1948442
24417,0.24048083
24419,0.12571688
24420,0.13138427
24421,0.21759185
24422,0.12703912
24425,0.1984665
24426,0.19501261
24427,0.16474254
24429,0.18777467
24432,0.13510604
24433,0.15636528
24434,0.19058344
24435,0.22227094
24436,0.17033018
24437,0.13922958
24439,0.12943706
24440,0.14208044
24441,0.20561066
24442,0.2492741
24443,0.16094172
24444,0.1333061
24445,0.171038
24446,0.1923998
24447,0.18147604
24449,0.14059445
24450,0.14333226
24451,0.15027435
24452,0.14645739
24453,0.14258522
24454,0.21654879
24456,0.16676672
24457,0.13611788
24458,0.13444114
24459,0.1254206
24460,0.13684691
24461,0.16576086
24462,0.13308196
24464,0.1570498
24465,0.17961437
24466,0.14004846
24467,0.19242564
24468,0.14374793
24469,0.13873076
24474,0.15592633
24475,0.1508089
24476,0.17332545
24477,0.17473485
24478,0.21472521
24480,0.16480806
24481,0.13219729
24483,0.13342349
24484,0.12490253
24485,0.17412601
24486,0.18568929
24487,0.13970836
24488,0.1446874
24489,0.14916337
24491,0.13345858
24492,0.15358819
24494,0.1409471
24496,0.17313951
24497,0.17394727
24499,0.13229331
24501,0.15228331
24502,0.17177695
24503,0.21548826
24504,0.17799155
24505,0.16266458
24506,0.21980691
24507,0.168944
24508,0.113299794
24509,0.14444369
24510,0.16479628
24511,0.1841509
24512,0.17784594
24513,0.16506045
24514,0.13909282
24515,0.14680256
24517,0.19127633
24518,0.153073
24520,0.1677983
24521,0.22559068
24523,0.1831108
24524,0.15302798
24526,0.1399425
24527,0.13288802
24528,0.13558964
24530,0.12731704
24531,0.2623624
24532,0.24410927
24533,0.18577883
24534,0.16126016
24535,0.16436283
24536,0.17309149
24538,0.13601619
24539,0.1284593
24540,0.20729938
24541,0.14862113
24543,0.20075206
24544,0.13191761
24546,0.19642946
24547,0.15132515
24548,0.16267909
24549,0.155904
24550,0.2364378
24551,0.14587057
24552,0.16691804
24554,0.2195305
24555,0.17928323
24556,0.13935573
24558,0.17897528
24559,0.24867171
24560,0.141502
24561,0.15759979
24562,0.17944334
24563,0.13926078
24564,0.18661495
24567,0.13038419
24568,0.13330556
24569,0.27204135
24570,0.12524414
24571,0.14600007
24572,0.1742475
24573,0.21834193
24575,0.1902064
24576,0.13976368
24577,0.17342116
24578,0.2204159
24579,0.13691697
24581,0.13858353
24582,0.16267008
24583,0.17580633
24587,0.14334783
24588,0.15330623
24589,0.19132872
24591,0.14416638
24592,0.13561782
24593,0.13411017
24594,0.2240186
24595,0.1913058
24596,0.1441791
24597,0.16418345
24599,0.1272061
24600,0.22671011
24601,0.15475762
24603,0.24329694
24604,0.14697221
24605,0.14312825
24608,0.12908205
24609,0.26561627
24610,0.12595423
24613,0.21823989
24614,0.19846459
24615,0.13190655
24616,0.15104263
24618,0.16389872
24619,0.14061639
24620,0.15705244
24621,0.14334291
24622,0.16043651
24623,0.17963031
24624,0.22627315
24625,0.17567068
24628,0.16552724
24629,0.16636921
24630,0.14887813
24631,0.16442284
24632,0.15830551
24633,0.19913821
24634,0.24971524
24635,0.26560247
24636,0.20467046
24637,0.1801537
24638,0.15560143
24639,0.14203052
24640,0.16268572
24641,0.14603727
24642,0.13017389
24643,0.13383764
24644,0.13942425
24645,0.14735056
24646,0.15598062
24647,0.12918283
24648,0.18423358
24649,0.14486252
24650,0.15398268
24651,0.13857229
24652,0.13796239
24653,0.27839744
24654,0.19908345
24655,0.28223944
24656,0.1636822
24657,0.17042385
24658,0.18324478
24659,0.16953082
24660,0.17125732
24661,0.1839031
24662,0.13472655
24663,0.22094245
24664,0.14880583
24665,0.14172585
24666,0.16571705
24667,0.12534933
24668,0.1834602
24669,0.14271897
24670,0.22906646
24671,0.14942563
24672,0.24614827
24673,0.14128356
24674,0.13816623
24675,0.16287453
24676,0.17740294
24677,0.20244105
24678,0.13449436
24679,0.14929295
24680,0.13598785
24681,0.1310524
24682,0.13639012
24683,0.1820378
24684,0.22313353
24685,0.16773407
24686,0.19490293
24687,0.2069189
24688,0.12191786
24689,0.14273214
24690,0.16512442
24691,0.1321111
24692,0.11301196
24693,0.30181396
24694,0.15165782
24695,0.1797175
24696,0.18958436
24697,0.15712568
24698,0.139472
24699,0.12092262
24700,0.1544702
24701,0.22169302
24702,0.24902877
24703,0.13383192
24704,0.15381934
24705,0.17489156
24706,0.2103947
24707,0.1277196
24708,0.14306282
24709,0.15023188
24710,0.13613172
24711,0.15294626
24712,0.18517645
24713,0.13916555
24714,0.19242966
24715,0.12956937
24716,0.19245882
24717,0.17772643
24718,0.1506661
24719,0.13037309
24720,0.1630599
24721,0.2410558
24722,0.17860933
24723,0.14088699
24724,0.10707121
24725,0.25496182
24726,0.1915695
24727,0.20240548
24728,0.12645116
24729,0.1472204
24730,0.16178006
24731,0.12817253
24732,0.22655709
24733,0.14022365
24734,0.16570172
24735,0.14605647
24736,0.26191318
24737,0.22248879
24738,0.15773118
24739,0.26340556
24740,0.14545688
24741,0.14514928
24742,0.17297043
24743,0.16252014
24744,0.17485009
24745,0.13313362
24746,0.16333458
24747,0.1318408
24748,0.15723646
24749,0.21603169
24750,0.17905606
24751,0.13007274
24752,0.13593642
24753,0.13736567
24754,0.23730096
24755,0.22541936
24756,0.29952067
24757,0.1849971
24758,0.16643034
24759,0.15229982
24760,0.24344648
24761,0.16799286
24762,0.14049484
24763,0.16317597
24764,0.1338468
24765,0.13818473
24766,0.15564783
24767,0.2472663
24768,0.21276556
24769,0.14636773
24770,0.16674967
24771,0.16704108
24772,0.16626085
24773,0.11822947
24774,0.2684542
24775,0.16557157
24776,0.2718144
24777,0.112209186
24778,0.17447406
24779,0.15364265
24780,0.18232591
24781,0.14591035
24782,0.1681338
24783,0.16466038
24784,0.2638389
24785,0.1503291
24786,0.1473882
24787,0.12630871
24788,0.24844158
24789,0.15586244
24790,0.21697362
24791,0.15635176
24792,0.21409658
24793,0.16739567
24794,0.15544172
24795,0.20188978
24796,0.12813199
24797,0.1905948
24798,0.18052053
24799,0.14686194
24800,0.17548625
24801,0.23263428
24802,0.22218446
24803,0.13845423
24804,0.18440518
24805,0.22118431
24806,0.15700263
24807,0.17583647
24808,0.19156241
24809,0.22889705
24810,0.24561681
24811,0.25706598
24812,0.13086757
24813,0.14668103
24814,0.17536408
24815,0.14440718
24816,0.13711111
24817,0.1498359
24818,0.13809906
24819,0.13646007
24820,0.13023004
24821,0.24257146
24822,0.12957516
24823,0.17968409
24824,0.13423501
24825,0.15290357
24826,0.122186765
24827,0.20751658
24828,0.25382993
24829,0.14087164
24830,0.17646776
24831,0.22691323
24832,0.13184144
24833,0.120428376
24834,0.20240577
24835,0.15942499
24836,0.15401362
24837,0.15640548
24838,0.13574064
24839,0.18871854
24840,0.16741948
24841,0.19484867
24842,0.13612826
24843,0.13920529
24844,0.15193088
24845,0.17516638
24846,0.14129597
24847,0.23317353
24848,0.18733382
24849,0.20326346
24850,0.13728788
24851,0.16738462
24852,0.14877889
24853,0.15021348
24854,0.1508537
24855,0.15884677
24856,0.14304373
24857,0.21821779
24858,0.14470454
24859,0.24650706
24860,0.20354095
24861,0.15058215
24862,0.18802054
24863,0.17714708
24864,0.24350415
24865,0.14365831
24866,0.15937008
24867,0.15579455
24868,0.13127585
24869,0.24349564
24870,0.14094877
24871,0.14174764
24872,0.27360728
24873,0.30455875
24874,0.14574732
24875,0.14758518
24876,0.16806619
24877,0.16974372
24878,0.1867099
24879,0.13007823
24880,0.1517619
24881,0.16483322
24882,0.14298585
24883,0.16824079
24884,0.16484165
24885,0.18828204
24886,0.16011652
24887,0.14368524
24888,0.12587635
24889,0.12730318
24890,0.17930824
24891,0.13732858
24892,0.18959539
24893,0.21570869
24894,0.19239119
24895,0.13301799
24896,0.20234443
24897,0.15326396
24898,0.19202921
24899,0.19172059
24900,0.13831411
24901,0.19285615
24902,0.13287738
24903,0.17265122
24904,0.14136468
24905,0.22074921
24906,0.11649141
24907,0.16011429
24908,0.16251694
24909,0.13786507
24910,0.14214875
24911,0.17999876
24912,0.15142566
24913,0.14674419
24914,0.139908
24915,0.16160543
24916,0.14427115
24917,0.15020536
24918,0.10480882
24919,0.21186091
24920,0.15167515
24921,0.16543776
24922,0.12271369
24923,0.18846564
24924,0.15012504
24925,0.1424027
24926,0.13191552
24927,0.14651749
24928,0.16399516
24929,0.2482835
24930,0.23979625
24931,0.16838038
24932,0.13516699
24933,0.19187644
24934,0.14023867
24935,0.15112624
24936,0.25750238
24937,0.15944313
24938,0.13132624
24939,0.1571832
24940,0.16168459
24941,0.13797927
24942,0.2638633
24943,0.13355294
24944,0.21415384
24945,0.24464206
24946,0.19151825
24947,0.23613667
24948,0.1547632
24949,0.15182592
24950,0.13083899
24951,0.18498477
24952,0.15345143
24953,0.29259914
24954,0.22352031
24955,0.14852372
24956,0.1841593
24957,0.16217229
24958,0.15450181
24959,0.1447592
24960,0.17778434
24961,0.1447557
24962,0.22668669
24963,0.18806128
24964,0.16191009
24965,0.23206352
24966,0.14743373
24967,0.13256176
24968,0.18637477
24969,0.20219332
24970,0.18587726
24971,0.16890337
24972,0.107757814
24973,0.16266045
24974,0.21557093
24975,0.16466558
24976,0.16893606
24977,0.14507452
24978,0.18185407
24979,0.13817258
24980,0.14303218
24981,0.1369014
24982,0.22386551
24983,0.17385092
24984,0.16493651
24985,0.14370161
24986,0.13511312
24987,0.20510702
24988,0.18175966
24989,0.16848359
24990,0.20795935
24991,0.18157218
24992,0.15431778
24993,0.1859242
24994,0.14440794
24995,0.14444228
24996,0.14295489
24997,0.1385703
24998,0.17645307
24999,0.14774773
25000,0.14919332
25001,0.13101315
25002,0.13332818
25003,0.16097365
25004,0.19844042
25005,0.12938717
25006,0.20353004
25007,0.15680489
25008,0.16736694
25009,0.2332793
25010,0.14855213
25011,0.16359754
25012,0.15193124
25013,0.15836287
25014,0.15646435
25015,0.16736783
25016,0.13863125
25017,0.2430877
25018,0.1414324
25019,0.15692118
25020,0.13487585
25021,0.17718218
25022,0.15063147
25023,0.1354797
25024,0.15572536
25025,0.14778778
25026,0.17920886
25027,0.15837984
25028,0.1301683
25029,0.15097935
25030,0.14724419
25031,0.20344295
25032,0.14199552
25033,0.13540791
25034,0.14536989
25035,0.17579845
25036,0.13783756
25037,0.20354386
25038,0.14096472
25039,0.22601709
25040,0.108338036
25041,0.22608322
25042,0.17037189
25043,0.13670248
25044,0.18454242
25045,0.19705032
25046,0.1603767
25047,0.15466195
25048,0.1545686
25049,0.22961663
25050,0.15890439
25051,0.13726364
25052,0.15114376
25053,0.13900867
25054,0.20444623
25055,0.16536193
25056,0.18534651
25057,0.2583049
25058,0.15069209
25059,0.19667162
25060,0.21747579
25061,0.13407423
25062,0.17280427
25063,0.19396973
25064,0.19214645
25065,0.1313863
25066,0.17157349
25067,0.14601466
25068,0.2676771
25069,0.18636256
25070,0.20611191
25071,0.13080667
25072,0.17874233
25073,0.18659456
25074,0.18028012
25075,0.18363051
25076,0.13719748
25077,0.17088519
25078,0.115341395
25079,0.1651015
25080,0.22376877
25081,0.12834553
25082,0.15975381
25083,0.13604014
25084,0.17195746
25085,0.16684641
25086,0.14730977
25087,0.1937119
25088,0.13842355
25089,0.15769117
25090,0.13793422
25091,0.21219124
25092,0.1773995
25093,0.2132533
25094,0.2023426
25095,0.1884551
25096,0.15956745
25097,0.19525465
25098,0.21477343
25099,0.16866572
25100,0.17971238
25101,0.1521068
25102,0.17064856
25103,0.26493138
25104,0.15212713
25105,0.15294
25106,0.18964462
25107,0.16571726
25108,0.2085086
25109,0.13912845
25110,0.16688909
25111,0.1438974
25112,0.15767698
25113,0.18563598
25114,0.16893981
25115,0.18299836
25116,0.19100097
25117,0.1486398
25118,0.14206527
25119,0.14859375
25120,0.1401651
25121,0.14472593
25122,0.17568798
25123,0.19242772
25124,0.15804657
25125,0.16793983
25126,0.28672928
25127,0.15220629
25128,0.262165
25129,0.16170695
25130,0.17107917
25131,0.15660368
25132,0.1427365
25133,0.15312959
25134,0.14536256
25135,0.13905889
25136,0.14999369
25137,0.13245894
25138,0.15516615
25139,0.14552717
25140,0.1377556
25141,0.15395366
25142,0.19680136
25143,0.10664391
25144,0.13701615
25145,0.14771806
25146,0.15965702
25147,0.17786181
25148,0.16217636
25149,0.18907723
25150,0.13449445
25151,0.15628684
25152,0.16749255
25153,0.16086444
25154,0.19122806
25155,0.14801556
25156,0.1708917
25157,0.1311295
25158,0.1420777
25159,0.18776086
25160,0.1447856
25161,0.28146288
25162,0.16596375
25163,0.1487185
25164,0.1351393
25165,0.11937819
25166,0.13385038
25167,0.1944278
25168,0.22467299
25169,0.1940361
25170,0.18267216
25171,0.20575732
25172,0.16383703
25173,0.15752071
25174,0.2043548
25175,0.19139755
25176,0.12908201
25177,0.1570575
25178,0.13796806
25179,0.16372196
25180,0.16292043
25181,0.1263655
25182,0.20601918
25183,0.1482117
25184,0.13766788
25185,0.17232607
25186,0.17708735
25187,0.13396041
25188,0.1516427
25189,0.14017008
25190,0.18250701
25191,0.2555372
25192,0.37127763
25193,0.17665116
25194,0.158991
25195,0.1855097
25196,0.13501298
25197,0.13672899
25198,0.16118434
25199,0.182571
25200,0.16035356
25201,0.20574181
25202,0.12610231
25203,0.13622439
25204,0.12659034
25205,0.20265271
25206,0.13645072
25207,0.20673203
25208,0.14419176
25209,0.15554777
25210,0.18501376
25211,0.16538143
25212,0.19887711
25213,0.12873465
25214,0.1529315
25215,0.17155738
25216,0.15166475
25217,0.14268747
25218,0.17145203
25219,0.18566324
25220,0.17278738
25221,0.21451628
25222,0.21378067
25223,0.19497405
25224,0.14437999
25225,0.17001651
25226,0.17893842
25227,0.1441266
25228,0.27971736
25229,0.15196119
25230,0.20555368
25231,0.15323482
25232,0.14056158
25233,0.23999394
25234,0.17921105
25235,0.14366965
25236,0.194708
25237,0.16544145
25238,0.23579256
25239,0.18806387
25240,0.19088013
25241,0.1446784
25242,0.19652319
25243,0.14750792
25244,0.270112
25245,0.16987354
25246,0.15066338
25247,0.21975935
25248,0.13248052
25249,0.18199718
25250,0.13426675
25251,0.17410111
25252,0.22248136
25253,0.1493921
25254,0.20215166
25255,0.15813759
25256,0.14003903
25257,0.17547716
25258,0.1458646
25259,0.14130676
25260,0.18163387
25261,0.17356472
25262,0.16711846
25263,0.15073526
25264,0.12940118
25265,0.1394677
25266,0.14477675
25267,0.13707358
25268,0.13702586
25269,0.16908678
25270,0.1294444
25271,0.21638286
25272,0.13106585
25273,0.21020594
25274,0.14652173
25275,0.18602084
25276,0.12530155
25277,0.14408834
25278,0.17193353
25279,0.2698669
25280,0.194899
25281,0.17611705
25282,0.16984561
25283,0.29643312
25284,0.14691898
25285,0.18042469
25286,0.13398322
25287,0.15256992
25288,0.15267922
25289,0.15306342
25290,0.14477208
25291,0.13928296
25292,0.14046848
25293,0.16308875
25294,0.21776025
25295,0.1569754
25296,0.18493436
25297,0.16219053
25298,0.18892272
25299,0.16543809
25300,0.15432195
25301,0.16630493
25302,0.14136024
25303,0.15785936
25304,0.1639158
25305,0.18610434
25306,0.1584222
25307,0.13305306
25308,0.12542337
25309,0.12929249
25310,0.1509327
25311,0.3137061
25312,0.13781704
25313,0.15894213
25314,0.1451254
25315,0.19413143
25316,0.15584117
25317,0.13870507
25318,0.1484101
25319,0.1460413
25320,0.16212115
25321,0.14492029
25322,0.15516259
25323,0.17000413
25324,0.18558887
25325,0.15753542
25326,0.21734934
25327,0.15034038
25328,0.24654393
25329,0.14659484
25330,0.18298079
25331,0.1439938
25332,0.16560316
25333,0.14301579
25334,0.19360298
25335,0.14924073
25336,0.22236612
25337,0.23129661
25338,0.111919664
25339,0.1651181
25340,0.14661872
25341,0.1856456
25342,0.13115881
25343,0.26813215
25344,0.17878693
25345,0.15701059
25346,0.18792692
25347,0.1636768
25348,0.19416176
25349,0.13083528
25350,0.21618395
25351,0.13373698
25352,0.1906675
25353,0.15198211
25354,0.15921994
25355,0.184896
25356,0.13685185
25357,0.14655101
25358,0.18570226
25359,0.21742566
25360,0.16846272
25361,0.15105486
25362,0.18881318
25363,0.13145165
25364,0.13242508
25365,0.14498484
25366,0.19131099
25367,0.1595382
25368,0.13407113
25369,0.14399518
25370,0.16838792
25371,0.14716189
25372,0.13629112
25373,0.20699577
25374,0.19637302
25375,0.18849485
25376,0.15869686
25377,0.28207535
25378,0.13481542
25379,0.13023022
25380,0.22457275
25381,0.16234648
25382,0.18160896
25383,0.1473011
25384,0.14230701
25385,0.13793474
25386,0.21640082
25387,0.11791557
25388,0.22059833
25389,0.13171339
25390,0.22291848
25391,0.13392138
25392,0.1857251
25393,0.14039415
25394,0.14834227
25395,0.17376798
25396,0.14096989
25397,0.17775151
25398,0.22145899
25399,0.15065618
25400,0.16387762
25401,0.21326572
25402,0.16012532
25403,0.17752615
25404,0.14816663
25405,0.1312994
25406,0.12589023
25407,0.18225673
25408,0.216474
25409,0.13915525
25410,0.24118274
25411,0.14545003
25412,0.24493241
25413,0.17285857
25414,0.17527676
25415,0.15939827
25416,0.17097946
25417,0.14652923
25418,0.16171785
25419,0.16920862
25420,0.123862356
25421,0.13815947
25422,0.18967262
25423,0.27142668
25424,0.19503298
25425,0.13552658
25426,0.19456105
25427,0.16881295
25428,0.20169999
25429,0.1695934
25430,0.1221313
25431,0.26425043
25432,0.21360701
25433,0.30279803
25434,0.16920578
25435,0.16695505
25436,0.15751804
25437,0.18695168
25438,0.14730069
25439,0.12642157
25440,0.18105666
25441,0.15826523
25442,0.1468501
25443,0.12686282
25444,0.21910559
25445,0.14015092
25446,0.24880385
25447,0.12646064
25448,0.147312
25449,0.19566299
25450,0.14021064
25451,0.16324939
25452,0.15145707
25453,0.1274937
25454,0.14495105
25455,0.14184205
25456,0.1421973
25457,0.13325171
25458,0.118267246
25459,0.18269105
25460,0.16045353
25461,0.13006331
25462,0.17761642
25463,0.13888443
25464,0.19807187
25465,0.19608693
25466,0.15054578
25467,0.14789528
25468,0.14498895
25469,0.15731099
25470,0.16635536
25471,0.14440094
25472,0.12680392
25473,0.16739093
25474,0.1351044
25475,0.15144777
25476,0.14038096
25477,0.18845508
25478,0.13957354
25479,0.22671188
25480,0.1839063
25481,0.14738172
25482,0.1795495
25483,0.14629443
25484,0.1578149
25485,0.20810121
25486,0.1440024
25487,0.19909297
25488,0.1810442
25489,0.12717564
25490,0.13393511
25491,0.12539634
25492,0.1486981
25493,0.16707787
25494,0.1438905
25495,0.12067793
25496,0.16033821
25497,0.15277788
25498,0.2074993
25499,0.18903923
25500,0.19865166
25501,0.21978615
25502,0.2346865
25503,0.19173016
25504,0.19709173
25505,0.13204265
25506,0.16135392
25507,0.13483812
25508,0.18625215
25509,0.14506352
25510,0.22299369
25511,0.14729893
25512,0.26040018
25513,0.18603198
25514,0.17542413
25515,0.15370919
25516,0.26295412
25517,0.14040461
25518,0.21380769
25519,0.14502454
25520,0.1518014
25521,0.15705502
25522,0.15969305
25523,0.16210404
25524,0.14306729
25525,0.13217078
25526,0.1759453
25527,0.13103116
25528,0.1584253
25529,0.15042703
25530,0.14296374
25531,0.14302379
25532,0.18190157
25533,0.13540442
25534,0.15192719
25535,0.17938238
25536,0.15942521
25537,0.18407068
25538,0.1474912
25539,0.25701943
25540,0.15408988
25541,0.12956591
25542,0.18409209
25543,0.14613177
25544,0.1314697
25545,0.17231578
25546,0.14854555
25547,0.15441702
25548,0.12282325
25549,0.15449901
25550,0.21313685
25551,0.13625164
25552,0.17321366
25553,0.22077902
25554,0.1388333
25555,0.10167819
25556,0.14478016
25557,0.20233184
25558,0.13187474
25559,0.1795774
25560,0.15099971
25561,0.19584581
25562,0.16202468
25563,0.14266366
25564,0.1405096
25565,0.18002848
25566,0.15057151
25567,0.13982677
25568,0.14106187
25569,0.1573879
25570,0.17720312
25571,0.2130766
25572,0.13183835
25573,0.15766753
25574,0.13455662
25575,0.19181167
25576,0.13935865
25577,0.1644848
25578,0.15971716
25579,0.12091532
25580,0.18162964
25581,0.20905401
25582,0.123051636
25583,0.14023416
25584,0.23112762
25585,0.18431117
25586,0.14609551
25587,0.18163763
25588,0.22599566
25589,0.18520561
25590,0.13581267
25591,0.15109512
25592,0.13093518
25593,0.16698569
25594,0.14764452
25595,0.15821609
25596,0.14262138
25597,0.20608263
25598,0.18190469
25599,0.12952636
25600,0.15906163
25601,0.13979284
25602,0.15555747
25603,0.15552498
25604,0.15453368
25605,0.12709083
25606,0.15009068
25607,0.13443263
25608,0.1632888
25609,0.15102148
25610,0.15789296
25611,0.21316446
25612,0.13405049
25613,0.16992152
25614,0.19996375
25615,0.1255373
25616,0.14441964
25617,0.19679932
25618,0.1948525
25619,0.15811837
25620,0.24175867
25621,0.13279288
25622,0.15783791
25623,0.16483906
25624,0.19284534
25625,0.15082522
25626,0.1677828
25627,0.22525834
25628,0.13624056
25629,0.12741496
25630,0.15045191
25631,0.17424843
25632,0.16313303
25633,0.13002457
25634,0.15486462
25635,0.13269156
25636,0.15621209
25637,0.20416433
25638,0.1443542
25639,0.13883415
25640,0.17434801
25641,0.1509025
25642,0.20415266
25643,0.16932075
25644,0.18160015
25645,0.13992919
25646,0.2155081
25647,0.16719714
25648,0.14491628
25649,0.14501575
25650,0.15127566
25651,0.26893845
25652,0.21942185
25653,0.1482015
25654,0.23776576
25655,0.22905205
25656,0.23372106
25657,0.15770128
25658,0.13643049
25659,0.1343144
25660,0.18685916
25661,0.17055042
25662,0.18365699
25663,0.12251679
25664,0.18117946
25665,0.14851846
25666,0.15891981
25667,0.32092813
25668,0.13499025
25669,0.167156
25670,0.16810398
25671,0.15771733
25672,0.25512996
25673,0.15371566
25674,0.1353747
25675,0.1371601
25676,0.13692573
25677,0.15504254
25678,0.28789756
25679,0.18678506
25680,0.13363583
25681,0.18934081
25682,0.19779038
25683,0.23870932
25684,0.16376992
25685,0.15555519
25686,0.19243492
25687,0.1319763
25688,0.1912715
25689,0.15365654
25690,0.13947345
25691,0.13412872
25692,0.14958532
25693,0.1600288
25694,0.13146845
25695,0.14091066
25696,0.14508665
25697,0.18861488
25698,0.13456468
25699,0.13511811
25700,0.18079545
25701,0.19351988
25702,0.20880572
25703,0.16626269
25704,0.18509448
25705,0.16503587
25706,0.1430396
25707,0.14931324
25708,0.17551723
25709,0.12589498
25710,0.15480985
25711,0.18608609
25712,0.20802203
25713,0.20057704
25714,0.12871131
25715,0.16976622
25716,0.13813235
25717,0.14120246
25718,0.18665828
25719,0.2907994
25720,0.18502639
25721,0.16020933
25722,0.21655768
25723,0.12748156
25724,0.1564536
25725,0.14651875
25726,0.12976561
25727,0.13107842
25728,0.12532616
25729,0.13420716
25730,0.14771965
25731,0.20832302
25732,0.17585883
25733,0.12057906
25734,0.20133658
25735,0.13154006
25736,0.15303443
25737,0.23396593
25738,0.15494293
25739,0.14616391
25740,0.15833637
25741,0.16270779
25742,0.15432982
25743,0.14920177
25744,0.1321142
25745,0.12235911
25746,0.20573017
25747,0.14024714
25748,0.14258242
25749,0.20762952
25750,0.13287227
25751,0.19848639
25752,0.15971477
25753,0.18176241
25754,0.1555675
25755,0.1379844
25756,0.19174604
25757,0.20360401
25758,0.12128626
25759,0.15534322
25760,0.15231717
25761,0.13553576
25762,0.14533783
25763,0.1863731
25764,0.13709405
25765,0.17043746
25766,0.15439774
25767,0.2626736
25768,0.1595736
25769,0.1514396
25770,0.13315403
25771,0.17929003
25772,0.1341807
25773,0.20236503
25774,0.21557003
25775,0.18153876
25776,0.13658166
25777,0.17411631
25778,0.21082596
25779,0.20758319
25780,0.1508495
25781,0.15072718
25782,0.17372906
25783,0.18911883
25784,0.18473645
25785,0.17068642
25786,0.16760635
25787,0.14137684
25788,0.19434059
25789,0.1632561
25790,0.17759693
25791,0.16186205
25792,0.20870101
25793,0.21218757
25794,0.13790172
25795,0.16765241
25796,0.13870639
25797,0.2680943
25798,0.15473983
25799,0.1946473
25800,0.20177479
25801,0.14158896
25802,0.1723884
25803,0.16742973
25804,0.12743922
25805,0.14479555
25806,0.14561124
25807,0.24383107
25808,0.14952813
25809,0.13257661
25810,0.2065986
25811,0.110499226
25812,0.13643456
25813,0.15443827
25814,0.18614931
25815,0.13670018
25816,0.1583554
25817,0.1963496
25818,0.16865642
25819,0.22276488
25820,0.15995234
25821,0.13866007
25822,0.18178096
25823,0.20601428
25824,0.14630403
25825,0.22001411
25826,0.16903493
25827,0.13836342
25828,0.18128364
25829,0.14431015
25830,0.13810518
25831,0.17073363
25832,0.15789764
25833,0.13604471
25834,0.19342716
25835,0.18593752
25836,0.25016809
25837,0.16164595
25838,0.138699
25839,0.1511307
25840,0.16822429
25841,0.18740547
25842,0.14038828
25843,0.13881075
25844,0.14339566
25845,0.18666537
25846,0.19195855
25847,0.12592904
25848,0.23242642
25849,0.12587455
25850,0.14212808
25851,0.14212562
25852,0.14051461
25853,0.12647095
25854,0.15731582
25855,0.1593417
25856,0.14544833
25857,0.3031518
25858,0.17253421
25859,0.12977554
25860,0.19517982
25861,0.23684734
25862,0.21180546
25863,0.1362631
25864,0.13178821
25865,0.13267757
25866,0.20829488
25867,0.13699865
25868,0.16618215
25869,0.15783787
25870,0.1763648
25871,0.18277314
25872,0.20196733
25873,0.17715245
25874,0.15273608
25875,0.14168428
25876,0.18444702
25877,0.13517298
25878,0.1640648
25879,0.19668229
25880,0.15546928
25881,0.14595671
25882,0.16285166
25883,0.15458249
25884,0.13459077
25885,0.17151307
25886,0.19891627
25887,0.26304477
25888,0.15418525
25889,0.16771889
25890,0.14100535
25891,0.13136415
25892,0.14979354
25893,0.18464173
25894,0.22280525
25895,0.13902582
25896,0.1884392
25897,0.17757377
25898,0.14963834
25899,0.20043057
25900,0.13581584
25901,0.15756848
25902,0.14331843
25903,0.124427035
25904,0.1925916
25905,0.15366481
25906,0.14966436
25907,0.1545878
25908,0.13566566
25909,0.2160044
25910,0.1440205
25911,0.1413308
25912,0.16086859
25913,0.19879952
25914,0.18012378
25915,0.13839406
25916,0.15041718
25917,0.23089486
25918,0.14059344
25919,0.20901142
25920,0.14059816
25921,0.15265231
25922,0.13986596
25923,0.16076197
25924,0.1697395
25925,0.16574691
25926,0.19454086
25927,0.13385227
25928,0.15579168
25929,0.1310267
25930,0.18487114
25931,0.1431288
25932,0.18554765
25933,0.16902205
25934,0.14902604
25935,0.17556396
25936,0.157799
25937,0.12689507
25938,0.16371262
25939,0.18004839
25940,0.21282063
25941,0.15055986
25942,0.12054039
25943,0.15475947
25944,0.1851973
25945,0.1352628
25946,0.1398503
25947,0.17479764
25948,0.15010263
25949,0.23429891
25950,0.15696405
25951,0.16165887
25952,0.19139165
25953,0.16147691
25954,0.13586138
25955,0.22175558
25956,0.2522637
25957,0.13536614
25958,0.16299276
25959,0.24701914
25960,0.15717506
25961,0.13308904
25962,0.15241756
25963,0.13199487
25964,0.24580227
25965,0.15613094
25966,0.12394744
25967,0.19685946
25968,0.14388807
25969,0.1347501
25970,0.14909384
25971,0.13999458
25972,0.24460828
25973,0.22913381
25974,0.2247599
25975,0.17582624
25976,0.17116179
25977,0.21884386
25978,0.24937044
25979,0.18043795
25980,0.16481851
25981,0.22768697
25982,0.16016614
25983,0.17166469
25984,0.14110798
25985,0.18324874
25986,0.18919446
25987,0.1361843
25988,0.1440136
25989,0.12580873
25990,0.13446113
25991,0.20937969
25992,0.12854782
25993,0.17020048
25994,0.17571978
25995,0.13887385
25996,0.15200488
25997,0.17765526
25998,0.1593546
25999,0.27762803
26000,0.16476957
26001,0.13657306
26002,0.14683224
26003,0.13021988
26004,0.14462434
26005,0.18743923
26006,0.14457843
26007,0.13590774
26008,0.24926122
26009,0.15291195
26010,0.18473774
26011,0.1733755
26012,0.14604953
26013,0.14878666
26014,0.13854907
26015,0.18841769
26016,0.1703689
26017,0.17256033
26018,0.13028081
26019,0.12515178
26020,0.18530324
26021,0.16508238
26022,0.19115122
26023,0.14710197
26024,0.10685235
26025,0.20940837
26026,0.17178153
26027,0.24513362
26028,0.12820522
26029,0.12882218
26030,0.1356276
26031,0.14320321
26032,0.27948505
26033,0.1466346
26034,0.14200036
26035,0.1385946
26036,0.14798842
26037,0.16054122
26038,0.15834643
26039,0.18987235
26040,0.20037337
26041,0.1463777
26042,0.14180058
26043,0.12773243
26044,0.13239504
26045,0.14430137
26046,0.18741716
26047,0.21626754
26048,0.15074593
26049,0.211414
26050,0.15252635
26051,0.12982753
26052,0.13083729
26053,0.21529318
26054,0.1582375
26055,0.14494607
26056,0.21311957
26057,0.14281568
26058,0.2028912
26059,0.14367412
26060,0.1513127
26061,0.13011739
26062,0.1416499
26063,0.15055539
26064,0.13526309
26065,0.17876956
26066,0.14588253
26067,0.1336466
26068,0.16816169
26069,0.14559534
26070,0.15310657
26071,0.13392194
26072,0.20025557
26073,0.15586573
26074,0.18338758
26075,0.22039492
26076,0.14748904
26077,0.25141037
26078,0.18063591
26079,0.18219227
26080,0.20831993
26081,0.16300142
26082,0.1542631
26083,0.13582331
26084,0.14838853
26085,0.12914526
26086,0.14231671
26087,0.15079467
26088,0.1433683
26089,0.15315846
26090,0.18042453
26091,0.12915249
26092,0.17828903
26093,0.14557755
26094,0.15474293
26095,0.17128739
26096,0.15059108
26097,0.21998313
26098,0.34360063
26099,0.15934163
26100,0.13146578
26101,0.1969395
26102,0.14425097
26103,0.15931976
26104,0.19609745
26105,0.16998152
26106,0.14305551
26107,0.14897542
26108,0.14277051
26109,0.1531361
26110,0.19392826
26111,0.12975839
26112,0.14366174
26113,0.13806573
26114,0.22863004
26115,0.12260081
26116,0.1471259
26117,0.15318374
26118,0.15326263
26119,0.19185631
26120,0.24863583
26121,0.13581383
26122,0.13614117
26123,0.1352069
26124,0.16926071
26125,0.15674266
26126,0.13274208
26127,0.1308887
26128,0.1360307
26129,0.12794866
26130,0.12838309
26131,0.25368312
26132,0.17035876
26133,0.18638824
26134,0.14368847
26135,0.160925
26136,0.14803821
26137,0.13996093
26138,0.13836026
26139,0.14478146
26140,0.21108289
26141,0.16469353
26142,0.19986148
26143,0.1486604
26144,0.2269592
26145,0.186355
26146,0.23139532
26147,0.16644888
26148,0.1484171
26149,0.15709607
26150,0.18686876
26151,0.19316213
26152,0.16305482
26153,0.13158028
26154,0.1731888
26155,0.16253033
26156,0.16092399
26157,0.16479762
26158,0.2369884
26159,0.14948146
26160,0.1438343
26161,0.20042686
26162,0.14596991
26163,0.1462944
26164,0.20044939
26165,0.18163022
26166,0.13336234
26167,0.14016537
26168,0.24284853
26169,0.16660254
26170,0.14724717
26171,0.16673288
26172,0.15259603
26173,0.1361207
26174,0.27236962
26175,0.21840182
26176,0.23947817
26177,0.18486658
26178,0.10626995
26179,0.16434593
26180,0.15289837
26181,0.13104582
26182,0.23949994
26183,0.15466644
26184,0.1390028
26185,0.23062667
26186,0.19817638
26187,0.15758103
26188,0.20039889
26189,0.15179308
26190,0.15158498
26191,0.13608734
26192,0.13837346
26193,0.15561853
26194,0.14372888
26195,0.11047232
26196,0.15248582
26197,0.12864153
26198,0.23808798
26199,0.14447907
26200,0.1633207
26201,0.14693429
26202,0.20746996
26203,0.18064356
26204,0.13451904
26205,0.2087485
26206,0.15049778
26207,0.23094206
26208,0.2640515
26209,0.16207978
26210,0.1768677
26211,0.28226814
26212,0.14955924
26213,0.16005604
26214,0.25551373
26215,0.17103638
26216,0.17137659
26217,0.16464472
26218,0.12927507
26219,0.2055006
26220,0.14769338
26221,0.1478194
26222,0.22110894
26223,0.1385787
26224,0.15916756
26225,0.12968718
26226,0.13441278
26227,0.16048813
26228,0.15778394
26229,0.26684758
26230,0.17509867
26231,0.17039642
26232,0.18724999
26233,0.15496272
26234,0.12295013
26235,0.18424475
26236,0.127063
26237,0.13937676
26238,0.15840784
26239,0.18235542
26240,0.13908224
26241,0.13672133
26242,0.13737074
26243,0.21004817
26244,0.1486659
26245,0.14561798
26246,0.1524101
26247,0.15758753
26248,0.16417207
26249,0.2471195
26250,0.12793295
26251,0.15105852
26252,0.13989688
26253,0.1486949
26254,0.156801
26255,0.16882263
26256,0.18638735
26257,0.13821499
26258,0.16650088
26259,0.20240709
26260,0.19229338
26261,0.19274378
26262,0.16180246
26263,0.14700066
26264,0.16932161
26265,0.1343095
26266,0.13364749
26267,0.2155965
26268,0.15330161
26269,0.13701119
26270,0.16993378
26271,0.17433682
26272,0.27695033
26273,0.16536526
26274,0.12684914
26275,0.15489928
26276,0.18949701
26277,0.25284123
26278,0.18690842
26279,0.15811542
26280,0.2034234
26281,0.20364669
26282,0.17558144
26283,0.18161304
26284,0.13449699
26285,0.18079382
26286,0.13207449
26287,0.1461139
26288,0.16201837
26289,0.13328433
26290,0.16409785
26291,0.16864118
26292,0.18809804
26293,0.1673052
26294,0.3178522
26295,0.15313452
26296,0.14763416
26297,0.13585123
26298,0.18417192
26299,0.121207245
26300,0.13038498
26301,0.16194445
26302,0.13693109
26303,0.17087214
26304,0.15001197
26305,0.1594933
26306,0.13655865
26307,0.13922845
26308,0.19665316
26309,0.16279583
26310,0.19647881
26311,0.37028408
26312,0.18665598
26313,0.17201416
26314,0.16322774
26315,0.16072384
26316,0.13202916
26317,0.27445
26318,0.23343073
26319,0.20598826
26320,0.15512547
26321,0.15893237
26322,0.16309562
26323,0.28959134
26324,0.13751812
26325,0.22271763
26326,0.13317074
26327,0.1588355
26328,0.13497789
26329,0.17073211
26330,0.14672887
26331,0.28158242
26332,0.1687046
26333,0.1513299
26334,0.17962682
26335,0.18063061
26336,0.24036044
26337,0.13646571
26338,0.14982924
26339,0.14757524
26340,0.12649854
26341,0.12172501
26342,0.20529535
26343,0.15525976
26344,0.13674346
26345,0.22148436
26346,0.15619846
26347,0.1723447
26348,0.15830387
26349,0.1629527
26350,0.16005686
26351,0.15337396
26352,0.2232261
26353,0.17321755
26354,0.15362288
26355,0.20578665
26356,0.17627622
26357,0.12902115
26358,0.14608073
26359,0.11755435
26360,0.25047594
26361,0.140393
26362,0.14417873
26363,0.14267802
26364,0.25940964
26365,0.14859231
26366,0.15032166
26367,0.22987732
26368,0.20583403
26369,0.14976898
26370,0.1474582
26371,0.13058868
26372,0.2016131
26373,0.13286264
26374,0.1425807
26375,0.14016242
26376,0.1369935
26377,0.1365253
26378,0.14077465
26379,0.12515621
26380,0.13366325
26381,0.16460893
26382,0.22412194
26383,0.22556299
26384,0.14847825
26385,0.21082948
26386,0.17204626
26387,0.22042814
26388,0.1721293
26389,0.14231834
26390,0.1443495
26391,0.13864978
26392,0.14889994
26393,0.14005148
26394,0.1529914
26395,0.15082926
26396,0.14910999
26397,0.13759622
26398,0.14479247
26399,0.17497087
26400,0.13044976
26401,0.20386639
26402,0.19561501
26403,0.16755247
26404,0.16928317
26405,0.11686952
26406,0.20321119
26407,0.14275603
26408,0.16590439
26409,0.20598234
26410,0.13637811
26411,0.15468955
26412,0.2019143
26413,0.19730109
26414,0.19127667
26415,0.13579735
26416,0.22541432
26417,0.16082315
26418,0.18402286
26419,0.2763382
26420,0.15410447
26421,0.283492
26422,0.14692432
26423,0.1425292
26424,0.18144567
26425,0.14728309
26426,0.15515642
26427,0.16340087
26428,0.14949016
26429,0.1662901
26430,0.13798861
26431,0.13278411
26432,0.13041902
26433,0.13904998
26434,0.13845167
26435,0.17344448
26436,0.15756473
26437,0.17856783
26438,0.18615122
26439,0.13647129
26440,0.12702043
26441,0.15353158
26442,0.1860308
26443,0.15424944
26444,0.19577807
26445,0.15072922
26446,0.16142279
26447,0.1565869
26448,0.13735978
26449,0.12074833
26450,0.15965116
26451,0.22048679
26452,0.13446383
26453,0.2558217
26454,0.1825608
26455,0.11123651
26456,0.16300112
26457,0.1507846
26458,0.17973228
26459,0.19275422
26460,0.14487122
26461,0.29529536
26462,0.13381602
26463,0.18115348
26464,0.14804783
26465,0.1629565
26466,0.19661708
26467,0.18783447
