id_cliente,prediccion
2,0.37002733257339737
3,0.4388704492210899
7,0.4246232997890915
10,0.41830934601567193
11,0.422464831055129
12,0.3731388928681734
14,0.43401185717257057
16,0.448097805005004
25,0.3795417958742606
32,0.37395195378002305
38,0.38941802502258477
42,0.5036522921590706
63,0.4175588412297669
65,0.4175216520371249
70,0.3922032486285664
74,0.3437250962409557
76,0.4080014555129331
83,0.4340061482002149
90,0.17332391487970725
98,0.6294615701764067
104,0.42862657476234295
121,0.33127856054952864
124,0.5231860978300646
125,0.5001213110276468
137,0.46708603621193556
143,0.434378300351037
144,0.5480932294281823
157,0.4398405650179458
163,0.3885486048387874
197,0.4996278595131178
203,0.5882071379825609
205,0.40821908144116315
209,0.48873792211940315
228,0.542166056240058
231,0.458690153451018
237,0.5000677683013496
243,0.39432264770926795
247,0.3638379778331266
249,0.4729167278012751
253,0.3986681430529716
261,0.40745536464991544
263,0.22694472784946335
275,0.392112630584969
279,0.5125489324693902
280,0.44919251843315405
292,0.3979401032608523
297,0.4174562955061788
299,0.4053469676782271
302,0.3867323529712349
304,0.4368356661277889
308,0.5164436274008731
318,0.5043919976690017
319,0.6095780707755132
323,0.5119009102153741
325,0.5073948320896889
339,0.46782077005885925
340,0.4466898395767436
355,0.4109190273517401
359,0.4566078945110453
368,0.4567429577231246
371,0.46187895147998603
378,0.4462380028114098
390,0.47683507374468603
392,0.46142653627024216
409,0.386878641295251
412,0.5285406348275193
420,0.4770843158149684
422,0.4309576620372907
428,0.4965123092375272
429,0.3087665750494821
430,0.47194228136087374
434,0.39046492949842937
437,0.4189481448588551
447,0.47416333830169854
464,0.3927494861015965
466,0.49086776933409254
468,0.5146619102768814
470,0.44678444212895846
473,0.4215879266483637
475,0.37616203128909825
476,0.48545085331191445
480,0.3830570220854846
483,0.41802222302240977
487,0.44779392787198286
495,0.5899581490801014
496,0.44359138255554115
499,0.4170066062311472
502,0.4850050020020553
504,0.42858471390262487
508,0.36168321914193835
514,0.40543461112276113
515,0.4224842161044021
538,0.38205282712491967
548,0.4400677908256466
551,0.45948354695215876
553,0.4693942524395772
560,0.4090690647866573
564,0.39947506640914404
572,0.4968793708624621
577,0.41912678115562996
578,0.5596166153000608
591,0.42849340334893826
593,0.3219620500209838
604,0.3961416972147991
606,0.43902509090137415
614,0.39036519038678313
616,0.35173678556746096
622,0.39176333533147867
626,0.3986487274337357
632,0.43455417205786406
637,0.4157645221415464
640,0.16397715859407808
647,0.39393110705606
648,0.4144647343651372
653,0.3633553589814488
654,0.41907292190432044
659,0.4781239048569744
661,0.44371216807406355
670,0.4341507896799073
671,0.46829225480474435
673,0.40420656376339986
674,0.35861120579247485
682,0.407914576207629
683,0.4070957015402045
687,0.39180770466143955
688,0.4501843571680357
689,0.45309249664607054
701,0.40098114490324216
705,0.41031754373652485
707,0.4091748961324642
710,0.5125537368556786
714,0.3808954034693028
716,0.4485846399494704
717,0.5315487084040208
729,0.5108777838361633
732,0.45853718077283423
734,0.425929140532794
736,0.40709899232433777
742,0.37020417577029574
750,0.4830812917393623
764,0.46468935502213987
767,0.3697637555344545
768,0.43618657605322125
774,0.522250940070956
777,0.4148904231599696
784,0.3859047728283582
785,0.41080096710912556
786,0.40313162265808294
787,0.44205518597228033
788,0.40739747668110743
790,0.5119452182248289
794,0.4724944691870925
796,0.46119522381418626
802,0.3640517347849549
812,0.5088200060878598
814,0.322092076355358
816,0.44202512308780084
817,0.4067499873957219
834,0.433464943560424
835,0.44277337252464116
836,0.426951996832991
837,0.38371701946402526
840,0.47129644846831714
841,0.5270519364331566
854,0.5271022977592267
858,0.42026252341086945
859,0.42642725482450183
883,0.4182904582631613
887,0.47338264625164955
902,0.4158076243263238
913,0.4150231752552206
915,0.3658678450690338
916,0.44334664177331795
917,0.48408112951704574
924,0.4245399082197332
929,0.4780952866883538
933,0.4493036065907338
936,0.48043372919052196
941,0.381505089004932
946,0.4244815546029763
948,0.4029058168346772
952,0.36984814479475553
959,0.38721100266355984
963,0.4092803739549853
965,0.2252561227563221
970,0.5029702093759043
975,0.5439955682210722
979,0.4109189097474695
982,0.3838306104773803
986,0.42925552321517985
992,0.40527207621375405
1003,0.24257709649594905
1004,0.43432649398081274
1007,0.5007021640032034
1014,0.20617394443914946
1017,0.4195900875521042
1018,0.39084414356430136
1043,0.4792847761756849
1046,0.41608682594622515
1052,0.3977643508423421
1061,0.40290965671044193
1063,0.44844432058163713
1064,0.47692834273947454
1067,0.44414590659211733
1070,0.4873540531034227
1075,0.4542217879213137
1105,0.42626848188459276
1116,0.3864698167642
1117,0.624856437817658
1123,0.48030653465622697
1125,0.4104675015042688
1132,0.3834651290385892
1160,0.30423765382753776
1161,0.4636570349224724
1165,0.4815116186618969
1171,0.4772541538471278
1181,0.5566484287659546
1185,0.4654077696516689
1197,0.49901712549050825
1202,0.43015608157651714
1205,0.39258309704289135
1206,0.4122291964639644
1213,0.5125513019211039
1216,0.3840675983646698
1228,0.4626314085639552
1232,0.4227900470861698
1238,0.25636113487217554
1241,0.42111568561033663
1246,0.4005757232926374
1258,0.2548444587169711
1263,0.37004814410240533
1289,0.3955000564585557
1301,0.41605820276863625
1302,0.39657418762149793
1303,0.5539692927623263
1312,0.3737242193625445
1314,0.4513556057842976
1322,0.2545688002596032
1326,0.498241557229806
1328,0.49359016707135406
1334,0.47324262381051585
1336,0.42405064303299284
1337,0.3784237448680385
1338,0.446621945788963
1340,0.4317614721296464
1361,0.4899462592122577
1365,0.5783388295184618
1368,0.5583381267825032
1370,0.22377060392684853
1378,0.414353187274753
1381,0.5159501480251041
1388,0.44402497703998633
1393,0.41371675790573365
1395,0.3471481664866091
1400,0.4121124850851038
1404,0.4329031548532437
1405,0.4368524523856683
1411,0.45208179085046524
1414,0.4011447065668797
1415,0.42128959931254817
1420,0.28348470150581223
1425,0.20720825939575796
1434,0.4918790715808396
1453,0.43842541600652224
1455,0.44339828805391673
1460,0.41769234014517787
1465,0.5087022610985352
1474,0.4325626623479033
1475,0.3644100495267535
1476,0.5659453471309587
1477,0.36102924343371107
1489,0.23039733047938213
1495,0.3462252943431961
1496,0.420896056534663
1501,0.4461746832798385
1504,0.4147122144647244
1506,0.4424170527385422
1516,0.5235598814786645
1535,0.44228063583630745
1541,0.5105103943658209
1546,0.4468178496827944
1552,0.40164695990701205
1558,0.4394694888110978
1559,0.42642061065756726
1564,0.35917570366825885
1566,0.385252266183789
1567,0.5228500529601382
1573,0.5043532752127491
1576,0.4550707064645089
1577,0.45456924824765593
1578,0.43522416430982697
1586,0.41635569366519376
1587,0.49477363102721506
1589,0.45404913417001935
1591,0.3958472178742143
1592,0.5314730921370442
1598,0.42341806329999565
1602,0.4705294054607201
1604,0.4498703703382311
1606,0.48335399368476745
1614,0.43543530380433715
1615,0.46034605902788434
1619,0.3881856377121379
1623,0.40027051734239416
1631,0.47447530603633764
1639,0.41311182089822934
1648,0.3960877645834355
1659,0.42301761946998184
1669,0.5603471156548053
1673,0.4021063675892495
1678,0.45195093932640285
1682,0.5000253970407634
1683,0.40579231289686546
1692,0.39967947718864927
1693,0.48999235763636934
1695,0.47035980721304377
1698,0.4574086231705262
1706,0.49807484460845175
1709,0.41804334419557393
1710,0.4642397038267546
1719,0.3823746114743632
1720,0.39741182190325275
1726,0.4124248557247075
1730,0.39631102820022357
1732,0.39870211225729313
1733,0.44660361762063366
1736,0.25921623674250804
1743,0.5119620469309791
1751,0.43351089362761824
1752,0.4219452901923421
1754,0.5179686106853514
1756,0.4934710734031891
1760,0.3845142750512138
1765,0.4063392303638295
1776,0.4507508973226135
1778,0.46411162519046295
1779,0.5161587736158877
1781,0.4111569155407274
1795,0.49005084552172357
1808,0.225872705421241
1809,0.45304938974243103
1814,0.4205784285602225
1821,0.45056467045619036
1822,0.3667116302831536
1824,0.4499710269142247
1827,0.5247816790350311
1834,0.4196358230431649
1844,0.5663991028254628
1851,0.48514677530256506
1867,0.4973276069397849
1869,0.3963530752589328
1875,0.5179083745745077
1882,0.4285057772508399
1897,0.5582021807957359
1910,0.3849084379538542
1917,0.42321965884926044
1918,0.5256735146761279
1935,0.45458226703641924
1936,0.41960393656433753
1937,0.4286584322919967
1949,0.5146760308559488
1952,0.39346756552306883
1956,0.4493278889534661
1969,0.44353672186732496
1970,0.4377983188573994
1971,0.39075298810381787
1977,0.5363580235063846
1982,0.5028367271661903
1995,0.36061955082324465
2002,0.3918402152946891
2004,0.4419033517723953
2011,0.4911109122198974
2013,0.47402656484904776
2014,0.41280848155720795
2026,0.4131384577888981
2040,0.41109077570402114
2043,0.47784556518291105
2060,0.37938715149963065
2069,0.30816895686434637
2073,0.2491595975983862
2076,0.21302390781354374
2082,0.4366069985250234
2089,0.41695725565827924
2091,0.44929364629734814
2103,0.5537546751153668
2109,0.4153015543218484
2112,0.43731113687342554
2113,0.4108925556084616
2119,0.42665165369550173
2121,0.477974341805963
2125,0.38008790146469446
2127,0.53245434208763
2128,0.3963294170893385
2132,0.43647726195208686
2146,0.4849577056055851
2148,0.4725833219830448
2149,0.6134923151106912
2156,0.44240796755367706
2157,0.40906911254131356
2159,0.5459688407986963
2160,0.41931943365524693
2169,0.4861883868185219
2170,0.47049396362443635
2186,0.417942124743218
2188,0.4183410277840771
2190,0.3922847688694646
2203,0.35204556015432814
2204,0.4353525793108312
2205,0.5186947898915538
2207,0.4699645511373242
2209,0.40635250719546145
2211,0.19796347936885422
2220,0.4141575333963712
2226,0.44827538663454775
2229,0.3806654001308416
2234,0.3810044586936607
2237,0.4476617843418245
2240,0.40860642232849753
2249,0.406796754086057
2252,0.4976169997934533
2264,0.5399639229415029
2269,0.39552262924677384
2272,0.41648479589576964
2283,0.4107664144503652
2284,0.46699032063904466
2287,0.4694210210166175
2290,0.4170396670226022
2298,0.42963681092270206
2328,0.4185837632562383
2329,0.5308556072612138
2330,0.5581674996703045
2336,0.4183479209857579
2338,0.42785458927291875
2341,0.46331676560834284
2353,0.44700028214106374
2356,0.4879155660679103
2366,0.4102331387547716
2401,0.4008070882711045
2404,0.4413470020535699
2408,0.39634941342426805
2409,0.3875491950689725
2410,0.4408989306469638
2421,0.49200044359899975
2425,0.39866485739013624
2427,0.6038260918986205
2429,0.44950779300851207
2432,0.41575230271073527
2435,0.4580147338062659
2436,0.4002671924442543
2447,0.3714930130019023
2449,0.414427354265839
2454,0.4310727028345602
2460,0.4268499987004067
2472,0.44187962473098397
2479,0.4190296627140806
2483,0.49177083063592236
2484,0.41836660238031054
2492,0.4752013511484576
2493,0.4149537128787069
2495,0.4257722625697292
2498,0.48092296348119157
2501,0.43631208523367115
2510,0.42046270879903136
2512,0.29972874088957857
2516,0.4153193918966514
2517,0.5499655976431405
2538,0.4179807661726355
2561,0.418705780460858
2563,0.4184406920074399
2567,0.3889779156950426
2569,0.2397587280013858
2576,0.4530251222531717
2588,0.43609267338234864
2592,0.2465061642629623
2593,0.442972254781816
2604,0.352748289646505
2613,0.4304620139353809
2620,0.41414760796288375
2626,0.4841373207700206
2629,0.35527874075649124
2634,0.39653156725009325
2637,0.41450981452397634
2649,0.50193053788158
2653,0.5454764270495196
2661,0.47954068423613627
2662,0.36877207798337897
2668,0.2557338981398405
2684,0.4730826542849823
2686,0.41570378814763814
2706,0.4164552162990993
2709,0.4188668192224128
2710,0.4112712168953715
2712,0.25512826574322156
2717,0.39963243760068423
2718,0.48615533855287896
2720,0.36463385379174423
2726,0.4426722259795254
2732,0.5831058873097514
2735,0.5039067056948364
2736,0.4263262180557757
2754,0.3881376721510029
2755,0.41817368722965576
2758,0.3942199005204782
2759,0.33849107824568464
2768,0.4645277753321901
2769,0.5863804841828291
2770,0.4128039059863166
2776,0.3778489822866539
2779,0.44739940908883574
2790,0.41349507409882363
2794,0.4468442341553127
2796,0.4609854831557977
2801,0.43525554173650444
2810,0.419248400168126
2813,0.43584987519087953
2820,0.44430594077402735
2822,0.43569394591298116
2830,0.4307062471244537
2831,0.43480295268754854
2835,0.43664812493760685
2837,0.43385720235553227
2852,0.504150636410532
2861,0.4065735790848646
2864,0.37188445988706703
2869,0.459179810046353
2870,0.48729286178614445
2883,0.42494935806000955
2890,0.3698108383415889
2892,0.4197504352406536
2895,0.46499621163846044
2908,0.4642063818773378
2911,0.24846991380313976
2918,0.4176247606611426
2931,0.5527872784375915
2936,0.5249610185519021
2938,0.49640250675057
2940,0.5335846039713877
2942,0.41916162655718964
2943,0.4566323523050769
2945,0.4753847248547735
2949,0.5065961867200772
2959,0.444005384492196
2966,0.4254325404853397
2969,0.45047557969203
2970,0.38300378849054395
2975,0.41379202210338006
2976,0.45082163204211867
2987,0.43651318756088264
2993,0.5459585771514881
2995,0.41905407366828684
2998,0.40290333764484515
3002,0.5074955400846372
3004,0.3999193442396332
3008,0.40835237357520143
3010,0.4590622570313776
3019,0.5198142189306166
3027,0.48137044250491556
3030,0.5100233323589959
3031,0.3869257547112926
3037,0.40888185348242745
3038,0.3782402988217713
3039,0.4168710869130093
3043,0.38691164998644895
3048,0.4020278798224677
3049,0.5126962010258743
3053,0.42495394440461476
3054,0.42291275252036264
3056,0.3365589962119699
3069,0.42969518708565346
3071,0.4358324259966478
3072,0.44657469605008887
3075,0.5284645321026324
3078,0.44222717483420193
3080,0.35790785187181734
3104,0.4884217098984942
3109,0.41797165940371817
3126,0.40561717817237664
3137,0.4206527163658025
3139,0.4107883921961954
3142,0.4051338402239761
3147,0.46374568749776485
3168,0.3852375864505021
3169,0.44614840469754746
3172,0.4408518262045182
3174,0.48652255958988605
3178,0.48176060009326493
3179,0.4149677364132408
3181,0.36425489335286576
3190,0.42705397448277227
3192,0.4628814876771755
3196,0.5138443072789043
3197,0.5837849040190193
3206,0.45106899790671534
3208,0.41829716842722775
3210,0.39146366834847457
3214,0.45961308589017635
3220,0.23628416104447278
3228,0.39489935071978877
3232,0.39982484154148884
3247,0.44818043431101884
3253,0.45581774997621133
3256,0.36013105802301426
3257,0.39155277597141397
3262,0.29699345985975756
3269,0.23418173964355307
3276,0.4361781749025444
3279,0.49778836589680475
3282,0.24327668728309093
3284,0.5209723924207497
3285,0.451301676084942
3295,0.37300074947002543
3297,0.36582411697390965
3298,0.4107834968646189
3311,0.3758841255160617
3313,0.4239650932051278
3321,0.42757912714500934
3325,0.3384842158526071
3329,0.4273073209151485
3345,0.5379985979872851
3347,0.35537814754846714
3349,0.4267121941249635
3350,0.25781462050140563
3354,0.4539479789182534
3356,0.5099216860098382
3363,0.394740503211722
3372,0.47998280417514716
3376,0.3699434058540738
3380,0.416999111609359
3383,0.4179875620169956
3385,0.4360553372351808
3387,0.4728744058484029
3395,0.4538318247565718
3396,0.4065608067691956
3397,0.4062282961683292
3411,0.4476407037344879
3413,0.3727073579865616
3415,0.26429100416045376
3444,0.5360556871941203
3446,0.436857962790549
3447,0.4055706768916789
3448,0.3278017839727132
3454,0.39808489623895915
3466,0.4163278575251253
3471,0.4112763854003918
3474,0.4086681620006174
3488,0.46183032428471193
3496,0.45696358995176234
3498,0.43897855377372713
3508,0.4116382953879192
3511,0.4706385729282572
3514,0.41432027020203727
3524,0.3754637424995568
3526,0.4244436584239884
3529,0.4244825703936904
3552,0.405227046208433
3561,0.3751151467222846
3564,0.46338280900412493
3566,0.4242857241634255
3576,0.44968680115273896
3581,0.39971937108280253
3582,0.4015549852973281
3583,0.4724409138547162
3587,0.4105556012441277
3589,0.49593214913087275
3590,0.47932462398349346
3592,0.42108706534108997
3594,0.4047681066385315
3598,0.41884768781033316
3605,0.49087784111853766
3608,0.47938808968248475
3610,0.46669743486936455
3619,0.45300556565884426
3622,0.32628568233849636
3623,0.5011073855068093
3628,0.3785072238325338
3629,0.42500505782150017
3647,0.4015680048188582
3653,0.3019431205386477
3657,0.4703618410709989
3658,0.4379670002571235
3661,0.41589726352987916
3665,0.4535296763710464
3668,0.30816855422453604
3670,0.20304693227507975
3672,0.4058784573221152
3675,0.43069661394898956
3680,0.4507832972844083
3697,0.5235624415485198
3698,0.3494536050970942
3699,0.4397354966908833
3703,0.3179532966439051
3711,0.4355750835839981
3712,0.5738742189457676
3716,0.3866412850441299
3717,0.40799832056809376
3721,0.46197950375874647
3726,0.4334575118344285
3735,0.5025737996511781
3736,0.5244150513204402
3740,0.42375104208885367
3748,0.5174973782315484
3751,0.45401705218977767
3753,0.22811147552371827
3754,0.2569111294313574
3755,0.5302140308407212
3764,0.34318669403275337
3768,0.42509406785427933
3781,0.4284380328268393
3782,0.4625284851435382
3787,0.4382285215701252
3800,0.4220099840730594
3804,0.44993392996195886
3820,0.30094711787292416
3821,0.5025526827577294
3824,0.23364625025209876
3825,0.45148860554970094
3826,0.515322742224119
3831,0.3925719445554135
3834,0.5529116106127683
3835,0.4425072369121109
3836,0.3806042516810675
3840,0.22363601947719736
3841,0.4428165960292082
3848,0.5132072526801286
3863,0.5079252483558426
3869,0.40669263592822275
3875,0.4421036726658864
3877,0.481316516739904
3878,0.4826023876428705
3879,0.49584721721813646
3881,0.431840903195707
3882,0.3754987801891881
3887,0.42541011046034966
3890,0.41562194909214306
3904,0.4200836051699342
3905,0.5120590042165811
3908,0.4428813857446059
3917,0.6077751535699047
3927,0.4568063216883189
3931,0.45951816359586045
3938,0.43210713734983913
3944,0.4816259200861357
3947,0.3989911927613884
3950,0.4081119005685072
3971,0.3967104970866087
3982,0.4549974354143377
3991,0.41093172329449884
3992,0.4146292771679094
3997,0.26396898846889216
4005,0.46388036012346445
4008,0.4448509253908168
4016,0.47725869990258796
4018,0.35835521504640744
4020,0.4942606348327297
4027,0.49933818912463585
4038,0.4097134055052084
4045,0.47054962860726257
4048,0.49299970407791194
4051,0.3880608283565865
4054,0.3414754222477219
4055,0.4659617634768254
4065,0.40682524042806245
4066,0.4373068413848184
4073,0.5286116629326127
4079,0.49454634337032866
4084,0.3349488813379635
4087,0.5322936006788048
4089,0.3662351570560458
4091,0.5086147011125037
4092,0.3639856225562349
4102,0.459241460273183
4108,0.4589489978052977
4113,0.4794036462541851
4116,0.4550853243482219
4117,0.25432465026862433
4124,0.390583026630634
4125,0.4662605272915005
4128,0.41521660790783166
4129,0.44689111908379514
4130,0.4260119482553694
4134,0.512195496767683
4144,0.36821582417500925
4147,0.4752843509204794
4150,0.39788402791635996
4158,0.44593992192404636
4162,0.39873858627157305
4163,0.4078727347345881
4166,0.391496497126432
4167,0.441268071599651
4168,0.44354248379593036
4175,0.43716919689092343
4179,0.5660658759647168
4180,0.49968723369182527
4189,0.41064534508031
4192,0.5483876463807862
4195,0.39574506049691494
4197,0.42280514787893503
4198,0.48109689783091825
4202,0.38813897001971825
4208,0.44229168074218705
4222,0.46964030166006165
4225,0.41335614236163676
4227,0.41739530006969977
4229,0.4426489896005898
4230,0.4616729604996365
4244,0.4782174614616763
4247,0.37652020707137285
4249,0.4537325914708034
4258,0.4320823432141141
4266,0.6045257844236345
4283,0.22826732128760974
4286,0.5397323597451695
4287,0.40265618213062815
4289,0.2535546449648194
4291,0.4720076162168356
4292,0.510359558211213
4296,0.39830475130118875
4309,0.3753485146751945
4323,0.4679917538944383
4324,0.43957212650776756
4327,0.4959819848963647
4328,0.38611759151199565
4330,0.47632393279844487
4334,0.42855568034387465
4338,0.4100066796004026
4341,0.4224909187141922
4343,0.4768872788444444
4349,0.3573377189532547
4366,0.4384127196879824
4367,0.42759141997077377
4373,0.2657682401243637
4374,0.5375209870909461
4384,0.42528962328247316
4390,0.6135930199284637
4403,0.4607339907720666
4409,0.23974184218426303
4419,0.44795001640956733
4427,0.42363902755040256
4428,0.4451553845095632
4429,0.428240877477435
4430,0.19101712273037877
4431,0.39911719559917075
4433,0.4722584209998482
4434,0.40250458907859965
4442,0.2404175897670515
4444,0.4307609289861302
4456,0.471229546005749
4457,0.4795205899267452
4459,0.43895115286317077
4463,0.45086239953083945
4465,0.4784000722432098
4466,0.5204064246052557
4469,0.5582840056493962
4486,0.4263994784478533
4488,0.4244026504212263
4490,0.32161751031472924
4492,0.4223067507781721
4500,0.4679234941188142
4502,0.5647851054175557
4507,0.41769342405295445
4511,0.41335521824255844
4512,0.3921686735747064
4516,0.37146634089167846
4520,0.40984785039269694
4536,0.27871518576325577
4538,0.3590627540370083
4549,0.5196153721147627
4554,0.40093648055636294
4561,0.4734672089033656
4564,0.4068149824986975
4566,0.4111128575465475
4568,0.45833436326511595
4580,0.46820125997109685
4586,0.4127974940468095
4594,0.44615257380821643
4598,0.40652035908770573
4602,0.39718845468087854
4609,0.41952180839132724
4610,0.3775411192569361
4611,0.3891069448257156
4619,0.42281728123646234
4624,0.4497281552941882
4627,0.4119685455149099
4631,0.46740994962250104
4632,0.49847210229977024
4635,0.40846476460086883
4637,0.5018138288274752
4641,0.45207399406239757
4643,0.41175734290958954
4660,0.38890932409507833
4665,0.4916411089514827
4667,0.5527910126559236
4668,0.3876148920155627
4670,0.41075030299511367
4674,0.4142482362764426
4676,0.41139801953146254
4683,0.49567103874543716
4684,0.4183141620880729
4687,0.4170695364083261
4704,0.386833898053952
4706,0.47546909056262415
4732,0.46482494062213187
4734,0.5892561306431775
4735,0.35557794527489456
4744,0.44419904752154155
4755,0.4179618018508645
4759,0.4003453107577704
4762,0.3555398000864311
4765,0.5337343100908812
4767,0.4002397097567888
4775,0.48182560540610575
4780,0.4823269359066576
4789,0.43360425808793335
4794,0.5045706983208198
4795,0.4166128694633254
4797,0.3921100062126516
4803,0.45228928427714143
4810,0.4517503596692242
4812,0.556085407261144
4814,0.4214737011402757
4818,0.3588739646342694
4820,0.47420698713022624
4822,0.40788367253800834
4827,0.22183038333416757
4828,0.44471956823616765
4831,0.41976975609389194
4839,0.4237971203222549
4841,0.4526703303811754
4842,0.32476223230778006
4844,0.4246058275360203
4852,0.3707261338637424
4861,0.49793309646196404
4863,0.5240785258249057
4878,0.4945222135444518
4881,0.6019606764186092
4883,0.6192946192388014
4884,0.42014666835330666
4890,0.39698122580394285
4894,0.2688927223743245
4895,0.47373649723870515
4898,0.45556549477823205
4899,0.37623004819035905
4901,0.46569417209695296
4902,0.238021368576201
4919,0.4007693649285825
4934,0.4365477508359657
4937,0.3705006504979401
4939,0.40157483713141956
4945,0.5178591949606725
4952,0.4259796190241054
4953,0.3703300113056008
4954,0.41410075594678053
4955,0.41460505371937484
4967,0.40099712484333266
4970,0.43478919740286837
4979,0.45799968088107207
4983,0.3910126124554576
4989,0.5144173129248149
4995,0.41819419004781927
5004,0.4970111257865082
5007,0.45741506444638497
5009,0.42711689883622556
5010,0.38603392489622274
5016,0.4236403923835093
5033,0.3891572644859048
5038,0.39957273915481845
5045,0.25827316923216675
5049,0.40221320464858473
5051,0.4332111659286857
5055,0.4908935620047133
5058,0.46957721056250085
5059,0.4029179361617325
5073,0.5022082194365468
5074,0.5184597291652596
5076,0.45346550153469634
5078,0.4392419523057669
5081,0.39527320790482073
5082,0.3322755184428505
5084,0.349185749763564
5105,0.3787340814778284
5107,0.5162618497216623
5111,0.4287944508535292
5120,0.4352059742263193
5121,0.31178391613259104
5123,0.3822137261757836
5141,0.43366051402644173
5144,0.4260545747444583
5147,0.47433228985863
5149,0.4039867736810544
5152,0.46981128823831575
5160,0.34702374408392495
5170,0.5454517430777824
5171,0.45099739448837156
5176,0.5829729070905659
5178,0.4680955971331286
5192,0.42818224981321296
5195,0.5346949082169273
5204,0.38980521008206864
5208,0.4651559326903175
5211,0.28147159331798616
5216,0.5757808642268077
5217,0.418602537147363
5225,0.4588184883490156
5228,0.526741018403279
5239,0.23823813406646402
5241,0.5217109563056713
5243,0.48948908909980304
5246,0.47248430992416024
5247,0.461868012200616
5249,0.42571387695990787
5251,0.5791392596307687
5255,0.43008305495335547
5257,0.45525521590108026
5259,0.5344874499571363
5260,0.4134125231166878
5269,0.4996649273490215
5281,0.4248897535315406
5284,0.3656324255550707
5286,0.4692425035407342
5292,0.4840636874674709
5293,0.47145571610823345
5299,0.3897221376263398
5301,0.3986417654922231
5303,0.37249500843219413
5305,0.4675999891537792
5319,0.5185255991167323
5325,0.42600870819368775
5331,0.39500008963315403
5333,0.3418213984501228
5335,0.398026546093891
5339,0.48634331949996734
5340,0.39152113210430656
5341,0.45028577147526233
5343,0.2504999400988538
5347,0.6273970047381865
5353,0.4574024820756146
5355,0.37127829331393086
5363,0.4173404477398319
5365,0.4683595036880533
5373,0.4624339739259816
5377,0.46022593342911544
5379,0.5373958042138918
5385,0.4373827406160671
5386,0.44309560729621517
5387,0.4429328055133262
5389,0.4922538540765371
5390,0.46144075178882665
5396,0.4252575963357213
5397,0.47185149154264044
5404,0.4337792243834712
5407,0.428429161204151
5410,0.3834252444592785
5411,0.3932652745209384
5412,0.3361042324404097
5413,0.35801088191215125
5418,0.47835748236974657
5424,0.47655824505310845
5427,0.45056372515136905
5428,0.40309359217114293
5433,0.45868894342509425
5441,0.47549907499249494
5448,0.42300303523131483
5456,0.4160280481183841
5460,0.24067246487879973
5465,0.4603452905870444
5468,0.3276122182572099
5470,0.5147795853496908
5475,0.4012620866852831
5487,0.5180677403027881
5501,0.43225613827042053
5504,0.4142395268091617
5508,0.40992287400059024
5510,0.2824241165105496
5514,0.37243836287836457
5528,0.48905647290984056
5540,0.3774257905936754
5543,0.42321480023533553
5545,0.4108484951857254
5546,0.42172916682037065
5548,0.45676861665472784
5551,0.5407267440256784
5553,0.3790587359107279
5556,0.42525837903082625
5560,0.4234986609618578
5563,0.4223012205863866
5569,0.4036530917885226
5572,0.4211820591373695
5576,0.48454058390286453
5582,0.44255620805321366
5586,0.44632086221855843
5598,0.473756203650736
5605,0.42789490662527835
5608,0.39699432023319353
5610,0.4323752959739719
5622,0.2256747296543903
5628,0.4237394410013471
5632,0.37620788433405494
5640,0.40761985755603974
5641,0.5756173161613599
5647,0.44449963802602854
5654,0.49052329002620243
5665,0.41528101457457933
5667,0.5313478198669861
5674,0.4719997939511043
5691,0.4593396143272659
5694,0.5128304071473039
5706,0.34613680256671975
5716,0.4760610206083244
5722,0.4047137841881184
5738,0.3773710371127716
5745,0.4712017491114313
5746,0.21881970927437094
5755,0.5429511201964543
5756,0.4017723959316931
5760,0.4730416809409706
5761,0.4412698294321364
5762,0.4835648171096374
5763,0.40162285982478635
5765,0.44188371636617235
5773,0.42922361307291107
5781,0.42327525836236907
5786,0.5290485714003522
5789,0.4507895673424612
5802,0.4739673156479091
5808,0.38440049432662143
5811,0.41697173122561154
5812,0.5508328509584025
5813,0.38824142145048235
5821,0.42148492833450846
5829,0.4098771754755237
5838,0.4259930720820054
5842,0.5355885721279644
5861,0.43789624013930634
5864,0.3730051120986391
5871,0.4268057728721878
5875,0.42400542082987513
5879,0.46394745155491685
5881,0.39293387845875466
5891,0.4518982682276656
5903,0.15644291188868847
5909,0.4978117288855512
5914,0.5660903296591077
5918,0.48391213711936076
5933,0.3836350882741007
5945,0.44327440461800116
5948,0.4264647332561644
5949,0.38606637724623605
5950,0.423088334962819
5952,0.5066576297488669
5955,0.42157862132081503
5959,0.47486627526075337
5961,0.4106964339009647
5964,0.5166082214499156
5966,0.4897272575110814
5978,0.5053358213651623
5980,0.3428125285795047
5983,0.46526138178096604
5985,0.39913872106710174
5995,0.4213662928017404
6009,0.46762261459474785
6016,0.18239898517625594
6021,0.5342335225211705
6023,0.3096468129136431
6029,0.5021162110931521
6033,0.4584904966184897
6036,0.534815482853224
6039,0.3751007510290665
6046,0.4564440985614145
6047,0.3034325726919516
6051,0.37156257845330964
6054,0.4634187977085299
6061,0.4606866679933693
6065,0.33182856260552707
6068,0.42307930095148444
6069,0.4892743401881644
6070,0.3929782253162661
6072,0.4029366745476753
6076,0.4221782243233546
6082,0.4676233673476042
6104,0.3395795485002627
6110,0.5145705905524646
6122,0.4093392442743166
6123,0.46127793724104443
6126,0.33872237079072426
6128,0.45127590714671034
6131,0.4188359581138904
6139,0.4061929047667291
6140,0.4446731822261556
6142,0.5279378574020882
6143,0.2132422355413759
6147,0.4703660561923467
6152,0.4931909968800213
6164,0.39599013322006166
6171,0.5039882499919756
6173,0.5611711590918991
6175,0.441362893811535
6176,0.3915498060254529
6179,0.44918650409991406
6181,0.4296279948948416
6191,0.4825067188262369
6200,0.4158983803762782
6201,0.41489674369311375
6208,0.5233766744628452
6219,0.491578071926026
6223,0.42864177467069275
6224,0.4590897790035084
6237,0.44735968770820167
6255,0.4336338902478412
6265,0.46879258665509305
6273,0.38926837859113766
6279,0.46101393021221826
6284,0.4473042099813723
6295,0.46505507949414726
6306,0.43244608597438455
6311,0.4678913133317566
6327,0.4012104129299782
6330,0.3741625093677583
6338,0.5588090200326278
6343,0.497461086299409
6345,0.4484973541641875
6351,0.4046188452637582
6357,0.4731947510713329
6360,0.44434507257583783
6389,0.39785992359976335
6392,0.443809378083472
6404,0.40721468922361176
6406,0.34274420805430855
6407,0.4310386196350885
6414,0.47358642760810377
6419,0.5035925708868164
6425,0.45134768818901166
6428,0.4700057352165827
6431,0.33769077768987704
6435,0.42042167134980724
6436,0.4388953457960843
6440,0.3101635723000049
6446,0.41850843952380395
6465,0.406254035850391
6473,0.38908890526787354
6476,0.4114332529909463
6477,0.389348383513632
6478,0.47313630562594944
6494,0.4594626422635416
6501,0.5478150252709959
6502,0.3974189045600648
6503,0.39078953048422266
6514,0.2327238230206519
6516,0.3731196446240035
6534,0.40741391010671374
6541,0.38908934252402644
6553,0.43651489633087776
6557,0.373090166391282
6559,0.5103899191222564
6560,0.5297329642573884
6562,0.4244533964252271
6575,0.5023488481785736
6583,0.4825759556157505
6588,0.45443952698075435
6590,0.23919557584193488
6594,0.2428353763640914
6602,0.5285505320144206
6603,0.3822644111696379
6606,0.3669611300929514
6614,0.4397632254067833
6618,0.3662839111354625
6628,0.4285483067077495
6633,0.43049219697843066
6639,0.414291930979545
6648,0.4927352631994431
6654,0.34127222674508323
6656,0.3939956941148672
6657,0.46265566836998295
6663,0.3943430403313203
6664,0.3554233313528997
6666,0.4730660204702613
6670,0.3475077033206459
6671,0.42990550221655893
6683,0.4141675058790987
6694,0.39143085460858873
6695,0.46836767811741425
6699,0.4199190153165288
6701,0.4602250741865779
6706,0.42127948696310935
6707,0.4174037366851076
6720,0.4373107824298755
6721,0.5148048437745412
6726,0.49134283212434
6735,0.4041374949539744
6745,0.4267974374990947
6746,0.38645733086706135
6751,0.4177083006597632
6759,0.5380558042880195
6760,0.4310894906626422
6765,0.38365080369352655
6774,0.4101689151459245
6776,0.44418772634635717
6779,0.48686985108845476
6789,0.4209586210194945
6792,0.4894940479128196
6797,0.4266660371798806
6807,0.4047700730427027
6808,0.5509193882609291
6811,0.5067527987854333
6813,0.544718700995033
6814,0.4362636186644131
6817,0.37253381698596333
6826,0.40727111100320834
6830,0.39446759957880867
6832,0.415354662713961
6838,0.47402835748750927
6840,0.4087415927678013
6850,0.40609001340534934
6851,0.4288361154793831
6854,0.49001501019243254
6856,0.5678614895985679
6858,0.4566436232560317
6866,0.4631340012847264
6871,0.44289711041930085
6872,0.4209888188526111
6879,0.44191341851891963
6881,0.4216981629554742
6882,0.43114144054293063
6883,0.44424505331704744
6894,0.4246451290037561
6899,0.41006255791319424
6903,0.43867596013807614
6908,0.5682779944930144
6914,0.46349719285146973
6915,0.5955744316024303
6917,0.3997260395026524
6922,0.5691019501554618
6933,0.43655156976547693
6944,0.43125525991808006
6948,0.45794881312172836
6957,0.4356842506383068
6964,0.4789821729844418
6987,0.39430252363542145
6989,0.26529504478423127
6991,0.371465861860365
6992,0.45413420124742976
7019,0.40339993880168457
7021,0.4698355053277447
7023,0.4457029260386796
7033,0.4783499874427522
7034,0.42135467872593146
7043,0.4343970634872033
7047,0.4104644455498262
7050,0.35768246389294944
7057,0.22700893842801764
7069,0.4381289757864583
7070,0.39983599249381774
7072,0.47356513757478585
7081,0.44545996932067533
7082,0.4950400742068017
7088,0.48859774163951386
7093,0.48551323509555727
7100,0.4243223194155955
7104,0.19023493851022608
7109,0.3780347681741507
7111,0.5055013522301547
7113,0.4321708914551848
7119,0.3955042199803887
7122,0.4075204728393071
7134,0.5677361524164481
7147,0.5478840166785879
7155,0.42484514261491063
7156,0.4216537734926191
7163,0.48651628134005137
7173,0.17035323983075126
7177,0.40430371945770077
7179,0.4867338236642247
7191,0.4702639488941784
7196,0.5250600874965179
7197,0.4530149770379424
7205,0.4052918347297458
7209,0.42349630278707223
7215,0.39556904612433613
7216,0.310648200680897
7217,0.41657366066511725
7224,0.39093525601751117
7230,0.49629523246631635
7235,0.4825332484073818
7237,0.5488921318759162
7245,0.4759062264520609
7246,0.38980660463753575
7252,0.3796862510910198
7257,0.4603722831817065
7258,0.38429048024257334
7261,0.516603694459179
7269,0.3904973769365089
7270,0.4466213468969091
7283,0.46902853318723053
7299,0.3969781571852454
7301,0.41352395024031857
7304,0.46763533939332147
7311,0.4236267097536745
7314,0.41765307415076
7332,0.4089589719331176
7333,0.5120811880605568
7335,0.42357564801423087
7336,0.42192409927020585
7337,0.4592610731192177
7344,0.3798945561674693
7348,0.43798905451675774
7351,0.3549157073263658
7352,0.43497829044519776
7371,0.40715169483544406
7373,0.41878254173769547
7376,0.24026169201425515
7383,0.4515374156396267
7390,0.5179462016802083
7391,0.4377403763474328
7392,0.44765622836983127
7395,0.40888378959571237
7400,0.45081004199188796
7403,0.4302901834618835
7404,0.4015269678000717
7414,0.31468364148927674
7429,0.4881220378891279
7435,0.4449871075104578
7436,0.4048725313155073
7438,0.3900745027073693
7441,0.3965853957572824
7443,0.4973562767317985
7444,0.4678897077866335
7452,0.24886357657993335
7456,0.3642885203726993
7462,0.21686194558392496
7483,0.23199278725030903
7490,0.45550443654348
7492,0.5188816446765098
7504,0.43795549146471524
7507,0.4197373584217214
7511,0.36916277816958726
7519,0.39264613544825605
7520,0.5713461901723538
7522,0.40139900037912113
7530,0.3693657824451922
7536,0.4232368540158252
7541,0.4654856649051464
7543,0.42910035760962856
7545,0.46598517959623886
7558,0.5364222446805669
7560,0.4679940888804472
7561,0.42115828146502304
7571,0.3849409298820137
7579,0.40143847283182743
7580,0.47429524133359485
7581,0.4098607877091287
7586,0.39896237574258026
7590,0.43812968663018187
7592,0.3955801850578705
7594,0.3866416302602113
7595,0.5880598769487405
7601,0.41490870485262604
7602,0.4741954413396519
7603,0.38230162409346824
7611,0.44289517419925234
7617,0.2628969158435872
7618,0.530312274683575
7619,0.38330773474511004
7625,0.4395407276380589
7628,0.46335790177986247
7630,0.21688548870256974
7631,0.3989922971237808
7633,0.48283845486137594
7634,0.43597703686992595
7641,0.42204638856739196
7642,0.4944973423436992
7646,0.30917956412014747
7662,0.5347932067382165
7666,0.4007662851547233
7674,0.3787320114542183
7676,0.3740620264876847
7679,0.5176919528466128
7681,0.4319174288667169
7686,0.383908839993521
7696,0.5002551868693534
7707,0.4713642745301957
7708,0.3791387451151178
7712,0.5609210274949625
7715,0.46379065852601875
7716,0.527578825668185
7717,0.5272425435250941
7719,0.35989983876370907
7723,0.4263834976632204
7726,0.45277805153282236
7734,0.4438021669483475
7739,0.24098039023591106
7743,0.39688921195191823
7751,0.40424125250469456
7752,0.46113695746231154
7755,0.44165274655032666
7758,0.4634922261038144
7761,0.31402733296950436
7767,0.40922627784474847
7773,0.4688992035065959
7779,0.5376401715935886
7785,0.47215257953787104
7792,0.4168206646491234
7800,0.5025192371120394
7801,0.5009159815899358
7802,0.4769885194674395
7808,0.5823588092724953
7811,0.41407924932018614
7816,0.43792427307743415
7822,0.47209690331592635
7823,0.53484967071855
7832,0.3941073025487456
7833,0.38053968276184963
7838,0.44472510446537095
7840,0.3727064609673342
7857,0.4585690941160764
7877,0.39253837485344817
7885,0.4873404845389505
7900,0.40898570833545433
7907,0.3887116200431366
7910,0.40844153843531855
7918,0.5035204981846872
7919,0.5315656614583011
7928,0.4156671837718852
7933,0.4438065745720046
7941,0.42471568079999017
7947,0.5009899304236193
7955,0.45303382860717023
7956,0.3686479911270106
7957,0.4517242674777037
7964,0.46295018412379496
7968,0.46565288555973317
7980,0.480491343135303
8004,0.5268636200159905
8016,0.4304533080276192
8017,0.43096068826178907
8024,0.47279883584958154
8031,0.42534718337257404
8032,0.47082016841183
8035,0.39234995450337373
8036,0.42457461659790136
8037,0.49094209569126535
8052,0.40559767889319465
8055,0.36338305259988146
8059,0.43544196140240954
8063,0.5631911954939743
8064,0.4655116878746022
8068,0.49276861968227265
8070,0.4336373189764883
8072,0.47278180204203196
8085,0.48167382642389844
8089,0.4206035304685284
8097,0.4014734228572678
8100,0.42074327176714715
8102,0.4793470445753155
8105,0.4037403851012693
8114,0.4130995810182502
8117,0.4267046975401292
8120,0.39016593202087935
8126,0.4128915355690971
8128,0.3763132436346641
8135,0.40831869409100074
8137,0.3844324351953376
8148,0.27547027709936794
8169,0.4083951659779181
8173,0.4025486614712742
8178,0.42433665806479454
8179,0.47566516236711887
8182,0.3860768015746255
8184,0.3885482612474845
8186,0.3942613873946228
8189,0.4034395255201047
8196,0.43191255785938965
8216,0.4675520423412997
8219,0.47225553701678846
8221,0.43709368032995444
8227,0.41797091917344337
8232,0.3932690396490971
8245,0.43361083265474265
8248,0.38287366671272727
8249,0.43411018748564556
8250,0.4217699934948418
8256,0.40965570906388543
8258,0.4391180124551239
8259,0.39802801043574787
8268,0.40249047688838246
8271,0.457606492835129
8273,0.4833478132235905
8275,0.4609987433317249
8277,0.4279744757896087
8283,0.4022570847756761
8288,0.4193013892421341
8299,0.41190579052646936
8300,0.42365229061426035
8301,0.44911570108872995
8307,0.43355330237304485
8315,0.521587910704678
8324,0.5498996976803183
8326,0.4137190422214595
8351,0.4819565866170536
8367,0.5342997817355444
8368,0.4483444357253461
8371,0.5189284345092349
8383,0.4142519807071945
8386,0.40140747845360203
8402,0.40382518328047445
8404,0.5147658160397252
8421,0.5695947636305971
8422,0.3861762509277982
8425,0.5245664662946292
8429,0.4415005285535122
8433,0.468756176745361
8437,0.4365499611340525
8440,0.46399058505077556
8455,0.5234856693934792
8479,0.49584754712412166
8482,0.4273664005957894
8485,0.4434724792224683
8489,0.4810642930784555
8490,0.363579874192345
8492,0.38157237101734326
8496,0.43091644696215226
8497,0.49836814518482947
8498,0.41939405438562827
8500,0.4472019484299578
8501,0.4168729554840369
8508,0.5031108672046167
8512,0.6095123756706589
8522,0.628414025034994
8536,0.5218163070233581
8545,0.3897771691671281
8546,0.43522677141133026
8554,0.5028410058007592
8556,0.4004761419930479
8557,0.32333534668480857
8559,0.4336478362551325
8560,0.5186773704965991
8563,0.42541306438767734
8565,0.3618546245274052
8574,0.3541261641094743
8578,0.41182580258632256
8585,0.47149437897742635
8602,0.537405341397555
8605,0.2644621884823253
8609,0.39419358217765904
8614,0.37989835979200387
8619,0.42908070859180286
8629,0.4380459486300492
8632,0.4714254094703755
8635,0.5248942493839466
8639,0.38731925287739044
8642,0.5476886575429548
8643,0.5389101660918073
8655,0.45543088921760033
8657,0.4308630078530396
8662,0.5476720094028833
8666,0.5730125860135309
8674,0.44831878163236705
8676,0.43226086898860544
8686,0.4214615550686311
8691,0.386767661227417
8702,0.4594695379815758
8714,0.4821375171064473
8718,0.4053227051200242
8731,0.4058711506049626
8738,0.42316658856338146
8745,0.3835024700077686
8749,0.45973108947483865
8754,0.4354707198976186
8760,0.442528106409852
8762,0.4354102080103958
8767,0.42170969533571073
8768,0.42483846290543836
8769,0.41016031800091474
8771,0.41754823179164563
8795,0.3517737461921558
8796,0.46613860006546
8811,0.4158541049963872
8815,0.5413241498916956
8820,0.42645238232974975
8825,0.40755528705000493
8832,0.33333886868365153
8839,0.538751349461487
8841,0.4822873447667925
8848,0.4076475054753035
8849,0.44795920009381407
8856,0.4386065597269311
8875,0.41266308409006947
8879,0.5462315802896583
8882,0.4129856682194408
8885,0.4006390284187152
8892,0.40510601998373474
8897,0.46423353819239915
8905,0.4283361739785677
8921,0.39498276563106816
8928,0.39765864804083084
8935,0.3885865577568012
8939,0.46111907100065075
8941,0.4237705653895283
8942,0.4347448398545911
8949,0.5114409533263149
8951,0.4308562562043266
8958,0.5460960707892031
8964,0.41249391051116274
8972,0.41176213399858086
8978,0.5784878732293803
8979,0.44348624484300075
8988,0.5181113836003737
8997,0.39347900265441915
8998,0.4629065336992848
8999,0.43226309364366455
9006,0.46738906217824555
9012,0.4915923283238154
9024,0.4823925544545776
9026,0.45935371657665114
9030,0.519701391570654
9034,0.29730336931717705
9036,0.4139471103888603
9038,0.403911927187057
9040,0.4116469257833711
9041,0.1930375641783133
9042,0.41617183229799465
9046,0.43718836758228874
9051,0.44809756071677503
9054,0.5803789373803563
9057,0.43119142098423685
9062,0.429207173706039
9072,0.4100033940829575
9075,0.4314406095292497
9079,0.43510091127239237
9081,0.4499459760894662
9091,0.4329528493468662
9110,0.40519942750075344
9113,0.414239191241794
9116,0.4047243693085321
9120,0.47728216226215847
9126,0.5624258947017986
9133,0.45600893427481815
9135,0.4889448990823598
9144,0.3412100137011128
9146,0.40722532893776153
9153,0.3885916294710029
9155,0.39633479826612733
9160,0.24644662648607596
9165,0.49675720103806337
9172,0.4523777549905972
9174,0.46811198000637655
9179,0.20648365697189727
9180,0.37071853230408996
9195,0.5034334802034869
9199,0.43217526661454697
9204,0.45834407190999904
9205,0.4048389763189269
9210,0.4867071907082554
9228,0.3894205463924878
9233,0.4609893454355733
9235,0.40307317537082055
9237,0.3495558245691031
9239,0.4222935972393788
9240,0.39392245240204216
9241,0.44527740066752736
9242,0.4156572932214326
9246,0.44797268308776517
9248,0.3729542374184623
9253,0.4221440099871824
9254,0.43304452019657114
9260,0.34715689134187266
9261,0.4602558150081814
9262,0.5305348612991407
9263,0.4874453544668485
9268,0.38916346448576694
9275,0.36833656305556084
9278,0.3099796342753423
9287,0.4000403413910345
9292,0.5072468847307284
9308,0.45194023126996014
9309,0.4441812997589912
9310,0.4539222739942271
9312,0.18762181461807623
9314,0.4769436940637387
9316,0.27574153478627256
9318,0.4297234837488065
9322,0.47243349925962425
9325,0.45576419377235977
9327,0.43362317428692465
9336,0.3413604978489167
9340,0.4564552923046168
9342,0.46825178603809836
9346,0.35551883360910985
9351,0.4546165672712133
9357,0.41760880327206673
9372,0.4644774358791663
9374,0.4174777176424663
9378,0.4405993634786612
9385,0.49706816051228997
9413,0.37991764276493784
9418,0.44823866349671865
9420,0.4613641158003533
9422,0.37903212857935487
9423,0.46523227553051527
9425,0.37544266306588425
9426,0.48729798227495086
9434,0.4365343970981224
9436,0.45924298026175575
9439,0.48464040579163364
9446,0.43101777091610644
9460,0.4313869697227966
9461,0.46765265478614276
9467,0.4995463201827261
9472,0.358811222179648
9483,0.3983751068684526
9485,0.43194212563089196
9492,0.47696004857531776
9500,0.4004793482506064
9507,0.42497767269718556
9514,0.47110100394416493
9516,0.4850309626917595
9520,0.38563748877019755
9542,0.4145653619323078
9544,0.5294807609639931
9548,0.561369297845741
9556,0.41776793125393236
9558,0.4308175854316944
9565,0.4300660982952102
9571,0.46244049849349744
9575,0.42539140410867965
9587,0.359876366560795
9602,0.5669349120216404
9609,0.40412794400760704
9618,0.3090769893300719
9622,0.5274685573643559
9624,0.49735655010934016
9648,0.4444805775117552
9658,0.5424604913817146
9668,0.47285854931977517
9702,0.3771679216551023
9705,0.4078894484975632
9706,0.4816562967351672
9707,0.45340533318528053
9708,0.5203449947692785
9710,0.4616146617270234
9726,0.4490927700553435
9753,0.4239573355101435
9757,0.3078952146375908
9761,0.4612103044712217
9765,0.44101149619685115
9768,0.455746747944605
9769,0.4118007104130123
9775,0.43259895322904746
9778,0.4593786865888777
9788,0.18078406396455665
9789,0.46929503660293137
9792,0.43476191757760263
9815,0.39103564426780174
9816,0.5018949444880259
9822,0.5283837243157863
9823,0.5014516307760473
9827,0.4500548884470549
9835,0.4301487686329871
9840,0.3360611102492188
9841,0.4294699311792716
9849,0.4525833175867605
9853,0.4067928760541726
9869,0.5332796518816645
9873,0.38156938654696004
9881,0.23192218521423263
9892,0.5019281429532646
9898,0.4130673500146086
9899,0.4050707491325166
9915,0.40849344435227714
9936,0.4521754027771427
9940,0.3685471161131654
9941,0.41781118868967715
9947,0.46618004573675315
9957,0.42386208827860805
9962,0.37411202612192307
9963,0.44061062764542597
9964,0.4292782010564861
9965,0.5148810331775739
9968,0.4413513008509641
9971,0.38555479508647417
9973,0.489304303868099
9980,0.41967897244025676
10002,0.4943504258052615
10005,0.5320046561901257
10007,0.37772914305479766
10010,0.45522142152804607
10013,0.4793169467117454
10014,0.41816074189533603
10017,0.4342802014846833
10024,0.44355009774932697
10030,0.2522301719841075
10037,0.44795803657596417
10046,0.3260939221912513
10051,0.43302559414639286
10063,0.4680400499837081
10067,0.40503686152179413
10073,0.40246253682967775
10096,0.3788097629461041
10099,0.519365686303788
10100,0.4362180579028561
10101,0.4301667699802122
10103,0.5772089165262608
10110,0.46020722948235765
10113,0.5110754989274227
10116,0.4139949319473583
10124,0.4971851807077929
10127,0.3733298778393879
10129,0.4697414450141423
10139,0.4228573370211409
10140,0.48381401371465094
10145,0.5198390108601558
10149,0.31973098396594773
10151,0.5166055720573984
10165,0.4093132957737516
10166,0.48837138070768044
10168,0.4097307069027891
10174,0.17389925872495013
10186,0.5217847052423984
10189,0.38971893316679207
10193,0.49385746916010764
10197,0.3861441736697964
10201,0.37242108199070567
10206,0.4397186821390662
10211,0.40032482799471275
10216,0.38039847667848975
10224,0.5255455121426134
10234,0.43205308616418064
10236,0.4014776812592591
10239,0.42446196031768385
10247,0.5366717911736272
10250,0.3507392314595366
10253,0.42888217569083026
10254,0.39200363815974953
10263,0.4393851970536919
10264,0.45687287114565595
10265,0.4445204581444986
10275,0.3913229957937272
10280,0.4311202821783354
10286,0.46365147533095824
10287,0.46810457030828034
10293,0.36325267027372987
10294,0.41072486801611996
10303,0.4967884913999473
10308,0.4656784868357433
10311,0.39122715414590004
10318,0.542719936356165
10323,0.6264511953844601
10324,0.4009068710754253
10327,0.3606267311863103
10330,0.40656412148140947
10331,0.38746427232282094
10333,0.41538964655618904
10334,0.45047533358244457
10335,0.45241525775098734
10338,0.4478953079590543
10339,0.5247087990151895
10348,0.4151798234573401
10354,0.47785070237142174
10356,0.43420997522251253
10367,0.4204730250446768
10375,0.3804113070579385
10384,0.35036406723753016
10386,0.4171970526051058
10389,0.47108098724578445
10393,0.47415358255155665
10404,0.4377108826319489
10408,0.46121014229256974
10416,0.43378167534526385
10434,0.47925488823779977
10448,0.5442821896846142
10449,0.39985725636938363
10452,0.4026972266085482
10453,0.4828493108150166
10454,0.47214250952414427
10461,0.4362186587422196
10462,0.39391938572535773
10472,0.3686808236928109
10474,0.4335805661458732
10476,0.4383321651275335
10478,0.4422197625268744
10483,0.24355204378404932
10492,0.3797894377875486
10493,0.45922223832687215
10499,0.4376020999646782
10501,0.3699276386905824
10509,0.385401056309442
10512,0.4308399362581089
10513,0.30721333224411795
10516,0.40565475022209546
10517,0.4153312563002077
10525,0.41272121681777685
10529,0.34370436857625725
10532,0.3915368885079405
10537,0.4355742494199838
10541,0.3693991966020958
10545,0.3675999113865263
10548,0.35554366890012107
10552,0.47072641996294573
10554,0.4796789639304385
10557,0.4365357791763128
10564,0.4516670058899986
10574,0.4388415546879631
10591,0.36038205485113595
10596,0.4156657160481202
10600,0.5186760179302826
10606,0.3942397467935897
10611,0.40494540051185823
10622,0.3698508428332459
10626,0.4271700466648142
10629,0.4451298264790146
10630,0.3649255735425742
10631,0.43605668178023044
10633,0.4345039781111461
10638,0.4888265490868385
10639,0.5141741733864448
10640,0.4222110680816782
10657,0.44572375586317264
10663,0.4517092564635083
10664,0.4077340963510722
10667,0.4447613695764519
10671,0.4251520491590349
10672,0.3988777789504073
10675,0.3949757349414259
10679,0.5512621982733834
10681,0.452601221494695
10683,0.4410918588149608
10688,0.38587518612066146
10701,0.44640130589885374
10704,0.6082838277726642
10709,0.4660197257987523
10715,0.4465495470808966
10718,0.4717438813953761
10724,0.4311119309326156
10731,0.5274751465533498
10733,0.390404435573476
10737,0.43876670304686727
10744,0.23241825746781355
10750,0.43444786989895284
10770,0.3560273052104849
10776,0.4708921843391775
10780,0.41722240786504267
10782,0.5384512853777629
10789,0.501875791767076
10793,0.48751510468368464
10795,0.5483861767346587
10807,0.41090893919987875
10813,0.40666906883139103
10815,0.4221023977757936
10817,0.46420747830233416
10819,0.39273368885296656
10824,0.42181522635745067
10828,0.5503536300110935
10830,0.5330661121595928
10832,0.44040462213351994
10836,0.41369798844731404
10839,0.4500448995539221
10843,0.41037462812131714
10844,0.43218596946551957
10866,0.46177971049471395
10872,0.3741920949551846
10873,0.4493930527852147
10878,0.48660640386229453
10889,0.3808022973605835
10899,0.46720022569709413
10901,0.4600159653712175
10904,0.49103318645372196
10910,0.48655582903972017
10911,0.5179981903636282
10917,0.40932966612171273
10920,0.40672924523741927
10921,0.42081344796103987
10922,0.5631231141435853
10929,0.42291300917430114
10930,0.4356371580917244
10933,0.42625064636512094
10934,0.3549684869517894
10939,0.44376205522278717
10942,0.43338280790944217
10943,0.47313013533021314
10945,0.4594943158315472
10946,0.39939748969814326
10949,0.4259022686665538
10951,0.4184320558132926
10952,0.4693802659435359
10953,0.44881048536642415
10955,0.4161093939342602
10956,0.45030921010610286
10959,0.562202780259927
10963,0.24652537664794638
10965,0.4494385233337595
10971,0.4155019052903894
10975,0.46313588662086164
10979,0.40668221217973644
10983,0.42391714197490393
10984,0.3790523348711008
10989,0.44757995635747283
10992,0.38812295003504915
11001,0.4109026067523422
11003,0.48914189721162943
11004,0.4725024259225536
11008,0.4949693207265653
11016,0.4498370598551871
11017,0.3637705486582852
11021,0.5675255960245983
11028,0.4726370066305366
11034,0.4379239001539449
11035,0.42088452293830775
11036,0.20444514112468182
11041,0.3868242938100373
11047,0.4534690258283126
11056,0.44081407898831565
11058,0.428036267991583
11059,0.38472977791058327
11060,0.4375454917341688
11064,0.4520981363917469
11066,0.43626730697880495
11069,0.4988994322524667
11071,0.3952796381408079
11072,0.4685044607959183
11077,0.44437315691684165
11080,0.3439270384350081
11092,0.4290464814390861
11097,0.37590136196862267
11098,0.4181506401550595
11114,0.37867329169470026
11121,0.4309455174661155
11124,0.49159887432828925
11131,0.45392351358385885
11143,0.5599052639802522
11146,0.20700784521144866
11154,0.4044200207661599
11164,0.4945730048770438
11172,0.42599173545146635
11173,0.4395963419557811
11174,0.3845235470993563
11175,0.44995967318260055
11180,0.4524281553042658
11184,0.38018238204120613
11188,0.39030883744706446
11189,0.49058678708628817
11190,0.2713879771813375
11197,0.36730155120128577
11201,0.49943889973700806
11204,0.5256655630601218
11211,0.4070797999882812
11212,0.4058664516712127
11218,0.40343223731959227
11219,0.4086865531084484
11227,0.4117026550576054
11241,0.39920411251045196
11251,0.46282932255456094
11254,0.5289226331279621
11260,0.5011138482751947
11264,0.4241523846849371
11273,0.5340930618455435
11276,0.3855196594736874
11278,0.40194222387319295
11282,0.5112015792112667
11283,0.4037900722046037
11291,0.4300129066283141
11293,0.5263576305558191
11302,0.4790841678133765
11304,0.4876276956031436
11305,0.45318271518211956
11315,0.4817273224356247
11321,0.30964337825548227
11325,0.4622897098949433
11335,0.4022005585630982
11341,0.4460060908296397
11343,0.48655077155988835
11344,0.5438412848205736
11361,0.3958315625819699
11375,0.46036771314083325
11377,0.48525082384714335
11379,0.4960182067004062
11380,0.5410440129570633
11391,0.4381757648465026
11393,0.4007440688645879
11394,0.48598814502735627
11398,0.46376035827770695
11399,0.41910208413463296
11408,0.3686688113088159
11412,0.3538208455409723
11420,0.450785342008281
11421,0.508275366436316
11430,0.42356377936088996
11437,0.4466835301728118
11446,0.46753948557532077
11471,0.40131482782968547
11472,0.4771992367820747
11475,0.5122050611873554
11483,0.4394187126449481
11492,0.4420993839064583
11497,0.36560282414082096
11498,0.4200859203213455
11502,0.4721390133274167
11504,0.4740532697082256
11511,0.3632934200793027
11512,0.40909750380578397
11514,0.4182585383222756
11522,0.5039275608448106
11524,0.4493103865710404
11533,0.3877859263305015
11534,0.2042562520513496
11541,0.40760223086548286
11542,0.41883271440416
11547,0.3906835529958789
11548,0.19312465835914758
11566,0.6139122765685582
11572,0.5052986162007036
11574,0.455936953394895
11576,0.4900036404683564
11577,0.4838268412276128
11580,0.4253937100004817
11598,0.4503444893848703
11603,0.3985876130388311
11613,0.4484365097651813
11614,0.4965901701990055
11620,0.4303058517186518
11621,0.4591087791502044
11622,0.39394291070520987
11626,0.44652124671896865
11630,0.4134538014547593
11636,0.4251878303218768
11637,0.4356543810226669
11639,0.25920802229903933
11647,0.3670786813762299
11653,0.3903048461180616
11654,0.3514828591543141
11660,0.3556486180399633
11664,0.4785382635966613
11667,0.45571734879857034
11679,0.5354723504855428
11687,0.47719848972225426
11691,0.4043662808751719
11696,0.45390121658248683
11702,0.4951733462572468
11703,0.4757964070396167
11705,0.46588484034583033
11711,0.4700809017737204
11716,0.3053332277901497
11717,0.5253064873343554
11722,0.4179403251944349
11724,0.40366533720783315
11728,0.4892688839679865
11737,0.40840547984695524
11738,0.38577473168098847
11744,0.40326372199210125
11747,0.5102252179146232
11753,0.4773495533657476
11757,0.522776554549477
11758,0.5099712929362322
11760,0.4516087124974541
11762,0.4145567584998709
11764,0.40816373683597085
11768,0.4227782289874863
11773,0.5050561816580748
11774,0.4946261444243987
11783,0.43820138046922685
11785,0.41441775361514066
11787,0.4446828227258455
11791,0.45583346526877166
11796,0.3840295467331227
11797,0.21821885655266077
11798,0.3992866466706939
11803,0.5021466647128423
11808,0.4064733677400866
11810,0.47839587216665186
11814,0.4968758823303332
11822,0.5287061840070114
11824,0.44863910725361117
11829,0.3997281467456346
11846,0.40880795734609626
11847,0.41869862808252206
11850,0.5077890591633107
11853,0.4217787681927353
11854,0.449681790117931
11857,0.3900545646536564
11862,0.40340161002239194
11883,0.36657369300000087
11890,0.4482349415724
11909,0.3767941040715151
11913,0.5392862911030989
11917,0.4005551455091427
11919,0.38723590141131575
11920,0.43258791826949855
11921,0.3378425086632542
11928,0.3710011782698184
11929,0.4183362344170586
11935,0.43512640762074306
11936,0.377800840075604
11939,0.4386805700044613
11942,0.381998469433954
11943,0.39372159638465215
11946,0.41583987264549
11947,0.43762069749413285
11952,0.4337239371909351
11956,0.39344175651316954
11959,0.5156524280871554
11969,0.4766744977227074
11973,0.4257354638775385
11974,0.34163862668080147
11975,0.4746134486747397
11993,0.4318569525927352
11994,0.4363433897351103
11995,0.5284621797880759
12002,0.39632714948485037
12006,0.24145470193816973
12007,0.38073067861718374
12014,0.43472139246260144
12017,0.5369479257038314
12021,0.47243767310321966
12023,0.5068799404796631
12024,0.41106816524417467
12027,0.48436649077127497
12034,0.4686203588101603
12040,0.40436605149751714
12048,0.4761847331436715
12052,0.4124051815481037
12057,0.4465507321310049
12058,0.5420737165397227
12061,0.4059471817236869
12062,0.40985409633473957
12064,0.4374650882072253
12071,0.4358341851150568
12080,0.5216150530109638
12085,0.392892766316812
12090,0.44557138249702427
12100,0.4600598915703111
12103,0.5602503716863986
12104,0.41125173576480967
12109,0.4678831951288193
12114,0.46591778726609495
12123,0.3846865273640829
12124,0.4788541851239691
12128,0.5037265758230802
12132,0.44375137501157413
12135,0.41931386544665605
12140,0.5580232493288689
12149,0.41624306585770454
12155,0.41298792838650655
12158,0.29099998902376145
12161,0.5433819869549796
12163,0.5985794629719416
12164,0.42193047250068116
12174,0.427837970302758
12175,0.44132710726660385
12179,0.5141400641681105
12183,0.4239385081437159
12184,0.49474846641658965
12186,0.47420648523088293
12190,0.3936316804826123
12193,0.4402669533537867
12195,0.44593201498052065
12196,0.41612582612649257
12205,0.41577958924946046
12213,0.45054405398067
12220,0.42021226517252247
12221,0.4087405637361947
12222,0.43938623233219687
12224,0.4098320424324033
12230,0.48753750408327884
12239,0.42485717669224315
12242,0.4028073836128463
12244,0.39395876477931213
12245,0.4484790151327694
12247,0.41244441996511655
12254,0.4912194637172948
12258,0.3942324853605344
12266,0.44277230089649294
12267,0.42017089539114677
12272,0.5797876070522484
12273,0.42733300380713607
12276,0.4535241245378594
12277,0.4285323821509958
12283,0.3570446568146962
12289,0.48022724543225415
12297,0.3889596599026479
12300,0.500574688698359
12302,0.3929610204903718
12310,0.41369270785084195
12312,0.4032103477851917
12314,0.40899466216023456
12315,0.3949103546442982
12327,0.3872200604244091
12329,0.4180091770877316
12332,0.43258701450839565
12342,0.5349049015571938
12346,0.3792567593543915
12347,0.5096435059117175
12349,0.3892017255076261
12350,0.38644699023788986
12354,0.42974401207847124
12356,0.23564917162231996
12359,0.42917510344379495
12360,0.5454241352443837
12369,0.4417929957317444
12372,0.3437077069136298
12373,0.39467631656118257
12375,0.4340101123925437
12376,0.5468380310023092
12379,0.46121199402154767
12382,0.4484833070877201
12387,0.5367877017505447
12389,0.4261939447110891
12394,0.5644257021492178
12395,0.42662631144316043
12396,0.4829646050421365
12404,0.3845164041616536
12405,0.42607019136009733
12412,0.5488219246504396
12419,0.45642194001371345
12431,0.4161805630085689
12440,0.42882065016673176
12444,0.628159330487768
12447,0.36395052548937046
12452,0.3748083266148619
12454,0.4321022379111602
12456,0.5274100343895951
12461,0.49307053011020985
12469,0.38608566948752965
12472,0.5610450952726578
12473,0.38364631094716584
12474,0.3910150912744441
12476,0.43211076709212237
12479,0.43811225371050755
12481,0.4994454031182559
12487,0.42141645015839835
12493,0.4533707515205964
12501,0.3846068432163093
12504,0.3863906466892313
12507,0.4026859553677929
12510,0.4212248548996718
12512,0.49867092592385803
12520,0.41591493265567175
12526,0.4183164102361503
12529,0.34811003119556944
12532,0.38663048735628275
12533,0.5023529923709183
12544,0.4894183210509376
12546,0.4305835131720757
12551,0.42869442599538404
12555,0.5229019072401585
12576,0.3931926117402716
12581,0.5033204788308597
12588,0.6037776603992896
12593,0.23782417761517546
12594,0.40508437788003265
12598,0.48522961216267796
12599,0.4634124568078878
12601,0.37571930489688377
12610,0.4675478179346602
12622,0.48352296091178704
12624,0.4093072850098519
12625,0.42564481219994105
12629,0.5337450441291504
12632,0.37537704238750647
12634,0.2984611283124866
12635,0.40739868888451225
12638,0.42974097466069494
12640,0.3682595661395749
12641,0.4226541471939643
12643,0.4138254724027586
12644,0.5489974802105675
12647,0.39970752114542035
12651,0.45578003881743795
12657,0.4140473320871311
12658,0.40966299599306294
12660,0.41224755996439705
12661,0.3806420084428451
12666,0.40640085189550473
12673,0.3060378352116864
12678,0.44608756143383466
12681,0.43535773935199146
12682,0.49457933158301776
12684,0.44000665892111834
12689,0.4322308167619624
12699,0.3728747519005843
12701,0.4477216480726547
12710,0.2443496642022906
12712,0.4842773189777536
12713,0.40844962484597597
12715,0.4620133426334213
12716,0.4122188611868258
12717,0.5305567011761096
12718,0.458440770999436
12720,0.41630200271326545
12724,0.39861664135134056
12725,0.45426303276696184
12726,0.39659141803499054
12741,0.41450988096094604
12742,0.48039767533300676
12743,0.47774559181307225
12748,0.4625239283641698
12749,0.4694836824515864
12751,0.452940769449477
12752,0.38946336102438894
12756,0.43997722678026707
12760,0.42267490307869393
12761,0.4330385417717328
12764,0.4550741263892104
12767,0.5325783897112454
12774,0.46271151418129486
12782,0.40570194147457805
12783,0.4319677970992358
12784,0.3757637367866407
12785,0.43358876426305926
12787,0.5658448488358913
12798,0.40145329068245966
12805,0.40865608885068616
12806,0.5252056019675941
12809,0.4416519037911446
12815,0.44392374469431956
12820,0.3485841613980111
12824,0.35494149490832433
12829,0.4211732733997837
12833,0.4315128052701082
12841,0.42584148615003015
12843,0.41828269346831093
12847,0.40222725500246753
12848,0.42300341979828704
12849,0.5029437542735481
12852,0.49211703704841275
12855,0.4571062433407614
12864,0.46033035838720343
12872,0.5343218168214101
12873,0.4271113154642486
12874,0.43321951033216477
12877,0.5359223262809217
12879,0.4015503595010656
12885,0.4026772050671117
12893,0.3824968521553771
12894,0.512107513435559
12895,0.46466223290786546
12901,0.3982199273228951
12912,0.39787628515325246
12919,0.43105698211785887
12924,0.4191305540493051
12929,0.4268298201759596
12931,0.43288093706824604
12945,0.3869940712602926
12958,0.4325758413038696
12962,0.399216939629049
12964,0.4546865641681381
12974,0.4111076152968597
12976,0.4942639394415495
12980,0.42555955732493217
12984,0.4820626174906322
12987,0.2867845125436819
12991,0.39945505779124957
12995,0.530454044845243
13001,0.48439449507056537
13005,0.4323982047649231
13006,0.46796028252180216
13015,0.42579260969319355
13017,0.37165140995897156
13033,0.5798589782800017
13034,0.5171808291496697
13035,0.4457291567437969
13038,0.45532630419312264
13044,0.41720783351871643
13045,0.3996661235447378
13052,0.3901203300803535
13059,0.48618010255068006
13060,0.4021180263296278
13061,0.5293342198135322
13066,0.48306678887377147
13080,0.4798570830816503
13082,0.5010259062164415
13105,0.4520969689221037
13106,0.4928945972388567
13121,0.4615924481069736
13123,0.4864803488619377
13125,0.4152178670803568
13129,0.4064791387473239
13130,0.2369225966173745
13132,0.5055975720657105
13133,0.43723634428595515
13135,0.4354716078350904
13141,0.4100435682710363
13145,0.48335848107065416
13149,0.38170077298366273
13153,0.49658357701952194
13158,0.4605871277936472
13159,0.42676990940785287
13169,0.4758611223177633
13170,0.3811046888698882
13178,0.47979038784898415
13179,0.42943996338655177
13180,0.4306031582005813
13181,0.4174730436683242
13183,0.3656736135074379
13196,0.42495214202332277
13200,0.4372172051500424
13202,0.28512582409278064
13204,0.3673414365404836
13208,0.4263864648211592
13212,0.42286721312627373
13213,0.4300809488296167
13218,0.4576381011330317
13225,0.3565920865010744
13229,0.44553701346975444
13232,0.41583248524541105
13233,0.4320086412488921
13234,0.39598974546279175
13249,0.44837704738593137
13253,0.5362304718367441
13255,0.44199709653896524
13257,0.4811145430069038
13266,0.4511525439654175
13269,0.41300974181662675
13270,0.44866723269658976
13274,0.43526773603875296
13281,0.46155471136474074
13287,0.3887240587751949
13305,0.47641772349668576
13308,0.4360920776992229
13309,0.5153291982608482
13310,0.5675343409436906
13314,0.4512918731351109
13315,0.5191411895804771
13324,0.27704214194968185
13326,0.41759812106077976
13333,0.43834823868988104
13336,0.2633630556784071
13345,0.354237925146926
13348,0.4640345875289536
13350,0.4871156262776076
13354,0.5502649368199694
13360,0.43657468497969554
13364,0.4527552201987548
13366,0.4949887299799394
13368,0.4453383467448496
13375,0.36641205374112834
13376,0.40647704476372815
13380,0.4633029297789172
13382,0.388766285024849
13384,0.45150721232743507
13387,0.5432185444059574
13390,0.1956146239752602
13398,0.3762363416227102
13403,0.3615013613375501
13404,0.43897813141919867
13405,0.40081832174374943
13409,0.5541526520370514
13411,0.45467607475578115
13414,0.4171013531479049
13416,0.4429495119626195
13417,0.49194024935785025
13418,0.5598738734060865
13422,0.4219058823043696
13430,0.44716403879039435
13435,0.4213583433041279
13439,0.4358861316711636
13446,0.3672698578078798
13448,0.5130354092371068
13449,0.4058182034164075
13451,0.4327589834193427
13455,0.4214120424734945
13468,0.5313842300215773
13470,0.4111458982582497
13474,0.43270423042145567
13478,0.5116325438758019
13485,0.3919177160551104
13488,0.4922484282014111
13489,0.4701407389913231
13500,0.48542822254094503
13505,0.388455856606515
13506,0.46335685983189284
13517,0.44653116700190926
13518,0.2560008527781207
13523,0.4135344382715255
13529,0.42181073499650923
13532,0.48098712382425307
13534,0.5018137966289428
13539,0.4468697185018018
13547,0.39749064465668943
13548,0.4601590899671955
13550,0.45604387785660977
13554,0.5131130818329562
13555,0.4699947783888262
13556,0.47246605665177704
13558,0.5535710711665187
13562,0.40713669251551077
13566,0.36369481461835435
13574,0.5005444551451022
13576,0.4481583455884281
13577,0.4077990802227228
13580,0.5441243412010958
13586,0.4256256373650908
13598,0.47606294142826905
13600,0.4032003794417727
13602,0.40238266191558253
13604,0.4221793216993829
13616,0.42076265552887726
13623,0.38086176628064466
13627,0.45092834815466226
13630,0.5066220667451469
13633,0.5209351693474747
13635,0.5022564196173077
13636,0.5421823021430994
13640,0.4150900470927871
13642,0.4993266581333926
13647,0.46940839443845667
13648,0.46386570173263736
13652,0.3803879759878938
13659,0.5180215368514623
13660,0.3639399646590724
13666,0.48895621250764465
13667,0.5089388609982426
13672,0.4151029385043021
13673,0.3965816284699351
13675,0.43361428287663256
13678,0.5351465157463082
13682,0.3195375781119175
13684,0.48412468907834044
13689,0.3891453033488399
13690,0.4271232035570563
13696,0.4158024194401201
13706,0.4687221209489623
13710,0.6343955222646488
13711,0.469753129508671
13712,0.5370589519433117
13717,0.40561267538436413
13718,0.38640192757475444
13719,0.3764406936029701
13720,0.20559755146360562
13722,0.4386926265977025
13723,0.4769067131096331
13726,0.40738062866239383
13733,0.4210891228145374
13739,0.46896286846006546
13743,0.45870782194968707
13750,0.47132660959272515
13751,0.32551004789748766
13754,0.6031553849892214
13756,0.4202955724783958
13760,0.4166471661061948
13762,0.3938422516691482
13763,0.3972112123042666
13766,0.39650341730013217
13767,0.494984335307613
13769,0.2388181858371599
13770,0.4112000097849542
13774,0.4489436509880258
13776,0.42389756293702846
13780,0.49642630154682493
13784,0.4370120227180932
13789,0.4304336855669685
13790,0.3966758453160463
13792,0.5729097930676192
13795,0.4498131709859182
13797,0.39854893223643323
13800,0.419532404903253
13804,0.5428369490994802
13815,0.43529265098316683
13816,0.5421779079278549
13817,0.47501352726637724
13820,0.46852660292502274
13824,0.49227777949719553
13830,0.3765092438373047
13838,0.4826983427204637
13840,0.45281924794970047
13841,0.4209204759353433
13842,0.4842444174721586
13843,0.44327502358715326
13849,0.5301255098275464
13852,0.42294061678844314
13855,0.47276451417447474
13858,0.42491444661418376
13863,0.43442971370503514
13871,0.38448942724208635
13872,0.4405895549728786
13873,0.4004529659156792
13874,0.4381306572482441
13877,0.445810645115435
13879,0.3438624366069516
13885,0.43739696225771363
13886,0.4401464331643762
13892,0.46587843009451296
13895,0.3697970088734174
13906,0.46738122939699744
13907,0.44231493503772445
13908,0.4716208996821784
13909,0.38218789253199786
13911,0.3794135293393163
13918,0.42508871365844714
13919,0.4119804056702973
13927,0.48260365364615654
13930,0.47249519811062257
13931,0.4442276754267383
13933,0.44931568429273205
13938,0.4444845349149318
13943,0.47020044555297696
13944,0.4391441988984014
13946,0.41491118280712785
13949,0.3075567667156174
13952,0.5902276016350249
13957,0.5196065126162367
13958,0.39951856375341394
13965,0.3918173623263501
13970,0.37550444993361154
13972,0.4165582622559522
13981,0.4132632413631411
13983,0.20114594338471461
13985,0.3958689398541263
13986,0.2937638683926258
13993,0.4172843627815548
13995,0.41277884439523743
13998,0.3721401327810323
14000,0.46863650059249173
14002,0.48536856148101704
14003,0.41353284583430444
14019,0.444783565504876
14021,0.5396174748098097
14026,0.46765599462053553
14031,0.517698755068692
14032,0.532660573243304
14034,0.39891263290594403
14035,0.4645273707416343
14043,0.3880185722664046
14046,0.5146376648369061
14048,0.4615994659777662
14057,0.49454947841441227
14065,0.4294529341624332
14067,0.535946851651209
14082,0.4200876503078246
14086,0.4311864669268132
14103,0.4751928446356761
14104,0.6075150607362277
14106,0.4428566442178517
14107,0.48246134573992205
14111,0.4664659532201922
14116,0.4216754939777021
14118,0.4301433445892652
14119,0.40856341638867183
14122,0.4033219423512099
14123,0.42497610233539795
14124,0.4275578678853102
14125,0.49526926875405763
14126,0.4424228422789418
14127,0.4116266671079339
14133,0.45944531939649846
14137,0.3861713179361342
14139,0.41299661343605476
14143,0.42080127960687846
14148,0.3973810065296808
14149,0.4031872989110191
14150,0.4156863351488542
14162,0.5343367666681399
14163,0.4251661355627928
14164,0.40874550015121514
14173,0.5471196982520143
14174,0.5412297776907334
14178,0.39384512170926633
14181,0.4204050243059563
14186,0.5200560151007779
14187,0.475196892780789
14188,0.37872687069198535
14192,0.43494549350334394
14193,0.3834176667685508
14198,0.5353488114179583
14200,0.4594409261515074
14201,0.4924636255216475
14208,0.4678961220408278
14214,0.5496734521533035
14220,0.3614329647024156
14224,0.4406065262390751
14229,0.42511713837382475
14233,0.4087817844951449
14241,0.420582721581914
14242,0.44646658161222363
14246,0.3870373638389548
14247,0.3619137263737639
14250,0.46753759131315387
14251,0.46071965182941094
14254,0.4786764001670407
14257,0.5251889543637575
14259,0.48256820834536235
14261,0.4731296325729621
14281,0.463545419147375
14282,0.47158261117482775
14285,0.47964848634946816
14286,0.4221626259841942
14293,0.43662506230095005
14297,0.4565160063205431
14298,0.3503214675653225
14301,0.38412605411007456
14308,0.3934591857515732
14311,0.6274803806849031
14313,0.552155191124123
14314,0.459460903065184
14315,0.4050905088534986
14320,0.39155582474729334
14325,0.4346072697283494
14333,0.37473110383619884
14336,0.5153316912410912
14338,0.4311154087148723
14354,0.506316637045412
14359,0.4828192708377933
14361,0.48907265144732387
14362,0.4159385436036574
14363,0.4533408619945601
14369,0.5625749237174263
14370,0.5271203557506289
14376,0.35923402599180093
14382,0.4972118645037218
14387,0.33024563530833595
14389,0.45290913175517056
14390,0.39836723444465055
14392,0.4595213540637553
14393,0.32422385647111485
14396,0.4492058031194238
14407,0.44758410156669
14412,0.2629653030707823
14413,0.47743578809135506
14414,0.3334901730308666
14416,0.4306453269538178
14417,0.4357656296461155
14423,0.49824051703234085
14427,0.46196771399893727
14430,0.46639561049072703
14433,0.38013988084652034
14434,0.39270554022847165
14435,0.4635397868746886
14436,0.4084608805811284
14438,0.3753123417500147
14439,0.4465812257471496
14442,0.3532537765654804
14444,0.44813261304457924
14446,0.42609714687544825
14449,0.48210683886271655
14451,0.40561832997386754
14459,0.4642215629707771
14464,0.44495460234857653
14467,0.4565913577135818
14469,0.4491174527630257
14470,0.4893604364585453
14471,0.533190449041484
14476,0.4090629453485149
14477,0.43945105851411803
14479,0.43529442052568934
14480,0.5289247053620929
14481,0.4044162847373488
14485,0.4503823546981709
14486,0.3681666632648042
14493,0.4777372880927651
14504,0.5196566645457672
14508,0.5552386232321352
14509,0.5722124896090274
14516,0.4692400148486062
14520,0.4139611004478202
14522,0.542171476714354
14523,0.4109770712100097
14529,0.4589478874882321
14532,0.4071661753949148
14537,0.4141650521807347
14540,0.37315166577025183
14541,0.41533407765831193
14544,0.3967270844880339
14548,0.36029848504515016
14550,0.5147380786836426
14554,0.4798797138640056
14555,0.4756236986672224
14564,0.39585336683081096
14571,0.4767459001193936
14572,0.44668301510370656
14576,0.43759072425561485
14580,0.5656353539869675
14581,0.42836418171895574
14582,0.4786423664135415
14583,0.403166667271679
14586,0.4129168153664493
14591,0.4697545701784648
14593,0.4478580800126731
14594,0.3985209713363779
14601,0.43330530489660446
14602,0.4341908110536851
14604,0.4677428774758214
14610,0.46848424416069195
14620,0.37476691556879366
14622,0.6285784738706484
14628,0.41384900545615444
14629,0.5096497966230613
14630,0.3847654101954636
14632,0.5712998121795285
14634,0.35560097386931316
14646,0.48074210346095475
14648,0.47008456064144916
14651,0.39877963453781184
14658,0.4916374931067468
14661,0.4266988538883856
14666,0.40380486686641587
14672,0.5576657038714415
14673,0.38213765367664054
14680,0.40633680343343825
14685,0.6480929860389051
14688,0.4867058992535598
14694,0.45995031298536937
14695,0.5224717390552049
14702,0.454436707857526
14705,0.4063403402783025
14706,0.48666952624237614
14707,0.5167235302121456
14711,0.3979542454500535
14713,0.4192075170280458
14714,0.4087206482217589
14717,0.39042026512193245
14722,0.46762631453388837
14726,0.39959010287939384
14735,0.40433860295384283
14736,0.4302788128958468
14742,0.48490859358111776
14744,0.60173547772579
14746,0.4260337463893511
14748,0.4571945185738644
14751,0.6110665105508635
14753,0.5319392793646915
14754,0.4641410425162886
14759,0.4829175642158497
14764,0.46739403789741096
14766,0.4383397001866509
14767,0.2908514608146281
14768,0.4622688375948046
14770,0.3429386659847964
14773,0.6183927189915437
14777,0.45698762824167993
14778,0.4307056540567772
14779,0.38058789717037633
14782,0.4793329277095068
14783,0.4676712826778007
14784,0.4755208814894955
14793,0.4670183641797898
14795,0.443998203304708
14797,0.4947303346303242
14800,0.42316439420645224
14802,0.43079483975994265
14803,0.4185310335943987
14805,0.6306883488191961
14808,0.5300238200717969
14809,0.4391987470254165
14812,0.6024919313692593
14813,0.579092451760814
14814,0.4724926000752626
14818,0.5054634486614185
14819,0.18807768441325948
14820,0.4294303173842822
14821,0.5551928793360749
14822,0.5166744567609294
14826,0.43112282396813717
14827,0.4750404239647373
14831,0.4648685046945096
14832,0.415869944014058
14839,0.4303665109646298
14842,0.4749476427023856
14848,0.4347115153316391
14849,0.5170609601213821
14855,0.4758564127555197
14856,0.5783045606759472
14865,0.5273344163339378
14866,0.5649170915915882
14869,0.43335720747188455
14873,0.45375933200338703
14877,0.3842614985021562
14881,0.4672598443693156
14882,0.5012198146029593
14883,0.4484378060165833
14885,0.47398686493179987
14889,0.4934898570774174
14890,0.4703798437324723
14892,0.47017392578242906
14893,0.3425628107288887
14894,0.44322125620643843
14897,0.46554079937597315
14901,0.43161572499251455
14904,0.36911662382485927
14908,0.4747058628299424
14914,0.3987253312425797
14916,0.2462583830463806
14917,0.4441475243507577
14918,0.42586582044380983
14923,0.479191795653326
14927,0.4526573823944135
14929,0.448164051885797
14931,0.4174342216894679
14935,0.5150225044454614
14948,0.5451785067265476
14950,0.4306266116703019
14951,0.4944376917005656
14952,0.4779178501825985
14954,0.48473714829666337
14960,0.46609116104668485
14962,0.3863558125921067
14970,0.41896482359458964
14973,0.4211620697871713
14976,0.4657199970961549
14978,0.42504811398484244
14982,0.4497253751342736
14985,0.37171937549373657
14986,0.43712034413400197
14987,0.26264242538064614
14988,0.6022631250252085
14991,0.5149114783659536
14997,0.4200065640907612
14998,0.41153737809095325
14999,0.5152423674212941
15000,0.35511281150720003
15005,0.4663840017652464
15006,0.4235437996084309
15009,0.4736454091799109
15015,0.483032900773019
15018,0.40682494143992365
15029,0.5690328435614792
15037,0.499337896590512
15041,0.4157339346500818
15042,0.4283998360986374
15047,0.3978655606527843
15050,0.4397576305947571
15053,0.3835191449871982
15056,0.5435159581674316
15057,0.4648912661513047
15058,0.4216371683833144
15060,0.4685610146417853
15062,0.42495301599510116
15066,0.5545641722592738
15067,0.4585953404386059
15068,0.46155072136172703
15069,0.47986070041468004
15072,0.3932380673513313
15077,0.46060666980406617
15089,0.4264866817948787
15093,0.39915747425638054
15099,0.33817223094070414
15101,0.48678011910931274
15103,0.47046310164518546
15104,0.5086671836841693
15105,0.4509908629781832
15108,0.3729438108918823
15109,0.5248938656430502
15112,0.40797543933608976
15114,0.5073194189888055
15117,0.4374971711585755
15122,0.3739399192597561
15130,0.3555755412365136
15132,0.43217465705596403
15133,0.493581867901212
15134,0.44404295742339395
15136,0.5079088854246403
15137,0.47576273057118684
15142,0.5609179100889709
15145,0.40606923395176303
15146,0.4546572662773839
15147,0.40798411132365386
15150,0.4685509283227105
15163,0.5788916653938709
15165,0.39699220109805206
15167,0.4105997026575824
15168,0.41159202083700847
15173,0.41805137507974904
15181,0.425123598150476
15183,0.48753878311074034
15185,0.46301564030812914
15186,0.4882274643018898
15189,0.4504798856302422
15190,0.4831323652802307
15191,0.4597237761710287
15193,0.45437529673120464
15196,0.4505935237839991
15199,0.45012795118884724
15200,0.5544360217804776
15201,0.489174972792195
15204,0.5347023393271386
15207,0.48362843585081433
15209,0.4173032963323895
15212,0.5118852146200776
15213,0.46368153532558715
15214,0.4153318958266995
15215,0.562260506488667
15216,0.551375169572065
15222,0.45023037686024897
15223,0.5284942948391975
15231,0.4214074176202692
15236,0.5062646149591314
15240,0.4944294156308935
15241,0.48654235301410453
15242,0.5973704130262303
15243,0.4332472803427941
15247,0.47210118858236766
15250,0.43573412800571676
15253,0.44845907753598263
15254,0.43291587012859334
15255,0.4992013660604752
15260,0.4180645354868659
15265,0.4239672805704918
15275,0.31077684939334455
15280,0.46991600626181457
15281,0.5755068823062777
15282,0.6197316665863466
15283,0.5262708183643717
15284,0.5206932290944766
15292,0.4153733655070817
15293,0.3714164423104159
15300,0.5919926101160548
15301,0.4266143666652335
15302,0.5467017195967755
15303,0.4077500099507315
15306,0.42492569421976767
15311,0.43783581980793856
15313,0.4244012591212191
15320,0.4482855083256178
15322,0.3627191264871996
15324,0.4269969991258102
15327,0.4721831382328185
15329,0.5323677193985794
15340,0.48600898419865485
15349,0.4566260518262635
15355,0.44086571296402416
15356,0.5194715988706775
15359,0.4868640761186087
15360,0.5258339968157323
15361,0.4326623381371726
15364,0.5126740366498536
15367,0.473935018233657
15368,0.4713326116653743
15372,0.48212415838372713
15374,0.41638900172079474
15377,0.5366971366086092
15383,0.4455414849735583
15386,0.40273663639945084
15391,0.5529313278674908
15394,0.2948845440459456
15395,0.4326112370660741
15396,0.43265761666854935
15397,0.4589170330187742
15400,0.32490644716441336
15404,0.4097852593440992
15408,0.40109405576690216
15409,0.4189788960765024
15411,0.44168279896591833
15414,0.4964156258153301
15416,0.3536457499828352
15421,0.30245874188531663
15423,0.3674789088477353
15425,0.37209149806084985
15426,0.4303376088467604
15428,0.5011366079671965
15429,0.40442356577689287
15437,0.5149642552411929
15438,0.4385887725120456
15449,0.4204027606526147
15456,0.4827964932368322
15459,0.5191850413329071
15460,0.45833280121157544
15465,0.5029677861484686
15466,0.4824847613342433
15468,0.4655963565964826
15469,0.4640989311886134
15470,0.429732696841934
15473,0.42257485105470743
15474,0.4866592779942443
15484,0.3862878771362736
15486,0.4262039311685213
15488,0.4060552807413956
15489,0.4211238969986581
15493,0.41782091624949336
15494,0.3951512431756018
15511,0.4369683365521795
15512,0.5864986833952842
15517,0.4655260571616868
15518,0.40663577073613544
15522,0.28353251421874587
15524,0.4524924693796394
15526,0.3860086677394676
15527,0.3846592063524962
15528,0.4150502370009057
15534,0.4661675024166676
15537,0.5511741191461835
15538,0.3796589077769725
15541,0.4024176056333626
15544,0.4328635225867088
15545,0.4493581135983937
15546,0.46962412140092397
15547,0.4017966778532158
15548,0.466569404292579
15549,0.5950929910173298
15550,0.455674107508157
15551,0.5509968464101082
15552,0.40943099113183856
15553,0.43772988457937245
15562,0.4547241490442314
15563,0.5029728162592195
15564,0.4463646524424672
15567,0.5014133236231127
15568,0.4308898114268495
15569,0.504328405789011
15573,0.46947647285226146
15574,0.38433894173622946
15579,0.44156654629517916
15581,0.40053516613977797
15582,0.4436769422739888
15586,0.41725508032618897
15589,0.42377763044518807
15591,0.39815035535298315
15594,0.40629161361006566
15596,0.3778449783224586
15598,0.473366860415027
15600,0.40139049779665187
15603,0.5705823191043443
15617,0.42869130006977924
15619,0.4610433836929785
15625,0.3778247792376284
15633,0.5313763961189267
15636,0.438268127312426
15637,0.40324037317481676
15640,0.41443596241782
15641,0.4117960829619415
15642,0.4057614262953821
15643,0.2526206315759962
15650,0.39238734137090375
15653,0.41470136800204493
15655,0.5048797156803847
15661,0.43354688115521595
15663,0.4459618476950502
15665,0.4850895683278907
15667,0.4575613940332609
15671,0.46707561680474685
15673,0.45173554037231717
15676,0.42551857838776613
15679,0.5345585108972682
15684,0.49509981527917013
15685,0.487030627994857
15690,0.4212769019638086
15695,0.4325735017000411
15699,0.5815640266364805
15701,0.5512572043635862
15705,0.4925185777553734
15709,0.41579710653657304
15717,0.42158068224755046
15718,0.5026543906376113
15724,0.47297542638461293
15725,0.43698071277365286
15728,0.4752439207612419
15729,0.40888046768454744
15731,0.3671396422271205
15732,0.4758808375602916
15733,0.4495504469841533
15739,0.4745531480265663
15742,0.36200366697050435
15743,0.4337378666449304
15744,0.401761145840757
15745,0.4567139282368488
15748,0.5384576148301367
15751,0.5243360054036393
15752,0.4452630085696368
15760,0.4331356342807146
15761,0.391672256523097
15764,0.49702258605980704
15766,0.5444296644673701
15770,0.4007455759725734
15773,0.525605008126751
15777,0.4457624322678202
15778,0.4577410824302385
15780,0.4990148011902964
15782,0.5620311392679594
15783,0.46888141814885814
15785,0.38669445018060317
15787,0.4587976796727039
15788,0.4921512020371532
15793,0.42043442430476735
15795,0.44222610498108644
15798,0.6351591607904421
15801,0.4781867553076289
15809,0.44483857541340055
15810,0.4035547573126174
15814,0.4878748661471695
15833,0.4461830549188941
15835,0.499343284030607
15837,0.3779028212669166
15841,0.4584589256727433
15842,0.5396467737373123
15845,0.41322513270653666
15849,0.4174197818337842
15850,0.4017375336867907
15851,0.4103831540192776
15853,0.40388105937781416
15854,0.43217773026148815
15857,0.40992012877367257
15861,0.5716710331842129
15868,0.5007974230510736
15871,0.4310967424260096
15873,0.40088989830153265
15876,0.4072876818663058
15883,0.3980862339529578
15884,0.49780628610747285
15887,0.27344644893770687
15888,0.41411515378112357
15890,0.35614432308149063
15891,0.4680901053920378
15892,0.42169011357407543
15893,0.42627261534762995
15897,0.4227387140264744
15898,0.5587705389778743
15902,0.4732055927887867
15903,0.41764438329250736
15905,0.44807945710982594
15910,0.43324188696129545
15911,0.4427764476169195
15912,0.48113718665704575
15916,0.39848801627577024
15917,0.41917539218513744
15924,0.500783005768461
15930,0.4953908195143493
15932,0.4727276692905945
15937,0.4519172798006895
15940,0.4102598238657421
15942,0.49451701140860105
15943,0.4735997370324611
15946,0.4592823084068719
15948,0.4053785725622887
15949,0.41856665453949354
15952,0.4323712787610699
15954,0.4021864818004077
15956,0.4125428874887886
15957,0.5741283133504875
15960,0.5105785379657476
15962,0.4119315068562269
15965,0.40010579874458996
15968,0.46097182339557785
15969,0.3931083910377501
15975,0.4139447094485891
15977,0.5469917411642016
15982,0.4823378883102848
15988,0.4532228429841826
15990,0.5457982275247037
15991,0.4105215030957552
15992,0.506667071643153
15993,0.534284855821926
15997,0.47854065236608634
16003,0.4030349961230158
16009,0.4308727708354333
16014,0.4017981454908011
16015,0.4656411325001117
16016,0.4746506875482387
16019,0.5020166683281425
16026,0.38483700266566245
16029,0.5537324211365494
16030,0.48597673234302685
16031,0.4921942398140804
16032,0.48121275050236934
16037,0.3878789150097633
16045,0.46933186979119057
16049,0.4292246765577464
16051,0.4303097802757522
16055,0.5953041888726021
16061,0.4597992055427361
16064,0.4843795390912634
16065,0.4926616405501719
16076,0.5118997059788168
16078,0.477673987140228
16085,0.41088975144305934
16087,0.5535006099865821
16088,0.6225811104774548
16091,0.48688212384463303
16092,0.42061532896999226
16093,0.4674126337300427
16095,0.4255716819838553
16101,0.35898554944243977
16102,0.47525923069092274
16110,0.5932685879597169
16111,0.43028974894486743
16113,0.3424952225570038
16118,0.43617284862930633
16121,0.5250974531761655
16123,0.4566259864928987
16127,0.4023137440721864
16129,0.43241069733251214
16130,0.5140512610606994
16133,0.4370156044129338
16135,0.4056870333500819
16136,0.38908583616611986
16137,0.460762785030766
16138,0.338342815019379
16140,0.46310606879087557
16141,0.5511432526353376
16142,0.4284312483209058
16145,0.4685576363244959
16147,0.531747201420186
16148,0.5375705954738054
16149,0.41608242263235296
16163,0.4778753048930291
16166,0.40512137917830293
16169,0.3793111044916003
16172,0.45244288450862524
16173,0.5366392711775966
16176,0.4405071221154708
16177,0.4293919977716723
16179,0.47322331602866996
16181,0.41412988609503915
16182,0.540471747499061
16197,0.4497883070839315
16198,0.42202188385016093
16199,0.46291869810282443
16203,0.47779543943626207
16204,0.5497907728628518
16218,0.24563094904946645
16219,0.5956826249565413
16226,0.5059232539719684
16227,0.3860852429313671
16228,0.44264055195344704
16229,0.5288415042639741
16230,0.45147929582314644
16235,0.4157962187111497
16237,0.4302038067337472
16240,0.36478300945443337
16242,0.44318141811892
16246,0.4737318929660664
16247,0.4894206420154989
16248,0.4536795473942763
16254,0.5503935048008445
16256,0.6009375177629261
16258,0.47457994247673246
16260,0.4289521194486417
16266,0.4908553293393957
16270,0.4286358053922452
16271,0.42370664451408957
16272,0.4479368324259362
16274,0.38417830234975164
16275,0.41112603391989994
16276,0.4220650313874441
16277,0.5018549560469815
16278,0.52756292076867
16279,0.5411189377711488
16280,0.48697746474397874
16284,0.48881462272018744
16286,0.37343571964750344
16288,0.4781853609980257
16293,0.4032888600518569
16299,0.5126196697976543
16300,0.4480731846566379
16307,0.4067250761814683
16314,0.43347401072563857
16315,0.4154013043153193
16319,0.4651965602596331
16320,0.5146439767256864
16321,0.4559555137966082
16325,0.3706433728068083
16329,0.4090232554885378
16333,0.500993369529272
16335,0.4498271737507539
16336,0.4819027723139384
16342,0.3969116333424099
16343,0.48559969251781665
16346,0.5325333281618668
16347,0.41167071389445664
16348,0.5675556959336227
16350,0.4432149649834066
16352,0.394034884594275
16354,0.500960805075028
16356,0.44183487280921774
16357,0.4572826899273557
16358,0.3969234652815291
16362,0.43148996383963173
16364,0.4341863148238773
16367,0.453971176255849
16371,0.41129122481126984
16374,0.42605130306101957
16376,0.5015094268135354
16377,0.5795605709701844
16378,0.46692207950989634
16381,0.21822394823979996
16384,0.430968031155979
16386,0.4419736473670462
16388,0.42179571667343857
16391,0.473031889352089
16394,0.4567853544388916
16397,0.39338867037771097
16398,0.5238782451629704
16400,0.4457809139833365
16404,0.509764997753169
16409,0.41593565716843306
16411,0.2860394976391209
16418,0.5275180301596054
16420,0.42783459285259473
16421,0.48080857794039716
16425,0.3814290943089558
16426,0.4010692316109917
16429,0.5992124992849537
16430,0.37043084815566324
16431,0.4898025241144656
16437,0.4949999472945574
16438,0.523766229495191
16439,0.409760138235159
16440,0.43804926366332625
16441,0.4452626269483939
16451,0.3908108792224253
16461,0.5280743181808333
16464,0.4782036621551613
16466,0.49181131358152114
16467,0.4235510265567389
16468,0.5836493907353307
16469,0.5133655225287249
16470,0.5514679883510226
16483,0.49686371019429815
16488,0.48364184475688515
16490,0.418146649219593
16496,0.6487274491939146
16502,0.4812222382052175
16511,0.4278741989036446
16512,0.4404508061269103
16513,0.4507183667540767
16514,0.21215794242093866
16515,0.361401128513799
16517,0.4615033964525508
16520,0.46070534226648013
16525,0.4226560925050873
16529,0.4253992913026994
16532,0.375855897921137
16536,0.5809450362620061
16540,0.5489203343200648
16542,0.4992796888647131
16548,0.4497729051205805
16549,0.40067488104861815
16551,0.5857314293025433
16552,0.38646054021544096
16557,0.4702212069144698
16558,0.4024488432273059
16559,0.4854658791042931
16561,0.4308067379657781
16562,0.5564275635620177
16564,0.4038914737736632
16566,0.4403225888834806
16572,0.5372063015168691
16573,0.45774827304191285
16574,0.4822312846024108
16575,0.388957563185989
16579,0.6378755636701059
16582,0.38647398162377766
16584,0.49826698469521213
16586,0.4988188747866014
16588,0.4333778723358373
16595,0.558062074876013
16597,0.4088875868268282
16600,0.4117072348437364
16601,0.43026428801932715
16606,0.5458665713176998
16608,0.5018557316467387
16611,0.4429944729977712
16613,0.4769812374608584
16619,0.46551976324946026
16622,0.43641478178358695
16624,0.5348491547730768
16626,0.48295717199744087
16628,0.4255433065876202
16630,0.4427236263717295
16631,0.5592346039076065
16634,0.4452469687558726
16638,0.44722403783156767
16643,0.5197992945213307
16645,0.44899728786742876
16649,0.4944477895537569
16651,0.438399531048853
16652,0.35219868063642423
16653,0.23687273293869468
16669,0.4734608850824003
16672,0.4860616798849199
16677,0.5395002300586861
16679,0.43523185620336086
16680,0.5702104742304136
16681,0.41367439800515604
16684,0.25189756127782914
16685,0.40693979914582634
16686,0.48855472277181056
16689,0.39118229663052406
16690,0.24082778703221447
16692,0.404058739763251
16693,0.38813159527437174
16696,0.4814142680717831
16703,0.4142177606972534
16704,0.5054687798886865
16707,0.4313524565038345
16711,0.35586233807948
16713,0.40583588367069445
16714,0.5552446940232391
16716,0.4591324064123639
16717,0.45113249789043935
16718,0.42062002289652706
16720,0.40357840229555997
16723,0.4389209351107302
16724,0.37792201657066554
16728,0.5117525928029202
16730,0.43786274537734376
16743,0.365950727691782
16744,0.4354590585792606
16748,0.5516262416751679
16750,0.4166123695504499
16752,0.4657483829079982
16753,0.40049290660258563
16755,0.47489256317852435
16756,0.39697582335554876
16760,0.3839237977531856
16764,0.4157617985821972
16771,0.4245378013067972
16772,0.6573566850526886
16776,0.4439096326062079
16777,0.47102551015933614
16780,0.5650870033799076
16781,0.42199769888808697
16788,0.3860277442756882
16792,0.3992751252809326
16794,0.48902957470676284
16795,0.38795464856767603
16796,0.548545867308908
16798,0.3939691485146305
16801,0.4329343415686872
16802,0.41992415138104666
16803,0.48302204541026184
16815,0.38454127295485
16816,0.5045063166407849
16818,0.4985298588556589
16819,0.5350752395665931
16824,0.35056617720804617
16829,0.45451107746118696
16833,0.3664623742855144
16834,0.4063307543054126
16846,0.4377212649691555
16847,0.4437356296321006
16848,0.4348911019708133
16852,0.4117881265865536
16853,0.5366961985712344
16857,0.40682444623927827
16858,0.5044165555592124
16861,0.5078863023579349
16862,0.45365837141395055
16867,0.38345004963202733
16869,0.45951837208411084
16870,0.5072277103387993
16872,0.45720845194303394
16877,0.27767132943226935
16883,0.4050815533318102
16890,0.4584871804303575
16893,0.4841629920168458
16894,0.4694169533543027
16897,0.4148559071991429
16901,0.4458069735345902
16902,0.31943396390506834
16906,0.23317159759243603
16910,0.4274363341350231
16911,0.5446819520996364
16921,0.40121455992181615
16926,0.42850665329449356
16928,0.4679099205297127
16932,0.4756797478264835
16933,0.42217825581889945
16935,0.3979444602688844
16943,0.5294540831962004
16947,0.3887029427429811
16948,0.5191604560067276
16949,0.38232971937362914
16953,0.45665773146779004
16954,0.4002113356352379
16956,0.412544152635218
16958,0.5297828515910709
16962,0.47256741778654915
16969,0.4305277849065306
16970,0.48098612014743714
16979,0.49075588211944726
16981,0.4342641177753084
16983,0.4440655988304354
16984,0.3724016481913487
16985,0.46844681859174886
16987,0.4599081231827785
16989,0.5629703404684403
16990,0.4581300787229459
16992,0.4340757930025267
16995,0.420117272018077
16997,0.48007427902998834
17000,0.6083825400801622
17002,0.5422526883725988
17003,0.31129568328410445
17006,0.5049530533230709
17007,0.5241543477449891
17008,0.40337154839905925
17014,0.42474455472587314
17015,0.49284333304734074
17018,0.5675234208137557
17020,0.26651018305306434
17024,0.5142016579373859
17026,0.47026726878806846
17028,0.49190773159886425
17035,0.4096296373020278
17038,0.40749947394949926
17041,0.5154498038225429
17046,0.4836310378249522
17052,0.5687826540222005
17053,0.44159325772365987
17056,0.3463738123040645
17063,0.5226207102369586
17068,0.41059394149359413
17073,0.49798376398016553
17077,0.4586026841813735
17078,0.40573563225571996
17081,0.5248964612032894
17083,0.44242556331745897
17085,0.38357002321205563
17086,0.40755123989546427
17087,0.4936578395374085
17088,0.4591886955787073
17090,0.48090971839245195
17093,0.39918487304546635
17094,0.422461353628907
17095,0.3988495143183796
17096,0.5332725320126527
17099,0.4421285194897131
17101,0.5512353955402991
17102,0.4799468050259192
17104,0.4771337457694505
17105,0.4330054544898648
17115,0.4398685761342355
17116,0.5355514266665625
17122,0.4413660983705149
17123,0.4294681760375548
17127,0.43714355841101077
17128,0.4976676820660466
17131,0.4783385347858642
17136,0.4499352505136659
17140,0.3685180797199054
17141,0.4777167074486085
17146,0.32147214531495955
17147,0.3776052147989557
17149,0.4790720234562385
17155,0.5178373138956336
17158,0.44423362778549746
17159,0.4248945393346159
17163,0.4213016651451181
17164,0.37926039870186445
17165,0.4866568918941144
17169,0.47583778066215027
17170,0.3738517074173864
17171,0.49035683788728135
17172,0.28719512354419097
17175,0.543746393273976
17177,0.40464509020948597
17181,0.553415925157396
17183,0.48351287328144466
17188,0.4084455167377438
17189,0.46033193769415154
17191,0.41306034828459354
17192,0.3877693699197269
17194,0.4189774390706439
17210,0.3932254576084505
17212,0.5798954211996918
17219,0.4771714697691734
17220,0.4866732062052089
17225,0.4003315632031174
17227,0.4890882597267999
17228,0.41262587023531544
17229,0.4323397208991516
17231,0.5241745786885459
17232,0.4572158206464907
17233,0.3899469622517888
17237,0.43142023101096394
17240,0.537028498377532
17241,0.4222950826037321
17243,0.3155386059871873
17246,0.6105739220229554
17247,0.4330386884687497
17251,0.5034718836343933
17253,0.43678521579012897
17254,0.5017495872048352
17256,0.34907037364439675
17257,0.45977936945347914
17262,0.38329054963530823
17267,0.49569096793790535
17268,0.41181782916967175
17269,0.44933211546189766
17270,0.48738610130582233
17275,0.5579985983698945
17276,0.4678565481596001
17277,0.569941259271936
17279,0.4564902188371031
17283,0.4277491953673358
17287,0.4193825421535163
17288,0.43652579894652477
17294,0.42677540154527654
17295,0.48160896687446697
17298,0.4640276313975796
17300,0.3914617578743564
17302,0.4971223107588119
17303,0.4798860743657635
17305,0.4233463318546724
17307,0.5104621321664191
17310,0.42951489155450756
17312,0.5107323389229491
17316,0.5427099281872482
17317,0.41084691495741416
17318,0.4559973955942053
17320,0.2970665390941415
17323,0.39903314839509363
17324,0.3936998913112517
17328,0.4453002472310233
17332,0.42750031528806526
17333,0.3681784875484385
17335,0.5047488441574717
17338,0.4363232883476251
17340,0.4159823598499559
17344,0.4855702430385589
17345,0.5113209107599768
17349,0.42218277816134325
17351,0.44426378468069816
17352,0.4155925844016986
17354,0.5651764379858143
17356,0.5024451341134377
17357,0.4274005263245684
17361,0.532447402029656
17362,0.5626369648249379
17363,0.3462994588008025
17366,0.48074174949327697
17367,0.3961861245418119
17369,0.4852892873193067
17371,0.4587533901460516
17373,0.44933758411694624
17378,0.45013261608593297
17380,0.46342237342938686
17382,0.45144307054033156
17383,0.4762823202410752
17387,0.40798990148149394
17389,0.5008440635879046
17391,0.2687755553162843
17398,0.40457148339920884
17402,0.48591768598393975
17405,0.5197834300663291
17407,0.4228465829295914
17409,0.4410330028647518
17411,0.46005664102449983
17412,0.3259480795313229
17413,0.37599678362506905
17415,0.42851995766382445
17420,0.42541633364281695
17421,0.43931021884579324
17422,0.5082730709111608
17428,0.4610403232541518
17430,0.2858698866399343
17433,0.43515626109182604
17435,0.49228691438119937
17438,0.3928303575602052
17440,0.4441753724182744
17442,0.4161981275997912
17444,0.4102629815180606
17448,0.41597598523553087
17449,0.489193488013309
17462,0.4473419759727213
17464,0.44152686662127705
17466,0.5525389050255768
17468,0.4738645989904394
17469,0.5974301404960459
17472,0.4985883086911715
17473,0.4316483409339629
17475,0.41889258103537474
17479,0.44327421469918243
17481,0.46352842035142033
17482,0.4458404768748899
17485,0.3990845806450951
17486,0.4943888114845841
17488,0.5964629905739406
17489,0.5184248432425762
17490,0.3891567728452137
17491,0.529831909240306
17492,0.3557474738148239
17494,0.41111177047779107
17497,0.4951340067648555
17500,0.45220172396006325
17506,0.4590426378573808
17507,0.4737816815572808
17508,0.48735871598270586
17510,0.5167295839946909
17512,0.4658782958704543
17513,0.49722063900723934
17515,0.457913383885078
17520,0.5541556238420631
17521,0.4485553858048352
17522,0.4863330008410866
17523,0.48093915258525016
17524,0.3806403075484291
17530,0.48269667841123476
17535,0.5723628690173109
17536,0.47121493128483993
17545,0.5231560169177031
17548,0.480045017142142
17549,0.45747349547037813
17553,0.41238327182705203
17555,0.618549375391608
17557,0.5010642566286375
17558,0.44880470799882327
17559,0.4872950674270292
17562,0.6087470642971886
17564,0.4551385107149345
17565,0.4510383792978226
17566,0.49520397448248865
17567,0.43426137376462975
17568,0.49450837935223396
17569,0.4803193835904736
17572,0.4396238423043974
17573,0.46843867281621465
17575,0.4716382689525886
17577,0.4533422477069612
17578,0.4749894723590806
17580,0.4176665146616031
17581,0.4490892038676824
17585,0.4133942110398352
17586,0.47053213811606626
17591,0.4949241848970324
17594,0.4498788356998522
17596,0.3954187325995381
17599,0.5161798625895635
17602,0.5082832229690595
17603,0.5233237729171853
17606,0.4301795844740072
17614,0.5943426980676115
17621,0.47289583297958726
17624,0.48988602842076373
17626,0.4943606610357959
17628,0.454168461460728
17629,0.4929688415753335
17630,0.47711739240532064
17631,0.4973746249651792
17633,0.5686582737906584
17636,0.4998965345350881
17641,0.44607539751248354
17642,0.5146353273918767
17645,0.6109588403568599
17646,0.40037916404772744
17650,0.455769664497
17655,0.4081909969181225
17659,0.49411241186309546
17660,0.3982167561570568
17662,0.41587051234772615
17664,0.5325220767898661
17671,0.4163117201474053
17673,0.4493426305115002
17676,0.45598214362369405
17679,0.3772404723077918
17685,0.4807286943610532
17705,0.5016336045492467
17708,0.4111933555538249
17711,0.45362160866545614
17714,0.5763600310538404
17715,0.42138061187242437
17721,0.4292689922753297
17724,0.5636672295834678
17726,0.4367523780724097
17728,0.4443666286517247
17730,0.3870490665163754
17732,0.4114265353029436
17735,0.5165049184365372
17737,0.4195441995254568
17738,0.4239482689334592
17739,0.49820461057416976
17747,0.4041600946806724
17749,0.529966118147439
17752,0.4742113900458922
17753,0.42366573383343364
17756,0.46789446571391674
17758,0.22682617462089566
17760,0.4392227398875573
17762,0.45676829889044995
17763,0.5064740611156395
17769,0.4312931147404665
17775,0.45526685453928906
17776,0.422300964264936
17781,0.4824636324682471
17782,0.38621555443344213
17783,0.41397339210924483
17784,0.542046777185646
17785,0.42163223382947995
17798,0.40548771739021916
17799,0.5626069402707295
17800,0.45593977005771946
17803,0.45589426739556094
17804,0.43202210938952623
17805,0.3929672377020042
17808,0.5466432267160046
17817,0.49956626917116886
17823,0.6218345477048557
17824,0.4535833904205746
17825,0.5089246627211165
17827,0.5181600134901597
17828,0.48832859277660856
17831,0.4089524369038275
17834,0.47867473177011455
17835,0.52936775672924
17837,0.4114233156391915
17838,0.5582130912869965
17839,0.48665623714330486
17843,0.6001592298199914
17846,0.6092276419803372
17847,0.47284007547213347
17848,0.4244299530031806
17853,0.5180764515625981
17856,0.48548364752755013
17859,0.3740143029652144
17863,0.4499936966567891
17868,0.3961960611217479
17869,0.4043772397215235
17870,0.41993759125953944
17875,0.4423932063331295
17876,0.4290618993624332
17877,0.45744490401170196
17879,0.44422362286822
17884,0.4392332079017832
17885,0.47221647970428005
17886,0.5037807740784312
17890,0.4551898018832942
17897,0.1569740784594455
17900,0.22994619615938294
17902,0.5572052257991935
17903,0.4980583610186177
17908,0.5266129510396544
17914,0.44398825692530386
17915,0.45857231345162897
17916,0.41759147704680394
17920,0.4216214844233564
17921,0.4231892889752343
17924,0.4858129552786831
17925,0.48428874424688273
17926,0.21861681986686204
17928,0.4622740507272852
17930,0.3718044297154939
17932,0.36189621708876624
17933,0.4400333320489041
17939,0.4727266205123165
17941,0.5279587493502856
17943,0.47446278963489286
17947,0.39205359593466377
17948,0.47260749825152987
17950,0.42797561137340373
17956,0.40100122730221643
17959,0.44496174960305734
17970,0.4677896885023196
17973,0.5013931485078931
17974,0.5222940069842693
17975,0.40919290717214063
17976,0.472356275593665
17980,0.2659633288583521
17986,0.5524267281768189
17987,0.49145671165229643
17990,0.4484189911764139
17994,0.4710978828726751
17999,0.4341533213102969
18002,0.43258749187815
18003,0.38580266671472274
18005,0.48295381016642563
18007,0.4700720998862822
18013,0.4348124494337784
18015,0.4607141133983519
18016,0.36763037743862303
18018,0.4183880729176441
18019,0.4911824177471035
18026,0.39824882820164265
18030,0.49310484352615286
18032,0.5579825414214767
18035,0.47618151582451107
18039,0.4502855249600188
18042,0.431331277031073
18044,0.4315308495371478
18045,0.3358476039220598
18046,0.45512855230815563
18052,0.5146032476210278
18054,0.534014108893183
18055,0.4703521487916085
18059,0.3554721010549424
18066,0.5914733030462316
18072,0.5012600754916121
18073,0.4256279005982161
18077,0.4845082693650141
18081,0.4310376861386714
18083,0.40382477494076774
18084,0.47688629040831776
18085,0.41736062406281454
18086,0.38787292417587715
18087,0.5032065606004474
18092,0.4608241462266694
18093,0.31051725577864053
18095,0.4382256331635266
18097,0.3625869102663045
18100,0.451383919606528
18101,0.4782078479103506
18103,0.4681225623726043
18104,0.4762039847502814
18105,0.4232586704065025
18109,0.3574337121264808
18110,0.5062666791054496
18113,0.49971312629599324
18117,0.4509023236065037
18119,0.5401910697903525
18126,0.4963740443340415
18127,0.3930525204508292
18128,0.4062817705121335
18129,0.4959799531962989
18130,0.4810537071603692
18137,0.6003695970222838
18142,0.4293961279162861
18144,0.4020084933286453
18145,0.37430699992086913
18146,0.44254259738772594
18149,0.4501400928441414
18152,0.4081376914093393
18153,0.41345830344805967
18154,0.4588711795360432
18155,0.4624820489269561
18156,0.4669062469479303
18161,0.5118018195081374
18163,0.498860121179573
18165,0.42045871990890565
18166,0.4166933294246654
18168,0.44497556945823064
18172,0.3878850664250889
18174,0.5440494699160382
18176,0.4950952281269819
18177,0.5581450033677297
18179,0.4469714202533298
18181,0.5481377413636412
18182,0.41918451948165897
18183,0.5680094915026177
18187,0.4414525738348017
18188,0.4680362429052572
18189,0.5231427097727442
18194,0.49086612620880127
18196,0.47667451966235364
18197,0.39150087321212723
18198,0.26878624386856703
18199,0.4613146444570598
18201,0.4644973693256695
18205,0.4268549260775793
18206,0.4253475574319255
18207,0.4904695879490885
18210,0.3749271960271651
18212,0.5013117901572752
18214,0.4058849852794701
18215,0.4131032343523161
18216,0.46232331284573575
18220,0.5490665800437065
18221,0.5072716038816452
18222,0.41708045973446894
18223,0.6503084091585214
18227,0.39984584307462
18228,0.5353370934677802
18229,0.46425993323513987
18232,0.49741157310988954
18234,0.5654785102739134
18239,0.3806568608664261
18243,0.46228025631361136
18244,0.4109650382532683
18245,0.49157400442914395
18246,0.3346409068396469
18248,0.44138563711988643
18250,0.4721115707214564
18253,0.5146831295929871
18254,0.4100770217376406
18256,0.47746877245792346
18257,0.4679878444871109
18263,0.39526454200419203
18264,0.45336432745793914
18266,0.40786298200884114
18267,0.43959792333967423
18268,0.3542285526002428
18269,0.4444150761198553
18270,0.544381279320392
18271,0.4753231514925307
18272,0.3866947526731563
18276,0.5141487805973632
18277,0.5047365074102178
18280,0.4372783116858245
18282,0.40095880055056843
18285,0.4279242984570517
18288,0.5230822949875161
18295,0.47922294497975604
18298,0.6158807273790493
18300,0.4153777925395225
18301,0.42690383319802294
18302,0.4150989145396596
18304,0.5608128716044424
18305,0.4196631406678073
18306,0.4923861121177016
18307,0.43384311894352445
18308,0.4718058209094906
18309,0.41269413421782386
18311,0.4408797381878722
18313,0.4500196057594771
18314,0.5622475616805918
18318,0.5792122065794483
18320,0.48029474446996157
18321,0.4413611337165102
18330,0.48706125461611877
18334,0.4369374683730488
18336,0.40762127246315083
18337,0.47476345916873197
18338,0.4735047123561003
18339,0.4049243897516049
18341,0.48634950010001204
18347,0.526888715179176
18354,0.498641401548845
18355,0.4134705723962087
18356,0.5879587446581747
18358,0.41529615041015255
18360,0.5723717732418162
18361,0.42781302063431537
18363,0.5763373700079343
18364,0.5107176403375715
18367,0.4903237715344067
18380,0.3976388056478383
18383,0.43070945114334
18384,0.5420706084372725
18385,0.4304786619064647
18387,0.6113448270020411
18390,0.4325740063707215
18391,0.5628015578079414
18392,0.4109850722926366
18395,0.49504377789804876
18396,0.470442694531024
18397,0.5046560590897472
18399,0.4097927327991643
18400,0.47971023038423444
18403,0.5562472082386197
18404,0.42556648263019087
18406,0.3562387587759286
18407,0.5116806929453828
18413,0.42858348175105027
18415,0.5050188723952783
18417,0.48695009636596376
18420,0.4588651904872563
18422,0.38118357932084473
18425,0.564286058652606
18426,0.5692929657702837
18427,0.20206303331045392
18428,0.44244467679593025
18429,0.41414319893780766
18430,0.3947177126055792
18431,0.42378345449372934
18432,0.48691672705418826
18433,0.5896610076592277
18435,0.4266636975350856
18436,0.2896723271152841
18437,0.4033139262538098
18439,0.4079002969090043
18444,0.406949630604854
18446,0.46756237392142125
18448,0.4673573769850064
18455,0.24740560950465837
18457,0.4013756350697447
18459,0.4884018622041372
18463,0.49609497056683216
18464,0.41258189634935666
18467,0.4812462173171433
18469,0.45696537596826853
18471,0.41996223560619433
18475,0.4515163757013843
18476,0.40308724616875663
18477,0.39184567229919837
18483,0.4179649938681322
18488,0.5565365874915927
18489,0.5002427178092651
18490,0.48396198297326337
18492,0.497260732944457
18493,0.37541219382580976
18494,0.5113395148372014
18498,0.45840734475210515
18502,0.492179670079665
18503,0.45471220271835583
18504,0.4314095619659405
18506,0.4249663463694806
18507,0.48394507449268254
18508,0.4107615380138309
18512,0.4145656825685983
18515,0.2426952569890923
18517,0.46423979677563215
18518,0.44946650666625243
18520,0.4410955301115129
18521,0.4199552955228602
18522,0.4475417216365544
18523,0.4297539628718657
18524,0.41626307274795965
18530,0.4140849241431886
18531,0.4408716658968695
18532,0.3742904055316311
18533,0.42137102731922754
18534,0.5094593943623521
18540,0.4677535232772895
18542,0.4191169673112533
18543,0.4176665915705741
18544,0.4891803352258605
18547,0.43039364520158285
18549,0.4123963931490987
18552,0.635800287487331
18553,0.45250799146829046
18555,0.4801369660940976
18558,0.5192239208289419
18565,0.487506997246582
18568,0.482478126727968
18572,0.4097708789837817
18575,0.5869537678770672
18576,0.5035250434302047
18579,0.44345524052202806
18581,0.508591632485995
18583,0.2698218914331308
18584,0.4249534964469335
18585,0.4082940873168988
18590,0.422482074409167
18594,0.5027645809924409
18595,0.4185209378847695
18598,0.4930390309593999
18600,0.4112908518072769
18601,0.47997222994763233
18602,0.4235275610104565
18603,0.4845604103458504
18604,0.4364176069268986
18610,0.4625193536668798
18611,0.4702507071159792
18615,0.4624278261680333
18617,0.3823610645641541
18619,0.5771609184613069
18623,0.45681431908555453
18630,0.3768659419281129
18631,0.5031459016458109
18632,0.3725917798508203
18633,0.4633886948243056
18638,0.4544673499315768
18639,0.3297903226323112
18640,0.47073524046252496
18641,0.38619827317308575
18645,0.460666299544786
18648,0.25084372485686657
18649,0.4385163002949723
18651,0.4349965616981323
18653,0.43096552352824574
18656,0.6188707091598978
18657,0.5893174942143142
18658,0.4337303939867412
18659,0.4552681240282395
18661,0.42817449074022357
18663,0.5075101865456542
18668,0.4787051299973366
18669,0.4223451007344165
18671,0.5449882126583636
18672,0.25376346681002465
18673,0.5237415535421045
18679,0.4690314303969766
18689,0.5042172641398369
18690,0.45614271459958894
18692,0.5493314133052699
18694,0.44410555555161324
18695,0.4738748886502189
18698,0.4961719065064991
18699,0.43484648498722683
18704,0.5012237428709403
18706,0.5091636997991218
18709,0.514090133166424
18712,0.5751649460057644
18713,0.49355606522967177
18717,0.48679434297672786
18719,0.6050884789930541
18724,0.4327781220595049
18725,0.5184019730450593
18728,0.4893111772636346
18729,0.4352082507358774
18732,0.5360103174158968
18733,0.4129953811626331
18734,0.5485785661081903
18735,0.4838332075951348
18736,0.531092443429364
18739,0.4203207975303938
18740,0.4845509456421944
18742,0.44175657044288674
18743,0.5104763523622261
18749,0.42711910141403053
18750,0.42863612737091555
18751,0.4428094963571781
18755,0.45791797910794957
18756,0.46931029260679097
18759,0.46736776360339927
18760,0.5057017136846774
18762,0.5007418318293995
18765,0.4050677079357432
18766,0.4544042336126928
18769,0.4216609352560063
18772,0.5024702539894649
18773,0.45282678315157826
18774,0.47591321754426247
18778,0.4575765579671549
18780,0.4571728063184114
18782,0.4263789810901058
18784,0.43932759108369396
18785,0.5454673031435242
18786,0.4773524779315941
18801,0.20102964340714904
18804,0.412684962308263
18807,0.506788968999183
18810,0.4875205469188122
18811,0.43927055976889845
18815,0.40780771143894207
18816,0.5137891813980137
18818,0.4690313240150912
18819,0.4608824293934306
18820,0.47441610504041704
18821,0.5262882379275567
18822,0.4855879354942128
18825,0.44553922127444245
18827,0.5022063802982397
18831,0.4469562913087424
18832,0.5811303408352957
18834,0.48400154126359524
18836,0.537629765694534
18837,0.42497710158749696
18840,0.5735045538488562
18842,0.4569234323041491
18847,0.4969718042829867
18849,0.39996228745762197
18852,0.3600503075074202
18854,0.5036475227700588
18855,0.40473394526905665
18857,0.4235108416876388
18859,0.48716061464424243
18860,0.357577015445148
18861,0.4719523419981113
18862,0.3824114538171447
18864,0.4532720621227553
18868,0.518556283810225
18870,0.47705403884082287
18871,0.45637111938810127
18874,0.4261401837208233
18880,0.48663723416978344
18882,0.4336982982393603
18884,0.43927420997608657
18889,0.44398489389711526
18892,0.49563107378660987
18894,0.5274753626260186
18895,0.46914348652460036
18897,0.5627690807777173
18898,0.4444523431118225
18900,0.5853595360489111
18902,0.46887914646703327
18907,0.5098485821662901
18909,0.5953710585667873
18910,0.5260912755250233
18914,0.4514752477946171
18917,0.3946273687833433
18918,0.45278145946062304
18921,0.5539049841894667
18924,0.39966788912287654
18925,0.41136198124506507
18927,0.5128682322344552
18928,0.484382355820274
18929,0.4070657349720062
18930,0.43599706696601387
18932,0.5880701116010902
18935,0.3123870219872037
18938,0.4204540847204246
18940,0.4732173712890734
18941,0.45670040102066417
18942,0.47749235861220973
18944,0.4206700752368532
18946,0.568612771195167
18949,0.42412319344641525
18954,0.5259014616678307
18956,0.4697749085283342
18957,0.43345483415294256
18959,0.543423355437078
18960,0.25258165191264437
18962,0.4277707675666804
18963,0.4975363142018531
18964,0.5516410333986339
18965,0.4428152109619651
18967,0.3898514904921568
18969,0.4393330932764855
18971,0.4555167994023103
18973,0.45155733135384013
18977,0.48692914010651495
18978,0.48769623654085753
18981,0.5307382537569728
18982,0.42275119552740875
18983,0.41080145167517623
18984,0.4177109231788629
18985,0.42477344603843675
18986,0.5596835062141338
18987,0.4127686759328765
18988,0.4724124256140954
18991,0.5277084083305325
18992,0.4688131419760466
18993,0.42272942502259414
18994,0.5370187796970254
18995,0.5022740460415307
18997,0.43107167612732383
18999,0.39279877519917994
19002,0.3717073268840131
19004,0.4307262964730001
19005,0.3796172878052693
19007,0.4723687131695187
19010,0.5128571628877814
19012,0.4401725765637358
19014,0.4106140256240731
19016,0.4147889012750536
19017,0.6237726872133154
19018,0.4773176927339528
19019,0.49345274122833493
19022,0.46482888685686957
19023,0.610178833614956
19024,0.4832591167131457
19028,0.4527621947182474
19029,0.38767946753456606
19030,0.4408392519532454
19031,0.4982251371440266
19034,0.425618939185114
19035,0.4612433380559128
19036,0.6083859176613493
19037,0.4635225304742565
19038,0.4671397337171937
19040,0.5274557956969598
19042,0.49823904260957536
19043,0.41035127004140265
19044,0.4447660492766395
19047,0.4638495554304968
19048,0.4750907618636301
19049,0.41873817236042854
19051,0.4642422277392071
19053,0.45031831468141625
19054,0.4992898350942543
19056,0.43159869842022547
19057,0.5448093328623073
19058,0.49562962373936664
19059,0.44049630598073736
19060,0.46516674991256174
19062,0.5390965770824632
19064,0.4284182492913765
19071,0.5137420902498091
19078,0.3620424937335033
19079,0.4378644072436017
19080,0.4116276224511406
19081,0.4536543903932904
19085,0.40656518592734725
19088,0.5414199941831729
19089,0.4912289806227291
19090,0.5150285852601967
19091,0.5457471402549141
19092,0.3937724844492723
19094,0.4083694028355258
19099,0.542740965648743
19100,0.45077439613953196
19101,0.4508872796838541
19103,0.39425147955375034
19104,0.4627314918590443
19106,0.46737967860606
19107,0.5502469971837842
19108,0.49200660477978625
19109,0.4117767378435078
19111,0.5512509974673864
19112,0.4483728243191687
19113,0.4611482472647703
19114,0.5329912754383312
19116,0.6101372625338992
19117,0.5121855895566376
19121,0.45651485102836437
19125,0.48495272944853307
19127,0.39693417881635257
19128,0.3926985100922687
19136,0.38839737126726925
19137,0.3880640735209422
19142,0.5441582226277137
19143,0.42385517016223007
19144,0.4303153176358798
19146,0.4441945097348479
19147,0.36031956677376115
19152,0.40324921736633634
19154,0.4132179427091049
19157,0.4183773431320244
19160,0.484428911591101
19161,0.5536732800384981
19162,0.4959725548446994
19165,0.4216625053390748
19167,0.400907216753077
19168,0.4316581466127974
19171,0.5662159516925087
19172,0.48613919247522575
19173,0.4375638449193218
19174,0.430303904819305
19176,0.43954916135009214
19177,0.5395366924722254
19178,0.3521358832163361
19179,0.4935213188046368
19180,0.44653108768428645
19182,0.45872789214972515
19184,0.4496455837970194
19185,0.5289489607880459
19187,0.430812636115911
19189,0.5387481480522104
19191,0.3857221329751212
19193,0.537807825872636
19194,0.5014293813790568
19197,0.6139415800623088
19198,0.4567850258354313
19200,0.4814722575421686
19202,0.4838305386001241
19204,0.5639446346896186
19205,0.40613435103164397
19206,0.42287440368999946
19212,0.46594030359573124
19213,0.43793760592475217
19214,0.5842503385811886
19222,0.5900534212916508
19223,0.5495194702174324
19225,0.498889125845687
19228,0.43967027038302314
19230,0.5572899424166464
19236,0.5046749464579446
19240,0.5373704523474061
19241,0.4761272071450325
19242,0.4279127009132621
19243,0.5409879077142199
19244,0.4493643388722239
19248,0.4303257197316842
19249,0.6199506359393411
19250,0.490739549530418
19251,0.5138761166454366
19254,0.4813821238541439
19255,0.43897460649482023
19258,0.49258050003516823
19259,0.4216107430148056
19260,0.5192280112853982
19261,0.4094299902676486
19262,0.38909254732970683
19264,0.4650144709348205
19265,0.5576316928319107
19266,0.46486669213249543
19270,0.3917197433745907
19271,0.40487253861021705
19274,0.4423269530177179
19275,0.46768459676471635
19276,0.3064827373960253
19278,0.44843319930359493
19280,0.42404883601808974
19282,0.49090917518045607
19287,0.604475059302567
19288,0.4097186991639866
19290,0.4712767206175749
19293,0.5572737117178277
19295,0.49490502039833717
19298,0.44855567416271314
19299,0.42254226238241266
19300,0.49425424492972575
19301,0.4697407123304349
19304,0.46137995301094975
19305,0.5035657184501316
19306,0.37963487264648277
19309,0.489994834407085
19310,0.4357865774140459
19311,0.513461096052362
19313,0.4877871779315995
19317,0.5315634321055274
19320,0.5218665526409937
19322,0.41215821327191693
19324,0.5127486531195217
19325,0.46535274789045766
19326,0.5803135028348426
19328,0.49028241484602697
19330,0.5285077794072479
19331,0.6223101406914747
19332,0.4441980366423514
19334,0.48779350976204566
19337,0.42121564479001344
19338,0.49310058294410325
19340,0.37590012556946023
19341,0.396909878801287
19342,0.4843542474168157
19343,0.47211767479518635
19347,0.5161728098693378
19348,0.5311394746136159
19349,0.4710463106579876
19354,0.4793753496920635
19356,0.4348397205789904
19357,0.3933182304623227
19358,0.48346696859973176
19361,0.48935391423735064
19362,0.41880037791536107
19365,0.46520724423217014
19366,0.40221781486178676
19367,0.5939572091490803
19369,0.42700268709656614
19372,0.4214978469235639
19376,0.38698258646361444
19377,0.49509588749765426
19382,0.41546155389793155
19383,0.48931992899609894
19384,0.5695151898167503
19385,0.420523153734767
19386,0.45663346693428286
19388,0.4090756255918642
19392,0.45941270670883805
19393,0.5764636562661788
19394,0.47640714189429967
19395,0.5437751712302571
19396,0.49857563248745057
19397,0.31971772096870127
19399,0.5711510527276058
19400,0.49262156149759234
19402,0.5501926789275449
19403,0.4344791138284606
19404,0.40927244734844676
19405,0.4368698255016952
19406,0.49777775617738895
19408,0.4663389093353513
19412,0.5215880913864563
19414,0.4375764402561733
19419,0.4385140323698705
19421,0.5134600316984271
19424,0.40167105238512674
19429,0.5642283114004849
19431,0.5636383609571838
19432,0.45510509995348536
19434,0.4501124062158059
19435,0.4032898432056155
19436,0.4857629990092954
19438,0.5078667843088438
19439,0.4856566530047718
19441,0.41924480107534223
19442,0.5082832484152566
19443,0.463882327990772
19447,0.39334789730586855
19448,0.4463143163335193
19449,0.46329556268850813
19450,0.47120233698084846
19452,0.4219161885780751
19455,0.5632059251137884
19458,0.43052359915071015
19459,0.5025738841491594
19460,0.4296097046498154
19461,0.3888510443195647
19462,0.45270731769945227
19463,0.4334463606141079
19468,0.4541675529068705
19469,0.38023113393253644
19470,0.6269528230177831
19471,0.4652859099655969
19472,0.4270168459928405
19474,0.5367286145054064
19475,0.4476541790509732
19477,0.4766434568591352
19478,0.4388430468171095
19479,0.5533262430873533
19482,0.43298176959244555
19484,0.5581392831059642
19487,0.47750481734858313
19492,0.42766903309289556
19495,0.4285063949613476
19502,0.46326294119362355
19505,0.4445892721121869
19506,0.4267590481848066
19507,0.3836887917123204
19510,0.35578955846595234
19511,0.617675759831194
19512,0.41878334599444705
19515,0.46916815673171436
19520,0.3733585504510502
19521,0.5344448745656011
19526,0.4359007862106494
19527,0.40681688748224687
19531,0.5302686948008728
19532,0.4157053274717388
19534,0.4856547753455036
19538,0.5194467377072308
19539,0.3781122141787756
19542,0.27732389906092064
19543,0.4062813198604776
19545,0.4808706921538175
19546,0.4230707914613863
19548,0.5346902757604434
19550,0.4753844412117222
19552,0.5345735539539651
19553,0.25284183984594244
19554,0.4441219531175254
19555,0.4869590651787222
19556,0.5174013788962241
19557,0.4024685214681798
19561,0.498336667472246
19563,0.6116702816698522
19570,0.42881891443192205
19572,0.4987605281740974
19574,0.4418596018346053
19578,0.42527114086419227
19579,0.4762272342681894
19582,0.549787059954506
19586,0.4526967497673837
19587,0.42869605011575324
19589,0.4672173635103806
19590,0.43434143122496094
19592,0.44154068319551065
19594,0.5660938459843856
19596,0.49053991642791983
19599,0.409019123117665
19600,0.4525672410628785
19603,0.3734463963771736
19604,0.49084196282128545
19605,0.4614635720757239
19607,0.5120221273752279
19616,0.41633264338366954
19618,0.4149406616520215
19619,0.3824703366656676
19620,0.3591292193600277
19623,0.45752257792872086
19624,0.5264041075200603
19625,0.43238016375013566
19626,0.3656571851386643
19628,0.4254910880482726
19629,0.4620760466145664
19631,0.3901774414014297
19633,0.4313217281785422
19634,0.45415892528983476
19635,0.5504155882693244
19636,0.4836275518461164
19637,0.3785772329598905
19639,0.5268038344432613
19643,0.4653405924158077
19644,0.45383668898520596
19645,0.5106392722412728
19647,0.47948373630246605
19649,0.4526005614828444
19650,0.42141607528218716
19652,0.4669399207307066
19653,0.4912462017306533
19656,0.41595220678507716
19660,0.4736911762364263
19663,0.522093413057881
19664,0.6050440156215867
19666,0.5018577347690314
19668,0.4810311040202871
19671,0.4366584012896748
19672,0.47065656679823936
19674,0.4984805678655028
19675,0.4281443456638078
19676,0.5318265860472624
19678,0.5074445951648648
19679,0.4700724922909473
19680,0.5079494105989113
19681,0.476671401854323
19682,0.3923469631502665
19683,0.47686295407585083
19684,0.4275186878093092
19686,0.43351512052249225
19687,0.49398194536564405
19691,0.4708808469403707
19692,0.44430855973532835
19698,0.45695234301498944
19699,0.4205782671315345
19700,0.45293504126308975
19702,0.41074710956371396
19706,0.45980376761276254
19707,0.5705430892169487
19708,0.38801591485221343
19709,0.4819342134457003
19710,0.4668376209464899
19711,0.4530223185909732
19713,0.5175647779442106
19714,0.49981973282584313
19716,0.5035684319648907
19718,0.3446695225674706
19719,0.5015559467997166
19720,0.4011094301833918
19724,0.3743785898054105
19726,0.5208443041956046
19727,0.42798095977089984
19728,0.4169855829837321
19729,0.4374200698293656
19731,0.39943510807447535
19733,0.5356263133696855
19735,0.4456993980858088
19736,0.48008827338093263
19743,0.45593625348627825
19744,0.49632261254142385
19746,0.418239531712016
19748,0.5048461751147363
19750,0.42837207740456745
19751,0.48751900163399964
19753,0.4171314856347567
19754,0.4132184257772085
19758,0.5384460068088116
19760,0.4692167808197134
19766,0.4141496520777072
19769,0.3695041784024374
19770,0.5432588369361945
19775,0.5003620036751358
19778,0.41381174866343384
19779,0.381407032860478
19781,0.47201320732702245
19782,0.5334157630892631
19783,0.4355148550019945
19784,0.47440710451151963
19785,0.5582065675225177
19788,0.512161416698579
19790,0.4920064302137302
19791,0.44319426970560577
19792,0.4291175380430795
19793,0.47354591441636934
19795,0.40506708455636053
19797,0.5016424686358654
19802,0.43471489930651397
19803,0.4861029296416784
19805,0.49712822749920826
19806,0.5538951509627705
19810,0.6398671907565748
19813,0.40623256480962666
19818,0.5990614406955959
19819,0.5735440085364871
19820,0.4965637999843029
19824,0.5947202763180336
19828,0.5047342645620325
19830,0.4826899479666091
19831,0.51246518592725
19832,0.5055689315224957
19833,0.6269796869937081
19834,0.4510797204260998
19835,0.4091570639504338
19836,0.4213495464258014
19838,0.5026168820363254
19839,0.4868337654498003
19841,0.48536193870902156
19843,0.4384705169126768
19844,0.45287420960435587
19845,0.47656186837723064
19847,0.5098782628131596
19848,0.5872681611801995
19851,0.4869838828543011
19853,0.48844801973063134
19855,0.4375922227651477
19857,0.5549852123322456
19858,0.5256253447046683
19861,0.51366960137211
19867,0.5151888598797393
19868,0.4809578287397151
19871,0.41459162091511786
19875,0.44214083998006204
19878,0.40334378938408
19879,0.4982583692972786
19881,0.4225581054713546
19882,0.44030832734822306
19883,0.45442875274222627
19884,0.5119206280334316
19887,0.534328667682512
19889,0.4231852009560872
19890,0.480713876587432
19893,0.4177167154925736
19894,0.5252687520332618
19896,0.40327021878089575
19898,0.5674643158723681
19900,0.5053333227736296
19901,0.4903402756769214
19904,0.5389548412923872
19906,0.590820889546207
19914,0.47449355734396603
19916,0.4483607781550725
19920,0.5162169665914633
19921,0.5265410074197048
19922,0.43122144784602945
19924,0.5875896471764449
19925,0.397096815952372
19926,0.5811395779324797
19935,0.5013552718309832
19937,0.6066763349308962
19938,0.41619330914070957
19941,0.5196375974329153
19943,0.3652072647811457
19946,0.47567827496855586
19949,0.44504597537116036
19953,0.4950496213108817
19955,0.5812889874528895
19957,0.5511325797765876
19958,0.512695728627091
19959,0.5842536325425458
19960,0.45015047945728776
19963,0.49368534588131857
19964,0.5511275843105351
19965,0.4782086113391463
19966,0.5927435798622145
19967,0.3878527207774289
19968,0.48804085766448646
19969,0.34785038426527704
19970,0.45782207010508125
19972,0.3753152288181381
19973,0.3991788458521392
19974,0.23852441385206247
19975,0.46942645629338037
19977,0.581269909890973
19983,0.428970648630426
19984,0.23040440122520267
19986,0.49894052761299856
19987,0.5235964485933333
19988,0.5104479825726425
19989,0.4585614834864111
19993,0.39754631141543906
19995,0.46981143245374385
19996,0.5728076457834311
20001,0.4609212499807298
20003,0.43300986354252563
20004,0.43619450646389835
20011,0.525210131885253
20016,0.4714924002209531
20019,0.4743643651262635
20020,0.5342414496709936
20024,0.4252507703280105
20025,0.5124573724841126
20027,0.4933899686117034
20030,0.47846238173407246
20031,0.41455863891129136
20032,0.4788483245294766
20034,0.4120530359353032
20035,0.4338975835328616
20037,0.46926762755091955
20039,0.37882018090380404
20040,0.4387988794759039
20041,0.43663112880865945
20042,0.4515350387605087
20043,0.4770771027273854
20045,0.41997496088494984
20047,0.5141201383222552
20048,0.4908826634401779
20049,0.42901252948092045
20051,0.6044469668051864
20053,0.4147689657363
20055,0.4599767474410318
20057,0.5451513120672052
20058,0.4814755580974963
20061,0.5963588527372135
20065,0.497178663234101
20066,0.4072964893247483
20067,0.43527192932671227
20068,0.4166159629311097
20070,0.49720196469698585
20072,0.5032425233106527
20073,0.5411503715052514
20075,0.5505829983631666
20077,0.460596483770208
20078,0.4257495244320593
20079,0.4344738354898821
20083,0.37479507286439434
20084,0.3362379633734311
20085,0.42815830209699873
20086,0.4764838995891247
20088,0.4262110714831504
20089,0.5012314488760478
20090,0.512501815260353
20091,0.5723179878738087
20094,0.43296139673797707
20096,0.4752681377538475
20098,0.3666697716697183
20100,0.5881797141396017
20102,0.5935261225730115
20103,0.49175424750320723
20104,0.4624875323770108
20106,0.4166865697863687
20108,0.6344846792790156
20110,0.47893762301231013
20117,0.5404188241592222
20118,0.5253295680133807
20119,0.460842450629114
20120,0.5351514950203223
20126,0.38855684610869123
20127,0.4718342868244839
20133,0.45075675378773616
20138,0.4375794011191291
20141,0.44275813811680714
20145,0.4887976904664224
20146,0.5028327392427664
20148,0.45090104341126525
20150,0.4529075937055074
20151,0.4584309556518777
20152,0.40695482981808495
20156,0.40263150896887145
20158,0.45444856008708046
20160,0.4398561966096516
20161,0.49031679201085276
20162,0.4440179030873454
20164,0.6113821447652358
20167,0.32778622102316474
20169,0.46710771317645977
20170,0.5129560403457859
20171,0.45150063786208267
20172,0.41327881256197346
20174,0.3931309394755376
20175,0.45638859958173733
20178,0.44995385988730674
20181,0.44082635234992373
20184,0.4890722845662287
20187,0.5053698296505363
20189,0.40855090288992246
20190,0.46185745653629146
20191,0.4578535115474525
20192,0.42287911058278804
20193,0.5482835799886621
20197,0.5344790497196905
20198,0.4067020885875956
20199,0.3932401806860996
20201,0.45959083929891714
20202,0.3725228410335057
20203,0.4137310131100523
20204,0.4636799365333617
20205,0.5595183445561142
20208,0.4831834741407796
20210,0.4185961576554108
20211,0.4435785801312938
20212,0.517003801067937
20213,0.47272000306236206
20214,0.5505444034837705
20217,0.4403000510549439
20218,0.4371252025907998
20220,0.4303644942247187
20221,0.4166344129881368
20225,0.5307014913946679
20226,0.480312682505712
20229,0.46237674439561643
20234,0.3541630672002358
20238,0.4688874531469947
20241,0.521166811651024
20242,0.49788610612235756
20243,0.572997962070776
20245,0.46457825838651007
20248,0.5069159613579739
20250,0.3201840485625167
20251,0.563229065843149
20252,0.46979399523987675
20255,0.4537082045087143
20256,0.4185325651144273
20259,0.4125277562308352
20260,0.4727129786669398
20261,0.45398232806531186
20262,0.43350818895231363
20263,0.42781068882715007
20265,0.4542860464583217
20266,0.5606383933223161
20269,0.41945291116226124
20270,0.4452832084399674
20274,0.3835535900527825
20276,0.4739464541441962
20277,0.5414614453117447
20278,0.42470254028349885
20282,0.48189082268295613
20285,0.42803085778946903
20286,0.5409546197506014
20287,0.5517414526620401
20288,0.5104619306202574
20291,0.5125008868926362
20292,0.5506741170261885
20293,0.4465889960820581
20296,0.5858206408896328
20300,0.4499658899505754
20302,0.442774724585096
20303,0.514562359255904
20305,0.5873162666181239
20306,0.5719429216653588
20309,0.39194296258735983
20314,0.5055709615105798
20315,0.4224523044713977
20316,0.4053094068625155
20317,0.410987145736692
20318,0.42789854658867854
20319,0.41948244877496527
20320,0.47969523817481885
20323,0.46398416086024613
20324,0.4418562681834273
20325,0.4742776527485131
20326,0.5160484963975651
20327,0.4202984580865389
20330,0.3794538681512274
20331,0.4173806897470104
20342,0.5663268936424337
20343,0.5027027499221637
20345,0.32467421679977143
20347,0.4256202414979591
20348,0.41016583716773525
20352,0.40070743713180657
20354,0.40335287926923563
20355,0.5106820063342198
20356,0.5607825150876322
20357,0.4206266178560861
20359,0.4199437358527009
20361,0.5304480644516685
20363,0.4430009391465133
20365,0.39427828650225893
20367,0.5350355442659875
20370,0.4027927777151888
20372,0.4015221761543434
20373,0.5371489262499205
20375,0.5243819524985899
20376,0.44567616739807986
20379,0.44993844490245466
20380,0.43804732659080153
20383,0.4419557487948632
20384,0.6027022215863842
20385,0.36371680052370237
20386,0.4216845559371265
20387,0.5165698371804747
20389,0.5180283169596926
20391,0.48845626985927537
20392,0.5676133220671166
20395,0.4770167698016213
20396,0.45583973963181956
20398,0.5622942976868734
20401,0.44417621253591244
20403,0.4738541821205304
20404,0.5404911223762054
20406,0.5123515279822211
20407,0.47266690713962894
20409,0.493355605371905
20411,0.428833819024707
20412,0.436454774006231
20418,0.4432309776559326
20419,0.43438367963302676
20420,0.40486685472157774
20423,0.44817034427964164
20430,0.46363535508335324
20432,0.41615512539047983
20433,0.574241894489624
20434,0.4925023599881176
20437,0.48306141149751725
20438,0.43045353693197996
20439,0.44505964598262393
20440,0.40136100618287185
20442,0.4701664674698939
20444,0.5447145991138362
20446,0.5037206338223885
20449,0.4966670245157578
20452,0.4569981126950791
20454,0.45760045039070746
20455,0.45370639998132795
20456,0.4655112261553975
20458,0.4301508222320406
20462,0.4593562247121813
20464,0.4600729542041324
20465,0.4294809068866979
20467,0.45436631457804766
20468,0.3865053513601914
20472,0.518650724368245
20473,0.32803524568544146
20475,0.4387773513930441
20477,0.47349242236025124
20482,0.5399377035423312
20483,0.4782615996829571
20486,0.508847169755443
20487,0.4992866470473627
20490,0.4349710483611554
20491,0.47644428104233283
20494,0.4507887935586251
20495,0.4187789364939438
20496,0.4088589888913544
20497,0.33747450911500676
20498,0.472592468489302
20499,0.4313192926930022
20507,0.37832570686035294
20508,0.45565522588761753
20509,0.5073104228623067
20510,0.47906697584725677
20511,0.5352807493301901
20512,0.5428469105949031
20513,0.6255899516577096
20517,0.45629286345061465
20518,0.5606442984920527
20522,0.5075975754079123
20525,0.44447802913841533
20526,0.3870537598656758
20531,0.4870913371631475
20534,0.45180209858558784
20536,0.42555468044177713
20540,0.43920526975099816
20544,0.4481385326657985
20546,0.4779864205011386
20548,0.4383324732263338
20549,0.4905552956315911
20550,0.34250167447631485
20551,0.3905179097157438
20552,0.4359827778002725
20553,0.3879432090297068
20555,0.4762962898411086
20559,0.5623466840639266
20560,0.5396858280064065
20561,0.5426706162935551
20562,0.40575151304945367
20563,0.4456575275207827
20565,0.5328908125313712
20567,0.5138068989412912
20568,0.48576206722249615
20569,0.4445734948418841
20572,0.4180806655105302
20580,0.5367297109077924
20582,0.47148027782093005
20584,0.5866781807542177
20585,0.5444396462025872
20588,0.3031679606535416
20591,0.5180576688845812
20596,0.45049855270833866
20597,0.47479615485407806
20600,0.3814366964426461
20602,0.5199286530035809
20606,0.48818870058710073
20609,0.4630156369836331
20610,0.4116076480724366
20611,0.4902895218590214
20613,0.44574076483949343
20616,0.4748310195314974
20619,0.4167999566326185
20622,0.4380621587839844
20627,0.41827895571023327
20630,0.5202629771293537
20631,0.38470000524067954
20637,0.41007365493861686
20641,0.5287477709399421
20643,0.5061582007627101
20645,0.5407543406570278
20647,0.35953139124165473
20650,0.4969107063935803
20651,0.4266037343671596
20653,0.49311696730969695
20654,0.46857240427195423
20655,0.4023742167382277
20656,0.5566955768066849
20657,0.396471147613369
20659,0.4395726035026861
20661,0.45646806650267363
20662,0.46247502082428055
20663,0.44439422541938006
20666,0.43905452471722556
20667,0.4642492488176495
20668,0.46354877990570925
20669,0.5509966353579414
20673,0.48760823133774744
20675,0.46507380215555955
20676,0.6049950840476308
20677,0.4593255474171069
20681,0.40602746399518563
20684,0.44513598001201965
20686,0.4619686075436081
20687,0.48830062551902087
20689,0.4902811554537475
20690,0.4663719466130143
20691,0.46274881499685405
20692,0.5149117278699015
20694,0.4582047145303189
20695,0.4561627715236415
20696,0.568049094555043
20698,0.4373163304271796
20700,0.5318010620160535
20703,0.47120840133364916
20704,0.5985798831277659
20705,0.4244510684573435
20706,0.47648285606908175
20707,0.5795700673306448
20710,0.5805390861069276
20711,0.4768412645441981
20712,0.4609918844504368
20713,0.5001525990201232
20714,0.5076828701470193
20715,0.4080559532912828
20716,0.6091862859544049
20722,0.4797641399311402
20724,0.5288252503591996
20726,0.5111351838518692
20728,0.49041677716800053
20729,0.5104711586105204
20730,0.456186432885745
20734,0.47808548235383314
20735,0.4302615179665352
20736,0.43430041251472773
20737,0.4416864082296955
20738,0.5179810556295613
20742,0.5237619015192618
20743,0.5513667507435236
20744,0.38676492801540435
20745,0.4612458948613791
20746,0.46470623047614473
20751,0.35095495699611495
20754,0.5377868120500215
20756,0.5156240477735838
20758,0.5067459967702316
20759,0.444751146776776
20760,0.57959483462185
20761,0.48320332495219065
20762,0.389344019923991
20763,0.33981716714869625
20764,0.41144488157075154
20767,0.5004238072975771
20769,0.44810455006641126
20770,0.4591517984482541
20773,0.47150976933699
20775,0.5538258374220704
20776,0.4143596566485296
20777,0.49827735246539523
20778,0.5053409029556063
20782,0.4513132937077558
20783,0.4206718929597572
20784,0.4636064419959746
20786,0.2381219288592201
20787,0.47015932550191564
20788,0.4227959939514275
20789,0.5247203366431145
20790,0.38689365435250545
20791,0.6358742267976771
20800,0.5495983185121552
20801,0.40759084701971354
20804,0.4604271112033449
20807,0.6241286762944035
20809,0.5147728022628231
20810,0.6105072501162618
20812,0.5970059234312819
20814,0.42433178555917905
20815,0.44862640663823916
20818,0.3736665232414163
20819,0.5496541832645487
20820,0.5363184961000508
20821,0.532595521643105
20823,0.4572131652953945
20826,0.5229119192574454
20827,0.5617134458681795
20828,0.4869845893025408
20829,0.42536393099653114
20830,0.5757567517845726
20831,0.42954565595478983
20833,0.44476275586373004
20835,0.3861682015794054
20836,0.43080677954793756
20837,0.5669504597369386
20838,0.448443640732333
20841,0.49666907579377556
20842,0.5018365897376614
20843,0.4427286793690548
20844,0.40368678277333614
20845,0.4626792467702075
20849,0.5081146916684066
20850,0.3922572182587385
20851,0.4018408692299089
20852,0.500300075265123
20853,0.48922002863447767
20854,0.49143508817932335
20855,0.5321142654686198
20857,0.47088692282907574
20859,0.4591736926078587
20861,0.4634047447600771
20863,0.44346726927178154
20864,0.5913558319154295
20865,0.45838074319811156
20866,0.5471698946575089
20867,0.5397717944881822
20868,0.4752576653840498
20869,0.5023722229735599
20872,0.473704841695579
20874,0.41301412564373385
20875,0.4895832524275165
20876,0.46169924469092266
20878,0.43918724248653723
20879,0.4788356388820763
20880,0.47825335423176946
20882,0.5783205495592337
20883,0.49290747443378913
20885,0.3634237931439964
20886,0.37640654547523544
20887,0.5420344836933556
20888,0.4325910974578274
20889,0.4413323478055564
20891,0.4605922426797951
20892,0.402844178590041
20893,0.5616971593659464
20896,0.47231752079631306
20897,0.4459771250262262
20899,0.4781047484280833
20900,0.5735244427329035
20901,0.5363599852603333
20902,0.4335269576823436
20903,0.41052196736625
20905,0.42054108301695936
20906,0.5218736341404686
20911,0.5116964724729391
20912,0.5719380621982232
20913,0.5149348978395623
20915,0.43539831274952606
20916,0.602257370032462
20917,0.5764401966211661
20921,0.38948361162807443
20924,0.38881042407020894
20925,0.44043918702579776
20926,0.441425671586766
20930,0.4647919609992849
20932,0.47413457277889265
20933,0.4287790490316714
20935,0.5523211106930846
20937,0.31289936180320466
20940,0.6194809065391373
20941,0.41289524451083004
20943,0.41182337335092895
20944,0.39537899081700617
20946,0.24757173689439788
20947,0.42122237714815697
20949,0.47707343103656363
20950,0.426045289733176
20955,0.43594604804214493
20957,0.4554540591201772
20958,0.48493407749528594
20960,0.5634473285906592
20965,0.4755229395082068
20973,0.5006566221618953
20975,0.4136739971143987
20976,0.5690727346738406
20984,0.6048605413900188
20985,0.3738212826671944
20991,0.5903954808452532
20994,0.5182585281175466
20997,0.42195921981531426
20998,0.4242014688521703
21003,0.5400886274160728
21004,0.541527206946758
21006,0.39708190898843726
21008,0.4232522485365373
21009,0.41262832313907927
21010,0.47308323887230225
21013,0.5053932484950108
21014,0.49890836431095026
21016,0.4346539896055092
21017,0.4838094478599718
21021,0.3967841280677495
21023,0.43449928962897305
21024,0.46590429232880476
21025,0.4416626478131689
21027,0.4494690675556153
21029,0.5769139593687104
21030,0.5167855945860529
21031,0.3995228327450439
21032,0.5785831807786417
21033,0.5176666880032843
21034,0.5084236336720138
21035,0.420681392136086
21038,0.46736909044557917
21039,0.36682832943122684
21042,0.49652513103029583
21046,0.4483682341160279
21047,0.4484302601008609
21050,0.5456957812133575
21051,0.48319507810264917
21052,0.452069870369399
21054,0.4078242062549423
21056,0.5575266783759278
21057,0.4557190839575268
21058,0.4386198602346579
21059,0.4435793849754503
21060,0.41459919289843655
21063,0.5145865173508113
21066,0.5038486822000827
21074,0.4698040515896365
21076,0.4863045984160999
21077,0.38996702042290193
21078,0.39601220932270303
21080,0.43428988357024534
21084,0.483587640422374
21090,0.5088156333357559
21093,0.522716616345352
21094,0.44926717690944157
21095,0.47673323500241366
21096,0.4103580886145256
21097,0.4428024976767604
21098,0.5488445953338479
21099,0.47191675928905574
21102,0.49713156085856314
21103,0.48352444225208224
21104,0.4313509896705822
21105,0.554137080196912
21106,0.4326661862892237
21107,0.5312361629179849
21108,0.4346421673611662
21109,0.49354293586114545
21114,0.437466532110909
21119,0.4528459093755838
21120,0.404418948038041
21121,0.5146652586065816
21125,0.49255015550136955
21128,0.4603975081225789
21129,0.5402712716784057
21130,0.5048712793113481
21131,0.3797348924349837
21133,0.48112032279481975
21134,0.44125777441697844
21135,0.4218081566946064
21137,0.3856903641900777
21138,0.39469912015645514
21139,0.4451803059617551
21140,0.5360549291199768
21141,0.4136430882210721
21142,0.489679435916976
21143,0.4657048047034773
21144,0.4091321185248348
21146,0.3174364611741867
21147,0.4590074731901553
21149,0.47711948959799033
21150,0.4782544130969352
21152,0.4589612611151405
21153,0.41576476360389825
21155,0.4988073607849492
21158,0.4220134668113685
21159,0.42759011120784535
21161,0.5007666384841493
21162,0.44772430601893737
21163,0.5260898256981458
21166,0.47020553585591857
21167,0.6018869989697517
21173,0.4332822973343117
21174,0.4539580101455693
21177,0.4265141386394559
21178,0.463657454741137
21180,0.5064869265185128
21181,0.5553796094026179
21182,0.39608585566365695
21183,0.4905477944792878
21184,0.4380534381681821
21186,0.4807453504946346
21187,0.4957122029630339
21188,0.44498585433519083
21189,0.5366863475702344
21192,0.46650591675697767
21193,0.5376879604179898
21196,0.5120435405483581
21198,0.43271595729114337
21199,0.41911590262328013
21200,0.6239934333421677
21204,0.5098882646808235
21206,0.4955142501489875
21207,0.454542975966063
21208,0.5004022234733138
21210,0.4173469162091664
21211,0.38497850907030506
21212,0.3737724920507919
21213,0.3748681175551659
21214,0.4274753212033124
21216,0.4883971626887967
21217,0.5032552184158944
21218,0.525199534174235
21219,0.5119501693269409
21220,0.5156757159966358
21223,0.5024414133311221
21224,0.5484992635398767
21226,0.5663589612026549
21227,0.45754809439320193
21229,0.44275484434528656
21231,0.48883974393304974
21232,0.4821966269078725
21233,0.44634085678353613
21237,0.47402998981225414
21240,0.39148560702986
21245,0.5226373642521586
21246,0.4628881123443343
21248,0.5020547177969664
21251,0.42607459195551334
21252,0.437703864992662
21254,0.3981818506507873
21256,0.48845252736914013
21257,0.4990077468380556
21258,0.5123699150899221
21259,0.585186294564423
21260,0.4593514021311684
21262,0.4376786866947353
21263,0.5395652509355449
21264,0.5604391578212762
21265,0.4860410020765486
21268,0.455552436479707
21269,0.4303299439154881
21271,0.5597186485683495
21272,0.5380321965930159
21274,0.4648016452145967
21276,0.3920969862912909
21279,0.49349019552920625
21281,0.4195379737851633
21283,0.45210806424363126
21285,0.4318417300290956
21288,0.5027555762087197
21289,0.4753446757107565
21291,0.4069341062444494
21292,0.43099861619836155
21294,0.6173815374574532
21296,0.4060450066016519
21299,0.45225059359134
21300,0.46640276698469785
21304,0.5549736241150668
21306,0.5100532618715846
21307,0.5642355926446928
21309,0.48476347128662456
21312,0.47606069742828416
21314,0.5193042544156444
21315,0.46830367645254944
21316,0.5167293641248287
21317,0.465692179465758
21318,0.24931434454151233
21319,0.5632974160555017
21320,0.5541440463145341
21321,0.4543810876333579
21322,0.4693359003976994
21323,0.5458371076720209
21324,0.4134436909723891
21326,0.6062654531572454
21327,0.4643895942077622
21328,0.4562906720608758
21330,0.4057297746973785
21331,0.46329941387513274
21332,0.48229000902536073
21333,0.41615463853675044
21334,0.5004708677274301
21339,0.46543375809650206
21340,0.44728738376485666
21342,0.4130762375414422
21344,0.4975128943916711
21345,0.5550709816510582
21346,0.5477619914981654
21347,0.46941160922498004
21348,0.4170301003045241
21349,0.46899159811989216
21350,0.5298187377679897
21352,0.49249174251322564
21355,0.4237126675703079
21359,0.5013734114473819
21361,0.4169824141004218
21362,0.4444466201239053
21364,0.4535178928305968
21366,0.2661459279387634
21367,0.4039058165326184
21368,0.4140447689868894
21374,0.45471460914813483
21379,0.469577260055637
21380,0.2484605376792567
21382,0.40071858304893226
21383,0.3359660447495824
21385,0.44839565842030354
21388,0.48312722700357613
21391,0.49255549018212724
21393,0.5000717900358223
21394,0.5252529613445579
21395,0.4042200187066669
21398,0.4511782205938595
21399,0.4941838828701385
21400,0.5150706575339995
21401,0.43905454597905014
21402,0.49268327785961047
21403,0.49617645123927706
21404,0.4127071381560424
21406,0.43457686593224587
21409,0.4126318378637116
21410,0.45635047228436976
21412,0.42630645177382703
21413,0.41131356863623736
21414,0.5633192219520634
21415,0.49664335844099555
21417,0.39543012066454997
21418,0.505263523748836
21419,0.45998003547106153
21420,0.5478179882937745
21421,0.5505848992276359
21422,0.4569334834729672
21423,0.47836888565807
21426,0.5137312307010579
21429,0.4241163453525828
21432,0.42166263109084584
21433,0.4520962999721511
21434,0.4854834395362903
21435,0.46033618757171885
21436,0.4150673556981161
21437,0.49943075904424356
21438,0.42970326226482797
21443,0.47197788330646817
21445,0.5243419833090186
21446,0.40253876659617605
21448,0.6117829914858565
21450,0.41500755217452495
21451,0.4320016005728713
21452,0.42795625532615367
21453,0.44155388881009117
21455,0.5315224262038066
21456,0.4683416859501957
21458,0.46265702755075566
21459,0.42802009426816695
21463,0.5460862542505879
21464,0.5814331110733043
21466,0.5117956138622527
21468,0.47833999865211696
21470,0.37256198199647345
21473,0.43550938062275324
21474,0.39284407280160877
21476,0.4457391398869437
21478,0.2752859729821062
21479,0.4527729363116933
21482,0.40244288206561557
21486,0.4109131517776757
21487,0.4808072566418356
21488,0.4349580851028235
21489,0.46821022977635074
21490,0.45835777025573604
21492,0.5988884461341893
21493,0.5131760954979214
21495,0.40723246537042196
21499,0.5388410353642511
21500,0.40367547115682406
21503,0.4136869168770657
21504,0.5922397331466193
21511,0.3974058363974977
21513,0.4951333781498791
21514,0.44497708359650756
21515,0.532760807732519
21516,0.4539904565947442
21517,0.4276521021319856
21519,0.4923159856120714
21521,0.43545700967890544
21522,0.5663161545392282
21525,0.563267790107974
21526,0.4403476682564612
21527,0.3746987309988094
21529,0.4389980957128143
21530,0.5651080913206451
21531,0.5988120455607991
21532,0.5030656088498132
21533,0.40549824423441294
21534,0.5365916918752522
21538,0.27359855549551393
21540,0.4315532440911726
21542,0.46630112241834515
21544,0.4406125220528596
21545,0.40018744439864284
21547,0.4553655348416206
21548,0.4389683193496331
21551,0.40544395520550985
21552,0.6336622112083732
21556,0.4314118769445998
21557,0.4159505485878679
21558,0.5394373156030953
21559,0.5151187649949196
21560,0.35327524660571824
21563,0.5624031445841702
21567,0.44693128549403005
21568,0.43390122296521944
21570,0.48198379199029356
21575,0.4125556416115297
21576,0.5352731917159993
21577,0.3966066086090183
21579,0.3778974592462347
21580,0.4294524526834079
21581,0.44363905407671544
21582,0.4465619444819224
21586,0.5640922107535393
21588,0.5197309364895315
21589,0.4657060979954864
21590,0.4115518717943381
21592,0.5265011086009257
21593,0.5487722273258704
21594,0.6006670214002215
21595,0.19875516666925322
21596,0.45556528853421907
21597,0.49242118660196027
21599,0.4188567001589826
21600,0.4644017562809384
21604,0.4421169955842781
21605,0.38865829310301614
21606,0.5441469619707057
21607,0.4742136416833119
21608,0.5441096275568504
21611,0.4973762570529557
21612,0.5666806249914335
21613,0.5459790158553869
21614,0.4235855863441018
21617,0.4307979128385982
21618,0.41500783828412446
21621,0.4466461419947869
21623,0.4716159533023041
21624,0.4351807729749708
21625,0.6436133604922466
21626,0.46358549459801707
21634,0.4505468334198747
21636,0.4949707076659196
21638,0.5367750196245878
21641,0.4273152667051594
21643,0.4697590542060447
21645,0.41189856488037774
21646,0.48235006733695246
21649,0.43438223123241876
21650,0.513576197565859
21651,0.532700100818265
21652,0.43549344817727986
21653,0.47315784186812204
21654,0.471956103468124
21659,0.40339672155675804
21660,0.4274895675390079
21661,0.3824183491355402
21664,0.4498085040385469
21665,0.43325601715985457
21666,0.6164418623963811
21669,0.45048847393317965
21671,0.4168246602758532
21673,0.5214938085252951
21675,0.4176269365798394
21676,0.42692509733372036
21677,0.5170068819906339
21678,0.4721659567652264
21680,0.3833803512743829
21681,0.47383384262940903
21683,0.4736336361394931
21684,0.455986584582221
21685,0.40338356532571706
21686,0.43172299053049484
21688,0.5079518841475005
21689,0.45271778287867176
21690,0.5025951321920491
21692,0.47582107347380803
21693,0.43846454807784774
21694,0.42295300887276005
21695,0.4314544274154709
21696,0.44744092675876146
21697,0.456783229914829
21698,0.49507876671637313
21699,0.422341230814705
21705,0.47267358166169776
21709,0.5573173136070604
21710,0.5430657874294013
21711,0.5947025391744473
21714,0.4155194442531029
21715,0.5009556636680854
21716,0.48812955055563895
21719,0.4857380544358525
21721,0.5090893392985865
21723,0.5948244165152076
21727,0.5474300824178104
21728,0.47785238085001447
21729,0.4397149042130797
21730,0.43884996212368316
21731,0.5127502216878705
21732,0.24226277867369517
21733,0.41677587785529874
21734,0.5056372022351893
21736,0.46292291843875377
21737,0.4976476657094883
21738,0.48218814270227156
21739,0.5334444216728769
21741,0.5003767887913386
21742,0.5565599115823546
21745,0.43399135067471456
21746,0.5019004785800767
21747,0.5455914008787507
21750,0.41264042685519514
21751,0.3460493463647928
21754,0.48642520761487823
21756,0.4707977259865771
21757,0.44829824298653587
21758,0.5594636196206282
21760,0.4410145982098326
21765,0.47916723344318446
21767,0.41548789529959845
21768,0.49010270500883124
21769,0.5054792636154264
21770,0.3833690821779955
21771,0.4155306912525038
21772,0.50334943081787
21773,0.4639635834513514
21774,0.5676798151005363
21775,0.484079263775935
21780,0.5012501958873067
21781,0.3473236662065392
21782,0.5798594466536272
21790,0.4522310000151794
21791,0.5902422211554303
21792,0.5332457864361718
21793,0.5274858106447742
21794,0.23859231610192996
21796,0.4435566036107854
21798,0.5387184522774546
21799,0.4965034385130495
21800,0.5227080450788077
21802,0.4947326490595578
21803,0.5340054627746776
21804,0.45972095251955486
21805,0.4227803501033938
21806,0.46234488520143385
21807,0.49227202424599037
21808,0.4595773838641311
21812,0.40902765646559913
21813,0.5164327112006897
21816,0.4840439890604128
21817,0.373632302120527
21819,0.4725196522133436
21821,0.4666308525500512
21823,0.5482089766992507
21826,0.4573359142908853
21827,0.411056311781802
21828,0.4624802727542099
21829,0.382920409811139
21831,0.42165895578864665
21833,0.4564236238255542
21836,0.48842727881483694
21837,0.575298416844621
21838,0.42997234074638335
21839,0.44457363807529554
21840,0.4212665918770431
21844,0.44390246765701435
21846,0.46163611324841886
21847,0.5026905024837892
21848,0.4739539097224332
21851,0.5605466446222811
21852,0.43548278812318236
21853,0.46915578630023247
21855,0.4293487218683185
21856,0.4880509976814802
21859,0.5263252446368153
21862,0.2373945447922373
21864,0.5132141698546764
21866,0.5400917783231722
21867,0.43314599659828246
21868,0.45029637583449705
21869,0.43666707290904083
21870,0.4858061232403194
21871,0.5611384445776535
21872,0.4673937545705191
21873,0.4873352473624031
21874,0.42014036671628124
21876,0.5081895671506681
21877,0.44759005012884784
21879,0.5779982629555372
21882,0.5576618587946854
21885,0.4283791564999514
21886,0.4398698874693368
21887,0.48506818373483346
21888,0.5675611169920148
21889,0.43363397920485236
21890,0.4523795244575944
21893,0.4217726062322494
21894,0.41023319949538745
21895,0.392414187118776
21896,0.5129416417028559
21899,0.5790651606080627
21900,0.4959167265487844
21901,0.40324345050912813
21903,0.39079803190527584
21905,0.4854536392420183
21906,0.4824568634186586
21908,0.27827042733133056
21910,0.42862893991697015
21911,0.4343048839496181
21913,0.5247185782655559
21914,0.4387209811786168
21916,0.4407402695644464
21918,0.45088427950485743
21919,0.42940716873924073
21921,0.4582798477673918
21923,0.4309895241774222
21925,0.4871757859041058
21926,0.5479952143236849
21927,0.45537971103017527
21928,0.4080695645273962
21930,0.6048311093073447
21931,0.427172564994109
21934,0.5698906563781764
21935,0.4482088702512636
21936,0.6042335225277263
21937,0.3719039532556741
21938,0.5564805635969817
21939,0.5822055755361812
21941,0.4177271579246358
21942,0.4906799713704186
21945,0.3843360856740794
21946,0.4350390807514557
21947,0.6285000218663586
21948,0.5077074857869606
21952,0.4885817238165396
21953,0.45776351354925476
21957,0.5308094886691613
21958,0.42962901554250493
21959,0.47664106836779735
21961,0.48300973747760834
21962,0.4446517799923307
21963,0.5021227736241829
21964,0.5488826350315457
21967,0.5067320859094687
21969,0.48500306352368944
21970,0.5189567017807643
21971,0.39368621063784465
21973,0.6296168183304482
21974,0.4312091813534367
21980,0.4066939264688118
21981,0.43999563915440115
21983,0.45791771541178095
21984,0.4388184800307846
21985,0.47432943211287387
21986,0.4787180277292286
21990,0.5241167957645549
21991,0.4438062373487394
21992,0.40433014626699204
21994,0.5690686124013962
21995,0.39649088581440717
21996,0.4425518335049528
21997,0.4938742716319273
21998,0.48745585958527443
21999,0.40799000507325667
22002,0.4728876352022469
22004,0.4224008182281046
22005,0.5990938345730182
22007,0.44881680568451315
22008,0.5366918266490854
22009,0.36291171532808264
22012,0.5600325691841208
22013,0.5085788007472637
22015,0.45182103692476366
22016,0.49895004996170156
22017,0.434707819602657
22019,0.5169495680858571
22020,0.5094319553585348
22021,0.4048430045284239
22022,0.4657032026343716
22023,0.48599351180340844
22025,0.5868149356891252
22027,0.4860108557299394
22028,0.4109628745582586
22033,0.43985674211665055
22034,0.4811115136627668
22035,0.41974843747446583
22036,0.4111869037623203
22038,0.35440546495016095
22039,0.4693419536169781
22042,0.47935485243343706
22044,0.451981283944959
22045,0.4461766553138927
22048,0.5440195455631144
22049,0.43293882811507445
22051,0.4329608194875515
22052,0.535424835952804
22053,0.42170565624789946
22054,0.4273637336906145
22055,0.40843405654881887
22056,0.5181924839058094
22058,0.49277263320206216
22059,0.5355597852819243
22061,0.46606219882712013
22062,0.47184522236470583
22065,0.45047803606381054
22066,0.4334117597112592
22068,0.4725987389590908
22069,0.5286159520846305
22074,0.5950188438121221
22076,0.4328280874414657
22077,0.48904450055234205
22078,0.5118979220097046
22079,0.4619037990537472
22080,0.49099796751514846
22082,0.46142467015770317
22084,0.5149264099105701
22085,0.5030758903843378
22086,0.4684817187372606
22090,0.5327444503351932
22091,0.46077003353721147
22093,0.4169251577779468
22095,0.46180038810708157
22098,0.3714015135836072
22099,0.5042010650945459
22100,0.3601807928527611
22101,0.4556521624843976
22102,0.6410348001329201
22103,0.35941080019405375
22106,0.5545246765178417
22107,0.432637636314416
22111,0.5557006138337724
22112,0.4899864881229047
22116,0.4697640556590419
22121,0.47801417179688727
22123,0.419634023013618
22124,0.5641989259888132
22125,0.39909180021292423
22126,0.5027252226581358
22127,0.3036536248207931
22130,0.43632127160485995
22131,0.5291612442360932
22132,0.4835420831550291
22134,0.5764064235354259
22135,0.45828021254638
22136,0.5196550551742286
22137,0.3679731505922139
22141,0.5574215338955285
22143,0.4138858380688968
22146,0.40316284881104997
22147,0.476491557926517
22148,0.5366329181831938
22149,0.4007506946507357
22151,0.502482255306899
22152,0.4541807537571382
22153,0.43330825727807487
22154,0.4432233443611977
22156,0.6146725194752436
22158,0.47692074576582405
22159,0.5741991901693171
22160,0.4429316320286157
22161,0.4424507568243376
22163,0.27401649823529334
22164,0.5008921374738595
22166,0.4669690282727512
22167,0.474953894735674
22168,0.5627851594549405
22169,0.5863293205530897
22172,0.4943162184316705
22175,0.466596330168274
22176,0.42759855332794866
22177,0.4170482053636174
22178,0.6580105870454489
22181,0.4230315453402775
22182,0.47359204359752705
22183,0.36820387764966434
22184,0.4232458431452594
22186,0.5975655201977158
22187,0.5169401867564636
22190,0.6482691208711314
22193,0.4217458303843217
22194,0.45967917302097866
22195,0.6117756742992905
22196,0.47298923398141113
22197,0.4591599008805787
22198,0.4622703733176763
22199,0.5549764440393451
22200,0.4467684157964335
22202,0.5219779830734869
22203,0.46164028563246434
22204,0.45566036290544143
22205,0.4131507167484003
22206,0.507553115985689
22208,0.43392656181636613
22210,0.40493102333963393
22212,0.5179150256501911
22214,0.48195434510901536
22216,0.44806645324284156
22219,0.47104868575536785
22222,0.4702590480139889
22223,0.5779410359563903
22224,0.46361294894775495
22225,0.5024299711725013
22226,0.40269066694615374
22227,0.5436692476644677
22229,0.41374516721432647
22231,0.44166433038595754
22233,0.5222732002632638
22234,0.5594849528603347
22235,0.4693636742046365
22236,0.50834006919389
22237,0.5428582284117656
22240,0.32359238917571675
22241,0.5650520151660505
22242,0.4903224609046389
22243,0.44135883759655603
22245,0.622919716740615
22248,0.49043151735613205
22249,0.4407955211231924
22250,0.6025921238313188
22251,0.4772111685477357
22252,0.49603778630360124
22253,0.43633617505952527
22254,0.41589168918153185
22255,0.5043802192272158
22257,0.4379054821371937
22260,0.4941538954512024
22262,0.4668753423159242
22263,0.48983697649675184
22264,0.5358010719131023
22265,0.4483628279911318
22267,0.5795269918358039
22268,0.4660052107119909
22269,0.4931226062318225
22271,0.44621008840431153
22272,0.4250798942855654
22273,0.4348824096371075
22274,0.4698730112490328
22275,0.5355864609103752
22277,0.6243997778054644
22282,0.479741658818228
22283,0.5726590005251313
22284,0.47558933475787496
22286,0.44116337295802505
22287,0.43199189077297717
22288,0.47959696716058786
22289,0.45599333100011236
22290,0.40378976916211895
22291,0.49003554016822454
22292,0.43012156652983924
22293,0.4739312669032097
22295,0.4110414706281432
22296,0.6485693110266749
22297,0.44846984103832993
22298,0.4129661043852647
22299,0.4405258430026419
22300,0.46415739379960663
22302,0.48112842327510774
22303,0.47252069703933886
22305,0.3867842720584592
22306,0.46536556568715626
22307,0.49051981014645796
22308,0.4323595035827544
22309,0.4417279785038829
22312,0.6052954751636122
22313,0.3902356249072494
22314,0.550533642096428
22315,0.5162066606595149
22316,0.4746548506687813
22317,0.4734589696659039
22318,0.5997945869681304
22319,0.5515816197493991
22320,0.5113130179303775
22322,0.5204800674598874
22323,0.4741730477904597
22324,0.5029336452434214
22328,0.49668464742099355
22329,0.4275805037407014
22330,0.47222186391946464
22331,0.5037718400840684
22332,0.46796974310769746
22333,0.49001854647912674
22334,0.4825847737345097
22335,0.488126106741005
22336,0.48343456455453565
22338,0.45513093198870375
22339,0.513113396770066
22341,0.4249771014380834
22342,0.4962092163227995
22343,0.574357505570275
22344,0.5295590922856303
22345,0.6489187593623704
22346,0.4742781980476808
22350,0.46152578539071426
22351,0.40577841861250946
22353,0.4071628584348685
22354,0.5418293139502373
22355,0.4740281164028663
22358,0.5101252957293636
22362,0.4612725390537867
22365,0.5533182638305916
22366,0.46791863318415006
22368,0.4374706300531697
22369,0.4737281338733289
22370,0.5124492567509003
22371,0.3788340139969182
22372,0.5562542795009859
22373,0.3980353667578465
22374,0.3722164330748006
22375,0.4521207845761596
22376,0.5949141699796339
22377,0.5733915249220661
22378,0.45489381792610056
22379,0.5689865207495182
22382,0.4378303148982238
22386,0.606697857075138
22387,0.5011185682513274
22388,0.4282541726754237
22390,0.5184588481883339
22391,0.43425603472068663
22392,0.37906542080154515
22393,0.5149402354604369
22394,0.4486340670532924
22395,0.5411306509556034
22397,0.5007349947476379
22399,0.627917647276421
22401,0.4265803315800584
22402,0.4479322564956228
22403,0.42854301653466337
22405,0.4786129136954417
22406,0.4147303929546064
22407,0.5277745743824855
22408,0.46378256510630933
22409,0.43229339508015974
22410,0.43171579264229865
22411,0.5620875762076095
22413,0.609263192083533
22415,0.469535716266553
22416,0.47346836021134775
22419,0.5666334806505637
22422,0.5047205613846475
22424,0.5166427932689914
22425,0.5806560444437499
22426,0.476221977690038
22427,0.5014190593941986
22428,0.45559729498652435
22429,0.5404436498855176
22430,0.3173606443772405
22431,0.48058960089865643
22432,0.42831611446599693
22433,0.4156106896481638
22436,0.3734783988256678
22437,0.42618766634525707
22438,0.4404288317912208
22439,0.42164522110276953
22440,0.402754195084632
22441,0.42003016248660907
22442,0.4239298305741142
22443,0.5420711627546041
22444,0.3968968723345964
22446,0.41397284813498814
22447,0.4863705053499994
22448,0.47460935153510364
22449,0.4457749417411903
22450,0.4412572617603776
22451,0.4988374204339135
22452,0.4840767855936642
22454,0.48900050335607326
22455,0.5774797169877308
22457,0.47218080677912433
22459,0.5000515010658144
22460,0.5302370443913063
22461,0.4459223468448406
22462,0.6166420941790913
22464,0.4661290745346009
22465,0.41066833385638013
22466,0.5082262658995405
22470,0.5020356920726596
22474,0.6223867798032225
22476,0.39974726645728675
22477,0.5033540709793045
22479,0.5861565464004702
22480,0.5624540864089904
22482,0.5206511931218231
22485,0.472238916862619
22486,0.641360074922696
22487,0.4451830649023156
22488,0.5588081035148376
22489,0.47350944733703215
22492,0.5070807170402799
22493,0.5267163681087667
22495,0.6122069338072965
22497,0.493251492338361
22499,0.4735144389494719
22500,0.41637351309132503
22502,0.4983598971045105
22507,0.4603902456721159
22508,0.39742131955125054
22510,0.47231767231719657
22512,0.5788575808186601
22513,0.42507051662373496
22515,0.5030970832550411
22518,0.5316947312447884
22519,0.44230777481437217
22520,0.43510047783460165
22521,0.463680078127262
22523,0.48222811561437856
22524,0.6284814284926629
22525,0.4655541666319072
22526,0.5727215410899147
22527,0.3853248976675701
22528,0.39882282276582187
22529,0.285017004228212
22530,0.6521274984115086
22531,0.4431237737273141
22533,0.5110487334254343
22538,0.4383647539244867
22540,0.4290522023079598
22542,0.4957871578316253
22544,0.46719014026001304
22546,0.47778072802146127
22547,0.5621690546317261
22549,0.4483434900586646
22550,0.5305317574769876
22551,0.5316173505040166
22552,0.43282231141366734
22553,0.4297813456396809
22554,0.49239671066934315
22558,0.4140719533169756
22560,0.4017766714778733
22561,0.42477148910623136
22562,0.5206025358840901
22563,0.6064444537152762
22564,0.49791515486931565
22565,0.4961198260170623
22566,0.47251211901673534
22567,0.446867335283686
22570,0.43658280134495925
22573,0.45301851551126776
22577,0.5147871630267473
22580,0.48714391183868094
22581,0.449751399972097
22583,0.5393970154400081
22584,0.47286765803223296
22585,0.3630050591618047
22587,0.3579728570646951
22588,0.4621079448500728
22591,0.5650807316351361
22592,0.4582525079754213
22593,0.491249235795629
22595,0.5096404466025798
22596,0.46279633131383363
22597,0.5843268022866873
22598,0.5557552982421127
22599,0.4154824543034927
22600,0.47728641432268964
22601,0.43543465657557073
22602,0.501477033005425
22603,0.5110458706002218
22604,0.5641248951921515
22605,0.6212648204836522
22606,0.5092661692482596
22607,0.3951787012283072
22608,0.42514046484741536
22609,0.49342861417526684
22610,0.4894028970481039
22611,0.4447149973732478
22612,0.4552891621643116
22613,0.6021103978043465
22614,0.46176748124299843
22615,0.5287953607796697
22618,0.38451222467863067
22621,0.4325560818570352
22622,0.4220505501477876
22624,0.5260672517904158
22626,0.497289913573763
22627,0.5939977160751464
22628,0.39947056697874417
22629,0.436181261156835
22630,0.5614625337513468
22631,0.3776716045412444
22633,0.45053979896300755
22634,0.4949594564546522
22635,0.44539807485611577
22637,0.4140961530944018
22639,0.6085261208689775
22641,0.45365727679532675
22642,0.5118909695084022
22643,0.4400932637637283
22644,0.6383684286072806
22646,0.4351068975020292
22647,0.4688134462879543
22648,0.5315017095122141
22650,0.504750743799858
22652,0.44779995626882424
22653,0.44997687787233764
22655,0.5390392656066421
22657,0.39896048325110267
22658,0.46086857538360493
22662,0.4458386175836302
22663,0.4379115929758891
22664,0.539115042052948
22665,0.547803908414101
22666,0.5908896814037982
22668,0.5117882724372774
22669,0.5457816607970222
22670,0.48890147509661447
22671,0.5303373198819493
22672,0.3483123535647264
22673,0.47102318243171026
22676,0.4632722614461464
22678,0.47159922297290374
22682,0.44095485841504056
22683,0.49404261594708315
22684,0.47766409402694343
22685,0.40115554040094137
22686,0.4727301123805884
22687,0.5311026890380409
22688,0.42953021843325945
22690,0.5581402905893812
22691,0.5091185748970778
22692,0.4025964674171992
22694,0.6037208188559896
22695,0.4631018543225299
22696,0.46511059313285313
22697,0.6180917485868902
22699,0.6056436134334824
22702,0.60845771868907
22704,0.2772785772424286
22705,0.43830792364652393
22706,0.6096656760819352
22709,0.4918906527921709
22711,0.5145370377863626
22712,0.4473776067247545
22714,0.4364517544108071
22715,0.41107937050712395
22716,0.41830570131846917
22717,0.483143966148136
22718,0.42441827013140504
22720,0.5692228363472678
22721,0.5259407404329771
22724,0.3964544430417839
22725,0.43005613082351646
22726,0.572136173889794
22728,0.42744455711747503
22729,0.4573882379162322
22730,0.618976966128082
22732,0.4682210704592881
22733,0.4817938809812457
22734,0.4944012156390287
22735,0.5926859324571663
22736,0.47168821472408373
22737,0.4880527269770426
22738,0.40521667888198715
22739,0.542661641321202
22740,0.5294044258803774
22742,0.5297751151487747
22743,0.5175640136750406
22745,0.4394321077385873
22746,0.5041022142650864
22748,0.6447467396568223
22749,0.4517614183166811
22751,0.37014323460490395
22752,0.4612397628310593
22753,0.5912069540935334
22756,0.5054880778527783
22757,0.3885362355993861
22758,0.5006291227898338
22759,0.409483294985079
22762,0.4914618908515878
22763,0.5174619710100344
22764,0.41142810280710856
22766,0.4520855155495147
22768,0.47921560324593715
22769,0.4047489353775173
22770,0.4194177293917709
22772,0.5166863183138759
22773,0.4191918066758272
22775,0.46473612040696616
22776,0.455693003189398
22777,0.4472432198040638
22779,0.5210463468105501
22780,0.4842001561330175
22781,0.6132525986553147
22783,0.4952687265189215
22784,0.5505916282750355
22786,0.507667634229598
22789,0.49315315842416074
22791,0.5198481084926116
22793,0.4849719919111767
22794,0.4769240664990065
22795,0.5669426304366277
22796,0.5412710913077468
22798,0.48023962817032073
22800,0.4298897269333862
22801,0.4824344172628998
22802,0.5084081956709995
22804,0.4133690908082922
22808,0.4153459669544384
22810,0.5335322674880015
22811,0.48514550394211226
22812,0.4261361966776876
22813,0.44216653860621785
22814,0.4716266103662287
22816,0.5156606406391465
22818,0.4478504005876646
22820,0.51376768295268
22821,0.5556411495398623
22823,0.5974163243394753
22824,0.5855698360016505
22825,0.4750386795075947
22826,0.556390462465565
22828,0.4839213777327139
22829,0.5262401474240097
22830,0.5266591641947409
22831,0.5218370360442939
22832,0.45699283992893863
22833,0.44038637801930813
22836,0.47626796886764333
22839,0.401090531269402
22840,0.5309310935672373
22841,0.48793420943790117
22842,0.43969032896799554
22845,0.46893364444531505
22846,0.43096473925693635
22847,0.4325266539467904
22848,0.43213789984185424
22851,0.4132201633590658
22853,0.4140677765371425
22855,0.44808198000073995
22859,0.4021625089014458
22860,0.6109108390488185
22861,0.42092297300109704
22862,0.48970773730954265
22864,0.423268595819089
22865,0.46339432988362783
22870,0.5721892686599223
22871,0.4954746823080542
22873,0.45735055271776853
22874,0.5393330949826816
22875,0.4901334111099292
22876,0.4738905925210954
22877,0.5693545788254627
22878,0.3855659871352548
22879,0.5523045811569943
22880,0.4861458543440699
22882,0.3838343617452196
22883,0.6389123304961709
22884,0.4340189751467477
22886,0.4001594009510284
22887,0.46266000690910786
22888,0.4942967505452522
22889,0.5253250870207811
22890,0.47844217626641267
22891,0.4541491975259767
22894,0.46239123659925013
22897,0.48501744079591963
22898,0.5002758542034768
22899,0.4398356867101048
22900,0.38466275098059394
22901,0.407621255496368
22904,0.485282315312775
22905,0.4690545415939598
22906,0.545569663830877
22907,0.508234652484115
22908,0.440705196150591
22909,0.4655759733837284
22910,0.4786835506535301
22911,0.6048590117221007
22913,0.4993979569932457
22915,0.46731854595160477
22918,0.4032337539485267
22919,0.570272128094674
22921,0.5904769484256721
22922,0.44654100018361353
22923,0.43802445444471927
22925,0.49508017629929557
22926,0.3853918842882917
22927,0.5936787236157796
22928,0.4582122821740978
22929,0.4976027078379615
22930,0.43095097029211776
22933,0.4184318495844531
22934,0.4895908379009194
22935,0.4114683220618513
22936,0.49697111754522816
22937,0.6399573004120507
22938,0.5745946975195153
22940,0.38603997478133495
22941,0.6289175291641892
22943,0.475356081077163
22945,0.4254881580914576
22946,0.42684905977750376
22947,0.48309757683561827
22948,0.5911822591557788
22949,0.530013747941481
22950,0.5937449854695978
22951,0.4659184863625446
22952,0.45110244134959976
22953,0.5077645631418634
22954,0.6027934980042009
22955,0.6006861006290559
22957,0.6000982168871206
22958,0.6180862654084425
22959,0.4438411853562293
22961,0.5365973588670327
22962,0.48501363878525766
22963,0.4237445556783894
22964,0.4691580469658179
22965,0.48923938918712956
22966,0.483990965056609
22967,0.5019015560079058
22968,0.6166449907009238
22969,0.413066965087447
22970,0.43509149028085575
22971,0.49304621575492225
22972,0.5645196297256608
22973,0.6381974884952326
22974,0.4794323314657569
22976,0.4487708670387873
22977,0.48186728898643205
22978,0.46270935310596917
22980,0.4191299547034239
22981,0.2515132768214093
22983,0.4445502251396752
22986,0.4621297386222258
22988,0.6375457543438602
22989,0.5653577573788998
22990,0.5121394153290532
22992,0.40919735043447625
22993,0.5086656030101497
22995,0.40511946718745817
22996,0.4354314564081697
22997,0.48679014792651737
22998,0.47124453308358816
23002,0.5972003387746893
23003,0.4291671269315295
23005,0.4456710718194814
23006,0.4291423882959928
23007,0.4175723854991365
23008,0.49323892873724146
23010,0.4191837678691966
23011,0.24299999631198088
23012,0.49502330909477105
23013,0.5200303217005515
23014,0.3848560440551331
23015,0.4072390866711735
23020,0.46486508939645227
23021,0.5223250666657658
23022,0.4669086516805643
23023,0.4606677908218881
23025,0.5446049715174135
23028,0.5612259985623081
23031,0.5834148346405756
23032,0.5453933068212726
23033,0.4234907004301909
23034,0.4360477859534512
23035,0.4586761741613714
23036,0.5066880073407214
23037,0.43205506211167216
23039,0.5237191913556802
23040,0.43161020760543684
23041,0.43445382511704717
23043,0.3632189698880915
23046,0.440149456259266
23048,0.5540923772628397
23051,0.4822311500101637
23052,0.44921330130969106
23053,0.4800614062647837
23055,0.5147372791255225
23056,0.42086335371340233
23059,0.5165470686826954
23060,0.550068280252054
23062,0.45939196810504385
23063,0.48347798339843356
23065,0.517381464503148
23066,0.4167590597418491
23067,0.45217999675812076
23070,0.5033591732083117
23072,0.4769332192031355
23073,0.45048761218868466
23074,0.4418640987215817
23075,0.41867206771252724
23078,0.4472113445382528
23079,0.5034936335326278
23080,0.5043613940866186
23081,0.3922673538625143
23082,0.5673680333367112
23084,0.43184207444117595
23087,0.40813768234757014
23088,0.5752790335070995
23089,0.5535075381386888
23090,0.46855163390208693
23095,0.45510218364485616
23097,0.42031979387688767
23098,0.42189105342742544
23099,0.40253470395458524
23100,0.46765569473001767
23101,0.5237950220169358
23102,0.48971281091292806
23103,0.5084608528714222
23105,0.43083398284179986
23106,0.5222999821640023
23108,0.5527767521465818
23109,0.5967941019643576
23110,0.4709469823210404
23111,0.419012404919238
23112,0.38397760640193623
23113,0.5650523616019989
23114,0.5342490861352632
23115,0.5647717848743697
23116,0.3945518850450803
23118,0.5095478157068941
23119,0.4328612577380016
23120,0.5206726602688174
23122,0.5393207550679215
23123,0.3950909825489021
23124,0.44593342767375005
23125,0.40469687441572766
23126,0.4603153526014816
23128,0.5843529208532325
23129,0.5608497382863021
23131,0.4094245067382949
23132,0.4368173517633435
23133,0.5386027242518384
23134,0.5128707369607719
23135,0.42071573516741645
23136,0.43278808749648834
23137,0.5378722627557645
23139,0.4567547864025048
23142,0.4248026688141014
23143,0.4989424230672998
23146,0.4814780096255397
23147,0.5364917136418017
23148,0.465666100679315
23149,0.3930283666335421
23151,0.44920493046157384
23152,0.4602373210431977
23153,0.5665194025071901
23154,0.44021555455735206
23156,0.5924264095943872
23157,0.44344388783241867
23158,0.4258780426187443
23161,0.5930171548640445
23162,0.55560907821754
23163,0.4334981792511146
23164,0.46374329788138996
23166,0.5406047610507703
23167,0.49730987006788985
23168,0.3915818587728173
23169,0.40054870413803956
23170,0.44637574354069576
23171,0.4788957464530069
23172,0.5328430336379225
23173,0.5106086437952007
23174,0.4786983990844119
23176,0.5629436841790203
23177,0.3960372272030694
23178,0.4273783473567353
23179,0.4216375529331851
23180,0.5682769469802138
23181,0.5661715816559102
23182,0.5826822535610449
23183,0.6179160905767932
23184,0.3999990398995503
23185,0.6034685829242943
23186,0.4295770081878223
23187,0.5104767172329481
23188,0.5112709207226748
23191,0.46479000490116384
23192,0.4399233776676263
23193,0.4578775145761089
23194,0.49409346924135966
23196,0.41928440729645655
23197,0.4530096806802132
23198,0.5338917499102688
23199,0.5167501341051731
23201,0.49871865880832167
23202,0.5222087020242892
23203,0.4358404148314139
23204,0.4584422617056756
23205,0.4807672211271911
23206,0.4634362347457206
23207,0.42637788473686705
23209,0.4630032318663942
23211,0.5127393122171839
23212,0.5532253051263605
23214,0.4501768849529948
23215,0.417926000234562
23216,0.4745239006163572
23218,0.4655192678027369
23219,0.4112278063648306
23220,0.4917093231745917
23221,0.42507559659640815
23222,0.5007289864895843
23224,0.48107741379987673
23225,0.4798137860249519
23227,0.4441827456824856
23228,0.48260719391035806
23229,0.5849445085022205
23230,0.39595887268799407
23231,0.5421927263699466
23233,0.5709375997129316
23234,0.45329888105659266
23236,0.39027545173591993
23238,0.4322632361606294
23239,0.28317857022183324
23240,0.39351428252104265
23241,0.4401642387330341
23242,0.6572778689808365
23245,0.5794371884808944
23246,0.4759339513218338
23248,0.4609204869988499
23249,0.5803901423412426
23250,0.4704826346846039
23251,0.48045357320064375
23254,0.5998362438878566
23255,0.5164366151464135
23257,0.549559134821017
23258,0.5762495944103581
23259,0.4696617715239182
23260,0.4681561133935337
23262,0.44487541805668507
23264,0.4489534154003333
23267,0.4955445224998927
23270,0.6335636941626154
23271,0.5769611012035616
23273,0.5193995655935353
23274,0.4527885914166873
23275,0.44546321247885495
23276,0.48116360084894866
23277,0.5224266677753592
23278,0.45319857415322623
23280,0.5435132022339626
23282,0.5711355356292062
23283,0.45605277760557583
23284,0.49643547456830633
23286,0.41281723253547425
23287,0.46266444164985154
23288,0.44084583454547827
23289,0.4654108734586228
23291,0.4311938093580693
23293,0.4939744956782365
23294,0.4352721724501793
23295,0.4494246717376081
23297,0.5201283314300067
23298,0.46671015750384326
23299,0.4564784703287289
23304,0.4942541793314894
23305,0.4290236762130343
23306,0.4180351335068376
23307,0.45713788241507686
23309,0.49820659744158163
23310,0.5608776169842016
23311,0.5563391786476085
23313,0.44796911254932165
23314,0.505460521095863
23315,0.5052510750171325
23318,0.40873631716378456
23319,0.410691514946577
23320,0.5033682101738541
23321,0.4557249615599159
23322,0.4125435591358202
23323,0.5121290070133346
23325,0.366464279932596
23326,0.5265284323300672
23328,0.539426040386044
23332,0.47268290647439865
23333,0.4027833458508326
23334,0.62465021652932
23335,0.40042739618601403
23336,0.4911106307819687
23338,0.43463945555809985
23339,0.47594433979638245
23340,0.62180997772502
23343,0.44537670066631047
23344,0.4568816923120636
23346,0.47273781198443854
23347,0.4661014403952885
23348,0.4455849472313853
23349,0.528840777879934
23351,0.5691411014155424
23352,0.509737449011724
23353,0.5822223463145457
23354,0.4460993537304465
23356,0.5528736913544744
23357,0.5153947498867999
23359,0.3963159519717195
23361,0.4347022667152338
23364,0.4529842945282464
23365,0.420329571733531
23366,0.49965783531629127
23367,0.4294204746148725
23368,0.5008518285636161
23369,0.4152125719496638
23371,0.5359317947575221
23372,0.4514390910878027
23373,0.4494387258119738
23377,0.4464772940892871
23378,0.4021401601049687
23385,0.38904145947605906
23387,0.510062807650016
23388,0.47874519108700975
23392,0.49140844603281303
23394,0.5344174703390052
23395,0.4699119785555604
23397,0.6351940218525435
23398,0.4657899148672289
23399,0.516234181084814
23401,0.4056642959631227
23402,0.47798444128456596
23404,0.47897383617218103
23407,0.5028869047408291
23409,0.4734188038643821
23410,0.5504358840016156
23411,0.39635083263975424
23412,0.44238193339711374
23413,0.5617068307346813
23415,0.492504214432773
23416,0.4648281044389401
23417,0.4181736471766957
23419,0.4342542559551643
23421,0.5045119230814019
23422,0.47581693433325434
23423,0.4786733247984739
23426,0.44922906058685397
23427,0.5237550808964878
23428,0.4205330866707382
23430,0.5172681557620651
23431,0.45296639558882407
23432,0.4920886983593907
23433,0.4128075939608079
23435,0.40173362156531284
23436,0.4477453929748727
23438,0.5599146568363179
23439,0.5350424016812697
23440,0.4533873654577021
23441,0.4228579191088339
23442,0.48598583578661064
23443,0.43571397260257483
23444,0.47765043974301996
23447,0.4351919095851083
23450,0.4261275195180066
23452,0.4637381161669421
23453,0.4379447266012547
23454,0.40874362467791703
23455,0.43491409083351285
23456,0.569631693090245
23457,0.483416209363035
23459,0.4548707398009863
23462,0.5915527867942673
23463,0.5053772942823784
23466,0.43425817233418895
23468,0.6421068548984837
23469,0.46245199294967654
23470,0.46237494712590727
23471,0.5193823940065323
23472,0.5282906717010892
23473,0.4522362940404004
23474,0.5289016782280879
23476,0.47022888362863385
23477,0.44234047269399923
23478,0.518510298035522
23479,0.563285175179251
23480,0.4893931772596634
23481,0.49402918507698496
23482,0.4472251398230545
23483,0.47040568742333577
23484,0.46128455218640385
23486,0.41845740202599835
23487,0.44432869185026236
23488,0.4651174704776146
23489,0.3943445945969741
23490,0.5130771346154474
23492,0.4504149708831075
23493,0.40197658163071975
23494,0.5091034864983606
23495,0.5703143940778773
23496,0.45452958948600775
23497,0.4862803224411241
23498,0.31232232361811624
23499,0.4010926125603844
23500,0.4586460113374222
23501,0.428432132289899
23504,0.6169718177215403
23505,0.3559345859038898
23506,0.5037767552577812
23507,0.5091802429807865
23508,0.5159492803999053
23509,0.6115034235207567
23514,0.49021724786293985
23515,0.5074352644783693
23516,0.49465690135094403
23517,0.558794954262235
23519,0.5068822881978078
23520,0.40455709656371963
23521,0.38791074895608746
23523,0.3914102734201229
23524,0.544001178999139
23525,0.457191835344386
23526,0.45924421302523655
23528,0.4636061423072471
23529,0.45882507259694855
23530,0.44051072943709324
23531,0.5614121993113823
23532,0.5672131366470399
23533,0.4619199434944005
23534,0.44802730634890375
23535,0.41654723574775054
23538,0.384335868342597
23540,0.4561769428240206
23542,0.3475946726814251
23544,0.4648556200990362
23550,0.4989742852760115
23551,0.4587336552706748
23552,0.4731698166399853
23553,0.4446948918149698
23554,0.4636657359610328
23556,0.5414457737446695
23557,0.4856339270857314
23560,0.48312304681665247
23561,0.3912421957226233
23564,0.4380621642880215
23565,0.6126524177739622
23566,0.4628437519908816
23568,0.5426578146479408
23569,0.42359910486085334
23571,0.5063679705239427
23572,0.4602448814900486
23573,0.4223818987866156
23574,0.5090540130384391
23575,0.4367801546904873
23576,0.42805706888231454
23577,0.543523045063058
23578,0.48989861919178534
23581,0.49587494274527727
23582,0.5544520190656663
23583,0.49593250387092963
23584,0.4493550039475395
23585,0.46574644856634123
23586,0.4735526847228123
23590,0.3581081527664391
23592,0.39189101300708173
23593,0.43107497252415317
23596,0.5592683466741399
23598,0.4499604479582801
23599,0.43392002086881687
23602,0.47815644498738386
23603,0.5398396527281124
23604,0.5296703730133075
23606,0.4713916317980595
23607,0.4357286115825339
23608,0.48112184413330483
23609,0.4687074005006941
23610,0.5494666029046712
23611,0.293118926672814
23612,0.38097752517462113
23614,0.5224531513440749
23615,0.5278170227628788
23616,0.4109583765971066
23618,0.47272863173838353
23619,0.4762275567907953
23621,0.4889297949794762
23622,0.4515207194634305
23625,0.4565116164813719
23626,0.4949667729492009
23629,0.45916173556651585
23632,0.42506751086569466
23633,0.5347036723509141
23634,0.4497326803918769
23636,0.45817037973346386
23642,0.5453647134868566
23643,0.47357059797318224
23645,0.4710883545222537
23646,0.6363927618991156
23647,0.45593021611883094
23649,0.5336769549375008
23651,0.4368805904912504
23652,0.40175642831980163
23653,0.31666985911284884
23654,0.618703141979795
23655,0.4588620203948016
23656,0.44562125153332366
23659,0.4373018415952292
23661,0.5590021319617746
23662,0.47503245695689833
23663,0.5763094685060286
23664,0.5973629626045617
23665,0.412765120555811
23666,0.6124814512918777
23667,0.46076407789569385
23668,0.40057979940996374
23669,0.5359366265022891
23670,0.4597579806713286
23671,0.529486929575044
23673,0.43694038998791657
23674,0.43344841370855247
23675,0.4738575632867515
23676,0.4518842478323603
23679,0.4448003492420446
23680,0.5409108851312632
23681,0.42890373898536877
23684,0.6065518306516854
23686,0.5626329106794717
23687,0.37996508944724405
23688,0.41899407140907496
23689,0.5871392360584975
23692,0.6047896711340229
23693,0.39941426306318223
23694,0.49316563622611753
23696,0.411366187795366
23697,0.4349458995834412
23698,0.4966191124090609
23700,0.37725443672567927
23701,0.5332577455064142
23703,0.5222117395905785
23704,0.3734102983500044
23706,0.576033854624365
23707,0.43212171895294865
23711,0.5454039333544956
23713,0.5678951042416834
23714,0.4854186020517313
23716,0.42321823590991864
23719,0.45026063405135985
23721,0.4357165214515502
23722,0.4380554183794538
23723,0.5940545785720998
23724,0.43597260422190254
23726,0.4977100783530715
23728,0.41694500090093634
23729,0.5025761046409915
23730,0.6301414844737525
23731,0.4168273384385921
23733,0.42599071704435687
23735,0.5176448060940113
23736,0.2791276713642372
23737,0.35650586552133556
23738,0.5144816887212351
23740,0.5415020710503569
23742,0.409580339814909
23743,0.5106524054141304
23744,0.3838695024612373
23745,0.5460472820160898
23748,0.5590774145679357
23749,0.5117068974364744
23751,0.5135131429979203
23752,0.529005994266726
23753,0.4753944363688327
23754,0.46437882330071817
23755,0.2991512287510906
23756,0.4520322410630697
23758,0.43646408188504937
23759,0.5062783741062531
23760,0.5103546517795166
23761,0.5878306318925729
23763,0.4250509428404344
23764,0.5063576841884417
23765,0.5043012432562534
23767,0.39719898588589503
23768,0.4996233497070143
23769,0.4749739715473192
23771,0.4551723307629424
23772,0.4071915349850987
23773,0.445303214943619
23774,0.5705844854215583
23775,0.3952170194707443
23776,0.5385697678890194
23777,0.464168033477916
23779,0.36164188732377284
23780,0.3905100297281737
23782,0.3958018962841107
23783,0.4541944563299797
23785,0.4630101987026636
23788,0.48416020890001865
23790,0.5304147465379855
23791,0.45628691621279427
23793,0.5929591936531143
23794,0.5114331296518633
23795,0.5524973357889443
23796,0.417354542570503
23797,0.4407040228314385
23798,0.2747407171006403
23799,0.49013312503192613
23800,0.4718767477294435
23801,0.47007388753770757
23803,0.42903865316251405
23804,0.4901659434273069
23806,0.38095282279095
23807,0.4867169638999346
23808,0.4521404265793994
23809,0.4548070390654403
23810,0.4413933764590386
23815,0.6101169945068701
23816,0.4976590490667207
23818,0.4554562176776
23819,0.5689168664817909
23821,0.4435749311516364
23823,0.4241694992233688
23824,0.4489265737483171
23825,0.502992627333002
23829,0.44543089803402836
23830,0.5093785771304986
23831,0.38779244036949123
23832,0.39247714951768053
23833,0.5504281174577961
23835,0.4566809057691492
23836,0.4898765328395575
23837,0.4804876409540509
23839,0.42677167323121934
23843,0.49453356969236295
23844,0.47139038344936346
23846,0.4995703096572343
23847,0.4293996733945207
23848,0.4553761862197907
23852,0.48798361592202205
23853,0.3761100427645719
23854,0.4233195459738113
23856,0.42007045798575005
23858,0.4715469891052793
23859,0.6268706950320645
23861,0.5015814090511277
23863,0.4699293378340936
23864,0.4423395577276403
23865,0.4252186679418233
23866,0.4708884035480403
23867,0.4214742595404318
23868,0.45108297910324574
23869,0.40304913873134685
23872,0.5793594697545735
23875,0.4524146884732147
23876,0.4749564136220041
23878,0.4285559515223691
23879,0.37734958318615675
23880,0.530087524326385
23881,0.5732835990136412
23883,0.5861153592551732
23884,0.4494067296219583
23885,0.49574317687244857
23889,0.4759935600463973
23890,0.45437550308979674
23891,0.4609961501674871
23892,0.4916296637800601
23893,0.5909845631801789
23894,0.45975472594834843
23895,0.41272702162371766
23896,0.45416622284931585
23897,0.5083713003842673
23898,0.5712785595986987
23899,0.549382606880695
23900,0.2895869899030513
23901,0.4648429363355803
23904,0.5541931892207748
23906,0.5378337076926403
23908,0.4609916663929879
23909,0.5185463834187516
23910,0.46834173703428505
23911,0.509801992823069
23912,0.4913031484675459
23913,0.5084380143617182
23914,0.5705743375742229
23915,0.46753866286777374
23916,0.4414766846976571
23917,0.5632204001185497
23918,0.3700077218949252
23919,0.5273579537001223
23920,0.4376048144276967
23921,0.5463368801058469
23922,0.5197208861667663
23923,0.5116814943313119
23924,0.49378214749313865
23926,0.44311579412941954
23928,0.5685656029697812
23929,0.5470730757213452
23930,0.43205187938612105
23931,0.43359923560707325
23932,0.41419568811274665
23933,0.4434687136213157
23935,0.6268261609671607
23936,0.4145933423356965
23937,0.4179170712287052
23938,0.5783894251017063
23939,0.531922235443739
23940,0.5377343927222304
23941,0.5619926353716079
23942,0.5344565355070844
23943,0.4276948446009711
23945,0.5413826611630003
23946,0.40927255629090836
23947,0.4708127555138285
23948,0.5597760634580856
23949,0.6508217370127342
23950,0.41166912869680494
23951,0.45008173941876123
23953,0.5564859451067088
23955,0.5353903147890084
23956,0.517154854077814
23957,0.5009010317131475
23958,0.45460544310860973
23959,0.5637300174758085
23960,0.4456554577524492
23961,0.4264134588974981
23962,0.4700931475919973
23963,0.43576669928255074
23965,0.44583194552281485
23966,0.4426705713759742
23967,0.5213141147909577
23968,0.24553525482553507
23969,0.2910143080901123
23970,0.5841646867610597
23971,0.44389426068110266
23972,0.6011655629513725
23973,0.561134556255463
23974,0.5214850147325667
23975,0.42882360119975016
23977,0.4236797902990622
23978,0.4021902386646344
23979,0.46024024642164607
23980,0.554911216835373
23981,0.4383314676110059
23982,0.47903936060911406
23983,0.4140916542219586
23984,0.407860633733738
23985,0.4472478282292407
23987,0.5540502158860037
23989,0.5186239388451244
23990,0.5609396310038095
23991,0.5223164250866938
23992,0.45000213933870403
23993,0.4778081157459158
23994,0.38190605926978544
23995,0.5683878821872099
23996,0.5128332059538665
23998,0.46937996191452525
23999,0.2589979092580856
24000,0.4339060871943273
24001,0.5357072734940251
24002,0.6249405485963367
24003,0.4008285779319973
24004,0.46592304791101635
24005,0.5744169930446442
24006,0.5127323465295303
24007,0.4420655423659314
24008,0.4753382701986953
24010,0.5690118528629022
24012,0.38240464754293035
24014,0.5080585313569237
24015,0.5531139396804928
24016,0.58544243346949
24018,0.4186973920716579
24019,0.4726141955842899
24020,0.4564592854007231
24021,0.43773888933090577
24022,0.5522619273862933
24024,0.41672052899232875
24026,0.5077312024271678
24028,0.4488953875736545
24029,0.5197636704810348
24030,0.5416558016812746
24031,0.5268356913540153
24033,0.4315262202627135
24034,0.5963209966912977
24035,0.5051123642159095
24036,0.5177061920620869
24038,0.46942005724921343
24039,0.5320839525169976
24040,0.42481797882684225
24041,0.5394737717535371
24043,0.5017617247951063
24045,0.5744920610317396
24046,0.4614901840154015
24047,0.4588931489155859
24048,0.545043148141769
24049,0.5710877989355174
24050,0.6305710828606936
24053,0.3894806349661438
24054,0.41272546456291664
24055,0.5057224353427777
24057,0.46239485800135194
24059,0.656687423279383
24060,0.4770906175588367
24061,0.4426734941754411
24062,0.4656627999970968
24063,0.6271993325475187
24064,0.6045597327195648
24065,0.5171195428568041
24066,0.44498150515526164
24067,0.4286822968155119
24068,0.49360734862506545
24070,0.6647601500317135
24071,0.41680513784944884
24072,0.499178384530701
24073,0.4663381331782622
24076,0.42437892115224796
24077,0.46769391560994605
24078,0.40988060625559297
24079,0.46458331025010524
24080,0.45931107927901044
24081,0.44257688951594504
24082,0.41822568420018924
24083,0.37801627850539504
24085,0.44715096449675756
24086,0.5978248917161101
24087,0.47655481421033286
24088,0.6076595389521089
24089,0.44986120044502825
24090,0.662648547903808
24092,0.44408265300019445
24093,0.47899578406909704
24094,0.5734665176623293
24096,0.4516644044050972
24097,0.5209147551661549
24098,0.582940196790812
24099,0.4172951678457547
24100,0.5515671391298946
24101,0.5044659392313842
24102,0.5160699571674008
24103,0.44049198484705193
24104,0.4114217652648105
24105,0.49442831814997973
24106,0.5109754361542937
24107,0.4839523852566873
24108,0.423128812444747
24109,0.5080378317181031
24110,0.4208074979631569
24111,0.4568794671355186
24112,0.4390599769351574
24113,0.4258713920132651
24114,0.46257094489796585
24115,0.47417003230599447
24116,0.45684542722166016
24117,0.613873554343444
24118,0.4257756977970219
24119,0.5387474564365822
24120,0.37915593871059167
24122,0.43100959000633465
24123,0.5210742712625264
24124,0.4397348254971096
24126,0.467483217397109
24127,0.49680220519963214
24128,0.5733080963233927
24129,0.404293617635617
24130,0.4499793784381662
24131,0.5358286307294807
24132,0.6335223606994816
24133,0.3931445265992866
24135,0.5834826250476446
24136,0.3266978139220532
24137,0.4973189918248107
24138,0.5226602237669867
24139,0.46292463715606125
24140,0.4984236093724159
24141,0.5338858100503546
24143,0.4571149212162118
24144,0.37850016112127877
24145,0.5049199808626981
24146,0.5086590539719402
24147,0.6065696138883332
24148,0.5568281603774294
24149,0.43276247137805335
24150,0.6250213264853466
24151,0.42880374642305696
24152,0.5410606715578476
24153,0.5066109070055326
24154,0.6389480344146187
24155,0.5323036859540607
24156,0.43389491831998916
24157,0.5002554224615673
24158,0.5671597084763395
24159,0.6040580912601804
24160,0.48388651424175405
24161,0.41121400559205035
24162,0.5305503926410706
24163,0.47349392869868967
24166,0.6340984092621966
24167,0.4223743107476885
24168,0.5230080634586837
24169,0.5292419784254965
24172,0.49039212841100815
24173,0.4668989711959094
24174,0.4439623905390473
24177,0.4934868563298432
24178,0.6481451868950314
24180,0.5253908957657545
24181,0.544598603508349
24182,0.5227602703945541
24183,0.5106642704016856
24184,0.49871600524748383
24185,0.4803191767239191
24187,0.48670976796125226
24189,0.44175617151597346
24190,0.57805401560965
24191,0.541352096687921
24193,0.4417534525233933
24195,0.5323143912653654
24196,0.45266388320426265
24198,0.49625981943305925
24200,0.5916171691845923
24201,0.4485436839297288
24203,0.5574076373068749
24204,0.5308760264702055
24206,0.4593199298553899
24207,0.5761420722156909
24208,0.4093557491752879
24209,0.4415554289793272
24210,0.48347763660078014
24212,0.4281443762592406
24213,0.5149852994304456
24214,0.5836101659659532
24215,0.600715692879702
24216,0.5303832235418722
24219,0.44470290258252204
24220,0.49819804728301925
24223,0.4933702335967844
24224,0.4265262889972689
24225,0.419579316487231
24226,0.5139271307701249
24227,0.4139804312232808
24228,0.3854545057103115
24229,0.5639142607671589
24230,0.4011943724053403
24231,0.571682736751512
24232,0.42135679206163273
24233,0.4039128512448187
24234,0.4550352835625916
24235,0.26026026089333226
24236,0.5559448880599736
24237,0.40822211065516756
24239,0.5562996541399652
24241,0.4528250603932545
24242,0.5854430114642322
24244,0.6357546631426153
24245,0.586957241970442
24246,0.4811932476208596
24248,0.5375286768841085
24249,0.43461787464258145
24250,0.48652476842145637
24251,0.4291949294130297
24252,0.5189527552135672
24253,0.4215092517101777
24255,0.5189989848798959
24257,0.49917185479001913
24259,0.429746060466976
24260,0.43884621792101164
24261,0.5039355951219402
24263,0.529579242103318
24264,0.42394847333127317
24265,0.4642497336754042
24266,0.47889031051551556
24267,0.4780362404029886
24268,0.5716914186815274
24270,0.5779457867233365
24271,0.49136556472920906
24272,0.42853053006033875
24274,0.5111673874191496
24275,0.42959953181520677
24277,0.4730261501833813
24278,0.4339183048603831
24280,0.3956902244034668
24281,0.4860951756914435
24283,0.43904584776617034
24286,0.5506772547118663
24287,0.458717230912931
24288,0.4784788651495457
24289,0.40486093871556056
24291,0.4698537733942246
24292,0.6316431435315247
24293,0.2772520939044814
24295,0.5505332876586283
24296,0.4234268541310529
24297,0.4965630315556653
24298,0.5788208036981863
24299,0.516114587658819
24300,0.48686629633142486
24301,0.4635155531020094
24302,0.5593981598645377
24303,0.625094190404389
24304,0.593253201239737
24305,0.5736316881340042
24306,0.470710914960841
24307,0.44786563679765723
24308,0.5944177134381007
24309,0.4072645817911236
24310,0.43172745069158625
24311,0.5252244032768956
24312,0.5267708819209825
24313,0.4875170126552557
24314,0.40562143488786206
24315,0.4742075015859724
24316,0.41872497502668726
24318,0.4287280243702451
24319,0.5446496048475357
24320,0.4524088840634505
24321,0.4395816145621888
24322,0.6026156352953903
24323,0.6137756340640391
24324,0.5014244302211146
24325,0.5813369024158346
24327,0.48399100588261357
24329,0.5634811886622197
24330,0.506346526079874
24331,0.4933586576462996
24332,0.5587168308500668
24333,0.5607124601483844
24334,0.4012689399320641
24335,0.5013846498882704
24338,0.48874690369773033
24339,0.4189022542695204
24340,0.48951996783019935
24343,0.5565916331271427
24344,0.4395577223656921
24345,0.4392551485922638
24346,0.4849892838550424
24348,0.460641485056051
24349,0.4282435555007582
24351,0.49585212865526773
24352,0.5001969806931361
24353,0.4047621564106054
24354,0.6361993960979038
24355,0.598797981258351
24356,0.4958056979705025
24357,0.5113428934709549
24358,0.5869116557324928
24359,0.4415799187904703
24361,0.48857591703373
24362,0.6423113349115023
24363,0.4030230241672744
24364,0.44672138675498874
24365,0.5729323736495265
24367,0.4355282399418056
24368,0.3960812065437556
24369,0.48345303575035425
24372,0.5022520722262898
24373,0.3818980425349438
24374,0.44407934228170787
24375,0.5025649970043301
24377,0.5507496768518638
24378,0.41025789847062394
24379,0.6289263314335108
24380,0.36755178370406233
24381,0.5012927622074757
24382,0.43883763488597183
24383,0.47442814800123545
24384,0.4392891507561261
24385,0.4780258923787126
24386,0.4871071044529626
24387,0.4658562237859585
24388,0.47400656917777056
24389,0.4076726779447018
24390,0.5620932564747595
24392,0.4301588806604938
24394,0.5117385207022438
24395,0.5616643366313293
24396,0.6266384870770606
24398,0.6353475156863038
24399,0.3767300018174174
24400,0.4293466775113977
24401,0.37349535683114093
24402,0.41369858292876893
24403,0.45892269292408117
24404,0.4477260159074898
24405,0.5622284874232598
24406,0.5596878776384505
24407,0.44375325701294194
24408,0.48304900691145475
24409,0.4891977441412373
24410,0.43629638220593997
24411,0.341039900151649
24412,0.4166532859551607
24413,0.4242090875309995
24414,0.4977637277680584
24416,0.5562800599704832
24417,0.597248428085173
24419,0.4073133017311968
24420,0.41215919094399595
24421,0.6049853851359908
24422,0.34867587235333763
24425,0.5541334517684526
24426,0.554481653084279
24427,0.5067037594983527
24429,0.4918897835260986
24432,0.4448650994319426
24433,0.49653729632535265
24434,0.5434338967295297
24435,0.6103057480094228
24436,0.4951434300224583
24437,0.41352466597220333
24439,0.43304601080249083
24440,0.4620040634136722
24441,0.5375390547906244
24442,0.5536359589184933
24443,0.4236553413848258
24444,0.42347580294418796
24445,0.44884806992492526
24446,0.5755675366291513
24447,0.6022095008138786
24449,0.4349735407415027
24450,0.4518299313932546
24451,0.5298547736449348
24452,0.476138821632812
24453,0.43522975585607093
24454,0.5652487687277751
24456,0.5408125520845742
24457,0.407647931561687
24458,0.42633215562526666
24459,0.3894983904532491
24460,0.4182405831202338
24461,0.46249373489025963
24462,0.4296986252005833
24464,0.3993386037618805
24465,0.5740985862208828
24466,0.4530236545911185
24467,0.46329543364700515
24468,0.47334568021488016
24469,0.4285688810410972
24474,0.4959279104564285
24475,0.4848379408956282
24476,0.4966315940493072
24477,0.48868146951188535
24478,0.6151072707745119
24480,0.4999111083029921
24481,0.4085417495320023
24483,0.46008530091763744
24484,0.41163284638997993
24485,0.5270311514743993
24486,0.5605190234289652
24487,0.4321954397916676
24488,0.44877464340298795
24489,0.442953884577542
24491,0.4219044184947151
24492,0.47635203469397014
24494,0.44058178810308396
24496,0.49380793391614447
24497,0.4983140007899067
24499,0.44661784410000815
24501,0.4596280671223142
24502,0.5344549990573502
24503,0.6146973320321929
24504,0.522495025619764
24505,0.5002259410969913
24506,0.5707635175122848
24507,0.4922293463101539
24508,0.2886233768458122
24509,0.3945005995758683
24510,0.4608472762056983
24511,0.5046213628060514
24512,0.5522336410450231
24513,0.46613538407548005
24514,0.47232203090191566
24515,0.44633201862952304
24517,0.5990715353858682
24518,0.4318326111152232
24520,0.5465609282361812
24521,0.5838599502800461
24523,0.5665221748088107
24524,0.47573233955878697
24526,0.47779000084293605
24527,0.4451765807467627
24528,0.42489613482682154
24530,0.43755588468318296
24531,0.600458687671625
24532,0.5843489386268307
24533,0.5376010038660862
24534,0.5318867939794021
24535,0.47156425655294776
24536,0.49068742833317947
24538,0.45409855434449187
24539,0.38706907217979913
24540,0.5652177839093483
24541,0.4699496404729293
24543,0.5359492982179345
24544,0.4346589974015442
24546,0.5334027515830441
24547,0.5043152880510321
24548,0.439316483900685
24549,0.5006051382204298
24550,0.6120578803335764
24551,0.4207599440682075
24552,0.4491820186034433
24554,0.5374293029215634
24555,0.5665997535841549
24556,0.42856900608048226
24558,0.484427227434692
24559,0.6202425540860749
24560,0.4547130750154842
24561,0.4663029034405093
24562,0.5617918042509359
24563,0.4929498084981756
24564,0.5488381941721588
24567,0.4250336661994724
24568,0.4376657582919439
24569,0.651452494680269
24570,0.5058921261647729
24571,0.45352926663021764
24572,0.5661753769206908
24573,0.563593512166821
24575,0.552827503488871
24576,0.43206094882062224
24577,0.5175586359721047
24578,0.5771699132245537
24579,0.3159778893309575
24581,0.41705770520430213
24582,0.49249644031392903
24583,0.5379764280862409
24587,0.43388489065573665
24588,0.45105925092278176
24589,0.5717400038574483
24591,0.45890538020119775
24592,0.43995261902994964
24593,0.4328009827569163
24594,0.5067440906620302
24595,0.48772401455598596
24596,0.4618633969419392
24597,0.47365876390683787
24599,0.4109770293424229
24600,0.614003121136643
24601,0.465731866602082
24603,0.6146369028654514
24604,0.49921808090304304
24605,0.42859489345424256
24608,0.4216596296950985
24609,0.6282165139987429
24610,0.4637320332860254
24613,0.598041126083169
24614,0.5920455535743249
24615,0.3794287824875531
24616,0.4576578715787234
24618,0.503897189966287
24619,0.4469424802623487
24620,0.4581542893509433
24621,0.4432234537802318
24622,0.44769059479581236
24623,0.48166407999304534
24624,0.5261044292105993
24625,0.5215671576437384
24628,0.5003283726674335
24629,0.5348011849404287
24630,0.5156138052633785
24631,0.49204828341848766
24632,0.4719813251513565
24633,0.570535684341957
24634,0.5602622173606888
24635,0.6079180678374753
24636,0.4821507438965201
24637,0.5698979273768824
24638,0.453702890349898
24639,0.44735196753127526
24640,0.5051880644303776
24641,0.412918723389022
24642,0.41910725216902045
24643,0.4131379447293748
24644,0.448113480459036
24645,0.450132911997871
24646,0.45733376110728374
24647,0.378251018464879
24648,0.5142872304964496
24649,0.4238886160052378
24650,0.48496361731518917
24651,0.47045937054387044
24652,0.38640594892897007
24653,0.6629657917334729
24654,0.5762780581739988
24655,0.6272445135641861
24656,0.49006213038118906
24657,0.52432473834402
24658,0.43743714896202923
24659,0.5336567931069172
24660,0.5104252423641522
24661,0.5567161075866072
24662,0.4439291858672319
24663,0.5367174800779765
24664,0.45171938823596813
24665,0.42711579593297005
24666,0.4606239817694119
24667,0.3942020216839714
24668,0.49598702427148594
24669,0.4479110669149274
24670,0.6203982090955735
24671,0.47876376092008033
24672,0.5377351428904718
24673,0.4553975940275775
24674,0.4339157319990386
24675,0.468927281064724
24676,0.5112341355269127
24677,0.5838947723890474
24678,0.40264633600354055
24679,0.49281530386115446
24680,0.42168931254061987
24681,0.42497972294751335
24682,0.429997974877015
24683,0.5571660034332471
24684,0.5813253285062847
24685,0.4772877876508164
24686,0.5532823175939305
24687,0.5403681245081877
24688,0.3887092998450493
24689,0.4183356042974507
24690,0.48917922329116464
24691,0.44333888276985
24692,0.24310775444844418
24693,0.5782195125885923
24694,0.4425787722948925
24695,0.5316139921430656
24696,0.5466033317535571
24697,0.4858963097724676
24698,0.4706311380807714
24699,0.37125565123798304
24700,0.4640276786454364
24701,0.5726322048698367
24702,0.646856843119282
24703,0.44504196522762796
24704,0.4688941859433812
24705,0.5403228146287093
24706,0.5614673945871028
24707,0.42398465308213173
24708,0.4299629256368431
24709,0.455571877246402
24710,0.48137224090073927
24711,0.49352641217411686
24712,0.574194509308141
24713,0.45716590033438415
24714,0.5625734554779553
24715,0.41493191911476346
24716,0.5617703850903516
24717,0.5295454844764991
24718,0.44408143583645
24719,0.3957910799964792
24720,0.519882978578797
24721,0.622131080110981
24722,0.47186458525283986
24723,0.42682739345299026
24724,0.26567422975488053
24725,0.6186454017008394
24726,0.5134219264457355
24727,0.5254153558485318
24728,0.3710428327203892
24729,0.4588951817448642
24730,0.48989590879494377
24731,0.42299569602258946
24732,0.5768029592332227
24733,0.4360267767456522
24734,0.5085220417683741
24735,0.4384783102077929
24736,0.6304183947088332
24737,0.5927364296920508
24738,0.501707522347044
24739,0.5765251670110949
24740,0.4725002838394285
24741,0.4770641981215418
24742,0.5677690225337614
24743,0.48083612444617857
24744,0.49308795908875863
24745,0.40032158290979675
24746,0.4197014052799568
24747,0.43019472404158227
24748,0.47276183264102656
24749,0.5767163628967281
24750,0.5489765010951239
24751,0.39168726686052024
24752,0.4112194171828485
24753,0.42847666824012004
24754,0.594699788806695
24755,0.6184016903607495
24756,0.6294953492358188
24757,0.5631040971606605
24758,0.49534659368142664
24759,0.43802250907404866
24760,0.6053873864626723
24761,0.49967382274321787
24762,0.4103267776162969
24763,0.4846647816400758
24764,0.4406252626166827
24765,0.43365208100464236
24766,0.5006097502818164
24767,0.6177309766717616
24768,0.6062731409251461
24769,0.4342757947674691
24770,0.4874808243967357
24771,0.5088576261132433
24772,0.5395547005571514
24773,0.37337901154992786
24774,0.593330862597061
24775,0.5193405548122386
24776,0.6501259233648625
24777,0.27634738549403515
24778,0.47157300476030506
24779,0.4478167983365269
24780,0.45861987137140703
24781,0.487014523324994
24782,0.5002454298392633
24783,0.5189428129477274
24784,0.5754173657651649
24785,0.48112533543585406
24786,0.5099243791430651
24787,0.39088687633028607
24788,0.6140026103276434
24789,0.44856625934630706
24790,0.5169844507607395
24791,0.5053595327989717
24792,0.4970661579537912
24793,0.5326477548024873
24794,0.496824415893438
24795,0.58189422379317
24796,0.4203415755228004
24797,0.5586246966325491
24798,0.5044017951576538
24799,0.46281595679709026
24800,0.4895360984736884
24801,0.5762122212696044
24802,0.6222937938662124
24803,0.44102657640518667
24804,0.5370478757521635
24805,0.5744971910390639
24806,0.4593379035024081
24807,0.548717594538911
24808,0.5591282043025173
24809,0.6064347573641049
24810,0.6217082967995511
24811,0.603813060634801
24812,0.37158880588980103
24813,0.4530681071324588
24814,0.5408549619985217
24815,0.4463003282473683
24816,0.4025048226409429
24817,0.4734574838658569
24818,0.4288761294037125
24819,0.44502251170802404
24820,0.38104004279252246
24821,0.6173795476893599
24822,0.40781628290182703
24823,0.5479653307111112
24824,0.4364781136457869
24825,0.45321887724999643
24826,0.39068434024308746
24827,0.5662149351097947
24828,0.6058965854436322
24829,0.4312883573892456
24830,0.5231220573671759
24831,0.592242576461539
24832,0.40659823496980296
24833,0.37717482936386426
24834,0.5141189381992457
24835,0.47785414978631324
24836,0.49703094563113703
24837,0.480216199313448
24838,0.4256753563869907
24839,0.559666241187033
24840,0.4986212253920376
24841,0.5253127660900785
24842,0.4310896864557352
24843,0.4507782157199393
24844,0.45618917029483336
24845,0.513906879103232
24846,0.4547728453645606
24847,0.5782250654340211
24848,0.4827627592986181
24849,0.5274047093742315
24850,0.4192678985219398
24851,0.4670259520624015
24852,0.44799083408441526
24853,0.47509730820801493
24854,0.46332924629532507
24855,0.522639683662498
24856,0.4631295289688751
24857,0.560383290077918
24858,0.4690064700100311
24859,0.5963299291858882
24860,0.5629613694949849
24861,0.484788823986007
24862,0.48997304689359056
24863,0.47239902339988754
24864,0.5873111493375803
24865,0.43685635844165605
24866,0.4969094509729988
24867,0.4728652210364202
24868,0.3932410382674003
24869,0.49006219916006477
24870,0.4182915993831884
24871,0.4541397990396615
24872,0.6662091871636047
24873,0.6184072806458485
24874,0.4640158191788117
24875,0.48582725597600285
24876,0.5053417065857297
24877,0.540561301975818
24878,0.5516357276624547
24879,0.4108707423167965
24880,0.4818957725435849
24881,0.5226094053743061
24882,0.46197810190842886
24883,0.5282027125079916
24884,0.5208013316832127
24885,0.5384202269480202
24886,0.5203644661088769
24887,0.4398507012366676
24888,0.4023360636020123
24889,0.4119135531112431
24890,0.5477023951756176
24891,0.4465734284794488
24892,0.5451483221014872
24893,0.5918676568337871
24894,0.5076547803521576
24895,0.394956458528494
24896,0.5980466218465502
24897,0.5233661599348796
24898,0.5440566627425311
24899,0.5219433129427794
24900,0.45128175560948486
24901,0.5874343270228288
24902,0.42112834701347795
24903,0.5137383700917229
24904,0.4056452750582234
24905,0.506358869984121
24906,0.37725551611951325
24907,0.5015059713661503
24908,0.4933606062171887
24909,0.4196307463904658
24910,0.43164651486137556
24911,0.5303529328534072
24912,0.4646198325391282
24913,0.4509408856264785
24914,0.4346433605620531
24915,0.4948736953015714
24916,0.44337210457870435
24917,0.4814084219119643
24918,0.27341323300066017
24919,0.573850755975117
24920,0.45582101967459
24921,0.5212487278997556
24922,0.3915334509159705
24923,0.5469364018883054
24924,0.4980951604014915
24925,0.5203167351896653
24926,0.4486847539158817
24927,0.49024184900106865
24928,0.4930826101124179
24929,0.6004704501190016
24930,0.5680282907681324
24931,0.5436140751959281
24932,0.4735853642716555
24933,0.5170576624030331
24934,0.4528204317154323
24935,0.43792113445822983
24936,0.630763427924319
24937,0.49254167732264614
24938,0.44195889731368676
24939,0.4832458936947998
24940,0.5380632010083787
24941,0.442800932840413
24942,0.6353737209800698
24943,0.3921853295118281
24944,0.5627429481046079
24945,0.5828913837485543
24946,0.48319414902233054
24947,0.6358304120138454
24948,0.43238948833354257
24949,0.4616875512464665
24950,0.39683088960988094
24951,0.5527801174255587
24952,0.46649243715877836
24953,0.6509662030239682
24954,0.5177622380372315
24955,0.47492931051959125
24956,0.49564451851207664
24957,0.48133763388202083
24958,0.4886459371737597
24959,0.45596558838150764
24960,0.514217621018687
24961,0.41873600657439924
24962,0.6382458542479306
24963,0.4834165795232776
24964,0.5270830480277473
24965,0.6585089813495203
24966,0.46915528202365
24967,0.4109052725245025
24968,0.5811387811169216
24969,0.5767637227907251
24970,0.5609997858411991
24971,0.48830490038846264
24972,0.2620426725276913
24973,0.5577947561255834
24974,0.5610482558327473
24975,0.4732051102373549
24976,0.5296493564224811
24977,0.44238309345031895
24978,0.4760846127364218
24979,0.4328239297346398
24980,0.4580572273158728
24981,0.4734736388958586
24982,0.6362914520481607
24983,0.5113666196931639
24984,0.4961411298162463
24985,0.5172071315939898
24986,0.44449342987288903
24987,0.5577546165625172
24988,0.5254621222701953
24989,0.4947557630671646
24990,0.604320568484551
24991,0.5572915428620271
24992,0.45943580105408677
24993,0.5639711426151129
24994,0.46070640597877277
24995,0.47224248715006384
24996,0.4390995098947185
24997,0.4308457072771912
24998,0.5056048841974984
24999,0.47469080029047633
25000,0.46290339047762025
25001,0.4142266064311251
25002,0.4561657830719818
25003,0.4968271982775596
25004,0.5743945390526841
25005,0.41174453142677836
25006,0.5804347840909321
25007,0.44540957262316644
25008,0.5293477755853043
25009,0.5894504830916613
25010,0.47263131342219267
25011,0.5028863292968119
25012,0.477977334073335
25013,0.4738298799134729
25014,0.5114808973032794
25015,0.44976135045451693
25016,0.45914127162238444
25017,0.6648162707170594
25018,0.471085657812814
25019,0.529257028695261
25020,0.46704435260558796
25021,0.48035336785188654
25022,0.4317538036058004
25023,0.4200025662653674
25024,0.47214241163719384
25025,0.4571647257971751
25026,0.5703266184902762
25027,0.5026473949326684
25028,0.4302772199116416
25029,0.43998724886029883
25030,0.4520693717132055
25031,0.5386055351603393
25032,0.49236467790376537
25033,0.43932610932602834
25034,0.4931281920345823
25035,0.49619942777635706
25036,0.4494880748203467
25037,0.6086065571416858
25038,0.46379303304004127
25039,0.5681160375506663
25040,0.2712184858201713
25041,0.6151845378626309
25042,0.526028959899016
25043,0.42126200528324714
25044,0.5215033306101929
25045,0.5486359466744165
25046,0.5589824850654566
25047,0.44882870918287365
25048,0.5009414830031063
25049,0.5922118452810743
25050,0.5148136870002021
25051,0.43098035595479084
25052,0.48387901905830205
25053,0.44390384981242464
25054,0.5876103363923807
25055,0.525846918918495
25056,0.5518468993828551
25057,0.6042658383245266
25058,0.4619794268794362
25059,0.5352006430437543
25060,0.5380444542572315
25061,0.3835991205190323
25062,0.5260378457492755
25063,0.5617184718946694
25064,0.584625095707046
25065,0.4051839603983003
25066,0.504988994353656
25067,0.40334365138252976
25068,0.5614177731872654
25069,0.5728481154064131
25070,0.5691040802632957
25071,0.4387977471285158
25072,0.5634455272418382
25073,0.5532740604920754
25074,0.553572439835158
25075,0.5192388598386161
25076,0.4434485963586727
25077,0.5283305722229499
25078,0.31048313470361605
25079,0.4930283398666067
25080,0.6222661889734816
25081,0.4511913172763874
25082,0.5237461135110894
25083,0.4183995745373856
25084,0.469545920676223
25085,0.5162922631994451
25086,0.459882412216705
25087,0.560074215724743
25088,0.47395891328989775
25089,0.47948096987857214
25090,0.41944447031382454
25091,0.592093779537802
25092,0.5306445749282921
25093,0.5506574015639781
25094,0.5352988250879812
25095,0.567396027216271
25096,0.4756394575038744
25097,0.5264944276346263
25098,0.5633375258805849
25099,0.5070755760874849
25100,0.5599740363811155
25101,0.45839879159157854
25102,0.5129477093208819
25103,0.6422080826088122
25104,0.46589108311451904
25105,0.419203285747724
25106,0.5409439848118661
25107,0.4944322919058007
25108,0.5824178617260749
25109,0.4382817040951445
25110,0.5209671557968663
25111,0.4429243664123536
25112,0.49202853032423427
25113,0.5108625634148792
25114,0.49144472325258914
25115,0.5804591098756589
25116,0.5428670345818637
25117,0.40730454241299796
25118,0.4259263153545638
25119,0.4934017082414397
25120,0.4558385729502676
25121,0.45229786604218114
25122,0.5845695040496749
25123,0.5380565205258858
25124,0.49719757064146913
25125,0.4676124709928741
25126,0.5300435881828539
25127,0.4704080641282528
25128,0.6437822499356349
25129,0.5003066451094599
25130,0.47734121019037623
25131,0.4921425702126345
25132,0.4405412290778991
25133,0.4443457663587346
25134,0.4354936874748181
25135,0.4168687835948363
25136,0.4713320535897286
25137,0.42060675421233973
25138,0.48414732876823907
25139,0.44769768053075265
25140,0.47499439545682315
25141,0.47207802566811324
25142,0.5216616351604961
25143,0.2612589491639711
25144,0.4272611797066931
25145,0.4977246682663332
25146,0.47437363473297384
25147,0.5432859768650868
25148,0.5204649285053989
25149,0.5575696935555183
25150,0.41791000269863887
25151,0.5071154580525855
25152,0.47249960620865217
25153,0.4942068864711435
25154,0.6239630112384743
25155,0.43409761034571637
25156,0.5068335480159827
25157,0.43556699063339466
25158,0.40205974723289356
25159,0.5326001084620908
25160,0.42962616203041676
25161,0.6346128603979531
25162,0.47737651756113403
25163,0.46140417859274463
25164,0.430881388427155
25165,0.4139012387606897
25166,0.41372846086977405
25167,0.5605047704173367
25168,0.5134297645726515
25169,0.5715753187047073
25170,0.5431498708216617
25171,0.5411352551777818
25172,0.4801987674999755
25173,0.4679042265446619
25174,0.5388732209670275
25175,0.5492590571539189
25176,0.4329112132610193
25177,0.48293172996381956
25178,0.42370818722965725
25179,0.46045076819438835
25180,0.48355313521834825
25181,0.3777090569186234
25182,0.5612348662623343
25183,0.40089477355881764
25184,0.457474175705167
25185,0.47562829608775387
25186,0.5817558370089024
25187,0.42914143231203355
25188,0.44646293910756024
25189,0.4405162950380182
25190,0.5215331918739848
25191,0.6135523479433103
25192,0.6220263921127437
25193,0.5263268745743503
25194,0.43990405095248525
25195,0.5601603385886856
25196,0.4408211967768957
25197,0.4481606682504639
25198,0.4918374960792938
25199,0.5257291500119287
25200,0.5119659737598462
25201,0.5770538222543474
25202,0.39680218215997765
25203,0.4370131086302165
25204,0.38478428063838005
25205,0.6019017605527115
25206,0.4308504681543942
25207,0.5217063088587734
25208,0.3996852404172765
25209,0.45873490879524015
25210,0.5099622540015595
25211,0.5164925016722283
25212,0.5846937687588578
25213,0.41942172094136104
25214,0.5076323749390164
25215,0.5317103884407061
25216,0.5117564505971245
25217,0.4736602930330733
25218,0.42463770810843493
25219,0.5799474342245724
25220,0.5342937302406471
25221,0.5976011102216576
25222,0.5931654447153265
25223,0.5544952748324015
25224,0.41507408079108643
25225,0.5226410842873197
25226,0.5583649455726857
25227,0.4399952724157311
25228,0.633224159665031
25229,0.46949803034248416
25230,0.496776216268273
25231,0.4516131404470791
25232,0.46211821939094244
25233,0.5654084492986993
25234,0.5417259322490665
25235,0.4671066011834838
25236,0.5860231513383827
25237,0.5270888132285879
25238,0.5555032883041967
25239,0.5495485189007849
25240,0.5759212735733543
25241,0.4451669320143505
25242,0.5204550571882048
25243,0.44756716843454475
25244,0.5719569800480465
25245,0.5317118344554862
25246,0.48699605284212594
25247,0.5272256395748498
25248,0.4089083263572744
25249,0.510112845609386
25250,0.42352478755836215
25251,0.5232539207121478
25252,0.5502765315621589
25253,0.4457647616585821
25254,0.566622771185754
25255,0.524445861318435
25256,0.4531761320918226
25257,0.5434687768244121
25258,0.4667263130540668
25259,0.4572974243565829
25260,0.5429429712038587
25261,0.52222820697679
25262,0.5380522108325414
25263,0.46512636024441684
25264,0.4298262648472599
25265,0.465415418622387
25266,0.43092445982319755
25267,0.41258709297592405
25268,0.426582954051403
25269,0.46988275163308424
25270,0.4189663734452578
25271,0.5384031096566226
25272,0.41456137266785925
25273,0.5765845684190468
25274,0.47746392245620356
25275,0.5144638799331129
25276,0.41425130293342
25277,0.39739535908726104
25278,0.5022873493694859
25279,0.6553202393839593
25280,0.5344031443030385
25281,0.5122503180697763
25282,0.5356792786257096
25283,0.6277454652038461
25284,0.5155222301969496
25285,0.5318991183232664
25286,0.4121974089095801
25287,0.48694189963425677
25288,0.4592569783628832
25289,0.5293739155619063
25290,0.44492509248063933
25291,0.45021736297231657
25292,0.44416710533317294
25293,0.4881107402847417
25294,0.5974612719918068
25295,0.46611983458149914
25296,0.5435328748173015
25297,0.49616060533560435
25298,0.5609444775240743
25299,0.5062241491752278
25300,0.5086029735826824
25301,0.5045955137702094
25302,0.45050514436274947
25303,0.4514637342687482
25304,0.4987946171382901
25305,0.5666206536063767
25306,0.503900100710371
25307,0.4237459652583741
25308,0.384563117700142
25309,0.386123150519221
25310,0.4832369231526401
25311,0.6739190398838977
25312,0.4414089799150732
25313,0.4869950202771953
25314,0.5021905347279428
25315,0.48131890892853946
25316,0.49142357737494097
25317,0.3238642047837141
25318,0.491122725115447
25319,0.46946339746536175
25320,0.46569549238214725
25321,0.47678054825499205
25322,0.4745035060337361
25323,0.4777688497103786
25324,0.5220339391796549
25325,0.48893680980042425
25326,0.5611245769156463
25327,0.4856752046613466
25328,0.5808787947994021
25329,0.42662942923481845
25330,0.5368072175187896
25331,0.46346423505726686
25332,0.5294101952298969
25333,0.43952241084183674
25334,0.6074324187086227
25335,0.4948859572576228
25336,0.587658720112827
25337,0.5680363088617281
25338,0.3121488677756912
25339,0.4778817459456743
25340,0.4789677024690237
25341,0.48131486439583404
25342,0.42758483420771237
25343,0.5802700790579425
25344,0.595920922065592
25345,0.4942839504183451
25346,0.5173113485800981
25347,0.46902060185104427
25348,0.579843358906268
25349,0.4471666736482625
25350,0.6179729046255384
25351,0.3928536697488433
25352,0.5729843561664619
25353,0.4555678400625092
25354,0.4600777530423691
25355,0.541380532134081
25356,0.450943566529197
25357,0.4752350891617258
25358,0.5486419778872351
25359,0.6164195317358204
25360,0.5378021946417676
25361,0.4818271042775818
25362,0.5326106218014407
25363,0.41570668332287275
25364,0.3963344425435077
25365,0.4816891701263063
25366,0.5714346208488507
25367,0.48267472207169754
25368,0.42829704488929765
25369,0.4496506006834447
25370,0.5298468910502401
25371,0.47765046418692364
25372,0.38718224218089453
25373,0.52756956428609
25374,0.5342846871611971
25375,0.5707705501736087
25376,0.4932357894953674
25377,0.6703613327844957
25378,0.4290349178915751
25379,0.3778963527321274
25380,0.5279578542033194
25381,0.5001813411952704
25382,0.4754807511285547
25383,0.5296472010827885
25384,0.47739908135324194
25385,0.43061296061865784
25386,0.5501209154400808
25387,0.36667883306172494
25388,0.6004372853809327
25389,0.4090853910624565
25390,0.5980221370062185
25391,0.4202784217137936
25392,0.49014500036828024
25393,0.42579076026308404
25394,0.47770225473324396
25395,0.5507762805334988
25396,0.438790443638441
25397,0.5570133719265136
25398,0.5898404551973474
25399,0.5073225000328709
25400,0.47131894493646803
25401,0.531592652715317
25402,0.49656722753308713
25403,0.545436473213529
25404,0.4599750767260728
25405,0.4355109281776276
25406,0.3222944665996474
25407,0.45960974690634493
25408,0.5475608872209804
25409,0.4627223331469769
25410,0.5897049809825475
25411,0.4226749422478169
25412,0.6057742263002335
25413,0.46757672830081115
25414,0.5202310694538178
25415,0.479337324590185
25416,0.5594829494107401
25417,0.42594645900823663
25418,0.5303686563236191
25419,0.5287137180181813
25420,0.4104351663109054
25421,0.4039164445368275
25422,0.5663169807384327
25423,0.6156961926722273
25424,0.6029746815215511
25425,0.41979274314425263
25426,0.5526198721253902
25427,0.47328479455004313
25428,0.5711232912483046
25429,0.5032193903844474
25430,0.3844047722540489
25431,0.6171503032103483
25432,0.6271284888103952
25433,0.65983144498252
25434,0.5364660822213694
25435,0.5310359429045692
25436,0.4765091847377468
25437,0.5391312824546949
25438,0.4824584174300729
25439,0.38846076312098965
25440,0.5070018664010765
25441,0.5097465672075078
25442,0.47102645092855666
25443,0.4278312672832124
25444,0.6035568729877294
25445,0.41861336505880986
25446,0.6316791640288993
25447,0.393306233048221
25448,0.4816639134000075
25449,0.5372427340354808
25450,0.4535724390852319
25451,0.495543304667418
25452,0.4811291863959285
25453,0.39902297800967546
25454,0.4746742157363946
25455,0.4387953188494291
25456,0.483293056176664
25457,0.4257050231042511
25458,0.39383421735391266
25459,0.5180762736150938
25460,0.4906041099191026
25461,0.3995920665751015
25462,0.5193354246456893
25463,0.4610144370007447
25464,0.5533697350152395
25465,0.556474541402366
25466,0.47674383043142315
25467,0.43646278479588546
25468,0.4434707116261465
25469,0.4814414480068256
25470,0.5207744356130277
25471,0.4765554892643259
25472,0.42462257329940234
25473,0.5033151052279149
25474,0.4219116463417767
25475,0.4903388426829948
25476,0.4331422825888027
25477,0.5394473484303823
25478,0.44815998825389697
25479,0.5922949477134117
25480,0.5352475863302626
25481,0.46888426281184997
25482,0.54602168058891
25483,0.45019330412064795
25484,0.49977347900094826
25485,0.5786726908165776
25486,0.4654787349576461
25487,0.5564722288264816
25488,0.5634633619413589
25489,0.4046525501867263
25490,0.43478884238658544
25491,0.4187462101759344
25492,0.46922994738010393
25493,0.5042400928222339
25494,0.4789758169071462
25495,0.3881923611259817
25496,0.5222984210418558
25497,0.5012216002006974
25498,0.52588125190996
25499,0.5678269087546954
25500,0.5115673598473084
25501,0.5958987797401271
25502,0.6261633971983867
25503,0.5738481088222424
25504,0.5319287523221401
25505,0.4308254744980639
25506,0.47583178742192217
25507,0.41493263358586063
25508,0.5102881461052721
25509,0.43476667846932826
25510,0.594495935623813
25511,0.4520550408990481
25512,0.5555285237709087
25513,0.5003677743754164
25514,0.5130515158782
25515,0.4749946491430615
25516,0.631747329890665
25517,0.4104497040726253
25518,0.5878339530496064
25519,0.47360882344624433
25520,0.4826468615104502
25521,0.4775509122169893
25522,0.48613524445744394
25523,0.5185356999641614
25524,0.4338955658892907
25525,0.4278954923669401
25526,0.45026345232061504
25527,0.4135065817180926
25528,0.47557899681307225
25529,0.49180146072392206
25530,0.3964823394171011
25531,0.46146633906388174
25532,0.49697567398726983
25533,0.3884530966319532
25534,0.43549808119751454
25535,0.5445497108381003
25536,0.47269063275775536
25537,0.5391378811675199
25538,0.4090771513393488
25539,0.6558807776650947
25540,0.44753239641390885
25541,0.3732792285800106
25542,0.5059704888400502
25543,0.3945778272216064
25544,0.41855994861324947
25545,0.5010139518819916
25546,0.45019234227770033
25547,0.473401211457972
25548,0.41303303589842344
25549,0.48230568816272834
25550,0.5758120383418077
25551,0.39935111669076084
25552,0.5135885246535066
25553,0.6146778215325713
25554,0.4461793411586355
25555,0.25846241565237155
25556,0.43622152153877214
25557,0.558339833805871
25558,0.4307596058250909
25559,0.5140301776760768
25560,0.5351823916201224
25561,0.5222571050419063
25562,0.4851545155884141
25563,0.4481782382885141
25564,0.37007921178826353
25565,0.49873475399585926
25566,0.47480833934580824
25567,0.463583936587463
25568,0.4246524499493698
25569,0.439776816333666
25570,0.4775076515927409
25571,0.5992873757475481
25572,0.43019566062626796
25573,0.48774301277406495
25574,0.4293413645835855
25575,0.5298057824337747
25576,0.44464977861036326
25577,0.4543818219398856
25578,0.4510702184403986
25579,0.3760951977952429
25580,0.49214157826383437
25581,0.553627835084151
25582,0.407561619305707
25583,0.4368398679293442
25584,0.6146962485663522
25585,0.5467887370376164
25586,0.48667384880998843
25587,0.49141880793846776
25588,0.6343612457179694
25589,0.5481130398083788
25590,0.4023733312413371
25591,0.5231154394809899
25592,0.4363972022377088
25593,0.5189152452235178
25594,0.43355509981079055
25595,0.45518022003903075
25596,0.3934106033021705
25597,0.5570968927627695
25598,0.5241597261452904
25599,0.4078103192847808
25600,0.49599515573946407
25601,0.4245277659707263
25602,0.4505191102243573
25603,0.49339824374510194
25604,0.503821712143472
25605,0.4291137016867491
25606,0.47619483734429224
25607,0.42216307434691935
25608,0.5058845032379746
25609,0.4202782922162884
25610,0.4616741506285311
25611,0.5641703171260686
25612,0.4105182172476053
25613,0.5057434077403895
25614,0.5399915102108919
25615,0.39704254172033804
25616,0.44140552136861233
25617,0.5514839628538222
25618,0.5858311411017643
25619,0.5266370442826068
25620,0.5394038222262679
25621,0.40938443715972767
25622,0.49508128608899066
25623,0.5252683243179318
25624,0.5233182652832806
25625,0.4464984181389598
25626,0.5090008173584133
25627,0.5724818028915611
25628,0.442471116231893
25629,0.4243184126272441
25630,0.47796603913856683
25631,0.5798676878301292
25632,0.4675500103112219
25633,0.4135947158278872
25634,0.45494637355724893
25635,0.429358575159123
25636,0.43273512463034414
25637,0.5407797010382186
25638,0.4364391718395776
25639,0.5393214786317349
25640,0.4901735853401981
25641,0.4888006033452207
25642,0.5294952107881619
25643,0.5125048361331568
25644,0.5432076436916576
25645,0.4760305997115655
25646,0.48690084688089647
25647,0.5013308135163246
25648,0.46079407619837587
25649,0.4641634289180955
25650,0.4874207040007611
25651,0.6353571408568364
25652,0.5737013962186969
25653,0.5055626159102763
25654,0.631243122401679
25655,0.570793513105945
25656,0.6182523716341423
25657,0.514262246402351
25658,0.4056913173372685
25659,0.40255720509322884
25660,0.4789090560372881
25661,0.5054848710594667
25662,0.5738418541939493
25663,0.4165758320279948
25664,0.5296238445687507
25665,0.42494439276189105
25666,0.4969253304214974
25667,0.5993443921781686
25668,0.42313861716916
25669,0.5027130460561939
25670,0.5412189923645897
25671,0.4799651384332636
25672,0.6521357008124079
25673,0.48209637584489806
25674,0.4276650977939461
25675,0.4309760292102415
25676,0.41892270010897276
25677,0.44076403723111257
25678,0.6582870556460881
25679,0.5328207524820937
25680,0.44326950426902634
25681,0.547315397294094
25682,0.5777732716296146
25683,0.6377483456549099
25684,0.5003462434826812
25685,0.4828730988021421
25686,0.5219081739789455
25687,0.4143471635006297
25688,0.5637536062524475
25689,0.47875692011498067
25690,0.43773101754536753
25691,0.41522820120953496
25692,0.4679409950211242
25693,0.4774199376216364
25694,0.44604841631059083
25695,0.4638814764660752
25696,0.4137760317692171
25697,0.5603448405752791
25698,0.43796208196145914
25699,0.4473371103144475
25700,0.4559862095317102
25701,0.49486803859649336
25702,0.5409740610050218
25703,0.5160211035888443
25704,0.5323349534305734
25705,0.5283069236525025
25706,0.4604035469049536
25707,0.4905157609892568
25708,0.5252880202461858
25709,0.3884492936270755
25710,0.43673090284163396
25711,0.5863174649940235
25712,0.5560884044644863
25713,0.557168804426399
25714,0.4298420694485417
25715,0.5098368409538903
25716,0.43519049155151734
25717,0.4162227225231588
25718,0.552466341098771
25719,0.6450558774725051
25720,0.5645026574696013
25721,0.5131300627341596
25722,0.5520815928331154
25723,0.40265716881060704
25724,0.4310810210272838
25725,0.4421640507938889
25726,0.40784257360306164
25727,0.41122351487030534
25728,0.4163438183297108
25729,0.4357897256274255
25730,0.4515648582206675
25731,0.5713526370396063
25732,0.4435947043437338
25733,0.3702327692520535
25734,0.5898718673810583
25735,0.403589965676961
25736,0.4776099230781377
25737,0.5937649877988259
25738,0.5049729011256363
25739,0.4346024723512953
25740,0.4897707500917718
25741,0.49272029797080497
25742,0.5245145866246201
25743,0.42355630544149336
25744,0.4667358107781439
25745,0.3515639915231427
25746,0.5320140741394798
25747,0.48316158856835095
25748,0.4892241707848363
25749,0.5376567136840772
25750,0.42478188901816366
25751,0.5561953612668064
25752,0.4796538759838683
25753,0.5516973765259565
25754,0.4570183116907567
25755,0.4588050177432417
25756,0.5338873888738014
25757,0.5890939878090877
25758,0.399350975891325
25759,0.5013722822269465
25760,0.47597977801462493
25761,0.43651760388105404
25762,0.4408743971579872
25763,0.5089887372854628
25764,0.44403429566145663
25765,0.5194310464762084
25766,0.4644413662290301
25767,0.6385236662703984
25768,0.4717399490821281
25769,0.49026609161487983
25770,0.4090063356794339
25771,0.48042357851438766
25772,0.44130180824744697
25773,0.5380942885027725
25774,0.551201092656894
25775,0.5587951805677075
25776,0.3942699874712576
25777,0.4753585031826422
25778,0.5348894955216457
25779,0.5514321326940996
25780,0.4967092656748331
25781,0.44544170982787357
25782,0.5268917196365475
25783,0.5684801728140996
25784,0.4933377768316067
25785,0.49629319961768137
25786,0.4899251680586193
25787,0.42066431907850044
25788,0.49766317069736
25789,0.5151547526316679
25790,0.5463835591153915
25791,0.5175549994004924
25792,0.5176923164929245
25793,0.5726271910476775
25794,0.4236394317813255
25795,0.5255501661978229
25796,0.4269664947341548
25797,0.6818520054340589
25798,0.454195705265653
25799,0.5423067382860152
25800,0.5637145602645223
25801,0.43159527238206963
25802,0.48106440964250646
25803,0.5461771508831346
25804,0.41272976422463825
25805,0.446370700408276
25806,0.46887711660172926
25807,0.5996095735764311
25808,0.480176850778659
25809,0.41474382700565543
25810,0.612092022601532
25811,0.274883835744899
25812,0.441228045077264
25813,0.5139202829516651
25814,0.5499837296809087
25815,0.4094237111303103
25816,0.44963632252375413
25817,0.5972203092247442
25818,0.537775869445065
25819,0.5347221676633
25820,0.49255684409533257
25821,0.42112826714018986
25822,0.5241744685486031
25823,0.5236460104653466
25824,0.41567984267348257
25825,0.6257046320197822
25826,0.49771820168332687
25827,0.42389225690358695
25828,0.501452005046479
25829,0.47896915246968014
25830,0.4360960931004773
25831,0.4789862932707919
25832,0.47790651525723216
25833,0.45342997742949587
25834,0.5159738729712878
25835,0.5444804221502433
25836,0.5151081627177059
25837,0.45021883757732667
25838,0.4726454074952771
25839,0.45484594386591126
25840,0.44806448699599033
25841,0.5183911761552109
25842,0.4430465232748243
25843,0.42784443480632683
25844,0.4660025381828578
25845,0.548638993264924
25846,0.5685569326167623
25847,0.41240136062945226
25848,0.5278543287907564
25849,0.3919225555006279
25850,0.45294038679164783
25851,0.45592280617402664
25852,0.4515548991032585
25853,0.40863915055732947
25854,0.5394801824539323
25855,0.5094904464812722
25856,0.45749043232184605
25857,0.6509045222455312
25858,0.5408882266767395
25859,0.41951886409273587
25860,0.5412369586777743
25861,0.6292638204140764
25862,0.5647265518740956
25863,0.43559811310657487
25864,0.4446236615343439
25865,0.40600301438557074
25866,0.6065657336599989
25867,0.43916887867960874
25868,0.5089153650849116
25869,0.4419147294292326
25870,0.5288751551812492
25871,0.5087360528890925
25872,0.5879867242457625
25873,0.5245356571794446
25874,0.4922331365225152
25875,0.4417285383018703
25876,0.4754158089460306
25877,0.42557690604875537
25878,0.4959480363148856
25879,0.578248684950717
25880,0.4990091156735744
25881,0.4685747615418854
25882,0.48134360733617726
25883,0.4666306427309632
25884,0.43814188026073403
25885,0.5105074716226944
25886,0.5786977268413657
25887,0.6326104697591263
25888,0.4928913546167176
25889,0.40804440119183943
25890,0.4675423254213342
25891,0.419415016968818
25892,0.47468160100892104
25893,0.555229637347717
25894,0.5906598272879222
25895,0.4153451111066628
25896,0.5627131196571592
25897,0.5135880581467694
25898,0.4750831409681329
25899,0.529016003667239
25900,0.426537764596429
25901,0.49248122311954823
25902,0.4288946450967676
25903,0.4185987720238081
25904,0.5455071376749875
25905,0.4447726581819418
25906,0.3901794892651808
25907,0.43507550278893364
25908,0.4148719248783566
25909,0.5768327412429769
25910,0.39881721595965686
25911,0.4503688969656677
25912,0.46760469168427393
25913,0.5971489537476222
25914,0.5189772371993866
25915,0.42104093998753167
25916,0.465563501207253
25917,0.6023150614266811
25918,0.43770041058082026
25919,0.5364375106868396
25920,0.4333225849997869
25921,0.480061544817729
25922,0.4337056275106315
25923,0.44665435004464826
25924,0.48969526288020093
25925,0.5284238232035936
25926,0.5243478643321534
25927,0.4353012208017601
25928,0.48906527174397924
25929,0.4442461286827898
25930,0.5541646117210084
25931,0.47631720370544545
25932,0.5657555061691695
25933,0.5326985078568718
25934,0.4656607911610038
25935,0.5449745058459922
25936,0.49386325753488364
25937,0.410864525819207
25938,0.4491035133202146
25939,0.5764717233378479
25940,0.5430548413361933
25941,0.4887780573336191
25942,0.3968821842760526
25943,0.4851062289473041
25944,0.5376030586554729
25945,0.38755588954392245
25946,0.4633254154762038
25947,0.5502796187509409
25948,0.4386503095760559
25949,0.5822213444086759
25950,0.48325554762884815
25951,0.5408208160896786
25952,0.5587582704443927
25953,0.49257258702460616
25954,0.4080343063329175
25955,0.6038381817960893
25956,0.6006756753570389
25957,0.44470013704959444
25958,0.47089911275897384
25959,0.46485788922910865
25960,0.49942217983936915
25961,0.42947999454236824
25962,0.5001847632455985
25963,0.42186749755925473
25964,0.5736401091658124
25965,0.49046991237432236
25966,0.4109861461473349
25967,0.5831910376420011
25968,0.4365676329947991
25969,0.4510719770567651
25970,0.4416554100055009
25971,0.4558901284250459
25972,0.5943671052821585
25973,0.5731513033267644
25974,0.5960293505779074
25975,0.4499250850321858
25976,0.5047204284397719
25977,0.6224015505136705
25978,0.6379154879196421
25979,0.5278625661927169
25980,0.4921671100568697
25981,0.6486443120478582
25982,0.5041847039962335
25983,0.5101855217020153
25984,0.4012039944929174
25985,0.5781343526909296
25986,0.5350544179754996
25987,0.4134788312795337
25988,0.4647320931551491
25989,0.42470403724779154
25990,0.4252925834198558
25991,0.5904545921248292
25992,0.3904203012816533
25993,0.5168889108656317
25994,0.44357240187977653
25995,0.4244933493392915
25996,0.47154147734361074
25997,0.5230639027632882
25998,0.4667070718383025
25999,0.5359340849250203
26000,0.4936981544693397
26001,0.3851299154445219
26002,0.45502353117330246
26003,0.39145274968503
26004,0.4313787922747194
26005,0.545223337290273
26006,0.4669668379343542
26007,0.4618712680876406
26008,0.5869571910509365
26009,0.4609412487608198
26010,0.5949566702668823
26011,0.5047595881071371
26012,0.44865552931979963
26013,0.4759699993615225
26014,0.41231496054803185
26015,0.54296821134105
26016,0.49208534268921444
26017,0.5295113945632751
26018,0.40719687187053033
26019,0.4447607057617474
26020,0.5160581516557664
26021,0.48684100124350604
26022,0.5598047662953349
26023,0.4932615827799639
26024,0.21964085570879527
26025,0.5747959007496528
26026,0.464347911150055
26027,0.5718707728121764
26028,0.43557909480606755
26029,0.4130684093456793
26030,0.4229622288386817
26031,0.46938225675349066
26032,0.6261598599873293
26033,0.42591289568558865
26034,0.47349884447613766
26035,0.4433479885427811
26036,0.462729376749489
26037,0.48135878309404867
26038,0.4694772250434706
26039,0.5452602124376649
26040,0.5556039182785859
26041,0.4699803993110154
26042,0.4568049999333145
26043,0.3865451683180288
26044,0.42058742252834497
26045,0.4734260909287796
26046,0.5389664261527988
26047,0.4795322316366682
26048,0.46223544517411974
26049,0.4715471327871972
26050,0.4776581798187125
26051,0.42581307219335235
26052,0.42011345575702086
26053,0.583224595757322
26054,0.4901190544649953
26055,0.4498729791976738
26056,0.5390662683851599
26057,0.42010139201070956
26058,0.4760778559013108
26059,0.45263667623530596
26060,0.45355504281774217
26061,0.36459532571270004
26062,0.4669767492897763
26063,0.441819952530891
26064,0.4390017624859475
26065,0.5354124022387028
26066,0.4612497003632936
26067,0.4263833426820689
26068,0.5109708848931738
26069,0.4451292483882284
26070,0.51818864382324
26071,0.43973830374579953
26072,0.5643891458217039
26073,0.48232730741241103
26074,0.5319573812958575
26075,0.5048063179945673
26076,0.5052046743453015
26077,0.5695189713816968
26078,0.5488894081671825
26079,0.514866819322546
26080,0.5919833590702394
26081,0.49914260477981615
26082,0.4779617137689275
26083,0.46832974401609684
26084,0.47878957178867765
26085,0.42821211710461454
26086,0.43037189214056676
26087,0.4654547561776354
26088,0.4173886111486246
26089,0.4507235334644601
26090,0.5366467178824706
26091,0.3972320108923251
26092,0.5664604534338477
26093,0.42817504137060763
26094,0.4936901187436556
26095,0.5151219537327666
26096,0.48799622957632766
26097,0.6353390579797918
26098,0.5925014804320256
26099,0.4920055028811218
26100,0.41376128290194863
26101,0.5642244981312402
26102,0.4523731488260729
26103,0.49953017140599704
26104,0.5709494252991062
26105,0.474618083462323
26106,0.47207381868468173
26107,0.4668691571168873
26108,0.4101999687060257
26109,0.46511437394647936
26110,0.4990814538979963
26111,0.42156811172371583
26112,0.4558293268555002
26113,0.4221834754635854
26114,0.6283708149951625
26115,0.4152437267231702
26116,0.4573364472175035
26117,0.527260547509356
26118,0.4675810493262473
26119,0.5477909085283147
26120,0.6020083913059902
26121,0.4267975280227997
26122,0.44373405013566525
26123,0.44309586704722337
26124,0.5274510444797872
26125,0.4615059499328331
26126,0.43917240549246067
26127,0.39612939885297344
26128,0.4255467382481947
26129,0.43023360435024216
26130,0.44182286141983623
26131,0.6390194697756217
26132,0.5542643530663385
26133,0.544511080592844
26134,0.4293724779299532
26135,0.44267764227107476
26136,0.45727932712864877
26137,0.468751566273436
26138,0.47539601745008603
26139,0.4812828196115631
26140,0.6083374515955058
26141,0.5180513023008227
26142,0.5969726687591577
26143,0.42462620883529717
26144,0.5975445925975413
26145,0.5438631272333329
26146,0.6255798787540634
26147,0.5550998495440919
26148,0.48061489143640557
26149,0.46394048684861205
26150,0.5609793087863669
26151,0.5594212128798033
26152,0.4521450989896618
26153,0.39789262517860563
26154,0.4999607083896702
26155,0.5152970388442024
26156,0.42982030747799316
26157,0.49974936897295935
26158,0.5250825034791194
26159,0.44481610665971083
26160,0.4361404923113168
26161,0.5543128206442234
26162,0.4720788319707536
26163,0.4825684271069209
26164,0.5943877664905932
26165,0.4863004045404813
26166,0.4403112293450045
26167,0.4199686894396445
26168,0.66362086238991
26169,0.4958526491369167
26170,0.4602504245117126
26171,0.514747173973714
26172,0.4869531448436092
26173,0.41491099311154195
26174,0.6345397912559109
26175,0.534830234091103
26176,0.6263914625385553
26177,0.549217385126883
26178,0.25554904060923195
26179,0.5170617922176499
26180,0.4460329770282517
26181,0.413598441548365
26182,0.5820128648072399
26183,0.5031783185229526
26184,0.46185226039071586
26185,0.5671898937111218
26186,0.5518689568982708
26187,0.49486306011658954
26188,0.5997831688227412
26189,0.4815836698622033
26190,0.46952512113395783
26191,0.4453436150316441
26192,0.43035935662693137
26193,0.44696828471934835
26194,0.48087959270494224
26195,0.29985451324510953
26196,0.4996339952334967
26197,0.4027094008495016
26198,0.5254109854458705
26199,0.450932492284293
26200,0.5508398945500482
26201,0.41881746289166644
26202,0.5559293984549676
26203,0.51789811874501
26204,0.43875707152527643
26205,0.4952069325491901
26206,0.4727148727145282
26207,0.6101895273256247
26208,0.6151302467233285
26209,0.5267166118942697
26210,0.5049026132753184
26211,0.6453987812824632
26212,0.4367470679660205
26213,0.5131173837761327
26214,0.6323809901204247
26215,0.473221239143487
26216,0.49406227383773205
26217,0.484114636891959
26218,0.3890278992398804
26219,0.5557115508007807
26220,0.4627224725576442
26221,0.4177620698217043
26222,0.5568609503194107
26223,0.43085350462325667
26224,0.5028636735643289
26225,0.3898556946954856
26226,0.43598449152013413
26227,0.47087567891150534
26228,0.47582260580264113
26229,0.6217348607112752
26230,0.5364542824900971
26231,0.5096234210106987
26232,0.5622797179050328
26233,0.4198554967004275
26234,0.40551668958537396
26235,0.5452219907769863
26236,0.39169576771973924
26237,0.4305723338298325
26238,0.4185081053811624
26239,0.5704391719133782
26240,0.43673958849805156
26241,0.43334824162513874
26242,0.4129561618656307
26243,0.5495402634846936
26244,0.4959480569330211
26245,0.4508971915567196
26246,0.47484240865687455
26247,0.5152006250243165
26248,0.48732516806331305
26249,0.6140678603113758
26250,0.4238761608379638
26251,0.4822538256278221
26252,0.4432675941206407
26253,0.45328110522027176
26254,0.4987445878841294
26255,0.509493573018295
26256,0.5343663315825226
26257,0.4615966707890603
26258,0.5600595171086789
26259,0.6112170242719563
26260,0.5393776134746532
26261,0.5974071333735911
26262,0.5028863332052421
26263,0.5014148211780691
26264,0.5372328649193246
26265,0.4500092437769437
26266,0.42925520152154034
26267,0.6366427495463866
26268,0.45013711701412623
26269,0.42781299361039177
26270,0.5447999242118585
26271,0.505594396706583
26272,0.6516209155963633
26273,0.5086544748977829
26274,0.39421352422763756
26275,0.46454206215436805
26276,0.5045190161889072
26277,0.6114194718490693
26278,0.5126012623861362
26279,0.47463741267243476
26280,0.5733623480618507
26281,0.5653948022957286
26282,0.545041447257216
26283,0.5719539352428767
26284,0.46152639862968087
26285,0.507943690239899
26286,0.41971862429787005
26287,0.4714047281334582
26288,0.5311968029674997
26289,0.427134268321822
26290,0.485994460065872
26291,0.4740621767974362
26292,0.533077607756988
26293,0.5198024944707571
26294,0.6217156722019662
26295,0.49326474169346896
26296,0.44190592702185816
26297,0.42819588797749863
26298,0.5256870462236329
26299,0.41077683234588497
26300,0.40527979751135085
26301,0.4923207895799891
26302,0.4471863091441999
26303,0.4492655750192517
26304,0.4964245470979469
26305,0.5141834632628961
26306,0.43940344205444865
26307,0.44947292373873493
26308,0.573712901035317
26309,0.520182190089613
26310,0.5645188101197175
26311,0.6555640521825284
26312,0.49576296499394645
26313,0.5520500640966747
26314,0.5158247719513156
26315,0.5288902317669553
26316,0.42944516113813547
26317,0.6253971036052525
26318,0.5806208813133993
26319,0.5870589672319231
26320,0.4489850031858542
26321,0.515555405120135
26322,0.4648940126047934
26323,0.6563692934628423
26324,0.4436788447004322
26325,0.6034474531764604
26326,0.42482751330311885
26327,0.4382785338482963
26328,0.41337766595300335
26329,0.4961004676762154
26330,0.47106774029368936
26331,0.6711643028427078
26332,0.47620318090124025
26333,0.4493068914873014
26334,0.5352751203277869
26335,0.4853028892855524
26336,0.6019221768305697
26337,0.4558383190435651
26338,0.4493907885085372
26339,0.46578686906281547
26340,0.4005251019090541
26341,0.39051096398998486
26342,0.5649690606690463
26343,0.44603308963372384
26344,0.4221536378572663
26345,0.5933841647127607
26346,0.4976513122892284
26347,0.509342888513088
26348,0.48052900289323447
26349,0.5167822612941808
26350,0.488641038538732
26351,0.4786002523287325
26352,0.5465219558346389
26353,0.4668758937705207
26354,0.4814826809268043
26355,0.539912096615243
26356,0.4918613430099629
26357,0.4267017840378169
26358,0.4820995957724379
26359,0.34613489708961764
26360,0.6396675763064913
26361,0.406018831178441
26362,0.43158191799286627
26363,0.4409759547371496
26364,0.6372909958725497
26365,0.4529875182647408
26366,0.4333625962800619
26367,0.5421608566732766
26368,0.5643360642545121
26369,0.46375255005007304
26370,0.4520064625888485
26371,0.42142081998543385
26372,0.5382097133665209
26373,0.4153138808478716
26374,0.45934714966163026
26375,0.3919780276725813
26376,0.4246345156475191
26377,0.40642267369212204
26378,0.4367153408011991
26379,0.40821471425429384
26380,0.4137601254051401
26381,0.5403594724005508
26382,0.5191910774886607
26383,0.5492469325684178
26384,0.5074635380334643
26385,0.5807938665360136
26386,0.4971120852141853
26387,0.5428875417499475
26388,0.49496232151074876
26389,0.4608890273540047
26390,0.4436629239663148
26391,0.412329822183795
26392,0.4904205371841703
26393,0.48910227253715194
26394,0.4692406054132638
26395,0.4716382882918605
26396,0.45141316973246226
26397,0.4216081904409528
26398,0.4465721121657654
26399,0.5319486183286923
26400,0.40541752391246916
26401,0.5007057225424646
26402,0.5724574480620169
26403,0.5285220581611131
26404,0.5432680623661827
26405,0.29380274379649246
26406,0.5265600469924084
26407,0.41297028967358024
26408,0.47622276944170927
26409,0.5614253912291108
26410,0.4082479650205007
26411,0.5025603568987119
26412,0.5219133597258225
26413,0.5392351575932733
26414,0.5884770018970122
26415,0.43526711368262494
26416,0.5992174406347242
26417,0.522191503216515
26418,0.5384286062765735
26419,0.6296150227268328
26420,0.3958365355970402
26421,0.5064172416557301
26422,0.45529259935729205
26423,0.4249511060172332
26424,0.5608800155379063
26425,0.46493669368863516
26426,0.46417975148840895
26427,0.45779988149197204
26428,0.4554373718894379
26429,0.4667161472246232
26430,0.40400165803545557
26431,0.4243385089716517
26432,0.416767419947461
26433,0.4661830762748956
26434,0.4428708083555653
26435,0.536890402234183
26436,0.5023988455794508
26437,0.5746246561487207
26438,0.5578247383245606
26439,0.43550542598350406
26440,0.40311171206920265
26441,0.4594006961892452
26442,0.5313401612978348
26443,0.46746046521931967
26444,0.44187524084822416
26445,0.4590909168363159
26446,0.5433104873075218
26447,0.4962204368705976
26448,0.4135885020585562
26449,0.38544330031354207
26450,0.46123481614240747
26451,0.5883242556539074
26452,0.41426292752036514
26453,0.6090728644473911
26454,0.5191291564839994
26455,0.20432931198682383
26456,0.5081395337815343
26457,0.46854497154787195
26458,0.5301851815606498
26459,0.5270108122471008
26460,0.4205428174184991
26461,0.6162465885452805
26462,0.4286567947423472
26463,0.54471429314997
26464,0.4611398774979698
26465,0.4677687564298561
26466,0.5595233512923272
26467,0.5658100551453648
