id_cliente,prediccion
2,0.04168523592767691
3,0.050397190234609944
7,0.047314036421752546
10,0.0563148616604159
11,0.049734445343306136
12,0.045670687479340444
14,0.09063909560030002
16,0.05126892921578676
25,0.04221989720873418
32,0.0383133907622808
38,0.04668137369355829
42,0.10494091143182736
63,0.04938731455230897
65,0.044433827913920726
70,0.05076622669788118
74,0.13051693856213936
76,0.04712799122691915
83,0.06473156162725295
90,0.03288862862618682
98,0.1492286178575307
104,0.04296744593039195
121,0.0506999244171311
124,0.057544643221053654
125,0.12476370436747844
137,0.11740357098444844
143,0.05305254783591882
144,0.12685822630818086
157,0.09437567155869006
163,0.04231012000417039
197,0.07865441828872051
203,0.12509782283746282
205,0.05354116928821854
209,0.055917924454993266
228,0.1303221596022409
231,0.09421131071471733
237,0.061676864773958846
243,0.04594332439513779
247,0.12396737387436023
249,0.06408232558184968
253,0.12411953351452905
261,0.05285822538950109
263,0.03480588745584586
275,0.03599493962761535
279,0.105697005045579
280,0.04982675902748084
292,0.04290576504163019
297,0.05599069557847189
299,0.050170752253468905
302,0.045136057130659164
304,0.04285345812526454
308,0.04488481398961168
318,0.11261706357135487
319,0.15562319849876013
323,0.058034608384735814
325,0.05269903141926912
339,0.04178429562183786
340,0.05256875414166287
355,0.09703125296642534
359,0.05727268080553187
368,0.12719907378107573
371,0.10535390316728732
378,0.09569133965220429
390,0.10386144366543823
392,0.12368241462006176
409,0.047936852267747423
412,0.06010280628079794
420,0.12344156568733387
422,0.11508262660308784
428,0.051079616121920426
429,0.03601501548316662
430,0.10685317591212379
434,0.04376016172183766
437,0.10978570268133278
447,0.05067609910501107
464,0.04604802821225323
466,0.06444262301259457
468,0.10592900475738505
470,0.0974896456660054
473,0.047419384289120896
475,0.05034559857784476
476,0.1201233814745024
480,0.056821900052573426
483,0.05113239828315987
487,0.14175821685730852
495,0.12267643078512636
496,0.13768867976087623
499,0.04348531543369619
502,0.06630656330810226
504,0.07399543440164465
508,0.048055765019609
514,0.045842558010027505
515,0.052944396015322026
538,0.040136995560105346
548,0.07647015305550853
551,0.10622337137282335
553,0.052154120145606324
560,0.04798219365350347
564,0.1256075583191506
572,0.04946142522174121
577,0.044882042315815156
578,0.13797074907077556
591,0.04751335756089991
593,0.0968079777900695
604,0.10615494153666807
606,0.05134978203245838
614,0.12801769996771456
616,0.04552358338188831
622,0.06865231062704263
626,0.04964768567994679
632,0.05434133615072128
637,0.05227580690011091
640,0.03049618031478882
647,0.04489633005831626
648,0.043284648968256845
653,0.05127371468391594
654,0.053630106097479646
659,0.11524233887414304
661,0.05442619796593709
670,0.048557549952905746
671,0.048151503262733784
673,0.05276236593992857
674,0.07607032183723404
682,0.05484301637226965
683,0.04880373557658956
687,0.0484726762270662
688,0.04827626322072683
689,0.11808142223380916
701,0.11427566757575536
705,0.046797372236991486
707,0.04970305018678009
710,0.11750714331267632
714,0.039268873673146465
716,0.08996116396962568
717,0.05218218605954311
729,0.054991133340511235
732,0.04385431237297506
734,0.10739189357171817
736,0.04470316836355862
742,0.04411648490238261
750,0.05291163147668304
764,0.11018579555211666
767,0.04216167195129445
768,0.11126982607727601
774,0.12737377138545414
777,0.05183392113348377
784,0.04436777137748922
785,0.07283349915280685
786,0.04604340633456884
787,0.04690730114862993
788,0.08100473558384363
790,0.13915110501338795
794,0.048729892383915334
796,0.047316825859570893
802,0.052040329798588664
812,0.11624042658844541
814,0.04710128596030232
816,0.04230879770700772
817,0.05204292119915873
834,0.05813081754219698
835,0.06889787970724537
836,0.04458310405753617
837,0.04425121993948007
840,0.05105144638201507
841,0.059214230927344125
854,0.055726122021155504
858,0.04718707033231684
859,0.05352144082092625
883,0.11637154717819265
887,0.04567809399994384
902,0.09947135485669506
913,0.05726150205970594
915,0.046406532277572354
916,0.12850062527044429
917,0.04985077490522039
924,0.04473976909237576
929,0.11549218538755267
933,0.12284658723160366
936,0.13598948678840023
941,0.04858047340995133
946,0.061784017169359516
948,0.0560394155842643
952,0.045106752037139555
959,0.11593778764003457
963,0.11251591495578646
965,0.03129567325059262
970,0.12343300108682546
975,0.13527266943497374
979,0.051682476980162144
982,0.09532523457829672
986,0.04734082762655836
992,0.11392914418982708
1003,0.031077994015480948
1004,0.11402434877414551
1007,0.12196019282970275
1014,0.035264173047424845
1017,0.0464413345217023
1018,0.04368251033650214
1043,0.048771012149699894
1046,0.06437015150621446
1052,0.12451298599512842
1061,0.0461532648592612
1063,0.10692281955379469
1064,0.060060461752778384
1067,0.04527522464584167
1070,0.0852987526832625
1075,0.04827638792594895
1105,0.04806199619206016
1116,0.06335730636381445
1117,0.14181693097867468
1123,0.05054857736210249
1125,0.04745649472015976
1132,0.04186796213127794
1160,0.050616193536454294
1161,0.12114484202344754
1165,0.05030519746817785
1171,0.04929893309757989
1181,0.08317488785347973
1185,0.0499040537259836
1197,0.12382109700907086
1202,0.09369324610351017
1205,0.04852584304115729
1206,0.11506771964432083
1213,0.055071835241696426
1216,0.06598227279741636
1228,0.11151403138235753
1232,0.1264123951507171
1238,0.0444377895090994
1241,0.053534515126251105
1246,0.04320816671262038
1258,0.051133767658218615
1263,0.036012213904470375
1289,0.04086661645702487
1301,0.1710804916007007
1302,0.04967464674390861
1303,0.1351254008809781
1312,0.04041391314167032
1314,0.06377885913524142
1322,0.031360223939444425
1326,0.05226277199131036
1328,0.0497759634511753
1334,0.05921136211676447
1336,0.11425245396507655
1337,0.042125547481673145
1338,0.11255554279286656
1340,0.059106254472534626
1361,0.13213123628194243
1365,0.13656845684261545
1368,0.146652375219915
1370,0.032671180584586866
1378,0.11028196367801492
1381,0.09047465284797283
1388,0.12417892544438526
1393,0.046627691344655796
1395,0.04937386976718525
1400,0.04933919276947241
1404,0.05203443289942765
1405,0.05720626497442342
1411,0.07773289962243346
1414,0.14867568045910076
1415,0.049439777355854385
1420,0.0483725785158069
1425,0.03013952041266835
1434,0.1524098900624698
1453,0.11089339801206632
1455,0.04603853400147246
1460,0.12252340623796329
1465,0.13775262950243175
1474,0.12114561744941917
1475,0.042750847548388655
1476,0.05656037534545911
1477,0.05196947208288704
1489,0.03509629424314632
1495,0.041288970788941885
1496,0.05494395766937486
1501,0.06911978160024077
1504,0.047007986023341004
1506,0.12288029775601624
1516,0.0899394501330149
1535,0.06575276732665306
1541,0.05516716503468733
1546,0.04043184931160757
1552,0.05389412187747907
1558,0.05850647895203884
1559,0.09866178453782982
1564,0.04614677779197378
1566,0.05820085003936814
1567,0.11313632414047005
1573,0.1300511832595923
1576,0.05811484478055993
1577,0.04808129435835592
1578,0.11242198991811321
1586,0.041751120022859814
1587,0.06429744619035431
1589,0.11640446651661568
1591,0.05465797013350608
1592,0.058357472017690884
1598,0.04868656235012189
1602,0.13158740425621232
1604,0.062084587788060176
1606,0.052059586360591284
1614,0.04591084662956168
1615,0.05344984170452552
1619,0.04338953823340387
1623,0.04891276403812534
1631,0.12426192958623201
1639,0.049117707824369354
1648,0.044804956694754525
1659,0.11199153431337341
1669,0.05469893908274186
1673,0.04770402119468319
1678,0.10570993718723481
1682,0.1271774562535521
1683,0.04646835302653373
1692,0.050694560869754136
1693,0.1400713226090867
1695,0.13115672671097406
1698,0.10633516120978391
1706,0.11217776595515963
1709,0.04582493659059271
1710,0.1342554184072938
1719,0.09792359618529924
1720,0.0634242100677579
1726,0.05516698976746632
1730,0.05473305094555896
1732,0.0456252912493192
1733,0.05120070946300689
1736,0.03304952667866759
1743,0.04921283374922193
1751,0.05161179572125216
1752,0.04488274306587596
1754,0.1321863126562652
1756,0.049118897014390366
1760,0.04533961010079456
1765,0.048782423713559
1776,0.11882891285906676
1778,0.05487626649945204
1779,0.05538790011666725
1781,0.04947345241693608
1795,0.12003342417054379
1808,0.03507846051116114
1809,0.11656050983024102
1814,0.05658017952195581
1821,0.052273166367020465
1822,0.05113881406725099
1824,0.10871378052997274
1827,0.05004804378933527
1834,0.05779674788373229
1844,0.1569267026374348
1851,0.1408784601195491
1867,0.11405850412065292
1869,0.0474663022412411
1875,0.1298782650831329
1882,0.04779385529781848
1897,0.11279029747531702
1910,0.11873424418921241
1917,0.05461660624363432
1918,0.11237854232407951
1935,0.059384661495085735
1936,0.11202517064527229
1937,0.05065058467457918
1949,0.05506500531514715
1952,0.04098237876456869
1956,0.09274418923603266
1969,0.040477376670580226
1970,0.04678363758706101
1971,0.052586661542318225
1977,0.12991203111882774
1982,0.10745141555064149
1995,0.044763346519358455
2002,0.09361803639532607
2004,0.058631027492218026
2011,0.13667238686436867
2013,0.11585066106289113
2014,0.04421869223033075
2026,0.04509163356903114
2040,0.049090141390083476
2043,0.04860070067067676
2060,0.04372258990229133
2069,0.037899386912270815
2073,0.02570579886803052
2076,0.03327359860972957
2082,0.09988915808477841
2089,0.04480710939851531
2091,0.10158165459157993
2103,0.05624750381464031
2109,0.049241185086847696
2112,0.11589762365704341
2113,0.13564949842161336
2119,0.05069717748612329
2121,0.05362566849123029
2125,0.04925750047857487
2127,0.11137308983072287
2128,0.04937200501350105
2132,0.12237842709391224
2146,0.11033253470696783
2148,0.04262346343616934
2149,0.14561268448688378
2156,0.05179577670373478
2157,0.044758551684875726
2159,0.12568465831596215
2160,0.04850426419028469
2169,0.05577165876138431
2170,0.05563795699895774
2186,0.054435723002939695
2188,0.045531569890973414
2190,0.049071948068639265
2203,0.08552669346262849
2204,0.10120626437554732
2205,0.13307810235948297
2207,0.10346847622764058
2209,0.04862661630903875
2211,0.03094895276319951
2220,0.04102843077280292
2226,0.12703978859482698
2229,0.0408431336203716
2234,0.047784521278778656
2237,0.10978018155555115
2240,0.04935961260565507
2249,0.04582083190363548
2252,0.12741176330908996
2264,0.1404638555765195
2269,0.05032317898617483
2272,0.04794661577697014
2283,0.051199865638862606
2284,0.05455334491822532
2287,0.13080751288992845
2290,0.048819606845339876
2298,0.046006200528860154
2328,0.10670712953604344
2329,0.07813232647259871
2330,0.13531767966684158
2336,0.0935269070693354
2338,0.059183530063479615
2341,0.052837516106671596
2353,0.12156340023134353
2356,0.053948488395944065
2366,0.04932536051786659
2401,0.054761245419833245
2404,0.05231994173550999
2408,0.048027878648046356
2409,0.04378443339880278
2410,0.047819550983074874
2421,0.04589050709148067
2425,0.11533522737577954
2427,0.12930568724882338
2429,0.11600199797084577
2432,0.11510749197485057
2435,0.10113915333123599
2436,0.04298210643163508
2447,0.04090331120134279
2449,0.04440025637102878
2454,0.05115687619248513
2460,0.05635220025773134
2472,0.10673125542723375
2479,0.09324362274415393
2483,0.11707836960714778
2484,0.041643247476733466
2492,0.13637413635655882
2493,0.05046872156997944
2495,0.04406364920827925
2498,0.14176391925942583
2501,0.05322008502342663
2510,0.046786349628488946
2512,0.02977591411728228
2516,0.05295366317147827
2517,0.05404229163171867
2538,0.05261281516398437
2561,0.05595943885752095
2563,0.05095024278535429
2567,0.10506028633786271
2569,0.03350064446489692
2576,0.08405108378947611
2588,0.05321631727160377
2592,0.03827965212245529
2593,0.13413692726505813
2604,0.05656788656434266
2613,0.048528281818184915
2620,0.04554914484138976
2626,0.060095314448089916
2629,0.06843723401190377
2634,0.04366640403526172
2637,0.04919128323733816
2649,0.12989827466255352
2653,0.13317496490581818
2661,0.049849507345936926
2662,0.12443355571280078
2668,0.039332417276992805
2684,0.05796461817851742
2686,0.04526259755895771
2706,0.05175856244766971
2709,0.04670333612294862
2710,0.04808718966028349
2712,0.04117285180089974
2717,0.04846581114558522
2718,0.11744543265542245
2720,0.10255511358677565
2726,0.1189554810131459
2732,0.12575466304433291
2735,0.11144365348201148
2736,0.10275679288497482
2754,0.047596379304217964
2755,0.05388465827346966
2758,0.11312334619487352
2759,0.052416922719827314
2768,0.10435310732150214
2769,0.12751675529463133
2770,0.0517460080904094
2776,0.05175702005345361
2779,0.05361889126770193
2790,0.05116284785185063
2794,0.04722569202226696
2796,0.05202157628431044
2801,0.10669529826888684
2810,0.09387018431012063
2813,0.05022503431112891
2820,0.12043665559580918
2822,0.11421641899183818
2830,0.12296189151087096
2831,0.10812854976788358
2835,0.09265228720272498
2837,0.11936092864879448
2852,0.10846651923267714
2861,0.049918790136238574
2864,0.05084176841202581
2869,0.0479437050620819
2870,0.05035333461352357
2883,0.04322165345406505
2890,0.040178291450646934
2892,0.04948316404297502
2895,0.11005955258797442
2908,0.08240405585393457
2911,0.0353279422191067
2918,0.10385827506202691
2931,0.13615421009386838
2936,0.060093840548313245
2938,0.056777750454785
2940,0.1326262685002039
2942,0.05752399287621702
2943,0.05014829313731619
2945,0.12759980912675584
2949,0.05073083128812499
2959,0.05225881767930966
2966,0.1285761348147309
2969,0.12756392387391297
2970,0.04549715690205815
2975,0.05027408317853571
2976,0.04764804091035142
2987,0.046290229119389445
2993,0.0526173616033628
2995,0.05586740924154175
2998,0.0479574813392455
3002,0.047467361888591075
3004,0.046199025976931554
3008,0.048202303664631706
3010,0.12362743798322083
3019,0.045847682849531425
3027,0.061306982809306305
3030,0.15051694016368183
3031,0.11271506419621899
3037,0.05846719037632287
3038,0.04357778521717461
3039,0.05354448174378706
3043,0.05506632632895972
3048,0.051742557853981345
3049,0.0567997977007134
3053,0.045141194707499416
3054,0.054376640258406626
3056,0.04426585381884412
3069,0.053112844672117715
3071,0.11698946517056909
3072,0.12619642733280148
3075,0.05219747578011826
3078,0.10743844083236814
3080,0.04373587770732926
3104,0.11520503769075385
3109,0.08933904241091328
3126,0.09561403282145789
3137,0.04814676409072844
3139,0.047611667886181444
3142,0.06081120315850282
3147,0.05595102089222971
3168,0.05406674674864873
3169,0.12825136618743202
3172,0.09824725377296556
3174,0.05968853544368243
3178,0.12689684478086216
3179,0.053252015176263746
3181,0.04894817315928482
3190,0.09687326279427697
3192,0.11353021864505353
3196,0.05256109023355925
3197,0.1381348459222024
3206,0.11561567957707222
3208,0.04890416065174442
3210,0.04199338694843098
3214,0.04883715938599509
3220,0.029404178909960464
3228,0.04935614919576613
3232,0.05365540502977147
3247,0.056512223179036605
3253,0.05126738562132568
3256,0.04410540154518077
3257,0.0483294931078122
3262,0.0525597775634377
3269,0.04211404014122111
3276,0.05071828177472122
3279,0.1223274117697194
3282,0.042886881866909574
3284,0.04974852230865853
3285,0.122468995650731
3295,0.04849877156933285
3297,0.0930769128076385
3298,0.09069815180547233
3311,0.05048978163730955
3313,0.04681738576955352
3321,0.04441730235696175
3325,0.04394034884693878
3329,0.04287486944411279
3345,0.1482233557713197
3347,0.04908673101068704
3349,0.05225213420798252
3350,0.0416305777196313
3354,0.1309054135202279
3356,0.10212469318010867
3363,0.04897920162609796
3372,0.10434873597208662
3376,0.043647564942036116
3380,0.04553525382760361
3383,0.08710104500871593
3385,0.11734685500316201
3387,0.13043682305476292
3395,0.04707262714135666
3396,0.04205669784589961
3397,0.058013590169026345
3411,0.05739362868270982
3413,0.04398827230404929
3415,0.0330139293172033
3444,0.14684527626056662
3446,0.040941220498687224
3447,0.0497777403154321
3448,0.05026469043276615
3454,0.05095572627346815
3466,0.044597305720616445
3471,0.1302729109857179
3474,0.05238510330039339
3488,0.10835349919503981
3496,0.056858817053600706
3498,0.07249767951313055
3508,0.04690233530992448
3511,0.06035077922892285
3514,0.054379893314986355
3524,0.06779597629519182
3526,0.10340778659121479
3529,0.057870216151339283
3552,0.055945901147197524
3561,0.05965142888796085
3564,0.041289261026147384
3566,0.051099662090633026
3576,0.12238852047590361
3581,0.043353235011974633
3582,0.044808825837789584
3583,0.05053604515165391
3587,0.05127158227084626
3589,0.06533481891126586
3590,0.11540118586905007
3592,0.054650534263269754
3594,0.04707279758869148
3598,0.05004196784985123
3605,0.05934011292222269
3608,0.13771944310559525
3610,0.1176784287686291
3619,0.042894567080717205
3622,0.039906568360992496
3623,0.14460274297880935
3628,0.04407188986051118
3629,0.045767367777060745
3647,0.043029150570067606
3653,0.027124414949560704
3657,0.1274758433609391
3658,0.10042553508471198
3661,0.04651976265158508
3665,0.11625507946022323
3668,0.04820768740732351
3670,0.036729072369787036
3672,0.04647042577997096
3675,0.09982326268155274
3680,0.05257572471052171
3697,0.05524162795513398
3698,0.03723640155074004
3699,0.09283628946054197
3703,0.033849952325660834
3711,0.09258408243561277
3712,0.13729264707913794
3716,0.047399972473610885
3717,0.12177145530679491
3721,0.11952040281545498
3726,0.11702949541980173
3735,0.13109435049286677
3736,0.13773513895036868
3740,0.04669126083711678
3748,0.09995881695441168
3751,0.08593467948351029
3753,0.02895286276334926
3754,0.040739571314800695
3755,0.046502947877712975
3764,0.041036764676163566
3768,0.05344725311043414
3781,0.05037455094980538
3782,0.12654505814891237
3787,0.06298726449580519
3800,0.04828389678280117
3804,0.04703843498543335
3820,0.03904621663925567
3821,0.1399862665469407
3824,0.03133258577180697
3825,0.11243471594488856
3826,0.12330969146063805
3831,0.047365646339310036
3834,0.11835989823874203
3835,0.10616136878970085
3836,0.05016941521542714
3840,0.03235999874411117
3841,0.12416763585787666
3848,0.12684095140544532
3863,0.12324591952565474
3869,0.04958057731475959
3875,0.09732828840581548
3877,0.11392887476953392
3878,0.12083859618277827
3879,0.10572828127238267
3881,0.10297844315976722
3882,0.051488527009740936
3887,0.07791249427212041
3890,0.04561828416914502
3904,0.04647846616643873
3905,0.13966464296289172
3908,0.10304612670248066
3917,0.13166258562912098
3927,0.12266219447042008
3931,0.12110801707739623
3938,0.12883840462285737
3944,0.09925863884515959
3947,0.05587811991769067
3950,0.06438847673984537
3971,0.04235303864938154
3982,0.054812342753569866
3991,0.049426275909841166
3992,0.045491030965276597
3997,0.0348044584789588
4005,0.04912866888757911
4008,0.05178046999940743
4016,0.05473137204685595
4018,0.042015955212687084
4020,0.15450284414143492
4027,0.05538090926627875
4038,0.08885163784179748
4045,0.10628523593854818
4048,0.04725694771120494
4051,0.04408895837305129
4054,0.09835171901345356
4055,0.13139078111193211
4065,0.050402878006405145
4066,0.11571074559328998
4073,0.10449972106469503
4079,0.04860580648931351
4084,0.03283303283521572
4087,0.14587202814288613
4089,0.05255678253703239
4091,0.10316049882306484
4092,0.05456579721960803
4102,0.09564313646948172
4108,0.11116643779546365
4113,0.12270146935976209
4116,0.11932629082558388
4117,0.038876306350312924
4124,0.0656335756591695
4125,0.04940931766283503
4128,0.053398822248105715
4129,0.05482974857957656
4130,0.13296002494788106
4134,0.0519593878602803
4144,0.05228135989117188
4147,0.05989572907783553
4150,0.044562613566417386
4158,0.10454463577950066
4162,0.045728374245875836
4163,0.04854153463378668
4166,0.05177872521582364
4167,0.05264471776043795
4168,0.10028510554863378
4175,0.04788178842849271
4179,0.07000348061239244
4180,0.12774859746624387
4189,0.04912057468142748
4192,0.1218168290857909
4195,0.043974703137454996
4197,0.0487181309077281
4198,0.05030708013440377
4202,0.03861118241942693
4208,0.08160645576153672
4222,0.10484840141618748
4225,0.05233247848520751
4227,0.05883174337998386
4229,0.04906649253794133
4230,0.10267868193454878
4244,0.09173598250397622
4247,0.042760370163408515
4249,0.10924187829897185
4258,0.054075741145511905
4266,0.13487609689303764
4283,0.03994715046871238
4286,0.08973401491327372
4287,0.04485517360676694
4289,0.03969740909229844
4291,0.11767112794399921
4292,0.10966394524440719
4296,0.048487703209605146
4309,0.05910167901526777
4323,0.11570598195328924
4324,0.11843420603422722
4327,0.09840208215507917
4328,0.04403380344560304
4330,0.05706115266027421
4334,0.056202112844217514
4338,0.052981373142077695
4341,0.11373341741763836
4343,0.045898764515497965
4349,0.041806188295127486
4366,0.061434117339836024
4367,0.059147169559142336
4373,0.037918864689331616
4374,0.1527602505850457
4384,0.1186634131339987
4390,0.1107650300628732
4403,0.10726525394270277
4409,0.03457127543848521
4419,0.1252369988649303
4427,0.08916473748162987
4428,0.18565484353960857
4429,0.05359339297040196
4430,0.03113938525265988
4431,0.11560436665603788
4433,0.049369865709439756
4434,0.0484499794621282
4442,0.03278317905622232
4444,0.10685194947093847
4456,0.06160186869265745
4457,0.04622594630976394
4459,0.11032659403280126
4463,0.12320233620901841
4465,0.10819171541012092
4466,0.059412702614052904
4469,0.0689088184366228
4486,0.04512490307046901
4488,0.05185068174954853
4490,0.12521468850042192
4492,0.0499387056055742
4500,0.05225679395153556
4502,0.05419630458551032
4507,0.05292436486338284
4511,0.05123192613169987
4512,0.0408607090548459
4516,0.044768981565017324
4520,0.09095160496034038
4536,0.030717424377219
4538,0.04289562103666102
4549,0.051856594687902574
4554,0.04399481173904428
4561,0.1143535521517325
4564,0.0459069707713696
4566,0.09618391023484195
4568,0.13207196078764719
4580,0.10473723045683807
4586,0.052351611202956214
4594,0.12015843776360087
4598,0.04547328316205404
4602,0.04367583858805051
4609,0.1078607795093649
4610,0.04227822824194523
4611,0.050234778363276354
4619,0.11188458564525414
4624,0.14449626071231544
4627,0.04494556775696536
4631,0.09521161997264976
4632,0.05965649570760398
4635,0.052127874550655366
4637,0.09858179143971041
4641,0.10704006783735105
4643,0.04973579685976357
4660,0.04399453359633006
4665,0.05720574803228824
4667,0.05363114975894986
4668,0.10171259499682267
4670,0.04820106215513014
4674,0.03778045443818123
4676,0.05005955952365465
4683,0.12133612999458117
4684,0.04818004225900547
4687,0.042897463001972246
4704,0.051256060201758366
4706,0.05154174707859637
4732,0.11973224377421186
4734,0.06335814887937646
4735,0.041150727584941815
4744,0.04937876249261257
4755,0.04168163077360919
4759,0.04768743357758566
4762,0.06190406630103418
4765,0.12486437980492752
4767,0.049335863751458035
4775,0.1111218372620335
4780,0.05822492460606214
4789,0.13135239123320314
4794,0.13589610390084056
4795,0.040690793586371225
4797,0.13431790545808153
4803,0.040396727365673214
4810,0.11827903406037028
4812,0.138727275246604
4814,0.0488653554319042
4818,0.038169459477622396
4820,0.04403413884757309
4822,0.04719472345294974
4827,0.035678384780630304
4828,0.050390677558384084
4831,0.05047111729361673
4839,0.05063324037768759
4841,0.0914438606404972
4842,0.059299991737736
4844,0.05511524930302952
4852,0.0382880926071101
4861,0.06126200630933522
4863,0.12285610059269596
4878,0.12047692084071186
4881,0.10840923647582401
4883,0.13271090068707386
4884,0.044377780330096595
4890,0.06288543601486882
4894,0.04177067157964873
4895,0.16798065097508977
4898,0.11556412764869028
4899,0.04379060439520182
4901,0.06376269446344353
4902,0.03257559070542471
4919,0.05445513075249638
4934,0.051965562755571675
4937,0.04251703674601342
4939,0.04530673984137766
4945,0.06484654998469569
4952,0.10051359900067156
4953,0.11731121968667432
4954,0.0496302155260041
4955,0.045508389240780364
4967,0.04153438995401804
4970,0.09977158015339335
4979,0.12450700213979844
4983,0.039396768347436405
4989,0.12559544837526324
4995,0.09952761583464306
5004,0.1142678820446783
5007,0.10524618456480903
5009,0.046196196644517684
5010,0.043405503224023895
5016,0.044828258144898804
5033,0.04846276466761931
5038,0.039012480507004815
5045,0.041518619468984344
5049,0.04415722177857581
5051,0.047327091835391535
5055,0.13980884890901327
5058,0.05602789964288499
5059,0.045130218685840606
5073,0.04931271329220682
5074,0.09916627746214221
5076,0.1284171731416188
5078,0.049805614205472824
5081,0.04656621541305624
5082,0.04645459746131006
5084,0.04848290524251971
5105,0.0556687932637506
5107,0.04960708821611147
5111,0.05256459278049086
5120,0.04396422498900886
5121,0.04938350517544988
5123,0.04569823793369295
5141,0.04199656035028022
5144,0.051183647096005536
5147,0.13795588375306236
5149,0.035794641034319695
5152,0.049185004706888025
5160,0.04613468943029282
5170,0.04922066266873156
5171,0.1061981367967185
5176,0.14547243275043137
5178,0.13154097369328557
5192,0.046738401999803766
5195,0.06108825666201411
5204,0.04978200094762278
5208,0.11477192546051795
5211,0.044145609945420786
5216,0.05899687869324048
5217,0.1175531380995994
5225,0.05495425808077956
5228,0.11556068194661623
5239,0.03305405795070626
5241,0.056947070338519826
5243,0.12364476625947018
5246,0.1184627635078574
5247,0.13133766527533497
5249,0.04895151509627476
5251,0.13971354235677813
5255,0.10795951879782534
5257,0.13103981883141977
5259,0.0565475135023845
5260,0.05220244904459407
5269,0.10495930636500543
5281,0.06108045493911961
5284,0.11541261707551356
5286,0.06500249916972085
5292,0.05376759290411458
5293,0.11450295462434215
5299,0.041722283785043356
5301,0.03959457382697962
5303,0.04709433239774207
5305,0.04213442221809719
5319,0.09376769728300825
5325,0.052375295757489074
5331,0.051799484676234325
5333,0.0357643104048522
5335,0.04772891101899497
5339,0.0945931892667069
5340,0.046338987304660365
5341,0.1106119088219
5343,0.03350802158235745
5347,0.15459275081879442
5353,0.10825453982556028
5355,0.041345363257419665
5363,0.052427345137703
5365,0.12689902657890367
5373,0.09392727423295337
5377,0.05855318578059319
5379,0.05144623187414893
5385,0.1045149434605503
5386,0.04531322827901875
5387,0.07661598270673746
5389,0.05001026726619017
5390,0.05419772497485016
5396,0.045478250238222384
5397,0.05165448819693484
5404,0.04916012577659559
5407,0.055913414046847146
5410,0.04108447144975158
5411,0.044143951359504593
5412,0.05413354349719884
5413,0.04689548331956789
5418,0.1032903939974374
5424,0.04548517507744388
5427,0.12331175532310698
5428,0.05810419636044455
5433,0.053064458646856036
5441,0.13169167531755369
5448,0.05472377901439819
5456,0.13428787510011517
5460,0.036653430932039585
5465,0.11619737227131456
5468,0.04844111612033216
5470,0.1262003732280367
5475,0.04044405734900736
5487,0.12447314332708405
5501,0.050523086092262096
5504,0.04820969871260754
5508,0.11793022614299352
5510,0.048125099933142595
5514,0.03920972949302008
5528,0.09477083689544478
5540,0.05026885991541777
5543,0.06302943221960004
5545,0.1267852274976097
5546,0.10029593360811209
5548,0.05864779956206045
5551,0.12925223844425585
5553,0.06182907028960839
5556,0.04889455120442786
5560,0.12225506961873034
5563,0.04456277351681303
5569,0.05224472867553031
5572,0.04791679744908559
5576,0.05275293965951739
5582,0.06295785835917453
5586,0.0472744784037516
5598,0.045610870971630704
5605,0.049070744877482884
5608,0.04487152751802308
5610,0.0476315274140829
5622,0.029209376709429403
5628,0.11588111122055011
5632,0.049557596183073836
5640,0.043590067188908885
5641,0.08650739864638121
5647,0.04657214775201123
5654,0.12652492056802261
5665,0.05055662044127683
5667,0.1324233078819852
5674,0.06364694279970644
5691,0.04759837720239253
5694,0.05039495521884294
5706,0.0505007590055421
5716,0.05363998229235658
5722,0.05518039532128718
5738,0.12468217270055572
5745,0.10176602634546594
5746,0.041220205724722736
5755,0.05845426935147435
5756,0.04666337462371507
5760,0.11541454332791724
5761,0.11852502641269058
5762,0.05661560457932646
5763,0.047988689412850165
5765,0.12631106823185279
5773,0.054738034097879765
5781,0.10236241636114445
5786,0.056662077084593566
5789,0.061246275996193054
5802,0.04852532706146111
5808,0.054425318583209724
5811,0.04691171922353057
5812,0.11801258090895371
5813,0.11203902747908981
5821,0.05377048531893828
5829,0.14496946973956948
5838,0.1123969791511695
5842,0.14403695026464539
5861,0.04860825818860723
5864,0.0479340789113545
5871,0.1137847977188729
5875,0.10355164981713691
5879,0.05502598760598431
5881,0.046833136941525966
5891,0.04894254214742921
5903,0.030388427114139513
5909,0.05227773330189773
5914,0.13679210707964415
5918,0.04731940593246054
5933,0.04177488859359943
5945,0.05632639157662351
5948,0.050672467136137406
5949,0.05174338760583329
5950,0.041508334834512446
5952,0.05783722210027007
5955,0.10289625919310932
5959,0.13813986620388266
5961,0.045883765084093066
5964,0.07239430120175701
5966,0.1460844498686006
5978,0.10200038422287544
5980,0.04860005671701222
5983,0.135002449565036
5985,0.05698689550478049
5995,0.047600170678690955
6009,0.1101350962951708
6016,0.0329665802094564
6021,0.050812499630893564
6023,0.04596694836857329
6029,0.10205771623526055
6033,0.0810182340295544
6036,0.05418710711259076
6039,0.05977377559057413
6046,0.051245967239455424
6047,0.036019113170098406
6051,0.055580965206746324
6054,0.052056919151262614
6061,0.12291417335431346
6065,0.052461096862061574
6068,0.09461797058829016
6069,0.05058320863153181
6070,0.09798046512872534
6072,0.07892452269916234
6076,0.11449653658103638
6082,0.05572169563382895
6104,0.11292650415786537
6110,0.04648220580509758
6122,0.03776242152398525
6123,0.11174854776697564
6126,0.04288705379382667
6128,0.09877624061306002
6131,0.05018331250055451
6139,0.04312375024333854
6140,0.1326550775143756
6142,0.09750474727225762
6143,0.038558137513585354
6147,0.10092147618007413
6152,0.11469718874671793
6164,0.046609969327502145
6171,0.13474626050127617
6173,0.12929705356264976
6175,0.1406046215806584
6176,0.04919242703897597
6179,0.09388061159956591
6181,0.07115485201427221
6191,0.055754966008334524
6200,0.052347824691625716
6201,0.11665220312735146
6208,0.10578363560515323
6219,0.06395928452701419
6223,0.05712877880707064
6224,0.10939891553111841
6237,0.07556961002910872
6255,0.11429917818028065
6265,0.11563942395696629
6273,0.10490547124220487
6279,0.04268445408645814
6284,0.10667991525830949
6295,0.09371911924856298
6306,0.050808259392595055
6311,0.04933189170582603
6327,0.04699710223668242
6330,0.050086181885421646
6338,0.04938452910698467
6343,0.11265084447136106
6345,0.04970729613460694
6351,0.06036796963649914
6357,0.05218361141838327
6360,0.09982204604149444
6389,0.05360365143957338
6392,0.1061785913872555
6404,0.04713767270450327
6406,0.06116469960911291
6407,0.1351091849842809
6414,0.055356116538422075
6419,0.047451158343280245
6425,0.05158204206396898
6428,0.052579076595935595
6431,0.04971081276648883
6435,0.11926388695337366
6436,0.05506570150206251
6440,0.032553181635425
6446,0.04827016972114673
6465,0.04756096725683638
6473,0.05655604725811812
6476,0.05197118019598731
6477,0.04129750464072087
6478,0.12667761041075046
6494,0.1180447971872696
6501,0.13891864949447139
6502,0.05389105282658584
6503,0.04331036407299014
6514,0.034294666489313425
6516,0.04906206416476363
6534,0.13233746909264016
6541,0.044905783215969795
6553,0.07104283917066835
6557,0.045516799724181746
6559,0.050827302635873706
6560,0.13121319611676285
6562,0.04998962735251229
6575,0.12304705815647994
6583,0.04391901397512879
6588,0.13142387339974565
6590,0.03576891760611002
6594,0.041917951929501096
6602,0.05306159833158116
6603,0.10309687332202411
6606,0.042582783241275894
6614,0.11568797525272245
6618,0.0581256257622186
6628,0.10657937036624864
6633,0.04680677189308156
6639,0.10679206160571746
6648,0.055151769991797134
6654,0.04071968670162553
6656,0.04584821906794381
6657,0.13750729702230843
6663,0.04821893825731833
6664,0.044959870376843805
6666,0.05211339444658856
6670,0.04587561989606429
6671,0.11761184027114657
6683,0.05107710246926275
6694,0.059079174074407936
6695,0.11513943171778654
6699,0.04534694152730021
6701,0.13868149347465672
6706,0.04724974589375443
6707,0.0483287644763606
6720,0.04795306407617168
6721,0.05799347439904281
6726,0.05525227114197768
6735,0.056468591449531556
6745,0.04860891891234192
6746,0.04946901638115145
6751,0.05509778953317394
6759,0.11998038983569881
6760,0.11380938766224616
6765,0.11178114542054961
6774,0.05188250918903944
6776,0.09861688655617398
6779,0.09752711569578995
6789,0.04364684116121902
6792,0.050065287031751504
6797,0.04930028951524678
6807,0.09758239037523679
6808,0.04945643374224247
6811,0.12283201470282454
6813,0.04962899020221376
6814,0.04699755210803416
6817,0.060690925311360534
6826,0.07088426346728438
6830,0.05496881471028915
6832,0.12135452608525674
6838,0.14864122056873233
6840,0.052861910184822905
6850,0.052993810416491816
6851,0.04346471024076388
6854,0.048272481878001074
6856,0.1745786932356003
6858,0.10695330902752381
6866,0.04899626000112976
6871,0.13184167926876247
6872,0.05251523329323655
6879,0.1148843590021996
6881,0.04556700139085183
6882,0.0966286888693511
6883,0.10784515481825212
6894,0.1349717939031025
6899,0.04490285842438996
6903,0.05078425582050767
6908,0.11753273724788056
6914,0.11619545941867647
6915,0.13194368027344808
6917,0.056575498921279097
6922,0.06119444521339384
6933,0.05013082021403248
6944,0.09883512559040739
6948,0.11770609107705712
6957,0.09862457577818018
6964,0.04655094817496369
6987,0.04701095071179768
6989,0.03321786517468464
6991,0.05358949622937143
6992,0.11429024576826902
7019,0.05038009823530195
7021,0.04682194536941158
7023,0.10801275511170211
7033,0.04567559895831911
7034,0.04645427427098403
7043,0.04190659320280439
7047,0.04649812447872614
7050,0.06270145013651397
7057,0.031971634881557916
7069,0.05952508464486931
7070,0.044000096309724165
7072,0.11168259178027719
7081,0.09452103773336892
7082,0.053535225899295956
7088,0.1350490617133303
7093,0.09513061955753348
7100,0.1073630909723794
7104,0.03687131590519167
7109,0.04190147731012747
7111,0.04963026562673897
7113,0.04772956077732135
7119,0.052470939100881527
7122,0.04589398951703384
7134,0.11303255582565098
7147,0.050187892344239114
7155,0.05378736485473406
7156,0.0467519998191148
7163,0.06269478377272253
7173,0.04001188128539993
7177,0.05225430826236828
7179,0.13240772020769548
7191,0.10707994866306614
7196,0.15084174036567974
7197,0.05025481009396347
7205,0.046532936631296276
7209,0.048017995645684014
7215,0.060486236241862945
7216,0.0333334249814447
7217,0.051473754978472314
7224,0.048006640849536514
7230,0.06202826976752412
7235,0.1314091396824796
7237,0.1408278951729853
7245,0.06309569951394738
7246,0.04611842173498403
7252,0.055739794994000946
7257,0.044016511163240714
7258,0.04564722594313627
7261,0.11528894170797725
7269,0.0541947603990478
7270,0.05267231824206838
7283,0.127444426604757
7299,0.04712257497624968
7301,0.039168288485669334
7304,0.0712016674918049
7311,0.046692551630791196
7314,0.05658172000977322
7332,0.046836862767229315
7333,0.11907355838307626
7335,0.10478734227087919
7336,0.053993537901488
7337,0.12390066404452464
7344,0.03824799146603299
7348,0.1218094043974686
7351,0.04221889881900048
7352,0.056104701026258
7371,0.11460837080323233
7373,0.07698595174448893
7376,0.03764878208796179
7383,0.06844947228150322
7390,0.05633725361297316
7391,0.05495789136219656
7392,0.08185234390072839
7395,0.04579033312436745
7400,0.0929611195983114
7403,0.04697239497758835
7404,0.04749625502863303
7414,0.047681357995473836
7429,0.04968776795836075
7435,0.10285855681216619
7436,0.04348786601704703
7438,0.047423215600566886
7441,0.042528316051532504
7443,0.10018868758159798
7444,0.12920103211593928
7452,0.03159002409802505
7456,0.05207445040162795
7462,0.03132604248248195
7483,0.043732518188949014
7490,0.12725537173893875
7492,0.13171442239904754
7504,0.05580862782665347
7507,0.04640669700999685
7511,0.0487661660519657
7519,0.11936391760432295
7520,0.1301776106743843
7522,0.047756104404315984
7530,0.047420535143473636
7536,0.10902719151307785
7541,0.11743827917280235
7543,0.05304157690771314
7545,0.1153903269231723
7558,0.12436308314924027
7560,0.08539808921045067
7561,0.04820163464367795
7571,0.04979269597591022
7579,0.05102666172722727
7580,0.1276619736997153
7581,0.04997013909828314
7586,0.04136428393278484
7590,0.1423892106125776
7592,0.05282981191554069
7594,0.04291326051240692
7595,0.1242110162010802
7601,0.03618988762972495
7602,0.05107561400939757
7603,0.05951442914659483
7611,0.12230857440329414
7617,0.03029094511627677
7618,0.13787449152590087
7619,0.13307474356086085
7625,0.05100362705180037
7628,0.048868589376608436
7630,0.031445027605308026
7631,0.04869680979573765
7633,0.10388047505238635
7634,0.06493567121894425
7641,0.09430681395301338
7642,0.15009738038325396
7646,0.042948909305746
7662,0.12109013780494515
7666,0.11361888626221253
7674,0.05140803012292455
7676,0.03982065960052498
7679,0.12257961656271632
7681,0.05844701522110444
7686,0.04749661523436784
7696,0.13092288488706738
7707,0.049664459683367364
7708,0.049036254336965096
7712,0.057225698372415944
7715,0.04504207782341446
7716,0.05134550270946691
7717,0.13394849434698944
7719,0.048592160148049256
7723,0.04827233766279069
7726,0.08850500368334611
7734,0.13157651634181458
7739,0.033208054520362726
7743,0.04699581897467204
7751,0.048329696700332964
7752,0.10830886581641692
7755,0.12094684200118767
7758,0.04796887389763772
7761,0.05575835807773205
7767,0.04548495899067004
7773,0.1027003741751867
7779,0.06511103352565842
7785,0.058713700259705806
7792,0.053368006000319435
7800,0.08600765554929571
7801,0.11653804607984375
7802,0.12480472200256267
7808,0.1322282693191001
7811,0.04837951039166334
7816,0.053068177291888924
7822,0.05608880895651297
7823,0.04870432568886933
7832,0.043089090629632135
7833,0.04707718416321724
7838,0.049306910021336456
7840,0.04279116240634427
7857,0.061003899873256474
7877,0.04273250927159444
7885,0.051206289403543215
7900,0.11660235058656906
7907,0.04683297020417066
7910,0.04066957069317946
7918,0.11721029651548853
7919,0.06598257220327422
7928,0.052702631260945015
7933,0.1177183143505627
7941,0.1171969382408889
7947,0.065991532665152
7955,0.060476994170610233
7956,0.11350342990457729
7957,0.04889893337804996
7964,0.1281898868595382
7968,0.051408040691572454
7980,0.05213923647142357
8004,0.05307903747834595
8016,0.05160945170215243
8017,0.05054912712678843
8024,0.13211819630125415
8031,0.09665507436336064
8032,0.05299190519073944
8035,0.043027838937404216
8036,0.07677794373607418
8037,0.052383598173055934
8052,0.04895921271077422
8055,0.05963193266954776
8059,0.052237423675125925
8063,0.1033874397569773
8064,0.058911719316663974
8068,0.04842380097140918
8070,0.054621190974582255
8072,0.1037337345648141
8085,0.11817097576326262
8089,0.04935099439913102
8097,0.036163760637309125
8100,0.11969077740663875
8102,0.11294654608392796
8105,0.038096271508560146
8114,0.044183557489324045
8117,0.0649309129592014
8120,0.053784558422702224
8126,0.047361483047520615
8128,0.05239734060060842
8135,0.057019769217501626
8137,0.04669997212261371
8148,0.03442387143721908
8169,0.04317257669106575
8173,0.0488361206548969
8178,0.045277040650172774
8179,0.09451690549034063
8182,0.05153253410296885
8184,0.04300931475814253
8186,0.10033732618340879
8189,0.12684828410640134
8196,0.05560661274106045
8216,0.12540753592400244
8219,0.054451118213809394
8221,0.09249286836272823
8227,0.05509605746871921
8232,0.09593496996112202
8245,0.052879922428977995
8248,0.04764770031951002
8249,0.12212095376977324
8250,0.04377004706077032
8256,0.04055891787880079
8258,0.12288945907278075
8259,0.043771053916807724
8268,0.04866805822588864
8271,0.11703145510112199
8273,0.11204765336572403
8275,0.11681345637213081
8277,0.1185900017981615
8283,0.04539238942162616
8288,0.05203618407629234
8299,0.04588583968625329
8300,0.04566400412875549
8301,0.04139346430053366
8307,0.12200487733342835
8315,0.05070055268000699
8324,0.0965983567576048
8326,0.04441499813141666
8351,0.048950580642456665
8367,0.054763013043300265
8368,0.10555559093703679
8371,0.14713340082082116
8383,0.052760893786032326
8386,0.06247057113862616
8402,0.047847092399218
8404,0.12511166512098768
8421,0.124646785168319
8422,0.05142148825757424
8425,0.06634180267316121
8429,0.10686981261436344
8433,0.12497264185934044
8437,0.10437764635495762
8440,0.042321402773848014
8455,0.10099465486863046
8479,0.13169579296433753
8482,0.04826330551093101
8485,0.11308212351605106
8489,0.04262506572008349
8490,0.03896810493405535
8492,0.04879623723315661
8496,0.04568257881776209
8497,0.128758984084559
8498,0.05446065471176505
8500,0.08359784624186646
8501,0.05073018243910085
8508,0.060079071226091386
8512,0.15329502523422867
8522,0.13751985044373097
8536,0.05748574652099768
8545,0.050429851781418386
8546,0.053950433496258644
8554,0.10209685007604721
8556,0.09671493998990896
8557,0.06370138943167623
8559,0.0961003971197949
8560,0.06096451229910215
8563,0.053812000922260426
8565,0.056505329484883036
8574,0.04497738296196002
8578,0.04744215904897347
8585,0.04788194320781935
8602,0.05613775027134457
8605,0.040502605147130284
8609,0.0565020948559432
8614,0.08422667043914799
8619,0.11561761433232796
8629,0.04902019263194241
8632,0.11632037006048815
8635,0.05238784861879389
8639,0.04920305137733557
8642,0.06056041238781945
8643,0.12084056267325378
8655,0.05200177420835192
8657,0.0434866896845819
8662,0.1287063629194434
8666,0.061892502031723716
8674,0.043368534310972415
8676,0.10981210385617828
8686,0.12318770114799078
8691,0.05029790654173549
8702,0.09769608915481896
8714,0.04998885176826054
8718,0.12717507305704995
8731,0.052377376470158526
8738,0.05661523807862311
8745,0.050159449554398064
8749,0.04875248093693856
8754,0.059308323711483514
8760,0.04500112568253516
8762,0.04877677362820507
8767,0.05231472699473053
8768,0.11184616060194587
8769,0.04024277311813367
8771,0.13341470011991108
8795,0.042740507639504335
8796,0.046890069059913
8811,0.11147462705891804
8815,0.12525894994974274
8820,0.09480292063204018
8825,0.11000563833379333
8832,0.04501065916999654
8839,0.053321234737682355
8841,0.13428325095377072
8848,0.045192781368605724
8849,0.059749511868135534
8856,0.09675462689855377
8875,0.06881375735185187
8879,0.05230487474515406
8882,0.04409741724481211
8885,0.04784763611815955
8892,0.04517679116997857
8897,0.1254746860520088
8905,0.05188286324601112
8921,0.047171321216292285
8928,0.048249822414280885
8935,0.03772619115453246
8939,0.050288642077950974
8941,0.10403429458464199
8942,0.052182617226496086
8949,0.11005583982851182
8951,0.04924476579900427
8958,0.12571467999043523
8964,0.05485855208501937
8972,0.045839498285764974
8978,0.14044935762894456
8979,0.07402273225080452
8988,0.12183282249850519
8997,0.05106797345887446
8998,0.04834214869053219
8999,0.12160470582386852
9006,0.0508046622367149
9012,0.12744694971227621
9024,0.04562847086539187
9026,0.048199956461781567
9030,0.05329547119231999
9034,0.03742778779284972
9036,0.11557471597364388
9038,0.05364689252372049
9040,0.11637277826654273
9041,0.03230006819762555
9042,0.050519969551099914
9046,0.04753527092114735
9051,0.1058784866241109
9054,0.1411075564846889
9057,0.044377477438742284
9062,0.048353335760051186
9072,0.10788811700089768
9075,0.04333324934615159
9079,0.06597263076118276
9081,0.05959793051644662
9091,0.11235910972592825
9110,0.04534520945407366
9113,0.059584625217466713
9116,0.10018858314319279
9120,0.053367430257878504
9126,0.12286241211664922
9133,0.09715469366004034
9135,0.1147958295523094
9144,0.04514004765138365
9146,0.04943287602872343
9153,0.0571276984738084
9155,0.036610924616216914
9160,0.028667851625298328
9165,0.1276183247078248
9172,0.13401934327923462
9174,0.05190278808646733
9179,0.032789905751870976
9180,0.044507988373842004
9195,0.05358244013431889
9199,0.045918008164506155
9204,0.0977136649365122
9205,0.05139486595902971
9210,0.12505822416784956
9228,0.04458486050139062
9233,0.12345832215920811
9235,0.04797607724152539
9237,0.04691286458045191
9239,0.04880331176662581
9240,0.04861483320081515
9241,0.052922133454757644
9242,0.04471146811167666
9246,0.05151558710685807
9248,0.044660792527253336
9253,0.05137750035965624
9254,0.05134897466115893
9260,0.04779105163550207
9261,0.04806165688983967
9262,0.054059794473598106
9263,0.11732004834451855
9268,0.0493199044404449
9275,0.05407872021531144
9278,0.042209306101644646
9287,0.0483922278989329
9292,0.11798253987566912
9308,0.12467659790522456
9309,0.04755598357405833
9310,0.12678316203447026
9312,0.030774150069602352
9314,0.05260838897537385
9316,0.03878403848292862
9318,0.10748130563461906
9322,0.12633499302501544
9325,0.05453270690130489
9327,0.12068118805460114
9336,0.0470744288494038
9340,0.09970295673106847
9342,0.1359252750548361
9346,0.045256633161423664
9351,0.12546780577707753
9357,0.04797651155655605
9372,0.0525180540871109
9374,0.06361416630293258
9378,0.04920700159419299
9385,0.06474670312540283
9413,0.05472744239586997
9418,0.051083789343485654
9420,0.12141983323978552
9422,0.05320373995176507
9423,0.1163619376499574
9425,0.04565302292671242
9426,0.11465386206146765
9434,0.05293992687779796
9436,0.11669761476824832
9439,0.05273634470607375
9446,0.049471166603615814
9460,0.05909913265383518
9461,0.10204631642307614
9467,0.057273180361013656
9472,0.13189322192720682
9483,0.03915313096577547
9485,0.08843613308156491
9492,0.07152149731130429
9500,0.05825850290820353
9507,0.12956478769543997
9514,0.11915694209621708
9516,0.12862986793518885
9520,0.0870301933698688
9542,0.049163666037259746
9544,0.11845262246995207
9548,0.16226856756952257
9556,0.05096507881178504
9558,0.054934995918518664
9565,0.07757612658182747
9571,0.1304784260097007
9575,0.126151536643068
9587,0.06049061537984425
9602,0.15702950381604766
9609,0.05188647301719751
9618,0.03708696486097729
9622,0.1382837851039394
9624,0.053682754665253844
9648,0.09517179014887531
9658,0.14286779383009182
9668,0.04064655630412893
9702,0.04182214928328202
9705,0.0466352152121933
9706,0.047091639126414786
9707,0.12040051911108458
9708,0.0748334961100042
9710,0.14504558907089735
9726,0.11260074037178414
9753,0.06033508732162661
9757,0.03964001637844313
9761,0.04882105625453568
9765,0.048587713992328634
9768,0.14319843015045036
9769,0.049016765852845014
9775,0.042380531161058076
9778,0.10165091177199183
9788,0.03545058386262487
9789,0.1103372357997689
9792,0.09929992109448327
9815,0.04676744072737458
9816,0.06166578112246846
9822,0.05253159011316187
9823,0.06621826851700816
9827,0.04810455909256912
9835,0.10583366367134259
9840,0.05920504534045165
9841,0.04309822657227381
9849,0.10794772391992578
9853,0.053112647942185114
9869,0.0548168830657993
9873,0.04555710170976644
9881,0.031152359481233054
9892,0.1301823498414079
9898,0.04851210407233795
9899,0.0531234038768017
9915,0.04811659986534962
9936,0.10919788138426033
9940,0.045344078695175365
9941,0.04830211652261444
9947,0.04421621595435342
9957,0.08025200270255282
9962,0.04782901233443674
9963,0.07118518158385402
9964,0.06326350824691639
9965,0.13982791110855838
9968,0.13148730497689542
9971,0.08263856606582912
9973,0.13075391819562407
9980,0.048394422932599816
10002,0.13698756267960213
10005,0.058765666602743856
10007,0.049386057315956404
10010,0.13090120282829462
10013,0.11797157656090845
10014,0.04987850870508609
10017,0.1069977346167371
10024,0.11974490073224923
10030,0.035622134250758886
10037,0.051228678629450304
10046,0.04550656952988801
10051,0.04504690242330893
10063,0.04867495985061119
10067,0.04871464775696243
10073,0.047882376463627405
10096,0.04387474120644874
10099,0.05978029947097115
10100,0.05115879353270278
10101,0.1110066215110495
10103,0.05144881880180559
10110,0.1086807325965009
10113,0.10579694024575818
10116,0.04661909633814308
10124,0.11595633258851416
10127,0.044628586860861345
10129,0.14172494967732335
10139,0.05525552316525584
10140,0.13807968307564555
10145,0.12643687695249325
10149,0.05169458964357521
10151,0.12774049943793006
10165,0.0569210156205257
10166,0.047410858589226716
10168,0.12194354586948272
10174,0.03562623984297178
10186,0.055995459350265675
10189,0.045386734150751645
10193,0.10213396010367468
10197,0.057549421849808276
10201,0.051491901804473335
10206,0.049995404443272495
10211,0.04522717365456558
10216,0.04433518289901938
10224,0.12338626557666506
10234,0.12845861511288817
10236,0.09597287088680068
10239,0.1187259801671537
10247,0.04950972350175646
10250,0.04329411213910995
10253,0.12190424719320139
10254,0.0535422288330946
10263,0.12181608319826445
10264,0.12278828036861276
10265,0.053190642585550015
10275,0.046245859235079574
10280,0.05277262458168457
10286,0.12014517338151137
10287,0.12601899835820476
10293,0.05256277727090002
10294,0.03924823292122763
10303,0.04640799182075826
10308,0.12096434458201305
10311,0.05617305518375007
10318,0.06169640574712134
10323,0.14144085171705598
10324,0.10472507916133199
10327,0.05126973386325251
10330,0.05337298117665953
10331,0.04484010477593698
10333,0.049046652514820266
10334,0.11411202146179575
10335,0.13622578936168356
10338,0.10533230059646925
10339,0.1483021462888309
10348,0.0429686751148802
10354,0.10950541041450747
10356,0.04451353018776226
10367,0.06291140173272418
10375,0.05196034859858284
10384,0.11317290067261054
10386,0.052479712852320795
10389,0.04951635825807217
10393,0.047495030256370446
10404,0.08391223546836668
10408,0.03907851418513045
10416,0.1251061771355453
10434,0.1447362268349352
10448,0.12362225636108841
10449,0.05821385497748637
10452,0.045220177495003455
10453,0.04455333138185038
10454,0.10044085116935615
10461,0.04856137088391339
10462,0.04790349633109944
10472,0.042787165933149685
10474,0.12305996506306957
10476,0.09377384908804116
10478,0.04157515438837433
10483,0.030630678523100842
10492,0.058975772796525466
10493,0.13089399714144606
10499,0.06720095928318763
10501,0.040471096261749114
10509,0.04986921680925906
10512,0.04697178605206153
10513,0.0414389919455242
10516,0.047767730933915765
10517,0.05633077294027383
10525,0.04786182249378993
10529,0.03947515281164285
10532,0.051775675774355163
10537,0.05282472139251774
10541,0.11326941608724686
10545,0.048421542730086115
10548,0.04568275700518529
10552,0.05124356091905829
10554,0.1282249683569157
10557,0.056949790561822033
10564,0.1398276240903668
10574,0.052316981715005845
10591,0.038090357896507075
10596,0.10029328852582937
10600,0.13905923981045093
10606,0.04785539999215989
10611,0.11096385289744914
10622,0.046281967261925155
10626,0.05223824615387084
10629,0.05023526210440275
10630,0.045054100848731675
10631,0.12636674849526616
10633,0.050480969353104706
10638,0.046608076731236785
10639,0.14510137608404428
10640,0.08286209764912386
10657,0.11963328665747278
10663,0.1090694391517022
10664,0.042299423086511814
10667,0.08323940208891302
10671,0.05236028937682322
10672,0.05189327421813666
10675,0.051425838723175465
10679,0.12516416826603582
10681,0.05176892678274533
10683,0.042711780790154585
10688,0.05290960116536273
10701,0.11215933564143965
10704,0.12872282870941584
10709,0.12482105791146647
10715,0.0503509038572298
10718,0.04831212988979735
10724,0.0474765500364743
10731,0.05837486675046002
10733,0.046459654486858085
10737,0.10880087736599423
10744,0.03037584420865907
10750,0.0912329077507418
10770,0.04114739853087354
10776,0.05899087733844667
10780,0.050211014834028664
10782,0.13546672538967686
10789,0.05341161016666309
10793,0.10941652684897336
10795,0.10612304986337479
10807,0.047811427327795364
10813,0.0808398268824677
10815,0.0456840866511745
10817,0.04831883576330462
10819,0.039177228192918544
10824,0.04964027169530414
10828,0.0534221953539243
10830,0.05503797338929278
10832,0.04436411258854294
10836,0.11514559397206466
10839,0.10747696973994757
10843,0.04637311596852069
10844,0.10173539645660416
10866,0.054926460057361425
10872,0.044174003090086934
10873,0.04375965349253611
10878,0.04486063611228976
10889,0.046770892795450526
10899,0.13502122104327352
10901,0.1100374251490937
10904,0.12440637742866592
10910,0.051463793253232186
10911,0.11226510634810136
10917,0.045514396485139996
10920,0.051395140682901796
10921,0.04224707348042141
10922,0.056816009786193444
10929,0.049952693550529746
10930,0.04379826048539421
10933,0.07192675881357521
10934,0.047276370497835125
10939,0.14499763643394956
10942,0.0431798691155512
10943,0.052360001690648
10945,0.13721290676495002
10946,0.04634237478977638
10949,0.09527189529308226
10951,0.0492580046724399
10952,0.12511164900478455
10953,0.05017155087580368
10955,0.045507863923384816
10956,0.14481045375328677
10959,0.13678411848338057
10963,0.03534279035962469
10965,0.045031496416426564
10971,0.0529884462547928
10975,0.09736987819742066
10979,0.04179662205877482
10983,0.07913744367809292
10984,0.042704739313523615
10989,0.054764650357174156
10992,0.04046400986312922
11001,0.04336334607267873
11003,0.04810436854813515
11004,0.0546344634454122
11008,0.05254402717360044
11016,0.04981932153615237
11017,0.04706234832952118
11021,0.1580322499662217
11028,0.04904402697537146
11034,0.11614923106385838
11035,0.0510548965253311
11036,0.030414757684431658
11041,0.04211897669238189
11047,0.1576210432495123
11056,0.12386215781219569
11058,0.0541935558116102
11059,0.07930887472831838
11060,0.10594553327243267
11064,0.11521550869442537
11066,0.052538106294741406
11069,0.10561137207473004
11071,0.04910432313240214
11072,0.09032447504953174
11077,0.10791671261954333
11080,0.04597959438076358
11092,0.04858808013742314
11097,0.0429149516301988
11098,0.04920236670490825
11114,0.04349119315147056
11121,0.05315846503941518
11124,0.11221046217629588
11131,0.054535343883340304
11143,0.055488645264208436
11146,0.039106591954778405
11154,0.050300255990505416
11164,0.09692637035459212
11172,0.12212171828155664
11173,0.053185362782799665
11174,0.04235080707113785
11175,0.053155475333744304
11180,0.05514439081008882
11184,0.04927448429660246
11188,0.050152751596395886
11189,0.05284424613515849
11190,0.03915809678160293
11197,0.04484438825706121
11201,0.11142973136302184
11204,0.12860445855323274
11211,0.04370222272706561
11212,0.04824153245528059
11218,0.045755862337967045
11219,0.04602527449954128
11227,0.040747923479185294
11241,0.06150632202090805
11251,0.0569190839654663
11254,0.047376803981002254
11260,0.07180401094440739
11264,0.05009664470340015
11273,0.05734766771654586
11276,0.042325875306677745
11278,0.04427400968197117
11282,0.05324846535303679
11283,0.04648344148068042
11291,0.11193136242250064
11293,0.04703924011085332
11302,0.12947976660343752
11304,0.05812849383267108
11305,0.11637735294758898
11315,0.10659220511371496
11321,0.03725004743073695
11325,0.058145604719162435
11335,0.05777941875346561
11341,0.05433751041573824
11343,0.0478682816007766
11344,0.1261644145835706
11361,0.04657480263366603
11375,0.12805085655315354
11377,0.055689921220831856
11379,0.1384021239859662
11380,0.1266844832572925
11391,0.11416934422005309
11393,0.16260002275489108
11394,0.11989185598488213
11398,0.06109340246044403
11399,0.09586439506348446
11408,0.056707247906958635
11412,0.05087514841454317
11420,0.11141928996122044
11421,0.12392275810790396
11430,0.04546585123361836
11437,0.04758718470507534
11446,0.05137312208212922
11471,0.04218108889867104
11472,0.12265155031527579
11475,0.05792679152119922
11483,0.04581140837770552
11492,0.055191765844485756
11497,0.053665001103357715
11498,0.08060953849554754
11502,0.1077230040629451
11504,0.05336592613495103
11511,0.04950522773392962
11512,0.045931631485939345
11514,0.04544687149980568
11522,0.1056149795157002
11524,0.06000280170310161
11533,0.08537752744766054
11534,0.0332045096626766
11541,0.06757588731942919
11542,0.04950143782344645
11547,0.04388399963347559
11548,0.029782226892190147
11566,0.13508272135048346
11572,0.057519441032096684
11574,0.10546177830366023
11576,0.05394398988640266
11577,0.04732200246141061
11580,0.04678258044711344
11598,0.05403310001926287
11603,0.039106809879791704
11613,0.10978313616278804
11614,0.054818338583969124
11620,0.06019355043782779
11621,0.11498309331914987
11622,0.04516224399915042
11626,0.066963628317448
11630,0.05484189280457793
11636,0.06121875069888103
11637,0.056641523619789184
11639,0.031532661385391444
11647,0.049556142784289915
11653,0.061330223763262276
11654,0.06108723769234538
11660,0.042204550325912214
11664,0.13112658566779636
11667,0.11291920392370836
11679,0.09620492980199327
11687,0.12260538811643427
11691,0.04972198498304488
11696,0.11410716272863844
11702,0.12787700239041072
11703,0.056445414088471035
11705,0.12913454547898556
11711,0.10576140256422362
11716,0.04497278655815392
11717,0.11779239359442507
11722,0.06319424267643839
11724,0.05743790167858485
11728,0.10006731104819976
11737,0.04091909061824613
11738,0.0438967242474471
11744,0.04693921269446901
11747,0.05358407380128675
11753,0.06676917210890958
11757,0.11371861454622532
11758,0.05577782307313977
11760,0.06335944825724978
11762,0.042273727950860596
11764,0.051289232864034105
11768,0.05459517100581099
11773,0.05495750839562486
11774,0.1377432317752413
11783,0.10181077137691395
11785,0.10783486802164519
11787,0.12240422463321854
11791,0.11375870385004311
11796,0.04872829034128189
11797,0.03970956524780044
11798,0.0525813353592406
11803,0.05548493400646432
11808,0.04553110814739107
11810,0.04489641338835034
11814,0.11054264846093936
11822,0.1289220583568528
11824,0.05056381872359848
11829,0.13931510834208918
11846,0.04869918621320343
11847,0.10685384534171632
11850,0.12650837435147172
11853,0.051369929334839755
11854,0.05627695855408283
11857,0.057941910314724135
11862,0.040838898611081434
11883,0.04079684275933179
11890,0.045191001373188884
11909,0.04516580059446529
11913,0.058072796589651594
11917,0.08418229722012728
11919,0.04649976814469026
11920,0.05032341272755017
11921,0.1044669467778441
11928,0.044533818525127035
11929,0.04906572947546967
11935,0.05462217986935523
11936,0.041967608410160444
11939,0.04228301213040527
11942,0.04661908521330591
11943,0.04053914369108206
11946,0.05832541196808768
11947,0.043067472189381735
11952,0.1269740966457861
11956,0.048798962639792484
11959,0.04899245860125231
11969,0.04699915800278182
11973,0.1170317905860067
11974,0.11803561027503374
11975,0.13126721386266718
11993,0.11451997054117233
11994,0.10136626059210478
11995,0.0785276372610872
12002,0.10364019357175522
12006,0.0335133478735965
12007,0.045226694163751566
12014,0.04545805169684042
12017,0.13191734529043234
12021,0.11180400826855337
12023,0.13527501577457055
12024,0.04497009675087566
12027,0.13748638857649353
12034,0.07470158322655103
12040,0.04667243361894768
12048,0.10841448066891415
12052,0.05668647379040411
12057,0.14040999180530786
12058,0.1816573086899388
12061,0.04658872674392449
12062,0.04993250423006153
12064,0.0511295190155368
12071,0.1306792898242524
12080,0.14372689581090387
12085,0.04633001194743349
12090,0.14610839623484156
12100,0.1134530255168754
12103,0.05876102342491414
12104,0.04914945599441672
12109,0.04828993133845646
12114,0.09055585890771559
12123,0.05135941177338023
12124,0.04769357012106317
12128,0.04475187320951775
12132,0.096216274032877
12135,0.04640879934032621
12140,0.13346131380369927
12149,0.04409351264530026
12155,0.04551592122868409
12158,0.041248969728203154
12161,0.11758422598626023
12163,0.12482107420755001
12164,0.11159879327831848
12174,0.04698626498730647
12175,0.0420458962341363
12179,0.09374230176299635
12183,0.044363086025484416
12184,0.11719262802643751
12186,0.05732676862536442
12190,0.0500939247844079
12193,0.13318255745970528
12195,0.047631497561929054
12196,0.04448878111072851
12205,0.053469249546722816
12213,0.1034800117507427
12220,0.04655196342121257
12221,0.05100899580136084
12222,0.051652272498065824
12224,0.04928011792295409
12230,0.12239265684181791
12239,0.11284609428216787
12242,0.04536054173599695
12244,0.05284878433842987
12245,0.12892448964096836
12247,0.04693250678333935
12254,0.11884780091021177
12258,0.043276241441263984
12266,0.057444237803434266
12267,0.12388404510154925
12272,0.12786317154069798
12273,0.04893885684096066
12276,0.05077605038106824
12277,0.04146329305131186
12283,0.04650952309643902
12289,0.04691678995004444
12297,0.10024709046034283
12300,0.15371310888279865
12302,0.06408207652544462
12310,0.06745752781831639
12312,0.10323193661701532
12314,0.044893295005542615
12315,0.04397903343201388
12327,0.05719834255013481
12329,0.04877719868908898
12332,0.0927157097938411
12342,0.05948047951357337
12346,0.04488279241992553
12347,0.10777946779373032
12349,0.055619277730719036
12350,0.056557425966456965
12354,0.09194476135813609
12356,0.03673497426320834
12359,0.052544906022846144
12360,0.05760693981320813
12369,0.05207928338338307
12372,0.04284331201461529
12373,0.04549335335573726
12375,0.12294395251939289
12376,0.05458378807859951
12379,0.061261777651725274
12382,0.05373547835265857
12387,0.06479406686022626
12389,0.052821737173489126
12394,0.1290117935517861
12395,0.05166584078458014
12396,0.10808090128117133
12404,0.13551800346784998
12405,0.0469659952462174
12412,0.12358724612022018
12419,0.11486016588089083
12431,0.09919840751508399
12440,0.11411052107104279
12444,0.1392748425216897
12447,0.05526372239673249
12452,0.10039335124302623
12454,0.04915684384493481
12456,0.12061960798212173
12461,0.04753481567328615
12469,0.05266269651994148
12472,0.06055275552934877
12473,0.044988810999987236
12474,0.04476373309727776
12476,0.06429111337249568
12479,0.048580453849538914
12481,0.053496804420573564
12487,0.057191329671387556
12493,0.09934850275907979
12501,0.09732238317724884
12504,0.10408700905918801
12507,0.09707142196132479
12510,0.08903198110381014
12512,0.10976752108410434
12520,0.11538168537590296
12526,0.0813265771358675
12529,0.05210672278105508
12532,0.04884051293133818
12533,0.0544424563528582
12544,0.048591833604339996
12546,0.04925337564501667
12551,0.06542504593230489
12555,0.13487542527169036
12576,0.09370540483043098
12581,0.1307578315195179
12588,0.14365986488213742
12593,0.037901347672432174
12594,0.0438519579874784
12598,0.10999717920541702
12599,0.11584148319204034
12601,0.048809848457668066
12610,0.13758395099907877
12622,0.04911521560736195
12624,0.05447810649846853
12625,0.12959925711438824
12629,0.048056475123605114
12632,0.04471263399891344
12634,0.04141312452664091
12635,0.04911287406756717
12638,0.06446826364356259
12640,0.0442335565863112
12641,0.08411389281099761
12643,0.04574794696465268
12644,0.06879901590328115
12647,0.048571745161917895
12651,0.14454308345693817
12657,0.1004380990333768
12658,0.12100758278256218
12660,0.10226085191314763
12661,0.056539978945241404
12666,0.04349982217467167
12673,0.04492743566506885
12678,0.10454078835759761
12681,0.05692502616390757
12682,0.04907671738253912
12684,0.05104070351097866
12689,0.11975312507321884
12699,0.12078991020280032
12701,0.10942326396459133
12710,0.04266018612384144
12712,0.0773044996401549
12713,0.12044651739749909
12715,0.04275613992280949
12716,0.048202233018663394
12717,0.11338724714512315
12718,0.05654165371130093
12720,0.044996788103046324
12724,0.0477344101839615
12725,0.13144689333207685
12726,0.04207934505604892
12741,0.11547092365533712
12742,0.14291651738131322
12743,0.11905951929271114
12748,0.04723687576328849
12749,0.05491963089096104
12751,0.12507152425588064
12752,0.05312430707377586
12756,0.12061158714697233
12760,0.04846780676969111
12761,0.046649098841511166
12764,0.106985253142686
12767,0.054237317652338926
12774,0.11913958505543037
12782,0.06299221593053161
12783,0.05765509701947338
12784,0.08097744350377106
12785,0.10577564621243042
12787,0.14193425996909154
12798,0.04473721033152852
12805,0.10009572077230523
12806,0.09419933284302223
12809,0.08248158499392673
12815,0.04708258047760377
12820,0.03998925389035414
12824,0.10148698638335099
12829,0.058513848928483006
12833,0.11067163646558709
12841,0.12284616325932347
12843,0.0916913205617827
12847,0.04745359314003076
12848,0.05354570715682345
12849,0.0485019485902377
12852,0.05020667056719487
12855,0.1220482021196048
12864,0.1180414627055441
12872,0.05566186893484
12873,0.1346964210762661
12874,0.13388323592071882
12877,0.0507702118039063
12879,0.052494871612315856
12885,0.04462266473095748
12893,0.046818185212899766
12894,0.0788550022978846
12895,0.05708329026578466
12901,0.047413021465255153
12912,0.04640226561272461
12919,0.13244863079783142
12924,0.04959634495951502
12929,0.05559139928391361
12931,0.054881262535378984
12945,0.048802419945872526
12958,0.05230663697387311
12962,0.11910764942077222
12964,0.1323395701187919
12974,0.11943019911049603
12976,0.05181833360913316
12980,0.05019959054188596
12984,0.04890389388813143
12987,0.04093360220452245
12991,0.09742876873995518
12995,0.12181003086969305
13001,0.048545851983602124
13005,0.10889016096331801
13006,0.12081326542286044
13015,0.05042686085190797
13017,0.05725467385647487
13033,0.1305252530364068
13034,0.10002435290388205
13035,0.10350917267077847
13038,0.0506848841216983
13044,0.04715308362757278
13045,0.05236181863480093
13052,0.0487570931832691
13059,0.11876373302122671
13060,0.044273369868261726
13061,0.12178290026610857
13066,0.05753071007153292
13080,0.11170812359986254
13082,0.11789755935979092
13105,0.06352247475551723
13106,0.11683334821916548
13121,0.12731391330788477
13123,0.1215634241317837
13125,0.04621242127735973
13129,0.051839984158612684
13130,0.041847501385191735
13132,0.14131170345845628
13133,0.09184434843716939
13135,0.13405391325029822
13141,0.05554301448276784
13145,0.08311283056087156
13149,0.05347543996094533
13153,0.1239764815898227
13158,0.11023378142056
13159,0.048104192778786116
13169,0.05934510650987933
13170,0.060528047399888214
13178,0.11788095084512908
13179,0.06402809306235574
13180,0.10563306127551544
13181,0.0438218101962584
13183,0.05496122556649982
13196,0.04249463034370188
13200,0.10719942825006717
13202,0.04122748993567884
13204,0.04766435434552994
13208,0.10026728197181115
13212,0.05120213564970837
13213,0.05019552373471399
13218,0.10421409728167504
13225,0.04190793155918921
13229,0.10181172809956146
13232,0.04938024796321533
13233,0.04914393530123112
13234,0.047700064494524796
13249,0.05130565872513984
13253,0.04732180148866451
13255,0.12326704715797582
13257,0.11646905498028277
13266,0.049169499836347046
13269,0.050196515089191325
13270,0.11467905310497824
13274,0.09898783149924391
13281,0.06107075421779291
13287,0.030907724782515168
13305,0.1251788013988755
13308,0.047722724333321205
13309,0.05674021510700239
13310,0.13448237242086789
13314,0.11907469884126529
13315,0.050643903867564274
13324,0.03885754399405246
13326,0.05286879803811231
13333,0.05925399190388858
13336,0.04497477286849395
13345,0.043218747170391585
13348,0.12255071907985313
13350,0.05383457822989103
13354,0.05383207128494839
13360,0.09343021620373637
13364,0.11445230727665905
13366,0.04401211584314414
13368,0.13552686243602663
13375,0.09556457626313557
13376,0.04616215186282961
13380,0.08075060510284375
13382,0.04491762890472202
13384,0.1393444201257956
13387,0.05181223348816177
13390,0.02946793084398625
13398,0.1131900623730734
13403,0.04479917744451145
13404,0.08751533930346476
13405,0.04836334129513817
13409,0.10954492569959924
13411,0.052458272495139534
13414,0.11913646024539273
13416,0.10075595477484557
13417,0.05395639713680426
13418,0.13229067455809615
13422,0.058341483631358174
13430,0.058256558757972816
13435,0.04016617322722965
13439,0.050529129347214846
13446,0.047459168960344
13448,0.07121260303031555
13449,0.04304251866403833
13451,0.09973776958919639
13455,0.060474187130914576
13468,0.11347030215554627
13470,0.05156524067131602
13474,0.05110455863890084
13478,0.12568724293466402
13485,0.0467217917687999
13488,0.1447502935146251
13489,0.10542835227808718
13500,0.04593206170779055
13505,0.04390412773911637
13506,0.08516070911588353
13517,0.045590610253958636
13518,0.031049279372347968
13523,0.05599508748017812
13529,0.05158108773291239
13532,0.06816133403021386
13534,0.04197944420501969
13539,0.0860984239711816
13547,0.06049884677759761
13548,0.07639534521111954
13550,0.04988385975425843
13554,0.15695200978395
13555,0.11244868035507373
13556,0.06095232221330101
13558,0.05621464492896211
13562,0.050186444050150415
13566,0.04093404172398826
13574,0.0541859454538233
13576,0.09456815985841688
13577,0.12750013479131084
13580,0.06053403272640883
13586,0.05292639334782183
13598,0.06667350345578582
13600,0.05070077154821044
13602,0.04626571365803002
13604,0.04438850899028887
13616,0.05620017023307619
13623,0.05061202851989074
13627,0.12547942138736595
13630,0.05874538892334671
13633,0.13303938089017064
13635,0.046159941404568236
13636,0.12112074589613457
13640,0.04218208232040802
13642,0.047431245210682635
13647,0.10718019069665212
13648,0.10117705324397086
13652,0.04411701679438292
13659,0.05554612089332426
13660,0.0450328610230247
13666,0.11673241147642727
13667,0.05596556011913091
13672,0.10470566618875676
13673,0.05391320226303608
13675,0.12720339778587764
13678,0.105399977218627
13682,0.03421877926507222
13684,0.11485283496501206
13689,0.051498329872001564
13690,0.04783174541160331
13696,0.05469332211845638
13706,0.08935162202789224
13710,0.11666593356707307
13711,0.11187898853424667
13712,0.05821001087735251
13717,0.050475614868620865
13718,0.11610802268365394
13719,0.05386750781809553
13720,0.03911946077308555
13722,0.059827415916718994
13723,0.12413835343581629
13726,0.04606464106024241
13733,0.06034590047980477
13739,0.07043829105995235
13743,0.12281930988526957
13750,0.12678275359335398
13751,0.0350125857460772
13754,0.14749705958351203
13756,0.0495536440840613
13760,0.045967842239844646
13762,0.12064615322533964
13763,0.0667769136891685
13766,0.05065375009580787
13767,0.04897749014336864
13769,0.035911525908723374
13770,0.05625682921629215
13774,0.12398023561850481
13776,0.05064552288885151
13780,0.053004647276765494
13784,0.05250283736484884
13789,0.08725749938356758
13790,0.058190506400482934
13792,0.06514588866209681
13795,0.05050057382605012
13797,0.044853804959389634
13800,0.04750441280433843
13804,0.10126238130146037
13815,0.053347342635516895
13816,0.054121087085224756
13817,0.12864129573958544
13820,0.044161467198365785
13824,0.12027092466845199
13830,0.1355988644731581
13838,0.050098946357071836
13840,0.05220033888049758
13841,0.050440122902139894
13842,0.11489355128393089
13843,0.05470666361958634
13849,0.051850314407103054
13852,0.047560384987406036
13855,0.05531521350128543
13858,0.04776136374681131
13863,0.04464018249880034
13871,0.04703085529384086
13872,0.10790002795196574
13873,0.04598966233365722
13874,0.08333396478199798
13877,0.1310420311296524
13879,0.05207427336615901
13885,0.08660867665308873
13886,0.112496133317694
13892,0.1046034487313048
13895,0.049907790648394276
13906,0.10313224513577074
13907,0.1148042268057104
13908,0.052135280874740474
13909,0.04751596782459043
13911,0.04691451486863079
13918,0.11908716595253165
13919,0.05116416764891788
13927,0.13425926183652725
13930,0.04963571179338007
13931,0.11966207679846115
13933,0.10343620601069535
13938,0.1026341930743387
13943,0.049433733844346815
13944,0.05383480294317594
13946,0.049321129638490946
13949,0.03667260865552023
13952,0.15598579234690355
13957,0.05343415226979184
13958,0.06464974172398091
13965,0.08314658130312852
13970,0.043837678582580274
13972,0.05610298043443611
13981,0.06400413189201384
13983,0.030453807200616963
13985,0.04612497223276613
13986,0.04252590705271718
13993,0.13652885421658267
13995,0.05109167864061993
13998,0.044828563955421646
14000,0.046706198115133025
14002,0.048622135536931066
14003,0.059199777345538294
14019,0.13511430222863433
14021,0.12375408377954564
14026,0.11297394097356032
14031,0.05841053099222934
14032,0.0574453576176821
14034,0.047208337157903194
14035,0.04489075062511136
14043,0.058255406916375624
14046,0.12019750111917306
14048,0.053271074205335237
14057,0.1430337991813407
14065,0.046389551610994485
14067,0.053384073229673125
14082,0.05619192429575082
14086,0.12131112576140855
14103,0.11051030805168878
14104,0.13919154979453846
14106,0.1301370595745843
14107,0.05623138990112543
14111,0.04754237395990528
14116,0.055409578624122255
14118,0.058645124267510035
14119,0.057524796968734734
14122,0.043546948395187274
14123,0.0696269246592346
14124,0.047654134166682155
14125,0.11639935400884138
14126,0.10396540978811852
14127,0.1035779938877689
14133,0.12446068039740084
14137,0.05019565189618899
14139,0.12843850602385404
14143,0.047117522758106274
14148,0.044972203703841515
14149,0.05135988043472014
14150,0.05957675612700033
14162,0.05022340275091222
14163,0.05414992908986043
14164,0.04636724322435448
14173,0.12140309451887785
14174,0.10946387232701091
14178,0.05852502492371781
14181,0.08097073049331219
14186,0.09598498811356773
14187,0.12417330478430771
14188,0.04304222613385191
14192,0.13477443826041374
14193,0.04239328827839198
14198,0.12549932303176278
14200,0.10828929843273724
14201,0.056538432727525345
14208,0.04839102872838878
14214,0.12273644220895724
14220,0.041031922093744344
14224,0.04882527586469972
14229,0.04498587125539715
14233,0.09731482149728328
14241,0.05247013715569807
14242,0.10282188740572873
14246,0.045177167407075405
14247,0.04703705293018869
14250,0.04361060089998321
14251,0.04715660883798116
14254,0.12957962135186124
14257,0.05534688671237087
14259,0.12289229085733545
14261,0.10172076248760112
14281,0.10035356934504747
14282,0.09113540400655813
14285,0.04394622983236589
14286,0.11156494566037137
14293,0.043595585251509014
14297,0.04556698992569547
14298,0.04997865280725695
14301,0.04294503603898019
14308,0.04357642371470068
14311,0.05614592631901766
14313,0.05236338588790572
14314,0.05070123322679211
14315,0.04623044047385031
14320,0.04873465125059835
14325,0.052604491921061106
14333,0.04873111522305985
14336,0.12164401889250105
14338,0.07569372319697719
14354,0.10756939185760796
14359,0.1211395252547626
14361,0.12545149154703028
14362,0.050726965882307413
14363,0.0969532353207607
14369,0.05581389329306499
14370,0.1205553319578017
14376,0.042559843941660305
14382,0.05542611182487367
14387,0.053902519497810046
14389,0.11785169931269995
14390,0.045948325358438076
14392,0.09960111851183046
14393,0.04908414979866069
14396,0.11899937786668918
14407,0.08851465164192844
14412,0.03775596258086177
14413,0.1258425768932993
14414,0.03741750555067589
14416,0.0985247879356485
14417,0.05452834306937098
14423,0.1257956965339391
14427,0.11883227735921276
14430,0.12851507426966632
14433,0.04660965520255717
14434,0.0463071422515826
14435,0.159786796565288
14436,0.043895643431492756
14438,0.048283440920260504
14439,0.04442307735834468
14442,0.09415639266330222
14444,0.08479518761434755
14446,0.04747540347994874
14449,0.05131374405451858
14451,0.04481097695406998
14459,0.10731600854194658
14464,0.10927059817317474
14467,0.11791383489984104
14469,0.10964272568544206
14470,0.04763350896734454
14471,0.12174664366659785
14476,0.045306060142125223
14477,0.04867816719760368
14479,0.04621154286332756
14480,0.04932389953909846
14481,0.04879238976862501
14485,0.10211416882704118
14486,0.04679619561519319
14493,0.05291607164220552
14504,0.12814963680245592
14508,0.13246004614938234
14509,0.12072659074290923
14516,0.09811560201947958
14520,0.050919956636307225
14522,0.05373447424011357
14523,0.04000362703352324
14529,0.12146443072288328
14532,0.04616923904613398
14537,0.04703827280261223
14540,0.06324204692146125
14541,0.048091287171888396
14544,0.05282742436286447
14548,0.08267470290086396
14550,0.13323438755845715
14554,0.05315735315128511
14555,0.049095341401653884
14564,0.08411120086257627
14571,0.0537974030680187
14572,0.053912868539481996
14576,0.11039540818797879
14580,0.05158091328481189
14581,0.07437838593016284
14582,0.11418078940442482
14583,0.12115084560414914
14586,0.05328491211904773
14591,0.05280508099812624
14593,0.10237723819135293
14594,0.05137641912409223
14601,0.11104222554920212
14602,0.09345116568937517
14604,0.11297190879141046
14610,0.14258648661842632
14620,0.048848679490969577
14622,0.17093394970284898
14628,0.056392551117285694
14629,0.058040181565481415
14630,0.04235267921135961
14632,0.06455549832369792
14634,0.05207431381528825
14646,0.04850419063814625
14648,0.12726719355913638
14651,0.04390718761451205
14658,0.04452158196670457
14661,0.045174384215633946
14666,0.04828119078470573
14672,0.1313369080123728
14673,0.043365862756532855
14680,0.04505643555691461
14685,0.1693200534290785
14688,0.1253351341112495
14694,0.10698288427981067
14695,0.1301542265266599
14702,0.13166498250065262
14705,0.04719356664032999
14706,0.05233540844234253
14707,0.12414869773194788
14711,0.05116047209272584
14713,0.0521967002789873
14714,0.04668653287283313
14717,0.06340232932258856
14722,0.051854828963959786
14726,0.044421755113247655
14735,0.039915994380070534
14736,0.06038101378592137
14742,0.12667565840639974
14744,0.13806711572262936
14746,0.053621264015000024
14748,0.11509361165179413
14751,0.13086254044042694
14753,0.12271584180627006
14754,0.12301132361977479
14759,0.1338924741597711
14764,0.11223942050019574
14766,0.047285138460096576
14767,0.03940741712874305
14768,0.12590847958697896
14770,0.048533808373711546
14773,0.12873572788304705
14777,0.10377362585984448
14778,0.046185547284065064
14779,0.04616168393213801
14782,0.08414514504871763
14783,0.12450505873946154
14784,0.05053511089214033
14793,0.049618880154722475
14795,0.044831149536373266
14797,0.11704776523463782
14800,0.05168113018580522
14802,0.05522186440618083
14803,0.04404702556997374
14805,0.11369906939545382
14808,0.11232640063621785
14809,0.05262634115880106
14812,0.11746852837331154
14813,0.11910729026273514
14814,0.14512580196120212
14818,0.11913205750125438
14819,0.040444150474748135
14820,0.040923792867293564
14821,0.1292636305396168
14822,0.05126211128343583
14826,0.0945550348088393
14827,0.0416826480328112
14831,0.10541108805908132
14832,0.05058042192432076
14839,0.060399594891466554
14842,0.06256017136335004
14848,0.09762886420672509
14849,0.04515489873068435
14855,0.05182130471558233
14856,0.13852064032363573
14865,0.05654344885598718
14866,0.055644481240994005
14869,0.04709864659826288
14873,0.11224340233537532
14877,0.05257323478255496
14881,0.05702250149065541
14882,0.11519570927977765
14883,0.12650321142742002
14885,0.06174005821464097
14889,0.1225155788061998
14890,0.13089603315501178
14892,0.1127988536661843
14893,0.04425361762217828
14894,0.048517127817804456
14897,0.12402360703157206
14901,0.12299696731137999
14904,0.04298013550727125
14908,0.10587554620578958
14914,0.047375081926999976
14916,0.0363929182596925
14917,0.058192165534296146
14918,0.054623476009302174
14923,0.045429209330427704
14927,0.10420573462371806
14929,0.12048379205020072
14931,0.044616564906888256
14935,0.04698024250510407
14948,0.12123316246077183
14950,0.04645705001121216
14951,0.054982613218159546
14952,0.04503565209376518
14954,0.06259164341963819
14960,0.05300391266408558
14962,0.04754735992432819
14970,0.08320889345524653
14973,0.05710282707215307
14976,0.06574013916343642
14978,0.11656090746364905
14982,0.06912358849307298
14985,0.05704274234511785
14986,0.08140508731021258
14987,0.04696716650009109
14988,0.15494772166121804
14991,0.0934664409255837
14997,0.050249461951890506
14998,0.05358290243430294
14999,0.04643880041821849
15000,0.04112212954810467
15005,0.11870072606396428
15006,0.052551922390092806
15009,0.14017285386301542
15015,0.12039386117884347
15018,0.047474955310201024
15029,0.0613760619622023
15037,0.08903314461976779
15041,0.12125713913743205
15042,0.07922865990741502
15047,0.04375467153675892
15050,0.04830551198591608
15053,0.1527286901776149
15056,0.13322147942653104
15057,0.1095861763115682
15058,0.049089266215625774
15060,0.08575685292415106
15062,0.052227357237888385
15066,0.05600100048574677
15067,0.11831141561659694
15068,0.04025364207722854
15069,0.05363985556310915
15072,0.11740298315125246
15077,0.09202144845612774
15089,0.05251746162549676
15093,0.0487714543685405
15099,0.04156343738458289
15101,0.12896473200069192
15103,0.09997457011314599
15104,0.11106847190157414
15105,0.06017169259281728
15108,0.046824284431477035
15109,0.11834957069771151
15112,0.11590304046913985
15114,0.14776489407025628
15117,0.05448601384993652
15122,0.0423920486595381
15130,0.050561951463559685
15132,0.05498930914737787
15133,0.12518137537747437
15134,0.048456291782002746
15136,0.05160438932246923
15137,0.048482829113267296
15142,0.05220961830739857
15145,0.045012638695491276
15146,0.05535532201558816
15147,0.041872467664615914
15150,0.055290445823018994
15163,0.1431977497856623
15165,0.058121283086488756
15167,0.046551532713548484
15168,0.04043971971381697
15173,0.08112972319889707
15181,0.05256141919815508
15183,0.11715529970309844
15185,0.1119396012255419
15186,0.12015010549531667
15189,0.13048778069049458
15190,0.04952659310021588
15191,0.04660599000846216
15193,0.12187956762458031
15196,0.1124185014279554
15199,0.05751005391544412
15200,0.11941442339454005
15201,0.1411191250166848
15204,0.07344156689952562
15207,0.048475551228361245
15209,0.0933790134481409
15212,0.14414879983543666
15213,0.11485006205392072
15214,0.11893102844410966
15215,0.12705354312885456
15216,0.10169437127638777
15222,0.05112559974687456
15223,0.0817196271303992
15231,0.0479093597689979
15236,0.14137171827568235
15240,0.12439546067013804
15241,0.14284320218140384
15242,0.14566886607485421
15243,0.13149427582868664
15247,0.08985878925134122
15250,0.04531478131955791
15253,0.11472726462925992
15254,0.09798091594654916
15255,0.11511622140606578
15260,0.051498341017823385
15265,0.04966219342022577
15275,0.04499845892406355
15280,0.11761997025879242
15281,0.1226466976131514
15282,0.1515548049511563
15283,0.07080626379596545
15284,0.1519034968501031
15292,0.08028140010259986
15293,0.038098791272267125
15300,0.1437171029473404
15301,0.10075432304025059
15302,0.05612809258454573
15303,0.04512085238417138
15306,0.046888245262305804
15311,0.10339138742851298
15313,0.047474761509877575
15320,0.08760862086113788
15322,0.0538733637634517
15324,0.052125880573428734
15327,0.12114841331314899
15329,0.05055867798351163
15340,0.07035821000608722
15349,0.12234022061955094
15355,0.09758871593241329
15356,0.05439602746964837
15359,0.06928034551221032
15360,0.12468351168041339
15361,0.08011189336888934
15364,0.048774859360057106
15367,0.045266975619250284
15368,0.055975955809818165
15372,0.11290114074304068
15374,0.051249763391086965
15377,0.05385140589803322
15383,0.13629667420757352
15386,0.04936695478277415
15391,0.054208452524397766
15394,0.04365279364541734
15395,0.11968851667616484
15396,0.061543340419638236
15397,0.08235910245012341
15400,0.027388319825716514
15404,0.08309346699479846
15408,0.05462132840328679
15409,0.04592400532168083
15411,0.04686076854418164
15414,0.12052417618689057
15416,0.04515428123044629
15421,0.044319174967894275
15423,0.06196611831397068
15425,0.041505110257461356
15426,0.10376934284326891
15428,0.11185363972547382
15429,0.05583740791226748
15437,0.10646225879690166
15438,0.05241897640996731
15449,0.05108870382463979
15456,0.10391970908086427
15459,0.12425117135098726
15460,0.12460678677186782
15465,0.11475111941178938
15466,0.11880746475994912
15468,0.13903462213117668
15469,0.04517300165663553
15470,0.1030249452817564
15473,0.040156479375932475
15474,0.13326761244458346
15484,0.06226194715729883
15486,0.0480395558895338
15488,0.101272740817492
15489,0.04750892032790092
15493,0.043593103586275626
15494,0.0481363242006231
15511,0.04330287276942841
15512,0.1259359553576616
15517,0.11619431377771532
15518,0.03882043781387878
15522,0.048288620918183
15524,0.11199034457027297
15526,0.052077017036796305
15527,0.047185857968306925
15528,0.09982720730151022
15534,0.0965735030844815
15537,0.15296651350351054
15538,0.05218668459645209
15541,0.05097080077022066
15544,0.12394974232035884
15545,0.10456913940124357
15546,0.048885366082094664
15547,0.05717078701332914
15548,0.11902592434827823
15549,0.14972098529269262
15550,0.051604927093110715
15551,0.055809998596783476
15552,0.052158560424573494
15553,0.11112970513527363
15562,0.10883584038381922
15563,0.055154442798283666
15564,0.11767170029426445
15567,0.043832782748934075
15568,0.054875597424789556
15569,0.04710026623549447
15573,0.058397110601097965
15574,0.04257447319059458
15579,0.058568796622593525
15581,0.049278514711530726
15582,0.12710420215346874
15586,0.10489226517791797
15589,0.12211632502935882
15591,0.0446966710314027
15594,0.04618446429696789
15596,0.12394977417660218
15598,0.1192671321437414
15600,0.04707250889941346
15603,0.14115137012588522
15617,0.04507461949953892
15619,0.10444201510131218
15625,0.04903994074878695
15633,0.04986681669627127
15636,0.12776942605674435
15637,0.05050478472569497
15640,0.05479591339568966
15641,0.04340133454089489
15642,0.10845058710723407
15643,0.044127644635972726
15650,0.04794786931426705
15653,0.06531742364618717
15655,0.10452028040146027
15661,0.12402576459432724
15663,0.11239760404976523
15665,0.05099214546382959
15667,0.1202533822881023
15671,0.04350896300393642
15673,0.083245053143243
15676,0.04721564313175114
15679,0.049702496351405646
15684,0.05323935653569904
15685,0.04867926036123205
15690,0.049366795804796595
15695,0.04511865100804573
15699,0.15127654627183512
15701,0.06066967718996216
15705,0.06159210611193456
15709,0.05215536860653926
15717,0.048369204641136816
15718,0.11876165533934754
15724,0.1315365986275314
15725,0.1045868616215656
15728,0.11539823277680206
15729,0.10134142752710863
15731,0.06234852777648901
15732,0.09354080005433753
15733,0.12182125201116477
15739,0.054172531527098874
15742,0.0391362072450347
15743,0.04448636783709751
15744,0.04398349575661104
15745,0.062424817168580525
15748,0.0533613944790596
15751,0.149642016604177
15752,0.07427128033963346
15760,0.053782835982558654
15761,0.05162474333314367
15764,0.10641125952752412
15766,0.1381907566996348
15770,0.04599953292553431
15773,0.05748335744277098
15777,0.12700854187405344
15778,0.12394522792411543
15780,0.06138578924613108
15782,0.05381130926728974
15783,0.1273899919541153
15785,0.11322595037291289
15787,0.13074147056491162
15788,0.14018287293508055
15793,0.04668275680200966
15795,0.11912561805720003
15798,0.15104340060526494
15801,0.14620153491544144
15809,0.08130495510944293
15810,0.04997987216180275
15814,0.0508033979436117
15833,0.13021983405503443
15835,0.14004590805910969
15837,0.04184743605270474
15841,0.04749865974567465
15842,0.04752971709194751
15845,0.04376069550828816
15849,0.057316581859380655
15850,0.055694723062641366
15851,0.042086748003406234
15853,0.04055077525761629
15854,0.052993827787287395
15857,0.05143886795050551
15861,0.13585961963705978
15868,0.041160794352723316
15871,0.09400988963625286
15873,0.04223470656805046
15876,0.045993740417554024
15883,0.04603953289483301
15884,0.09752687127886668
15887,0.03330084662604222
15888,0.05013017931844477
15890,0.041062747978857374
15891,0.11394800116965939
15892,0.05319541660723897
15893,0.05172108269590539
15897,0.08374482414174368
15898,0.11754097131542199
15902,0.12246218145649226
15903,0.05492625964413691
15905,0.053384470274184026
15910,0.1139871776643291
15911,0.12231668090914723
15912,0.10266061983542568
15916,0.05641110922317604
15917,0.04500227439291523
15924,0.14455861293157102
15930,0.13346630012802776
15932,0.13385175469928762
15937,0.08099272609120281
15940,0.04979521851186868
15942,0.09223030093391855
15943,0.1497553913951534
15946,0.09650774698646744
15948,0.05140457643376222
15949,0.051765782154271765
15952,0.050707632290281884
15954,0.05200662925244919
15956,0.05076382655419692
15957,0.07399962825836318
15960,0.05413836907049354
15962,0.047199636768112556
15965,0.04244105451584981
15968,0.10376692373836471
15969,0.1225540167936659
15975,0.048178590465837876
15977,0.1271157739795092
15982,0.05707099628136281
15988,0.12875828618727345
15990,0.05859074124034287
15991,0.04510434145899595
15992,0.05749000310253786
15993,0.17358791766664633
15997,0.0900582091236131
16003,0.04369614127185617
16009,0.05118067543660328
16014,0.06557722568590547
16015,0.07652851711772102
16016,0.05137495421024617
16019,0.04353052310449713
16026,0.0458585151775669
16029,0.12992781818303528
16030,0.13540833371477543
16031,0.04681238514927149
16032,0.10692927262509463
16037,0.0489558836566305
16045,0.12884210413236802
16049,0.12367496206285361
16051,0.047937155347155036
16055,0.1520037536619159
16061,0.12636369981652756
16064,0.1266685653813897
16065,0.05777590120540845
16076,0.05309937054886567
16078,0.04196615344676145
16085,0.04803717368994571
16087,0.053572825967900854
16088,0.15600273367833525
16091,0.12923879075810457
16092,0.046390247184434935
16093,0.10149777951637315
16095,0.11721172664809333
16101,0.05463870985538517
16102,0.0604390552818315
16110,0.12395072764550534
16111,0.09200516321896543
16113,0.035272876566244546
16118,0.14495482419169983
16121,0.056567892177081816
16123,0.04680551485297825
16127,0.11435949008417748
16129,0.04174691661694921
16130,0.12112573474893254
16133,0.04963566829048167
16135,0.0444731398084968
16136,0.05067544848976032
16137,0.11787295615285258
16138,0.060972607595038635
16140,0.14531714392750317
16141,0.11720354340007069
16142,0.05710671429666272
16145,0.10613898957226889
16147,0.13480037025213226
16148,0.12962308068239614
16149,0.09938920358607074
16163,0.11536978024980868
16166,0.03988600737740665
16169,0.047575907551379235
16172,0.06591625958117371
16173,0.13541763344357546
16176,0.13510353720406587
16177,0.12756312138155235
16179,0.10290710342242652
16181,0.04774217113318052
16182,0.15246338543994936
16197,0.14846853154767134
16198,0.05132891929375738
16199,0.039440875722897846
16203,0.11990112666286884
16204,0.06594162484470481
16218,0.037074422401017514
16219,0.15028752936925727
16226,0.057706107208097074
16227,0.04627366995265193
16228,0.05259668085660674
16229,0.1457449379371641
16230,0.132214922623811
16235,0.054743417750795005
16237,0.04573998720922018
16240,0.04737943991708125
16242,0.13358996516281982
16246,0.08017872500033071
16247,0.11849436064764794
16248,0.053700239157103306
16254,0.13798564058168483
16256,0.14362229447795385
16258,0.05356251366847273
16260,0.046068286171925765
16266,0.05724695581265623
16270,0.05156847055460144
16271,0.052971716489579476
16272,0.05694846988474222
16274,0.07040819665300341
16275,0.12113627662890472
16276,0.048761366669597676
16277,0.05151028546981216
16278,0.05913063573046768
16279,0.13043834699786946
16280,0.11633354380736399
16284,0.10762960114185455
16286,0.04706316773939937
16288,0.13710568359293498
16293,0.04958514396412716
16299,0.11478080847234448
16300,0.07196520562077952
16307,0.05293495079119019
16314,0.10661656722309835
16315,0.05100705574311661
16319,0.11638572702603663
16320,0.13244530622474762
16321,0.06079355643810697
16325,0.05612914516677334
16329,0.043461050534038405
16333,0.051773416060689824
16335,0.11432607841740301
16336,0.14235932890428302
16342,0.1081407199733356
16343,0.05853114222193168
16346,0.1150765238321552
16347,0.046907916865197186
16348,0.13964242955044912
16350,0.05269174012809159
16352,0.04575681577071354
16354,0.12337904268902833
16356,0.0625334026150323
16357,0.12866878358490907
16358,0.0847448318908155
16362,0.04529196879367869
16364,0.0564501978259072
16367,0.05149464093335925
16371,0.04799686914928137
16374,0.12555604965294165
16376,0.11307023945412885
16377,0.16311217988431087
16378,0.13812739494577622
16381,0.03406417392683821
16384,0.04532442722468111
16386,0.11528483677185764
16388,0.04548576374383171
16391,0.12505411852575538
16394,0.12616089394599542
16397,0.04546735422929897
16398,0.12423348087493229
16400,0.06284247182226503
16404,0.1114876195233158
16409,0.04719327542152308
16411,0.03879952464795764
16418,0.13491524041289552
16420,0.049424746992554766
16421,0.12070276620331541
16425,0.04052020088067153
16426,0.05505726463958826
16429,0.1370613905706175
16430,0.1220905631962091
16431,0.05017515929708082
16437,0.051866965877621685
16438,0.049411482345416105
16439,0.04804956610185063
16440,0.05199020430041432
16441,0.12047657541428936
16451,0.046648345633898664
16461,0.10155135466188292
16464,0.08390303141621576
16466,0.046812596697492485
16467,0.08286430865707005
16468,0.1541572143091786
16469,0.05348093231933009
16470,0.1336469696091367
16483,0.13360424121888165
16488,0.05483941464913769
16490,0.05825804018534284
16496,0.1372672481505369
16502,0.04920384873758402
16511,0.04291915927500236
16512,0.12802603514144703
16513,0.12917334626014573
16514,0.03848022398966837
16515,0.044695132016691334
16517,0.12308519709595404
16520,0.04902348332485305
16525,0.12873052520104072
16529,0.049959905867045094
16532,0.05204543977697264
16536,0.12352338212300519
16540,0.05673340560300309
16542,0.049706451615337516
16548,0.04822429104373435
16549,0.04914911754298274
16551,0.14520916998670197
16552,0.054028600804798085
16557,0.10819176838067103
16558,0.04217412629135182
16559,0.1293489280727509
16561,0.05350252321626843
16562,0.11277525222841603
16564,0.048519443689004994
16566,0.051239559635688534
16572,0.12313669464829516
16573,0.05900399027204816
16574,0.11064969652037857
16575,0.05491752143995625
16579,0.15023462577482283
16582,0.04376990161035501
16584,0.12810707221443945
16586,0.09009431906695027
16588,0.04712586396148022
16595,0.05675310475186691
16597,0.05151901655890218
16600,0.04771449683288648
16601,0.10452222045774419
16606,0.051525413934894626
16608,0.054520013600430094
16611,0.10835911612599276
16613,0.1367702585876229
16619,0.1003487181888509
16622,0.06655215820649894
16624,0.11111578709317795
16626,0.11419574040330496
16628,0.06099261790951409
16630,0.05685406848242639
16631,0.055136787005695076
16634,0.12411253440680262
16638,0.04980513004506022
16643,0.11064524968687241
16645,0.04706864269133118
16649,0.12211698972276881
16651,0.08517319311818632
16652,0.06481252313101335
16653,0.0390132954359359
16669,0.09300152840532139
16672,0.13075410619543132
16677,0.051030914050142644
16679,0.08404213331880991
16680,0.11624617332993391
16681,0.04805143320006945
16684,0.03347132791305794
16685,0.04811431311608344
16686,0.13046073381586135
16689,0.04567492721759979
16690,0.03418286410323375
16692,0.10351246928759934
16693,0.04732460399746283
16696,0.04604826457452592
16703,0.05152248652610429
16704,0.05135711297448457
16707,0.09488123561640184
16711,0.051430204823491185
16713,0.045994838435611085
16714,0.15066142917762973
16716,0.0459345409616647
16717,0.12429724024797956
16718,0.09164966981170537
16720,0.04356878548526417
16723,0.05311540658447353
16724,0.08231294813733685
16728,0.1274929097659655
16730,0.11953511675664187
16743,0.07307495474073016
16744,0.04968235848787989
16748,0.08001458233797665
16750,0.11203160393677537
16752,0.10340732966420273
16753,0.042328718146115496
16755,0.14724880470634674
16756,0.05154892151598485
16760,0.04383908064229708
16764,0.05065302013313798
16771,0.050259103586083785
16772,0.146876808009671
16776,0.12304837513438636
16777,0.057447676056591394
16780,0.1192653706042067
16781,0.05173522939383525
16788,0.057431122165741436
16792,0.04582301197723384
16794,0.1251880788935269
16795,0.04786660694085507
16796,0.06000508896429361
16798,0.054398571816514
16801,0.050742520830184795
16802,0.10890661683616283
16803,0.10254542282959557
16815,0.0546052704668936
16816,0.0984662478626451
16818,0.12507187213773333
16819,0.1188806912778537
16824,0.09719778656527854
16829,0.09367695052695993
16833,0.047546477008343156
16834,0.05689562942108388
16846,0.052027807141995765
16847,0.10808211826556337
16848,0.047709136285161345
16852,0.10793736615823095
16853,0.05388453868668522
16857,0.046144944130478774
16858,0.10763325210881858
16861,0.0884505660505688
16862,0.12242296024901692
16867,0.047335847736099265
16869,0.05587688432524644
16870,0.11307944103154258
16872,0.1194000711812687
16877,0.03309311953804278
16883,0.0483233688120261
16890,0.06221996050244984
16893,0.11942211877375539
16894,0.06281971651904827
16897,0.11824058726450506
16901,0.04734889013987805
16902,0.031306644118798875
16906,0.03818209060846958
16910,0.05824079066348272
16911,0.16326955349797953
16921,0.09923545970365541
16926,0.11764294859094904
16928,0.04915577160558106
16932,0.14577204109203926
16933,0.10861028865060655
16935,0.048390174483806885
16943,0.10921285224723652
16947,0.05345553968543272
16948,0.12937802327487463
16949,0.05336078657378915
16953,0.13928641637695624
16954,0.0476755737257062
16956,0.046718570028261644
16958,0.05232247262570338
16962,0.051589103200797556
16969,0.05177037465155925
16970,0.0484649711917415
16979,0.05202643567327098
16981,0.04814872086441231
16983,0.05220997274505533
16984,0.04961185006132855
16985,0.051034509261770326
16987,0.12711313937881302
16989,0.099218951376676
16990,0.12194204417632082
16992,0.1071746290586724
16995,0.10935369354591407
16997,0.047747737497101816
17000,0.11630663419442008
17002,0.11455046467555463
17003,0.03266444396093723
17006,0.09391450771600353
17007,0.11560171877128063
17008,0.0430441099859574
17014,0.04997492184999126
17015,0.11354216216837545
17018,0.12906445917253623
17020,0.03480470213434699
17024,0.13479848781086987
17026,0.04804546038332158
17028,0.11460120578973346
17035,0.04163071579481468
17038,0.05018682188823218
17041,0.11613514084677198
17046,0.1277910496825933
17052,0.05839356484077548
17053,0.0651257234205779
17056,0.03667991251548225
17063,0.12549595653546133
17068,0.050128092701078424
17073,0.05082241056177332
17077,0.11408989231535664
17078,0.05351898229577066
17081,0.05295901711677253
17083,0.04466007004543907
17085,0.047150165674791904
17086,0.11340032093507543
17087,0.048352251001416366
17088,0.10770408665573769
17090,0.09920430107873145
17093,0.04685500788277434
17094,0.05807803595674444
17095,0.04664189323559874
17096,0.05830934878296384
17099,0.13721328580075268
17101,0.05995308574924945
17102,0.11931349803658081
17104,0.04746808286342419
17105,0.05459089033495741
17115,0.049586276430094466
17116,0.06372561187163361
17122,0.0456988317395224
17123,0.05206041228365726
17127,0.047861323153644116
17128,0.128125328290956
17131,0.11465217418984348
17136,0.0815730983827032
17140,0.06774742572138008
17141,0.12602542390245292
17146,0.039404122712326545
17147,0.0494587029167485
17149,0.14567312566623097
17155,0.05063757005835058
17158,0.049909205004597806
17159,0.05337568828010617
17163,0.113630408070636
17164,0.04421125574070741
17165,0.10939641430970735
17169,0.044919277568447484
17170,0.04301880766992242
17171,0.13541342997804867
17172,0.04160689563498389
17175,0.05318116108705357
17177,0.04321062178571304
17181,0.12029980356950842
17183,0.04912679548551449
17188,0.046852384483418004
17189,0.08673551968961594
17191,0.04864872866649344
17192,0.05653363181495956
17194,0.06236760345431391
17210,0.04329806356275266
17212,0.12033376013064248
17219,0.05493329862440064
17220,0.12262375681212709
17225,0.057639045480313726
17227,0.13244747685696998
17228,0.044257666761470665
17229,0.04684156799715645
17231,0.06244922140088425
17232,0.12285684598299328
17233,0.04371173268655918
17237,0.045573378032268075
17240,0.05737765548820278
17241,0.11634930610648349
17243,0.04729072096823861
17246,0.13390653680056802
17247,0.09682177301420836
17251,0.13676000006165862
17253,0.10380667204500674
17254,0.052732663635801
17256,0.049540651894512934
17257,0.09641301259094834
17262,0.04264878451477815
17267,0.06404303323353841
17268,0.050200551284323054
17269,0.10250518041427711
17270,0.12332455243128201
17275,0.15271392000864972
17276,0.1363313959956529
17277,0.13375435626069462
17279,0.12570536046420355
17283,0.047189659904877085
17287,0.06033941549449284
17288,0.048810825197707616
17294,0.05043237430245258
17295,0.05757355627208862
17298,0.04819917502903404
17300,0.037718075342296
17302,0.12486818212106007
17303,0.046271779369016414
17305,0.04880319866908499
17307,0.13717925447985907
17310,0.05174463143929611
17312,0.06882120533222255
17316,0.12307136114887234
17317,0.050334308716323065
17318,0.04762180303825162
17320,0.0380791506287567
17323,0.05235263517651482
17324,0.05021333793550362
17328,0.0551516145856766
17332,0.07857569555403027
17333,0.04999236380498359
17335,0.06074099576917431
17338,0.04514660891411653
17340,0.05778238857454571
17344,0.08455689509391093
17345,0.1404595695272495
17349,0.11342056245715544
17351,0.11182381166111507
17352,0.0463677189428282
17354,0.05945028820429276
17356,0.04883427382518262
17357,0.09265316417431631
17361,0.04990706020963049
17362,0.1291776221118635
17363,0.1084817806286571
17366,0.0586105356832535
17367,0.10250117332357622
17369,0.0588035431993483
17371,0.13592447689693543
17373,0.11665230382003682
17378,0.1326707693526056
17380,0.11516197269286789
17382,0.11939357551500694
17383,0.1210127668753871
17387,0.044679310023014576
17389,0.11898299671285048
17391,0.030918509139287297
17398,0.1577280281205775
17402,0.10445970743602535
17405,0.11007520576438565
17407,0.04966993566918184
17409,0.050072010550703545
17411,0.04872147269751271
17412,0.04389835142014981
17413,0.04532748416078055
17415,0.05632417900457838
17420,0.04555155517172486
17421,0.058780917885330325
17422,0.13243615475122575
17428,0.1195873021070684
17430,0.03916522435109478
17433,0.0487176122419315
17435,0.11983321444262585
17438,0.04732300993837105
17440,0.057397911520715536
17442,0.046665043134822864
17444,0.05130102805580805
17448,0.04872520294571106
17449,0.049077011883368965
17462,0.10820970452070937
17464,0.06754162961602911
17466,0.057133845320098124
17468,0.14060604541361865
17469,0.1385485078988019
17472,0.11444807098152956
17473,0.05370400418691732
17475,0.050535589550664936
17479,0.042236271452597625
17481,0.04502141682923901
17482,0.05588094280265232
17485,0.0446279244324084
17486,0.04566361311425212
17488,0.11312300834667575
17489,0.05693089890836953
17490,0.04306718915549484
17491,0.051168133615635575
17492,0.050435400521001386
17494,0.10697688999871388
17497,0.0459317873062871
17500,0.11546492544230533
17506,0.09647256842251366
17507,0.09668279960602266
17508,0.05353745403723061
17510,0.10862577150863838
17512,0.05219310311878584
17513,0.1100716358813304
17515,0.10916824900437529
17520,0.05976449019133753
17521,0.05261534026827728
17522,0.1261934655489321
17523,0.04716657206863221
17524,0.04146050759124253
17530,0.1121359402852726
17535,0.12378534724924964
17536,0.12523628799354872
17545,0.12845986532019438
17548,0.10807327522212253
17549,0.12114586998713286
17553,0.08499187106054545
17555,0.1333961712096301
17557,0.12092753916756756
17558,0.04579614638090121
17559,0.06365493843310639
17562,0.13353119584757195
17564,0.04716851613264361
17565,0.05711204575455242
17566,0.11128317780104827
17567,0.12961895651807578
17568,0.05324291506367776
17569,0.10745703111608623
17572,0.10829349887347407
17573,0.11867420573047703
17575,0.0985575947909366
17577,0.13058424780280548
17578,0.058884585865073696
17580,0.04617895392772852
17581,0.14464010523010934
17585,0.10163539862149355
17586,0.12801780468958093
17591,0.10918457197673663
17594,0.053750484616593874
17596,0.050472596206390295
17599,0.10942032677291258
17602,0.06218058096884033
17603,0.09136305545847825
17606,0.04254874502396161
17614,0.1408495419174352
17621,0.1437808631052636
17624,0.11506660924791003
17626,0.1285806359007632
17628,0.055728617463752364
17629,0.05345231840303724
17630,0.11608234104128168
17631,0.12243617680790424
17633,0.07036891158869782
17636,0.10981392631550714
17641,0.10896365490487243
17642,0.1140751392379809
17645,0.1326751446541658
17646,0.03929971763373378
17650,0.06793114316419985
17655,0.11941915788994377
17659,0.12586248211390325
17660,0.09641642202778927
17662,0.10335949981317859
17664,0.06282407769829541
17671,0.05280097112662555
17673,0.05195259463068046
17676,0.10509342535509199
17679,0.035080504328368275
17685,0.10238283019453484
17705,0.13096688576278934
17708,0.05317909260807138
17711,0.08631723223385147
17714,0.10544148355856714
17715,0.047822573476546365
17721,0.04900974188545463
17724,0.14027751291123214
17726,0.1010037856920381
17728,0.1018258986030896
17730,0.0595685747736798
17732,0.04643772434683653
17735,0.16507166381704583
17737,0.04671453406780944
17738,0.11193840485164122
17739,0.11594295057485646
17747,0.04994149469980265
17749,0.0898893832560394
17752,0.11472864509451593
17753,0.11347126942709075
17756,0.11886685101737254
17758,0.0336773136729232
17760,0.04333998980990266
17762,0.12274784439361165
17763,0.10467658515029793
17769,0.052820780598518434
17775,0.10383044318143975
17776,0.047859259555174324
17781,0.12871220419517537
17782,0.04259891353602377
17783,0.05166255993314095
17784,0.14450730927166278
17785,0.10720586940477464
17798,0.04052984664817414
17799,0.12061743342573439
17800,0.10910467609675288
17803,0.056968630569938894
17804,0.04871356377212188
17805,0.0874323148377965
17808,0.11545441526767121
17817,0.049724955204978195
17823,0.12087267643346976
17824,0.1014296228914211
17825,0.0586400208992892
17827,0.05140194530536648
17828,0.116271834458113
17831,0.10381869045406653
17834,0.04095803319175612
17835,0.14551680794382998
17837,0.0471024306184891
17838,0.12295024771556246
17839,0.04061170870373713
17843,0.17081622665435248
17846,0.1184892894789407
17847,0.11543937063141768
17848,0.12334603995896148
17853,0.05703464566835361
17856,0.10808054002632582
17859,0.04736146723882436
17863,0.06117111524606661
17868,0.0498862658959272
17869,0.05737963982357115
17870,0.048698296701642635
17875,0.05078136776235576
17876,0.04722753101948318
17877,0.09848380066308247
17879,0.1249305859977634
17884,0.0447533060767793
17885,0.06323472389366178
17886,0.05337511214696312
17890,0.1225075833784567
17897,0.027568624624481064
17900,0.029391896804771025
17902,0.05652314673380353
17903,0.0448670626528599
17908,0.06549973958307984
17914,0.11357311126523864
17915,0.12589785224393846
17916,0.04741639555305107
17920,0.05524241950357098
17921,0.14091923016105443
17924,0.1362620524821443
17925,0.11272551326500682
17926,0.0369153557802365
17928,0.04769112433059936
17930,0.046971032858015654
17932,0.04669561087818577
17933,0.04868174123680148
17939,0.11841049231418664
17941,0.12479930382480464
17943,0.04932378771902295
17947,0.04957305158817426
17948,0.10413425049947292
17950,0.04928346449876912
17956,0.05095160226745178
17959,0.05779854182248989
17970,0.09073762379249521
17973,0.04732491166731341
17974,0.12126521846583875
17975,0.10961453801594995
17976,0.11301101435107633
17980,0.0331590857448089
17986,0.1397639451608338
17987,0.05099491900084413
17990,0.049059470122267634
17994,0.10221160943044566
17999,0.04793388903173601
18002,0.04964003466426571
18003,0.05260149156167554
18005,0.038382043543251525
18007,0.04347563989079631
18013,0.07767113244158406
18015,0.04922710716897829
18016,0.04375352166160167
18018,0.0497664366390996
18019,0.05466961433510211
18026,0.13228885066638116
18030,0.13189065643547493
18032,0.15297492872485816
18035,0.12217583788645955
18039,0.11215536296392638
18042,0.05629844905657843
18044,0.11326462508610625
18045,0.040533494723300215
18046,0.12186946548591378
18052,0.0970503829159046
18054,0.04925991615448524
18055,0.1298985101914154
18059,0.04161751963937783
18066,0.12382103110286799
18072,0.12433446510664753
18073,0.047107658240658386
18077,0.11791636236167116
18081,0.04554399395843445
18083,0.046522342118548866
18084,0.12971223180873925
18085,0.04607810989694148
18086,0.04497413167667311
18087,0.11855834360870048
18092,0.0621386731847183
18093,0.03637525185455715
18095,0.05387118882270924
18097,0.04956399929116412
18100,0.047268806289315096
18101,0.11163257562954824
18103,0.1215516952099572
18104,0.12576413004005516
18105,0.044150969474202675
18109,0.04691136047646432
18110,0.12354197973149851
18113,0.13239761523795726
18117,0.055364795564764833
18119,0.05280857170058307
18126,0.1705869975581333
18127,0.047958418542543145
18128,0.04653043976835427
18129,0.12854065670746193
18130,0.043893490142766764
18137,0.13480097073561362
18142,0.11683475277605407
18144,0.04695239981143486
18145,0.0662799816207225
18146,0.05504843239749503
18149,0.12826251032169464
18152,0.04637946758123321
18153,0.05008063340904893
18154,0.04420553416013623
18155,0.11010186461540968
18156,0.12914188564772436
18161,0.12529529510390303
18163,0.05606737588656078
18165,0.05219156431263582
18166,0.12386119640921396
18168,0.09311609885084872
18172,0.04606313603732955
18174,0.053790208141974445
18176,0.052681783324170284
18177,0.06401533437824275
18179,0.13127595558038369
18181,0.1452187909033053
18182,0.04948279094770159
18183,0.1305936021233525
18187,0.0920699315392262
18188,0.0634191345891856
18189,0.12567769375181556
18194,0.11288664573313904
18196,0.11983658090424311
18197,0.05096614359869715
18198,0.03756915426862228
18199,0.11515694599291501
18201,0.12842560805146988
18205,0.12122108505271768
18206,0.04272522053245364
18207,0.060753220284871914
18210,0.04133239260312114
18212,0.048191375106694995
18214,0.061137863535089966
18215,0.04397124917703833
18216,0.06961526753770649
18220,0.057718583985010244
18221,0.09869688348519154
18222,0.050030495170247734
18223,0.1675838211156411
18227,0.06463633951955705
18228,0.1346000408160758
18229,0.059303267842546664
18232,0.12893940311931593
18234,0.11962751214140248
18239,0.049825213233502856
18243,0.12645848178394942
18244,0.044727211528920056
18245,0.12458500493467743
18246,0.04163219480332208
18248,0.14368762138073696
18250,0.16127184614506837
18253,0.14138233312792592
18254,0.04639049153423549
18256,0.052764549431564244
18257,0.05537722355821751
18263,0.04923236799827773
18264,0.05283611843943612
18266,0.046532763190138646
18267,0.04949601109728527
18268,0.046609549231108466
18269,0.06550356833788165
18270,0.05298128128818809
18271,0.06012965532970821
18272,0.04308669608689111
18276,0.1365221914349664
18277,0.0427330546696512
18280,0.07102233284778722
18282,0.05327180137343627
18285,0.062115030214450605
18288,0.05916844670226965
18295,0.04332448237741923
18298,0.12604540256916477
18300,0.04925375446575374
18301,0.04344213687639146
18302,0.04637932938234249
18304,0.051944527297982525
18305,0.056225537645126236
18306,0.04691471483053499
18307,0.048934032257335475
18308,0.058446595477730186
18309,0.06319500655929759
18311,0.08948356436666846
18313,0.1229166043858583
18314,0.12863500002022427
18318,0.14090417893848717
18320,0.04667114268453966
18321,0.0941474181693659
18330,0.13724513860059315
18334,0.04645556886357212
18336,0.038661540504202535
18337,0.12713469744374037
18338,0.04855223843834869
18339,0.04761965638541329
18341,0.04976486760574918
18347,0.05267981345641394
18354,0.05220911341904733
18355,0.05361372501542377
18356,0.10415652647904418
18358,0.04785259485955815
18360,0.12540704608267703
18361,0.07407114448797286
18363,0.05810521007088138
18364,0.06633176379411897
18367,0.05077606751576923
18380,0.04638827268558622
18383,0.04828983481071765
18384,0.112290292008506
18385,0.14259408810496008
18387,0.05939028090311962
18390,0.06296745977481397
18391,0.14956054891345785
18392,0.06513449509606557
18395,0.0614062585760533
18396,0.12383441353117154
18397,0.09902517634735593
18399,0.08776503744670436
18400,0.052884063523667105
18403,0.13822212283796637
18404,0.10773720310846231
18406,0.04669451312100736
18407,0.0679184685483415
18413,0.041927362704546216
18415,0.09178300428237648
18417,0.1404690047421978
18420,0.048703457555700845
18422,0.08486189106210737
18425,0.050492839704797336
18426,0.11404863244967095
18427,0.0317660197036397
18428,0.05597009520334256
18429,0.1377930984430653
18430,0.04925491653510019
18431,0.11531026161968089
18432,0.12613504801602948
18433,0.14939325030913783
18435,0.042055389001470524
18436,0.03946878653945835
18437,0.04276063867831115
18439,0.04118869082946445
18444,0.04393741416033052
18446,0.08199190215520782
18448,0.11293202689779631
18455,0.032969956650468674
18457,0.04359440003040097
18459,0.13061722203537698
18463,0.13855470338025802
18464,0.05066125384845387
18467,0.05938153299491302
18469,0.05853724241892342
18471,0.05322658081777963
18475,0.05595124092850259
18476,0.04915333000647274
18477,0.050625627654489615
18483,0.11229523201880048
18488,0.05732444130565442
18489,0.06847521243465911
18490,0.04455099736856095
18492,0.18268654429707315
18493,0.048840474884944404
18494,0.04544090579129994
18498,0.11613394038143075
18502,0.12452944957754296
18503,0.06365232280463502
18504,0.057859814211216956
18506,0.10513011708384457
18507,0.11798718787834224
18508,0.060582207769359325
18512,0.061789666875713425
18515,0.031443239465900295
18517,0.13247855569222539
18518,0.04444087301265588
18520,0.11960786033995292
18521,0.04164729908160632
18522,0.04276643814685189
18523,0.10040924974412695
18524,0.059487860547766426
18530,0.05996665868252364
18531,0.04964366357099862
18532,0.043456827347093885
18533,0.04391489334370466
18534,0.11292466297296035
18540,0.10702870328821805
18542,0.05077060401273737
18543,0.048377955072403916
18544,0.11092407954119987
18547,0.053754880374301685
18549,0.05360772968153438
18552,0.15303594861116745
18553,0.12334500487249667
18555,0.10588563439112932
18558,0.12766763391067
18565,0.041880201464374454
18568,0.11406475769393688
18572,0.05004405673795599
18575,0.12283112806105975
18576,0.112862556773519
18579,0.04265684346745171
18581,0.11735186204214776
18583,0.03317348705838554
18584,0.04982823891493801
18585,0.05317660137584084
18590,0.05070419887788098
18594,0.0949386586720739
18595,0.04148778974123366
18598,0.04757444709526863
18600,0.04216301890858156
18601,0.06567488451320092
18602,0.04918909893153446
18603,0.096613671437536
18604,0.05119442817612082
18610,0.11015518143644715
18611,0.11454970763391245
18615,0.09254099139866065
18617,0.04491679175419322
18619,0.1351386089878898
18623,0.05147743029608245
18630,0.053413119953150345
18631,0.11448580435233777
18632,0.050429709866247466
18633,0.11618457230616755
18638,0.12281119666023578
18639,0.04026214055160538
18640,0.04745853634329989
18641,0.04322748428811341
18645,0.11544925588741523
18648,0.029993998617830895
18649,0.052125875052241616
18651,0.11046129519471704
18653,0.0797755911713079
18656,0.13380031137608667
18657,0.10973839766724054
18658,0.04988666784595544
18659,0.11431604736082147
18661,0.04507677000011959
18663,0.13001400734997795
18668,0.129136012671259
18669,0.04716780019454931
18671,0.12974576906132876
18672,0.033161332349936706
18673,0.05230705679206301
18679,0.11973751528205617
18689,0.1280529478905312
18690,0.10381225798657177
18692,0.05567083664669163
18694,0.07215385206349485
18695,0.15294616727677396
18698,0.13588877019135254
18699,0.10877768756633506
18704,0.11625601914958619
18706,0.0616293026832242
18709,0.11339875691531055
18712,0.13392480196863701
18713,0.1356069579677005
18717,0.12436799354100131
18719,0.1512994534650199
18724,0.043231548300814
18725,0.05615703821664548
18728,0.1109422030305713
18729,0.05055422391810539
18732,0.05260716312422122
18733,0.04718536432509459
18734,0.053044043420824645
18735,0.10326624367180326
18736,0.1330331708822768
18739,0.10543457996252868
18740,0.14021797165916206
18742,0.10804478432226024
18743,0.12192197865110597
18749,0.047178503320039644
18750,0.1257185261685606
18751,0.10321891020258621
18755,0.04951605592706912
18756,0.047181201667140085
18759,0.12024210961291436
18760,0.07220960105854263
18762,0.12092646761513964
18765,0.06004047859248552
18766,0.12486754567181792
18769,0.04564917905930324
18772,0.04720162400809701
18773,0.05987114539693147
18774,0.06731418028839535
18778,0.12018368043053279
18780,0.05506255154179372
18782,0.089731717215596
18784,0.1230809640202882
18785,0.12817935617093976
18786,0.1099924321249791
18801,0.029992342258469515
18804,0.04601225541309326
18807,0.12059610922984407
18810,0.04800477756926303
18811,0.11714532950409438
18815,0.042827859276031104
18816,0.11889867519510817
18818,0.13285587440951427
18819,0.12307650937387223
18820,0.11388327492387838
18821,0.04574356097045181
18822,0.14491206631265866
18825,0.0501848887727183
18827,0.04817720419880539
18831,0.05324378895987536
18832,0.12466817642684465
18834,0.048549985548711094
18836,0.11227036712538124
18837,0.04905215916553537
18840,0.055438784086728705
18842,0.0916060421708228
18847,0.09072696230409094
18849,0.047526519457608316
18852,0.10119488526280221
18854,0.10574354150687017
18855,0.045190299593334114
18857,0.05153773942426705
18859,0.13163903792099213
18860,0.03191038860739083
18861,0.10744335247804755
18862,0.052131796656320166
18864,0.128203329949677
18868,0.10783167111741442
18870,0.1378854928873386
18871,0.04534550980204257
18874,0.0556042583857861
18880,0.12243487454087594
18882,0.11351200203090338
18884,0.09757591793379061
18889,0.10725604802181375
18892,0.12308633854319265
18894,0.09358729874849418
18895,0.13497098626892265
18897,0.1427745606561267
18898,0.04875820033194056
18900,0.1561767685435872
18902,0.0980568646135093
18907,0.12449518415364268
18909,0.15314190881977607
18910,0.05196970441949281
18914,0.11388750043166855
18917,0.05037415940987109
18918,0.05795147331707955
18921,0.12960545736120774
18924,0.07011926146990384
18925,0.047347522090240964
18927,0.14005403883586917
18928,0.05121050044487087
18929,0.04588521283747133
18930,0.05546782722100596
18932,0.11345452965229597
18935,0.049337456723417744
18938,0.07002190469507243
18940,0.11102959720921261
18941,0.11244006791158022
18942,0.12462633635797862
18944,0.049274662142444185
18946,0.1360959095849532
18949,0.049922279060176246
18954,0.04853456285510182
18956,0.10769836771107112
18957,0.05137796068414786
18959,0.10936889690689065
18960,0.03406488190615845
18962,0.04993872326366976
18963,0.13181126458715875
18964,0.10429073454599871
18965,0.11567020050858495
18967,0.05022327378038578
18969,0.12220757218354401
18971,0.049469262294947663
18973,0.05067730670238062
18977,0.04371974140351638
18978,0.10701148839939467
18981,0.11776893066017083
18982,0.05379558731829176
18983,0.0935237875917605
18984,0.056745805447305904
18985,0.09518801080065163
18986,0.13252054955554685
18987,0.041514534853693115
18988,0.0858200947201611
18991,0.05124573476415544
18992,0.11172989431937905
18993,0.046015990692755644
18994,0.14080626397144602
18995,0.05223830886285494
18997,0.06471635496550555
18999,0.040828036500223965
19002,0.04487941718589399
19004,0.05138452712370498
19005,0.10159213232835558
19007,0.12725545974129604
19010,0.12105770575658525
19012,0.10549127909343124
19014,0.11191845101982403
19016,0.0480217805259045
19017,0.17068796466373778
19018,0.04851222398416074
19019,0.12610266788817748
19022,0.05271180895756433
19023,0.11565939406780038
19024,0.062179404287672616
19028,0.11923244234549378
19029,0.04445053616445738
19030,0.05417954108436659
19031,0.1352923940201023
19034,0.09660392143450902
19035,0.04645772983130686
19036,0.1338889513555535
19037,0.10340245547358524
19038,0.11137868970971106
19040,0.057777590189479255
19042,0.05726768067434193
19043,0.04809053699614281
19044,0.08938996201843069
19047,0.08902066719015822
19048,0.12309699214683814
19049,0.08082889572429827
19051,0.10089274022682841
19053,0.08140268295187315
19054,0.12219662881847872
19056,0.04948425122661294
19057,0.13432149087672576
19058,0.1056597788670678
19059,0.09743214436602202
19060,0.12064171837298411
19062,0.05363113900824841
19064,0.1350457399937496
19071,0.1411813429017915
19078,0.06757909106501869
19079,0.058609236070973104
19080,0.10257917309909131
19081,0.08897036429084891
19085,0.05202554727029023
19088,0.1480742147887985
19089,0.1037148792903518
19090,0.09320329821336161
19091,0.12544159685379344
19092,0.0908243229573069
19094,0.051927224729657794
19099,0.10685676320510765
19100,0.049312612970708276
19101,0.05916645135588879
19103,0.05242161919278665
19104,0.1270054172649834
19106,0.0987960243802672
19107,0.1282216835953644
19108,0.11639047618761593
19109,0.049909060948069676
19111,0.1410344828459419
19112,0.11753178448271606
19113,0.11790501799821543
19114,0.04778181073461064
19116,0.12462458278708215
19117,0.11853110747109696
19121,0.09401673102303122
19125,0.059997069215770304
19127,0.13717559006122554
19128,0.04957875589481466
19136,0.04307793588577082
19137,0.04601669111461432
19142,0.10045718946780147
19143,0.04662182275905561
19144,0.11385109163975402
19146,0.04600476270245158
19147,0.047359725712797396
19152,0.0591945889271379
19154,0.04518549936959441
19157,0.1272658747833661
19160,0.11321370849828896
19161,0.05258380112119492
19162,0.05087442688171041
19165,0.051758879185237576
19167,0.04761409863558891
19168,0.11242293359400606
19171,0.05957658417209747
19172,0.0484758041363051
19173,0.05188636826747686
19174,0.04696259738336492
19176,0.11721660865361115
19177,0.11049641832852108
19178,0.0412776090378448
19179,0.05096329498427421
19180,0.05369617113747023
19182,0.1314732326982828
19184,0.06459498294739073
19185,0.050763419693781606
19187,0.05377032454728397
19189,0.10772865672820828
19191,0.0542874178419171
19193,0.1467574634349175
19194,0.11759381223953295
19197,0.16939354616369576
19198,0.08203130817266956
19200,0.11760997082682557
19202,0.04882987737160945
19204,0.0876867014146177
19205,0.044527228933800726
19206,0.05165716839429226
19212,0.049280870207737054
19213,0.05509020274722231
19214,0.13447465100169984
19222,0.0630352241519588
19223,0.11598346728208193
19225,0.05411249804640859
19228,0.07156773327098345
19230,0.06393947433469506
19236,0.058224674510732675
19240,0.12039041391317294
19241,0.1198147045716561
19242,0.10974415534358294
19243,0.05185099856577447
19244,0.08591559212282829
19248,0.054801101624732604
19249,0.1530690473310117
19250,0.12942969076409588
19251,0.12208043182983538
19254,0.12866715191363315
19255,0.11319692121732468
19258,0.10721625159634458
19259,0.06081682642241296
19260,0.14673355385964384
19261,0.04706789384619162
19262,0.05248727061135653
19264,0.093909776726457
19265,0.17082805616151056
19266,0.11411391152007656
19270,0.05453104289587006
19271,0.05023636915571467
19274,0.05094320831493174
19275,0.044684405715746806
19276,0.03197632562174758
19278,0.04685488725079584
19280,0.04972307603061405
19282,0.11995824505870403
19287,0.1364789840516136
19288,0.05013753966615076
19290,0.12654921001007752
19293,0.13962835558560857
19295,0.04240284704638605
19298,0.04950597164584726
19299,0.04184999869947369
19300,0.05098723049709533
19301,0.04853331618129669
19304,0.04682257646092346
19305,0.09637574386316539
19306,0.04135725192146207
19309,0.1308557037729966
19310,0.04693329620002426
19311,0.12930057096177558
19313,0.11513349435580274
19317,0.11926716952123988
19320,0.13119566375793773
19322,0.048435006075103676
19324,0.11271471333686511
19325,0.11341590280622904
19326,0.13841263758515063
19328,0.1051723453548202
19330,0.12185750118667352
19331,0.15319509418043023
19332,0.07524133251160779
19334,0.06033650757956627
19337,0.045762661345409
19338,0.12765938255055767
19340,0.04715208675674346
19341,0.04476788149610913
19342,0.10815154872627789
19343,0.1331785619730993
19347,0.054855850287004834
19348,0.14591088210906608
19349,0.05332410929946893
19354,0.10843145514336552
19356,0.04966645783872026
19357,0.043452262008926594
19358,0.04696389422731185
19361,0.10326648931296982
19362,0.05055211357572372
19365,0.11982452760315997
19366,0.046662924897996734
19367,0.1376928160367644
19369,0.04895823190339131
19372,0.05579268268203614
19376,0.04066565954164155
19377,0.0503026555931513
19382,0.055025278733577064
19383,0.1076356256996103
19384,0.1245049379376271
19385,0.05876310267477268
19386,0.12581145568821342
19388,0.054826568292404454
19392,0.10325118119226692
19393,0.11228755888768875
19394,0.11288336786391949
19395,0.11828415393929988
19396,0.10246068419488978
19397,0.04771107993936938
19399,0.1265781392895736
19400,0.14599009883597677
19402,0.10844124365983342
19403,0.12814056103146856
19404,0.05423432537175822
19405,0.04895406249577244
19406,0.0555106859642379
19408,0.11027236245929448
19412,0.15734137013774765
19414,0.06046499100660439
19419,0.05066329744726934
19421,0.11186231129497383
19424,0.046454232788254564
19429,0.1428049133157568
19431,0.12036281133407477
19432,0.1255901794222585
19434,0.050889832260696946
19435,0.03650120778321282
19436,0.0969096650722674
19438,0.11910464001544985
19439,0.13329757411800927
19441,0.047354198154909856
19442,0.051601665394484145
19443,0.11098993588266635
19447,0.04294657673582769
19448,0.04519023548717682
19449,0.11037364300777947
19450,0.12856522672981555
19452,0.05132432237410728
19455,0.14810670581481591
19458,0.047901591818914006
19459,0.11369353960155686
19460,0.11002958962738553
19461,0.04455201931851232
19462,0.050727320732672
19463,0.05119383775768939
19468,0.09686498897335745
19469,0.04106380458502737
19470,0.13865305794146984
19471,0.05057094029186667
19472,0.04346421286236569
19474,0.1260205021582324
19475,0.04684957194713595
19477,0.12091536482208802
19478,0.10927401075730482
19479,0.1310008961972004
19482,0.1192778976545051
19484,0.13704969698239267
19487,0.11671652170990424
19492,0.10580115243226625
19495,0.10176952072036828
19502,0.12321656981852845
19505,0.09689101557255068
19506,0.08165429413795564
19507,0.045393661114333794
19510,0.04591000474756686
19511,0.1374267057211836
19512,0.05027707487519588
19515,0.07378061651657311
19520,0.0597341654362581
19521,0.05222844422419533
19526,0.11979990127978338
19527,0.04513160776212624
19531,0.048157158400687114
19532,0.05028457794869798
19534,0.11753576134240494
19538,0.13130427843235432
19539,0.04576739574071511
19542,0.04013377843192491
19543,0.04701116949435365
19545,0.11659120860753586
19546,0.13047857379246192
19548,0.13145975296537077
19550,0.13385880642357625
19552,0.11771823197370256
19553,0.03405169013887517
19554,0.04157916649110232
19555,0.09798956854322105
19556,0.12063512740940431
19557,0.047677261857864986
19561,0.14104757837173382
19563,0.11939073325555645
19570,0.0833061971742521
19572,0.0587010579984984
19574,0.0995035609755095
19578,0.04826733889602629
19579,0.1352618459987456
19582,0.12813296807465097
19586,0.04310072583123693
19587,0.10291489954397258
19589,0.03785380297491217
19590,0.055796392408760886
19592,0.05385357531932373
19594,0.061654062515413034
19596,0.04624248579209059
19599,0.04708247322059842
19600,0.04484061573924348
19603,0.0473519986284025
19604,0.11067780333480952
19605,0.1233509202005938
19607,0.097591081886275
19616,0.05416667639453485
19618,0.04720341922751444
19619,0.045348619908644985
19620,0.04339831319982193
19623,0.07724690199887112
19624,0.12980572757792366
19625,0.10821739900850708
19626,0.036324462515732715
19628,0.0774338949309187
19629,0.1222986947796142
19631,0.05049188080022158
19633,0.11178296753199635
19634,0.05098454114983031
19635,0.13627007670032482
19636,0.11616980965399551
19637,0.04645799506463453
19639,0.11844912304253523
19643,0.11625418192097932
19644,0.10127625258862881
19645,0.15601979463528157
19647,0.13098289682502487
19649,0.1199100260350209
19650,0.13019505247352417
19652,0.12784891806255927
19653,0.11779983395916482
19656,0.049441053740489266
19660,0.12711945890313892
19663,0.04671151846182869
19664,0.12993928352165454
19666,0.12057553729496082
19668,0.055734864621343645
19671,0.11831994450013242
19672,0.11781990644380354
19674,0.04785087032052017
19675,0.04920257502911519
19676,0.059979359612751554
19678,0.11448179047184599
19679,0.04712176621000077
19680,0.13921308309182467
19681,0.12644658436126155
19682,0.04801594300587881
19683,0.10805436231664262
19684,0.04538450914193328
19686,0.09144910147023387
19687,0.04931964960378951
19691,0.052620650619594894
19692,0.048136330171760534
19698,0.04218328895342511
19699,0.04874223032258906
19700,0.04807188867567249
19702,0.04740464525660004
19706,0.04767612252912684
19707,0.13493944863138774
19708,0.05523879032221978
19709,0.1301704697568647
19710,0.11321595095536555
19711,0.10760149155816034
19713,0.08167783847339193
19714,0.0553051902936526
19716,0.1334851410230663
19718,0.05067371196268563
19719,0.13318993778447777
19720,0.04767687855808159
19724,0.0504827706072742
19726,0.04647015431113715
19727,0.0512466333130619
19728,0.0437527282519523
19729,0.10845085207830489
19731,0.054686960125685184
19733,0.1321145839410526
19735,0.04857949035838233
19736,0.1284586620928545
19743,0.11783367502586417
19744,0.05625531769703934
19746,0.05114438341586213
19748,0.10889707281701314
19750,0.11865828760013708
19751,0.09206294415272488
19753,0.04882103561745712
19754,0.051802067481940245
19758,0.09704526362316843
19760,0.1060811816702366
19766,0.04700184709792388
19769,0.03516025487359101
19770,0.05646117906797537
19775,0.11916563947445152
19778,0.04488061859851096
19779,0.03908622367772246
19781,0.10152552035031034
19782,0.06810953402816367
19783,0.04748983090632695
19784,0.04732070601922749
19785,0.12188423662436582
19788,0.1304568251385395
19790,0.12884143364208983
19791,0.0520579788241343
19792,0.04874161023648465
19793,0.05031722732707323
19795,0.122766450482018
19797,0.11184606269622649
19802,0.0538569407740308
19803,0.12791078436567072
19805,0.12835325866230907
19806,0.05745609361647501
19810,0.1427531644570941
19813,0.04865160097229021
19818,0.10507657405208973
19819,0.05575228985028226
19820,0.1389841018273283
19824,0.13962909298801446
19828,0.11070269488730897
19830,0.053517585857960834
19831,0.06469311986797076
19832,0.05640665357540341
19833,0.13421934690769236
19834,0.10693028858757248
19835,0.04647292081536289
19836,0.08639255315797052
19838,0.05117353981746956
19839,0.11727288107165675
19841,0.12299811394384842
19843,0.11908357556900448
19844,0.10801146705008613
19845,0.11414299647846728
19847,0.10206822562923862
19848,0.12491299242582281
19851,0.041490155914703904
19853,0.13167693250278337
19855,0.12506525623148293
19857,0.11644453075598477
19858,0.0881661764234697
19861,0.04260404246133476
19867,0.116790504039553
19868,0.10694787663095685
19871,0.04996045974230875
19875,0.046976502525306246
19878,0.04802998002280067
19879,0.05273903283910176
19881,0.11754531819369443
19882,0.05502507423735938
19883,0.127636821799359
19884,0.13195759128853657
19887,0.0674254587821301
19889,0.04635169934273844
19890,0.12413150196830358
19893,0.05630806421809367
19894,0.11781779476304013
19896,0.06604662194235424
19898,0.12089514405243143
19900,0.13270630933050995
19901,0.131455838583086
19904,0.13698209189995017
19906,0.13443936551519745
19914,0.05140683849521605
19916,0.052379876372539574
19920,0.11394312726574085
19921,0.04961413147283701
19922,0.04790434862304219
19924,0.12678151843770682
19925,0.05178991528763167
19926,0.13750636991149723
19935,0.04972942556518575
19937,0.12867875994434289
19938,0.11339047946192816
19941,0.11625690344624932
19943,0.042866298527243496
19946,0.12970493135666128
19949,0.04976740620047141
19953,0.11695747626147114
19955,0.13093362092557947
19957,0.05614768712508708
19958,0.1391279432391732
19959,0.13612124122365407
19960,0.1292689557642671
19963,0.045163122876102024
19964,0.06765645954695
19965,0.1463636673352005
19966,0.13824333806140807
19967,0.04624636207547947
19968,0.12624919980615637
19969,0.04347909147820396
19970,0.062482774288894066
19972,0.04889999626048439
19973,0.05550280004054088
19974,0.03561108137468611
19975,0.09686304561026682
19977,0.12917909088779164
19983,0.052200334751921304
19984,0.02847516048514837
19986,0.07833760712594497
19987,0.060715855498362586
19988,0.13074633154255333
19989,0.09929821274421405
19993,0.04653568204925376
19995,0.09724236935742903
19996,0.1284572570530176
20001,0.11286061160571653
20003,0.04511009863842941
20004,0.12990897062121903
20011,0.12920809418636917
20016,0.04724818559475322
20019,0.13393668253335228
20020,0.11270144832194212
20024,0.05924264050420457
20025,0.05235585765610213
20027,0.12710211353270384
20030,0.12355092836369756
20031,0.04042555443159583
20032,0.05330802395328609
20034,0.048230765489797746
20035,0.04236450504393308
20037,0.06906838495451534
20039,0.05160993480614223
20040,0.13072484598865697
20041,0.058085840735678615
20042,0.0955929520152138
20043,0.09468775277780579
20045,0.041028080000289624
20047,0.13357798928110087
20048,0.07118484444602016
20049,0.05830124952337966
20051,0.05505386573505181
20053,0.048706032678711694
20055,0.10141150476626731
20057,0.12805924052977033
20058,0.121525838417186
20061,0.13849716099470502
20065,0.12323791797402978
20066,0.056629447116402463
20067,0.09865558885962904
20068,0.048008018651499826
20070,0.11115393533259604
20072,0.049179259219493614
20073,0.14930073914270145
20075,0.13050885373595017
20077,0.04677359549425137
20078,0.050268704454302315
20079,0.04789988426407797
20083,0.041313436275274715
20084,0.03873916624137476
20085,0.11335622629423926
20086,0.056365892499208856
20088,0.04730111443871157
20089,0.12435785027053335
20090,0.06063273283900685
20091,0.13674046207833734
20094,0.1197510738453281
20096,0.134307103945489
20098,0.04426172727656888
20100,0.10870362062956274
20102,0.15549860068170215
20103,0.13110296081303097
20104,0.08821786571067765
20106,0.0559916540503244
20108,0.16384047597141946
20110,0.1334959089521689
20117,0.13003908124066288
20118,0.0599541688561439
20119,0.12129723959550072
20120,0.13801569331857255
20126,0.043544789320135446
20127,0.04389180682087149
20133,0.1147820584897708
20138,0.04783105544870534
20141,0.11150254203270468
20145,0.14312982800881704
20146,0.06131240147394527
20148,0.04748525141763173
20150,0.05258898987860491
20151,0.10022701610726945
20152,0.11549123745968871
20156,0.05646122542630193
20158,0.12075188116764896
20160,0.0713962743931402
20161,0.049156489302498205
20162,0.12027301124507814
20164,0.1422543963561394
20167,0.048935523530931134
20169,0.12884744159332623
20170,0.0621307510410258
20171,0.11442421165327372
20172,0.05355090525352587
20174,0.04567036977120138
20175,0.04942038463634804
20178,0.04701805397340157
20181,0.0630407520257834
20184,0.04412397578954922
20187,0.04649456089529936
20189,0.0491012561445605
20190,0.04947577778900393
20191,0.05174442041006351
20192,0.08681768259166066
20193,0.05283441944954951
20197,0.128415067603954
20198,0.10688170426823912
20199,0.05600707408645545
20201,0.12221974189856576
20202,0.05560078798504095
20203,0.050304133686631065
20204,0.12563438533583188
20205,0.12625069938819725
20208,0.04676724168671171
20210,0.04870191083250146
20211,0.09424321143332519
20212,0.05405140901838415
20213,0.11541873758496453
20214,0.11284141259782648
20217,0.0940468870860189
20218,0.1317241002671112
20220,0.044625459696654164
20221,0.04939291981915208
20225,0.048747090667272515
20226,0.12473931965840601
20229,0.09488879297775393
20234,0.03553186026208392
20238,0.1126311162110574
20241,0.062634964101443
20242,0.08533700669443306
20243,0.1187146054292331
20245,0.10863698258215458
20248,0.16152383075143834
20250,0.030894230009948218
20251,0.1101714842145422
20252,0.12585711606802205
20255,0.04900991766091055
20256,0.03808802053216093
20259,0.05072185356697122
20260,0.04850317806831016
20261,0.12624510159787034
20262,0.056587653192331694
20263,0.04996303612385413
20265,0.048879567258526574
20266,0.12338185073268736
20269,0.04491981849145491
20270,0.10707680174956337
20274,0.03914429098532001
20276,0.052360573971821464
20277,0.1278395295543802
20278,0.04942246721098686
20282,0.059461540033347776
20285,0.05335684448655333
20286,0.18766302038280927
20287,0.05687443355486156
20288,0.07091015881410881
20291,0.11568449774472354
20292,0.04954747574429192
20293,0.09133958008699115
20296,0.05513965496273002
20300,0.06381728285077722
20302,0.05010656728694497
20303,0.05899225414738283
20305,0.12604617847497487
20306,0.13242899266671188
20309,0.05032243639236964
20314,0.05326499092230799
20315,0.10662478895633916
20316,0.05544159338804817
20317,0.10416689921275016
20318,0.11918287397092883
20319,0.048627293528592935
20320,0.13477402316613876
20323,0.05808724193873306
20324,0.05292907086815174
20325,0.046468511804618855
20326,0.045636398367997315
20327,0.05130855266759024
20330,0.047353409285038395
20331,0.04980656392526855
20342,0.0587038684212142
20343,0.04889025998277221
20345,0.03542847684494084
20347,0.0561394436914391
20348,0.04795826368285469
20352,0.04231216085510243
20354,0.05547407040616757
20355,0.13495778554540006
20356,0.13729816398185923
20357,0.049261695306165254
20359,0.046403128142491055
20361,0.057432297324467814
20363,0.052587763057390886
20365,0.10396510736164051
20367,0.05154406665035946
20370,0.04899249596707732
20372,0.04752575330175643
20373,0.05973716840891509
20375,0.05668454669530561
20376,0.11064392637368312
20379,0.05514762660928354
20380,0.05220652263236657
20383,0.10928735580854189
20384,0.14224080467693964
20385,0.04664782232879418
20386,0.039924393581577934
20387,0.13803750387672314
20389,0.08344806726932996
20391,0.13334144423341754
20392,0.06616373306489809
20395,0.08329374114965027
20396,0.05519404490027444
20398,0.12221201811661571
20401,0.09126240946531101
20403,0.12846117351951367
20404,0.11801053329067739
20406,0.056084866983924
20407,0.11928279945892885
20409,0.048635431402038964
20411,0.04715590936065758
20412,0.12059651963188925
20418,0.11855999085677286
20419,0.12909847064587832
20420,0.05017454418393723
20423,0.057538198363363165
20430,0.11731514282815916
20432,0.04530998407150061
20433,0.06478431176358303
20434,0.15701764912097468
20437,0.05325528401569836
20438,0.12470697658816411
20439,0.052101611656928636
20440,0.048408780641095016
20442,0.04773904455834692
20444,0.13740962253043384
20446,0.1057756081431969
20449,0.1319599070851073
20452,0.10148018762994811
20454,0.05762798089061922
20455,0.04610070442691032
20456,0.05091267611441053
20458,0.13250448362177697
20462,0.1231892260631041
20464,0.11498779322598779
20465,0.08755137944772323
20467,0.13482757343087148
20468,0.04418292470449025
20472,0.12470734410723142
20473,0.04193502739510139
20475,0.05483338012663007
20477,0.11542677519445604
20482,0.12072065722661468
20483,0.052416732122634764
20486,0.11064522188519278
20487,0.118990503769512
20490,0.05433557783477015
20491,0.09931933062486287
20494,0.04964376948819246
20495,0.10085675398432915
20496,0.05047578581405917
20497,0.04778561794962968
20498,0.04919186503844733
20499,0.04529788082703479
20507,0.04625480534917047
20508,0.054414478767842125
20509,0.05789435586929805
20510,0.059560862691718515
20511,0.10779574893406212
20512,0.046268288823742856
20513,0.12932967265651532
20517,0.1217678850541839
20518,0.13468864092305102
20522,0.1230464237989592
20525,0.11847570223713288
20526,0.08998396144719994
20531,0.04962983970962424
20534,0.14394078404958568
20536,0.09469298890870158
20540,0.10978968129115539
20544,0.05846556126966478
20546,0.1484499765773515
20548,0.04610558494171699
20549,0.10460753279586027
20550,0.045458957951294336
20551,0.04380242995053213
20552,0.1054851812883871
20553,0.04002704169252057
20555,0.04886850920428963
20559,0.1388216767820033
20560,0.05336879765971826
20561,0.12119428187801262
20562,0.05488390174080235
20563,0.11324127858364538
20565,0.10233012378156553
20567,0.04704084507534779
20568,0.12703487532976016
20569,0.12470734272610796
20572,0.04793187116837761
20580,0.12688411197010413
20582,0.09991297708416232
20584,0.1405313672241498
20585,0.12974356975275209
20588,0.03605003686689683
20591,0.05258984628956652
20596,0.12343585490634987
20597,0.04383282576664649
20600,0.05604606906793969
20602,0.10277295841550982
20606,0.04911177611579647
20609,0.11385682761988487
20610,0.12912487549167917
20611,0.12413675910844527
20613,0.05239329088370537
20616,0.04381777998292756
20619,0.044393503585899
20622,0.05160233701050184
20627,0.048790122223742044
20630,0.11624664849688025
20631,0.04666443608013133
20637,0.04224707017412631
20641,0.04487862410124298
20643,0.047356388940787
20645,0.05367931712437647
20647,0.04105693242549149
20650,0.12726701260885603
20651,0.05395044360553323
20653,0.13089550521513768
20654,0.05419715273828754
20655,0.046433231884502504
20656,0.14799564068482704
20657,0.04625922365141241
20659,0.055432613267552305
20661,0.05600076240157074
20662,0.053070564746624325
20663,0.11727133454496222
20666,0.05098477584689847
20667,0.10538045690206431
20668,0.10321141998598081
20669,0.13644435176586564
20673,0.053910402342378566
20675,0.13134672972432543
20676,0.12424337794781043
20677,0.11708822635126354
20681,0.05243933122566192
20684,0.044383154717645326
20686,0.08596448830519511
20687,0.10183675237060431
20689,0.049926806307294104
20690,0.09782857459818023
20691,0.13341060506133326
20692,0.05074299464978864
20694,0.045773008196445336
20695,0.14096595463765194
20696,0.05254203199098352
20698,0.05989838688888037
20700,0.13725349571193327
20703,0.12346940187260323
20704,0.13903720995943694
20705,0.04900253213633011
20706,0.08646019813026072
20707,0.1266273425872582
20710,0.13991380202585635
20711,0.10960523384645103
20712,0.07013885441129743
20713,0.12175489596256492
20714,0.12669707526386614
20715,0.04270029095931039
20716,0.12888522418489523
20722,0.11088252533358543
20724,0.12302211016372303
20726,0.052170513240877694
20728,0.11477325756517417
20729,0.05409917263561053
20730,0.04087785733131486
20734,0.11745366133011212
20735,0.04986406363570981
20736,0.04951982962676105
20737,0.10052569689613779
20738,0.11716803857539926
20742,0.13208638046718282
20743,0.05464546609311452
20744,0.054165637140296354
20745,0.09586182369700087
20746,0.11009545666407249
20751,0.06401487426341326
20754,0.13710029330568435
20756,0.04970895717345253
20758,0.1031772393442752
20759,0.12775494770790155
20760,0.14939319969772522
20761,0.053403709199802696
20762,0.043683334271583926
20763,0.036818068040829245
20764,0.04435511521083388
20767,0.09782866863290962
20769,0.08227777003446474
20770,0.10206153660820705
20773,0.1226822816579186
20775,0.0527826511286931
20776,0.04390803750481057
20777,0.04954715546035496
20778,0.0517268941756551
20782,0.05909201351739482
20783,0.04651669514486379
20784,0.09632470683508222
20786,0.03532513283116127
20787,0.12238250382131048
20788,0.049724717874977835
20789,0.05465687283212452
20790,0.04224276593434012
20791,0.14481120649878532
20800,0.14492780251285306
20801,0.048199549455202426
20804,0.11499466433105059
20807,0.15672334532219864
20809,0.04812027906267924
20810,0.10712418429250985
20812,0.14959215467255615
20814,0.051263560560579756
20815,0.04612717060038126
20818,0.04454879256250022
20819,0.09255341052958913
20820,0.05097722369639505
20821,0.11966062743114589
20823,0.055499475204731724
20826,0.12748369630031448
20827,0.12580577848408758
20828,0.12574857791779245
20829,0.11208415892707602
20830,0.12008425549237235
20831,0.050404658897631495
20833,0.04135175928218449
20835,0.057237261218211336
20836,0.07135965287802061
20837,0.1365190628764056
20838,0.10581022635275289
20841,0.05558201616502425
20842,0.14171391525664997
20843,0.12751734189069283
20844,0.04518423134785586
20845,0.053616379411214055
20849,0.1200777756017722
20850,0.050447827309381466
20851,0.04870439895901988
20852,0.124198779637695
20853,0.09228951401520873
20854,0.0527748036263368
20855,0.12489169859946947
20857,0.05075277312653127
20859,0.08962700945163703
20861,0.068977565245602
20863,0.11434516158320608
20864,0.12701192332923544
20865,0.055978042873370326
20866,0.0629657428636171
20867,0.12048139321823291
20868,0.054401412443612726
20869,0.1151650983651721
20872,0.12515197068462233
20874,0.042445210513218236
20875,0.12203080149820533
20876,0.07092738531363123
20878,0.059364889463061045
20879,0.13196821660708866
20880,0.0485476824177338
20882,0.11923663211815856
20883,0.05566888866535953
20885,0.05197950106121661
20886,0.046717614819239084
20887,0.05045355965021378
20888,0.14283618252817176
20889,0.04630117542141898
20891,0.05734056528346754
20892,0.1264501565219597
20893,0.055420508522066626
20896,0.05589174375625999
20897,0.05224199049619055
20899,0.12825047283857258
20900,0.13814958823215626
20901,0.14694733108771463
20902,0.05136996700223973
20903,0.09282658954609885
20905,0.0663645524803175
20906,0.09772995188569615
20911,0.05944926175871729
20912,0.12667020495651396
20913,0.12960328617907835
20915,0.04815801272380173
20916,0.15258545896483322
20917,0.06148072529089248
20921,0.050822812260874844
20924,0.07703582839538423
20925,0.10708345245907747
20926,0.10930309601609638
20930,0.13551319086234942
20932,0.06649188099758249
20933,0.04519738350827316
20935,0.14621952677277256
20937,0.04237949122928188
20940,0.12921444604246332
20941,0.043022908956618575
20943,0.05236741580562239
20944,0.05115723584007597
20946,0.03474765655562245
20947,0.043557405229219054
20949,0.11633657018085451
20950,0.04055750831507112
20955,0.05693567197380929
20957,0.059293987872907156
20958,0.11756571708491606
20960,0.11448935667458535
20965,0.04748861688764399
20973,0.05636771231526981
20975,0.049139027326573916
20976,0.1347963291625424
20984,0.11277323928043365
20985,0.0489606992667143
20991,0.10544511308670478
20994,0.06253004958285516
20997,0.06823515702539512
20998,0.042904875273328216
21003,0.056787649599474965
21004,0.12366390554083385
21006,0.03766227767785107
21008,0.04988247763689628
21009,0.04682249218322232
21010,0.10884831303812142
21013,0.12134450383237098
21014,0.13121710338062445
21016,0.12141431410094976
21017,0.04945016527915942
21021,0.055130083809942075
21023,0.0534844724541465
21024,0.08357864966102438
21025,0.11296796256334903
21027,0.1340170378969996
21029,0.06540175904029245
21030,0.055715240366209104
21031,0.046896443743722475
21032,0.13584109504143133
21033,0.1316697192673117
21034,0.05224822665707519
21035,0.04213589634891767
21038,0.06720617482096868
21039,0.04039429263113316
21042,0.15272474073258577
21046,0.11602220056682248
21047,0.048229161807089735
21050,0.05818924059156714
21051,0.11250137055162185
21052,0.10976329168193732
21054,0.04483627020665458
21056,0.06513790006424972
21057,0.045545035026248175
21058,0.04659246051391928
21059,0.11772355704046458
21060,0.04755579301753234
21063,0.05583192838001665
21066,0.05447233397786118
21074,0.13752309170329446
21076,0.058586782200281504
21077,0.08305188867643648
21078,0.0473039883292456
21080,0.1068753974930788
21084,0.04415993731052522
21090,0.0489249312917119
21093,0.13435244117917763
21094,0.11258098640784722
21095,0.05342086777937483
21096,0.08935117313968427
21097,0.04954842126026049
21098,0.051512350351474896
21099,0.10340876184767514
21102,0.13790307903269036
21103,0.10393609292876307
21104,0.04396121718331158
21105,0.05234702243337213
21106,0.03919871463432967
21107,0.12484372644032035
21108,0.11440033906401446
21109,0.0507679927641974
21114,0.04981217720519656
21119,0.11454450671233635
21120,0.05472015470418962
21121,0.04721050080502137
21125,0.12722420477818683
21128,0.1394162161986139
21129,0.05460960190358725
21130,0.05159874855707665
21131,0.04804481224610727
21133,0.06106975992118369
21134,0.0478395410737409
21135,0.10272536119731582
21137,0.04399697139867884
21138,0.13394234394765903
21139,0.05039710711952783
21140,0.04666120605359455
21141,0.11120297110338781
21142,0.09660562527632881
21143,0.05540166146457213
21144,0.04396732948832388
21146,0.03721671162623556
21147,0.0861764891138122
21149,0.04533430381076059
21150,0.12603051159350015
21152,0.12584816866202525
21153,0.09099525189425599
21155,0.05452360851874047
21158,0.044614853788232677
21159,0.05289027896341891
21161,0.11138570958647644
21162,0.0485052052264118
21163,0.10055223038853921
21166,0.1298664009910245
21167,0.15148565218006538
21173,0.04861777375741638
21174,0.05090171562287508
21177,0.047623457996236566
21178,0.056190489569223734
21180,0.11698873235925153
21181,0.0513919778060268
21182,0.05252866769136958
21183,0.13763271873801763
21184,0.058715542664215935
21186,0.04717447543297812
21187,0.05051032588476024
21188,0.10150267124855318
21189,0.10935376076191018
21192,0.1074769100295509
21193,0.13094637468880485
21196,0.06526430750787966
21198,0.11488184798853354
21199,0.09911054490558066
21200,0.1337952943905612
21204,0.13993426165898645
21206,0.07287285140842864
21207,0.05012545630879022
21208,0.12332920817756773
21210,0.04705811662915529
21211,0.04739591600654025
21212,0.05154774958215831
21213,0.04906518440549841
21214,0.04701156931188422
21216,0.04515781365633772
21217,0.048154597521345474
21218,0.1304123120912055
21219,0.05160364144833332
21220,0.11509285932990497
21223,0.05066783954130618
21224,0.13572310797833903
21226,0.1563421062768136
21227,0.0501748324628541
21229,0.04486695826928061
21231,0.12342267704292759
21232,0.12495553178101894
21233,0.11119180133444538
21237,0.12483074830107789
21240,0.04160475263438042
21245,0.05489911836983984
21246,0.11288509670977616
21248,0.114420170712945
21251,0.045637329171399114
21252,0.04882775083179133
21254,0.10118113707461165
21256,0.12369616314758196
21257,0.10488750261932245
21258,0.1426416779963776
21259,0.1273734517355889
21260,0.13584348523263093
21262,0.04488429963373818
21263,0.16645495755171333
21264,0.14284579424148977
21265,0.11978564989784303
21268,0.046364455232935406
21269,0.05148868745402743
21271,0.14097654023128411
21272,0.09565824954347481
21274,0.12435208155538822
21276,0.054971091107762445
21279,0.05355000804542473
21281,0.042466074722641876
21283,0.04930806160264618
21285,0.06871021345102042
21288,0.055900669860725026
21289,0.048765468824950226
21291,0.11920382401609719
21292,0.047236057769103196
21294,0.14661107785035446
21296,0.048838872589407265
21299,0.09505499184712422
21300,0.09109074980495967
21304,0.04952493503548112
21306,0.05063042957921583
21307,0.11666468761492631
21309,0.10127701702443204
21312,0.12375918439364056
21314,0.09684032550699144
21315,0.056303343364472895
21316,0.11370382364500914
21317,0.11305615139679362
21318,0.03538222765629422
21319,0.12782881098661047
21320,0.05616861623654186
21321,0.1323888292494311
21322,0.04396178752950779
21323,0.14506698708557775
21324,0.04919620304736117
21326,0.12719472436228546
21327,0.08079328641165942
21328,0.1141153805574196
21330,0.0486754864155481
21331,0.05355550367320593
21332,0.056332733478597886
21333,0.051933548274749476
21334,0.12789938219220975
21339,0.055926058611281824
21340,0.04940442707605289
21342,0.05458098938144045
21344,0.12073105952411918
21345,0.14397657056268354
21346,0.12986845537109132
21347,0.06097628225426991
21348,0.03727347612617635
21349,0.10678989970612374
21350,0.12382083975508665
21352,0.05397954786364396
21355,0.05368455953653313
21359,0.14501992771905217
21361,0.04643914224699441
21362,0.07763584619126503
21364,0.041178747995573244
21366,0.03829764378883619
21367,0.10424035865256932
21368,0.14156085732882473
21374,0.0572272741836051
21379,0.11057519087509755
21380,0.03123313722408123
21382,0.05406836523739181
21383,0.03433481414818302
21385,0.056316484986834274
21388,0.13362796711478445
21391,0.12268765646098376
21393,0.055205486859564744
21394,0.0530112527315361
21395,0.12152122179742043
21398,0.13615360836197365
21399,0.05561544158304005
21400,0.12789906082931102
21401,0.1301331488322315
21402,0.057608495037531966
21403,0.12938315035716613
21404,0.04686395342482951
21406,0.047368419836145224
21409,0.0404693874983046
21410,0.05305058171134259
21412,0.03979744684914351
21413,0.04498668669292407
21414,0.11718877688366984
21415,0.1472458837620041
21417,0.04582021674780482
21418,0.11670106492904209
21419,0.10374189593815501
21420,0.11921133940910264
21421,0.1271613720193939
21422,0.05563081135916351
21423,0.05287769211862843
21426,0.13820815718666674
21429,0.048966691703177585
21432,0.052108213090332395
21433,0.09880417847408121
21434,0.07410406328891034
21435,0.05824465064899929
21436,0.05279172851996734
21437,0.04617390710591538
21438,0.057865785105591636
21443,0.13613432422375804
21445,0.11569473750337131
21446,0.042564420876354564
21448,0.13674572322550832
21450,0.04551625630371201
21451,0.04502386391332676
21452,0.057109008825425
21453,0.13035119506431633
21455,0.12437550763262056
21456,0.1443259033548342
21458,0.04750753156788427
21459,0.04676941779511853
21463,0.07092786492625526
21464,0.1467875752098382
21466,0.06602798045946141
21468,0.09231446839908602
21470,0.04330011729168693
21473,0.12500679747799845
21474,0.05203460259207563
21476,0.042787272815125704
21478,0.04198480508267995
21479,0.1367701935851185
21482,0.0716658102864243
21486,0.08944206553210372
21487,0.11044507059981915
21488,0.07868683489951019
21489,0.050116028746936464
21490,0.1050675879117985
21492,0.13752586652416704
21493,0.13210412654627837
21495,0.12226306534435452
21499,0.14045317155416984
21500,0.048874591864331025
21503,0.07399028950019863
21504,0.1278004616053278
21511,0.04700355057369001
21513,0.12500271174856611
21514,0.05209702468634117
21515,0.05038787789371102
21516,0.05629768235117888
21517,0.05341839311161671
21519,0.115428720151905
21521,0.10367018196574762
21522,0.11593393569848706
21525,0.05782666408446834
21526,0.04146000783313511
21527,0.06824650347230939
21529,0.09822123534797482
21530,0.07125515540563637
21531,0.07081059190423637
21532,0.05276011302941859
21533,0.07598074295311796
21534,0.1167454112235074
21538,0.04141039133109137
21540,0.05490583474853383
21542,0.10573158895376801
21544,0.05040782529211436
21545,0.05010659548984293
21547,0.047336260200464456
21548,0.049036494847795216
21551,0.048220310873585644
21552,0.16874816689410277
21556,0.04750142262463468
21557,0.0905193781561195
21558,0.1206542759696079
21559,0.10552423562495494
21560,0.038452404395268425
21563,0.05769102206980382
21567,0.1330630067301807
21568,0.048004222274074394
21570,0.0642967931343235
21575,0.043301702332234765
21576,0.05763120485128722
21577,0.05725481389900401
21579,0.04534953322910741
21580,0.051385494603132735
21581,0.052128759325233406
21582,0.050822431142567105
21586,0.06571440871889579
21588,0.04645180761540503
21589,0.12994641887508146
21590,0.06280147669172485
21592,0.12735215647950235
21593,0.05179348068766118
21594,0.1400014668511338
21595,0.028656282534501736
21596,0.12139665542834582
21597,0.13106912722306124
21599,0.056612809606871546
21600,0.04635163426684324
21604,0.050360232082752435
21605,0.055643764130032726
21606,0.05512942836563607
21607,0.12117229666811394
21608,0.050682897475827916
21611,0.04856254797381887
21612,0.12301027139284534
21613,0.11759435624086226
21614,0.1305718559444786
21617,0.0500622937236685
21618,0.054932028433474674
21621,0.11327591456496847
21623,0.13694553807726445
21624,0.09249056604426814
21625,0.1545126783928222
21626,0.13923597174595323
21634,0.05116011671998242
21636,0.12030219585413816
21638,0.11235959638333076
21641,0.04380758051873869
21643,0.10163649342601859
21645,0.05247466060997499
21646,0.04601557277546193
21649,0.044793324226753285
21650,0.04714913418970172
21651,0.04990463814296956
21652,0.13362381146074298
21653,0.12975951623365714
21654,0.13529754895298465
21659,0.042128615098816546
21660,0.0431026534930673
21661,0.055118228987522784
21664,0.10249595487728197
21665,0.04844965921756493
21666,0.14246957175570757
21669,0.057710890551009114
21671,0.0742967888130162
21673,0.1267845797006955
21675,0.05649646853172617
21676,0.0790813965722307
21677,0.10816999858478542
21678,0.0460155149789648
21680,0.04678462446782784
21681,0.09476731380405365
21683,0.10886009664293747
21684,0.04837567386535618
21685,0.046553983273046676
21686,0.04797199614143345
21688,0.05524303655298531
21689,0.12689180672811412
21690,0.12276553851676454
21692,0.10567728160692075
21693,0.05221722504649638
21694,0.04554403287745226
21695,0.0454324642039515
21696,0.05533785849742473
21697,0.09863842908197734
21698,0.062204370381300014
21699,0.05535130837123664
21705,0.06041363917193542
21709,0.12701735711293113
21710,0.13615154727241877
21711,0.11845761468792823
21714,0.09714007349143025
21715,0.13642617278484545
21716,0.05754910103385335
21719,0.0473133880652547
21721,0.11380006121316791
21723,0.146440265113172
21727,0.0510494632955848
21728,0.1187423974410646
21729,0.04288409027388806
21730,0.05376099004610017
21731,0.12841956030443907
21732,0.031658055162361795
21733,0.050721101436774274
21734,0.07740957333313737
21736,0.05039089728656687
21737,0.10070873699920516
21738,0.11847064835161177
21739,0.12515305605849297
21741,0.12012137133859149
21742,0.1366120437111486
21745,0.050436593900177164
21746,0.04545810516323107
21747,0.13435662671241033
21750,0.10724499419030947
21751,0.06108363216109906
21754,0.11676460666869104
21756,0.09313533005734033
21757,0.09482228338309838
21758,0.05170402305575768
21760,0.04327716366680173
21765,0.11163293359099159
21767,0.07676410749827085
21768,0.12508346666452066
21769,0.14781363699589786
21770,0.03869698882590817
21771,0.04705696384357822
21772,0.13329643745319417
21773,0.12034200571649824
21774,0.1403296926918231
21775,0.10160762630076407
21780,0.1202682681896329
21781,0.033763768965286906
21782,0.12780561118471193
21790,0.12721916929193366
21791,0.12487000459973582
21792,0.1058215216684614
21793,0.11274763081104525
21794,0.0301833360490402
21796,0.0459472973905766
21798,0.12369476554192159
21799,0.05251034974240735
21800,0.05132216360886734
21802,0.0542967042912746
21803,0.10719442676926395
21804,0.13506221050739575
21805,0.04526515672122153
21806,0.12514460682047743
21807,0.0635938052812385
21808,0.05554024446420901
21812,0.04129254722491992
21813,0.05095021643992344
21816,0.12103081618925174
21817,0.04327339325037382
21819,0.1245632356275652
21821,0.04837338399576997
21823,0.11021944978149452
21826,0.04908273479930404
21827,0.05371983658844348
21828,0.060478947963812354
21829,0.06879304163364121
21831,0.051453601109894144
21833,0.06830212673005605
21836,0.06099299081086218
21837,0.15829041671280314
21838,0.10725342310058371
21839,0.11807047553884589
21840,0.048141511863928524
21844,0.052535375090634245
21846,0.11699731591620655
21847,0.15202650502785492
21848,0.059867575595383346
21851,0.15090280342145032
21852,0.03636064901036956
21853,0.14183211924718375
21855,0.04281541854532781
21856,0.04849733319345283
21859,0.1330115868459665
21862,0.03290543442305423
21864,0.06474581565458618
21866,0.06051896847523246
21867,0.04946273892274706
21868,0.05083044937345657
21869,0.10249143215945773
21870,0.10681422773971394
21871,0.15073818206470227
21872,0.05108511206919166
21873,0.046988250391894054
21874,0.05346544539793005
21876,0.12235367066779652
21877,0.050924360315290775
21879,0.13795948625395427
21882,0.12799890468778682
21885,0.06105696189389098
21886,0.10038834500474707
21887,0.08785047690275652
21888,0.11727751267081554
21889,0.0614283569052226
21890,0.051857093803140096
21893,0.04997729076083245
21894,0.04546902778941284
21895,0.04271498910610645
21896,0.11236965390975348
21899,0.11476101184188375
21900,0.11452026772878576
21901,0.04920363129894191
21903,0.048048263930472485
21905,0.06556294610904029
21906,0.04787632593723114
21908,0.031180694491560693
21910,0.049692719246735295
21911,0.04999386919537504
21913,0.11920606362294645
21914,0.04786514030865386
21916,0.04849871668372295
21918,0.04878780903432444
21919,0.045427434388522904
21921,0.11752272586282018
21923,0.050669316852409156
21925,0.049420392168615754
21926,0.1311086633417325
21927,0.11424555133305171
21928,0.04962554462515262
21930,0.12932993006776808
21931,0.06768483553225356
21934,0.13162668651136997
21935,0.13270255186237176
21936,0.12416209464456812
21937,0.03859537058991692
21938,0.11876350743855957
21939,0.14183687109753332
21941,0.0476393303013874
21942,0.1283137924842315
21945,0.11619433836797019
21946,0.04504538622462805
21947,0.12934416682173017
21948,0.11339697244975411
21952,0.04491779904162246
21953,0.12078514025058548
21957,0.1517747785864934
21958,0.04002525692584765
21959,0.101907822743674
21961,0.10707641754061521
21962,0.053905718536026645
21963,0.04683971661970663
21964,0.057536424156075405
21967,0.1057033504936477
21969,0.05276413362086308
21970,0.045818348913237335
21971,0.04457247031898241
21973,0.14789054635941232
21974,0.04716235540918413
21980,0.04138364310444617
21981,0.05008755177337278
21983,0.08757003173625562
21984,0.10143609033852188
21985,0.05063090137248829
21986,0.11984546360192856
21990,0.12133202046480104
21991,0.09972833508667411
21992,0.04895434482515615
21994,0.1314332804989936
21995,0.03998114503824908
21996,0.06391707260857804
21997,0.046074815965988156
21998,0.12588136241339343
21999,0.048871768775011905
22002,0.04966684902358645
22004,0.04842316598507556
22005,0.1220130428184165
22007,0.07930279877290088
22008,0.10366141844664073
22009,0.043317254607081704
22012,0.05912118673860348
22013,0.046836006636040185
22015,0.06064390569037022
22016,0.11740932731586118
22017,0.05662416056302287
22019,0.0528997864261376
22020,0.11797238835089859
22021,0.038860356380516145
22022,0.1185943173436937
22023,0.11342815503114162
22025,0.11604245132580193
22027,0.11717615947460974
22028,0.04892088893301862
22033,0.1201747972477388
22034,0.140078546928235
22035,0.05100330501231615
22036,0.0493804785706304
22038,0.029483873511025098
22039,0.1227386013836988
22042,0.04396607219210962
22044,0.03858714106081709
22045,0.04875902131409982
22048,0.1384902451423167
22049,0.11933284326454184
22051,0.04459459023153847
22052,0.05965432184948546
22053,0.04491337847604816
22054,0.12274296474402208
22055,0.09766074077726089
22056,0.12070986899162409
22058,0.050472215107825374
22059,0.05386429024941057
22061,0.05650669145633898
22062,0.12012500587685941
22065,0.14525095354811338
22066,0.06370920033361124
22068,0.05344811529526385
22069,0.11310130682993934
22074,0.14673308480885092
22076,0.10682278167903529
22077,0.09658509383473499
22078,0.11286892884322555
22079,0.05722709323498919
22080,0.13594950162514557
22082,0.03792087153177259
22084,0.12086414948148909
22085,0.10797487328643823
22086,0.04975982174283708
22090,0.11729728819932642
22091,0.07927523138097858
22093,0.05494723592785258
22095,0.05379466012060967
22098,0.046575383018167785
22099,0.04582508204971964
22100,0.03683964009698146
22101,0.12438171173202922
22102,0.1501965158950129
22103,0.039656047848018884
22106,0.1354924472247968
22107,0.06129414924661522
22111,0.13365195483025186
22112,0.049038841495504804
22116,0.06162964749966462
22121,0.055480141307561036
22123,0.04371459862501361
22124,0.052037341397251795
22125,0.07841567902707852
22126,0.11265621222580308
22127,0.03189401530587661
22130,0.04602536394885311
22131,0.14217665906319443
22132,0.05159157949304439
22134,0.12062383315474194
22135,0.11394612413531022
22136,0.058676233577063044
22137,0.027540544026490057
22141,0.13935357591520725
22143,0.05626601796908486
22146,0.15745161703932675
22147,0.04932906414601371
22148,0.13142739560733807
22149,0.052122809641795886
22151,0.10908135333614209
22152,0.10809548450594367
22153,0.06233960743052575
22154,0.05024530113075308
22156,0.15747662416700908
22158,0.10410484287043607
22159,0.07374508148451661
22160,0.05326209262272043
22161,0.05350150318371927
22163,0.03751908110322336
22164,0.0493503554361927
22166,0.12028151184245997
22167,0.05407117066589833
22168,0.12489918814592425
22169,0.14478174760044468
22172,0.1217949828596712
22175,0.10787586692945329
22176,0.050501323201751006
22177,0.0390597324994093
22178,0.16593828850829012
22181,0.06512712803736134
22182,0.0588093520031301
22183,0.04688863951468887
22184,0.12655710132898637
22186,0.09390118103561311
22187,0.05453198842820822
22190,0.1377453192976329
22193,0.1253945663157495
22194,0.09522057092705231
22195,0.13291906664986802
22196,0.05119983164605879
22197,0.052771941676042
22198,0.0493090555775661
22199,0.14007071981515845
22200,0.05592062632269831
22202,0.12592094392848754
22203,0.05694450481926742
22204,0.05174607377563127
22205,0.048644005556746396
22206,0.12939711049236086
22208,0.04606847860296908
22210,0.043744719690941083
22212,0.12887111587716069
22214,0.1123772420707891
22216,0.06267281523744694
22219,0.0498109299344066
22222,0.11763750309755654
22223,0.1432681917199841
22224,0.04460031967628087
22225,0.09680729024144244
22226,0.052035138239441454
22227,0.1125058018797741
22229,0.05296809741926375
22231,0.05747389796136979
22233,0.06235081831395427
22234,0.14250002734647743
22235,0.12034855133039943
22236,0.1075886919982405
22237,0.06399144497726962
22240,0.04490831491064136
22241,0.1319751396758806
22242,0.1262812127959652
22243,0.11708444858055257
22245,0.06479509091495388
22248,0.12584671583100537
22249,0.04707193791614965
22250,0.14486839276954094
22251,0.12243426596873676
22252,0.047023486549380544
22253,0.05615072176691516
22254,0.0468406634448037
22255,0.10404510128183528
22257,0.07422171624812518
22260,0.1302369213849033
22262,0.05291239964693579
22263,0.11361693682783641
22264,0.12779052712358466
22265,0.12301546531122182
22267,0.11503653219749678
22268,0.1296880888033289
22269,0.054638190382183566
22271,0.04699839588435238
22272,0.05268184981529178
22273,0.05369411775637182
22274,0.12311470535398682
22275,0.07010189282951665
22277,0.1518595700285872
22282,0.12877439287103748
22283,0.06781984390520877
22284,0.047494486161227235
22286,0.12150190391819464
22287,0.04991312822056805
22288,0.12022797071798003
22289,0.04435988489002735
22290,0.04895987822563503
22291,0.11197285951071861
22292,0.05258334613670863
22293,0.12294771046537338
22295,0.04646791989531686
22296,0.14272185393283102
22297,0.13489878917946857
22298,0.052128870858293354
22299,0.049087720534237066
22300,0.04940879108980297
22302,0.05576007660103785
22303,0.04300933952941166
22305,0.04303198393514834
22306,0.11675103060503253
22307,0.06028008753122729
22308,0.059043242638709185
22309,0.11726092770000417
22312,0.09885984314346392
22313,0.05337355414486401
22314,0.12011366192092625
22315,0.10829433556807734
22316,0.04294877977656126
22317,0.051286978355142086
22318,0.12217633782938887
22319,0.04738983723458676
22320,0.12669525409626162
22322,0.1156160590545719
22323,0.09456383627439202
22324,0.12879167401751973
22328,0.13091868526194914
22329,0.05636589947599734
22330,0.10806738828573736
22331,0.1319968404090029
22332,0.05627898855318383
22333,0.05009583350271244
22334,0.10235657967737301
22335,0.10935131218553996
22336,0.13381609987457488
22338,0.042465802162986344
22339,0.11715103457079272
22341,0.07478505527603704
22342,0.10191825218970922
22343,0.1394018951391954
22344,0.058952103097796145
22345,0.1739250299280994
22346,0.09008809044051362
22350,0.04938665699866667
22351,0.04877080985852382
22353,0.05040707348622814
22354,0.14146207282821432
22355,0.12019574279994044
22358,0.11570319344531108
22362,0.051494375163053226
22365,0.05849422393592774
22366,0.13981763712555356
22368,0.047324548171489254
22369,0.1088616808687334
22370,0.048575735072216665
22371,0.09756220167111437
22372,0.10675161283330774
22373,0.047855379268416716
22374,0.04778552112700117
22375,0.10287838440188075
22376,0.15094029831127642
22377,0.11160771410352305
22378,0.05863432433901598
22379,0.06441970478292645
22382,0.10980018763607356
22386,0.1350263277568137
22387,0.0528701481213733
22388,0.05309298497539056
22390,0.1123072499104836
22391,0.12236375339020726
22392,0.04761411126798336
22393,0.05223179842601471
22394,0.04660169974673191
22395,0.15858372191776648
22397,0.12316882739105578
22399,0.1568261341074028
22401,0.058532432256949735
22402,0.11277297077788627
22403,0.05516155804621623
22405,0.04820896974868219
22406,0.039556337291627136
22407,0.15126998307916772
22408,0.11092449540936113
22409,0.052054371471496316
22410,0.04641995765435914
22411,0.14460243414386237
22413,0.11194190079297035
22415,0.11634055583158555
22416,0.12339423678764004
22419,0.1482059802432492
22422,0.12084920635728223
22424,0.11178032788113644
22425,0.14949142077252586
22426,0.10692908797439486
22427,0.14770151718807714
22428,0.059480129325968106
22429,0.14731638207145553
22430,0.06210021905334027
22431,0.12360509694225613
22432,0.059851291174813914
22433,0.052389734560296476
22436,0.04563152842352397
22437,0.04672243590967697
22438,0.046109813355944815
22439,0.05240788150104155
22440,0.10197069016879831
22441,0.049992706939942705
22442,0.04917853259992782
22443,0.05588277529979087
22444,0.05635358705025361
22446,0.046665194159912396
22447,0.12344296546998978
22448,0.13183613340405903
22449,0.09308799413987291
22450,0.1345026186544256
22451,0.11959695112672873
22452,0.049997920740012254
22454,0.05055192839458466
22455,0.1465781421922275
22457,0.048645723499540994
22459,0.10472696481148741
22460,0.060085674836899416
22461,0.10532748452667581
22462,0.1357272712181002
22464,0.04536466545548756
22465,0.05063509098829361
22466,0.05355195643793085
22470,0.11865659179080577
22474,0.15310339506097648
22476,0.0511347442560063
22477,0.1268079777211101
22479,0.13285406141112108
22480,0.1313156234591015
22482,0.07950568618479935
22485,0.04759411808336213
22486,0.14989524286044295
22487,0.09464845806796482
22488,0.05621674397379772
22489,0.04531890909788221
22492,0.12023948581740532
22493,0.14160630102949162
22495,0.1172276900321132
22497,0.10256066286385582
22499,0.10811702323594506
22500,0.04460878990496306
22502,0.11939730846069642
22507,0.12331023598636517
22508,0.050532123448549064
22510,0.04357037200253843
22512,0.11376512642227203
22513,0.048270754200994276
22515,0.056800139634753125
22518,0.1277884112731898
22519,0.05215386754236581
22520,0.14155161424837934
22521,0.10761912280933059
22523,0.11441546647899004
22524,0.1599289840363866
22525,0.14708568101012043
22526,0.13900156173789535
22527,0.04871776497049486
22528,0.04675807451085872
22529,0.03921819389869022
22530,0.16493776895133253
22531,0.047814228807755446
22533,0.14024533573863743
22538,0.05113427077242963
22540,0.05378824352570601
22542,0.11104808021289712
22544,0.056415399943686884
22546,0.07784039719685228
22547,0.13092920057009103
22549,0.05221559862690888
22550,0.051671588386892155
22551,0.11676078963126105
22552,0.1463104313136316
22553,0.046413858690239757
22554,0.08961617044137525
22558,0.05675016692834939
22560,0.044344649522950245
22561,0.048262284657889745
22562,0.12941707709146005
22563,0.1181672073778495
22564,0.05286131336507769
22565,0.05774181808369773
22566,0.04408659979092196
22567,0.10259977521855122
22570,0.046968191261436254
22573,0.11496478354974793
22577,0.12097062592467564
22580,0.04728845968858877
22581,0.13488699958268216
22583,0.042434731360401136
22584,0.1120053832811675
22585,0.03995937089105773
22587,0.04179366373707495
22588,0.053525439299936195
22591,0.08863526674206973
22592,0.05016931719372152
22593,0.1498080288326098
22595,0.051850137960664226
22596,0.06254776232335
22597,0.11524957179476998
22598,0.13403385943613927
22599,0.05340933550126616
22600,0.12253517130393099
22601,0.13874143445944928
22602,0.10926846145990018
22603,0.05022183274410546
22604,0.11129068682031101
22605,0.10680657353570314
22606,0.06660765689191224
22607,0.0496492312825757
22608,0.043776493858192475
22609,0.04910921100749684
22610,0.1200162332640075
22611,0.11334452783221305
22612,0.13920364225270898
22613,0.1143644511895353
22614,0.05636603345611268
22615,0.06000255894298068
22618,0.0481581147011862
22621,0.059893594926011186
22622,0.045962347282743135
22624,0.12884980128497894
22626,0.11463312439742832
22627,0.1339765305993289
22628,0.05230823749291158
22629,0.10390648129899101
22630,0.10780168441258468
22631,0.04660113555586606
22633,0.048026945357696554
22634,0.046158788101861026
22635,0.08406187472443744
22637,0.04061392436724916
22639,0.13801401631105636
22641,0.04838474034226181
22642,0.1456090187678747
22643,0.12575466615917297
22644,0.14901325375633404
22646,0.1105871584846527
22647,0.05280751624893084
22648,0.05316693443425503
22650,0.06800256026218778
22652,0.05715409169741384
22653,0.06383391168840724
22655,0.14068991906326658
22657,0.05189196595107282
22658,0.054818767931916965
22662,0.12631083251983644
22663,0.1131982860827797
22664,0.12243273991253006
22665,0.11196141848697702
22666,0.14043037482197337
22668,0.15436125295413866
22669,0.05085701109858842
22670,0.13642786845635949
22671,0.14517395164486943
22672,0.049726736105104044
22673,0.0636463414462105
22676,0.11357765517477535
22678,0.13969234177938933
22682,0.06382148293803837
22683,0.04820316018506045
22684,0.053515348015953264
22685,0.048945117971893166
22686,0.13763517068954242
22687,0.08001009966105962
22688,0.049046646184334824
22690,0.13786402694196984
22691,0.12107868810548622
22692,0.04504181349758062
22694,0.12642045727882079
22695,0.051724060909855187
22696,0.04811389245091752
22697,0.12696262197632308
22699,0.12760406275951344
22702,0.12186799263417265
22704,0.03304231001216045
22705,0.13497508463370564
22706,0.15342122989726725
22709,0.04777197115756746
22711,0.054293657350260205
22712,0.050953853787872774
22714,0.05451106493612756
22715,0.1334576858296616
22716,0.04560366657328523
22717,0.04771766970887998
22718,0.045827940472075036
22720,0.058867282237018495
22721,0.050642596193391946
22724,0.046619259327006876
22725,0.05733630680188456
22726,0.14653945442177999
22728,0.059051333335700805
22729,0.10837034835185563
22730,0.12035272601101858
22732,0.15815282914312925
22733,0.055838960034122156
22734,0.11263947967983169
22735,0.0658287945980447
22736,0.11547100254110469
22737,0.12302833196195057
22738,0.04193471217400059
22739,0.1660231243012903
22740,0.05457883375454038
22742,0.0516299941725862
22743,0.14762763353554217
22745,0.06087711348367965
22746,0.04555814224463042
22748,0.15108967203589851
22749,0.040540711497809426
22751,0.034161823264566384
22752,0.12192347567410426
22753,0.06257467757934426
22756,0.13296131891901053
22757,0.04214558635883238
22758,0.0512245338922509
22759,0.05178103442609067
22762,0.1280871529766951
22763,0.05679003205762951
22764,0.05527060544422353
22766,0.060658357319068816
22768,0.052955719502145344
22769,0.04659516519605438
22770,0.044090446964776896
22772,0.09816777261696143
22773,0.04712491720534184
22775,0.10190876195721636
22776,0.04949038921427418
22777,0.1019810943810996
22779,0.061571869155722596
22780,0.12052093976892066
22781,0.1569660354677955
22783,0.046968289229894496
22784,0.10914230121031429
22786,0.1290942987548938
22789,0.09726561949492686
22791,0.05011260134006023
22793,0.1290942920556845
22794,0.13219251318418193
22795,0.06105661838669683
22796,0.052473743342074726
22798,0.1375765363341705
22800,0.051820777124532647
22801,0.1322972551465059
22802,0.12524490681710473
22804,0.06565563959530053
22808,0.042039852725969294
22810,0.05232503672268732
22811,0.05034910779593719
22812,0.05717635577476776
22813,0.049637497576784054
22814,0.12731654098140013
22816,0.11480306706531206
22818,0.05390071998092571
22820,0.1182715831181229
22821,0.05170639477850222
22823,0.1307597729827278
22824,0.13210652944561865
22825,0.10795787764342342
22826,0.12678291057854546
22828,0.11538483283152645
22829,0.1195161461720243
22830,0.16802975407946313
22831,0.12235737495249929
22832,0.1271402941259445
22833,0.05034354935525717
22836,0.05567181860758647
22839,0.04772722446437762
22840,0.0515605313867806
22841,0.10793512798713029
22842,0.05670227668226726
22845,0.04427847502901641
22846,0.047601852847046384
22847,0.11375364244243359
22848,0.04957186558448044
22851,0.047923484587943634
22853,0.042374032549625205
22855,0.1079039454673744
22859,0.054882302078770005
22860,0.12780783462319303
22861,0.05636450813392026
22862,0.05096281044879768
22864,0.04701600704001704
22865,0.05231249176798414
22870,0.10932123753610277
22871,0.10634741244475354
22873,0.05106404563244819
22874,0.116171367323691
22875,0.10626139975777246
22876,0.11846473536267045
22877,0.05486812937286718
22878,0.04374076062617416
22879,0.0661481031744148
22880,0.13768068709092837
22882,0.049765766164806546
22883,0.13024588263167516
22884,0.05801712057896589
22886,0.05128403546701999
22887,0.05099402708058674
22888,0.10866303651712692
22889,0.13041749115806425
22890,0.061071698379697295
22891,0.055039896210952344
22894,0.05417330340502913
22897,0.08841193312988072
22898,0.0533044845341609
22899,0.049805412528697704
22900,0.04208645607209002
22901,0.04453566667862324
22904,0.10560756748307717
22905,0.1289396992985275
22906,0.12343945252797713
22907,0.12290694180559193
22908,0.04963154516373929
22909,0.057212341853190796
22910,0.10584856122651495
22911,0.1242605300565753
22913,0.1377522047278696
22915,0.10596379904893231
22918,0.044807819431154
22919,0.12469810614119631
22921,0.15131715309924113
22922,0.062348246523740894
22923,0.05433531862847957
22925,0.12203377411436024
22926,0.047941807649504724
22927,0.13445265149246108
22928,0.11190053543089071
22929,0.06171900580204652
22930,0.05761460448644075
22933,0.051987043255777396
22934,0.11598853538908058
22935,0.0444714431058782
22936,0.15342480824212087
22937,0.12242343286008207
22938,0.1353933852897837
22940,0.04109775602162871
22941,0.16110343198234842
22943,0.05944216064394925
22945,0.04750191005733898
22946,0.05206666909185327
22947,0.053277771236460825
22948,0.1297628938042134
22949,0.12647997150358387
22950,0.12050027741810403
22951,0.10407983711250203
22952,0.07543975634789614
22953,0.14263310290197231
22954,0.12229624719121936
22955,0.1321469662149387
22957,0.12772294842302587
22958,0.12086286396514556
22959,0.058374422916989334
22961,0.06472036219120006
22962,0.045238572618288786
22963,0.04618002788877643
22964,0.12389989676156817
22965,0.13449575851789267
22966,0.12772270083137838
22967,0.11281582322710393
22968,0.13061837776268426
22969,0.04258555100426663
22970,0.04970210337337845
22971,0.1155942357777844
22972,0.1033969542870216
22973,0.1588895715516633
22974,0.048149687899367966
22976,0.06492669965156422
22977,0.1253834143179339
22978,0.05271383321260677
22980,0.047389839900559755
22981,0.04422557420515731
22983,0.05210691637732933
22986,0.05658107689711084
22988,0.1361529186948724
22989,0.06054412694453454
22990,0.12112723078586825
22992,0.041452720965194846
22993,0.05373844633914972
22995,0.051790011000225185
22996,0.10409622486508134
22997,0.05004919851925096
22998,0.11463087997874245
23002,0.14572515156578683
23003,0.052535766645754836
23005,0.055601256692511335
23006,0.0462378286100235
23007,0.046479919695312386
23008,0.11338008456729629
23010,0.13296098224599912
23011,0.0351163594529557
23012,0.11863731838979394
23013,0.0532201021023542
23014,0.04212166895908802
23015,0.05041264599179335
23020,0.11876374025509916
23021,0.14131088383978688
23022,0.049142804641625085
23023,0.06545528072976002
23025,0.047197156508755604
23028,0.12824308912415383
23031,0.12610468603145714
23032,0.05445548690614181
23033,0.04602853130226177
23034,0.11291046246354863
23035,0.12634308380923442
23036,0.13509124117956078
23037,0.052172143557963895
23039,0.0504478029125447
23040,0.0463914334749685
23041,0.05025129134721902
23043,0.03730814497517279
23046,0.10261508092088052
23048,0.05200242956825711
23051,0.1203711239870738
23052,0.05542437727884982
23053,0.12746422621677242
23055,0.12473698027983193
23056,0.04274113334734938
23059,0.1358795516073077
23060,0.11818087850276492
23062,0.11876742921933231
23063,0.04928512043449979
23065,0.04963780471603907
23066,0.0479602277249676
23067,0.11616943271936936
23070,0.1294699346361677
23072,0.04932073544363367
23073,0.04964068074193048
23074,0.04441516877251762
23075,0.04761400632853837
23078,0.04765861194367747
23079,0.1302990247643003
23080,0.13165208266295667
23081,0.042834425854131275
23082,0.1362036610248365
23084,0.04757059439406663
23087,0.041129683340581084
23088,0.05281187467659386
23089,0.13612622070600885
23090,0.1155520831351833
23095,0.04502463192948715
23097,0.1198944185690875
23098,0.047618995205199424
23099,0.052682712737330106
23100,0.10411898211017348
23101,0.14588635799805819
23102,0.14029276814424474
23103,0.07009892374195205
23105,0.04354589541567948
23106,0.09620819493313773
23108,0.04735319052071309
23109,0.13935591915057416
23110,0.055816484304887864
23111,0.047350257599166924
23112,0.041682599796572906
23113,0.0531232151600214
23114,0.12080310764528114
23115,0.1297969230000198
23116,0.05999484057730306
23118,0.05259894561188319
23119,0.041881791353980034
23120,0.10481383228072824
23122,0.13673500863545276
23123,0.11686385761085319
23124,0.05184644261460688
23125,0.047731140495876324
23126,0.12772890618353175
23128,0.0675982866268194
23129,0.1381326066538623
23131,0.04629391594328675
23132,0.12829679794387722
23133,0.11670122660190277
23134,0.09454156841977583
23135,0.04831846303774557
23136,0.043926835665477754
23137,0.05842138844352242
23139,0.10683549377357102
23142,0.050063429719696274
23143,0.050557610397226053
23146,0.1283297334368338
23147,0.11132406225503304
23148,0.09712433003598332
23149,0.041187665867577605
23151,0.052988296961057293
23152,0.08412827076259964
23153,0.05491893953682254
23154,0.10283677234922792
23156,0.11999517302668222
23157,0.05211787699479614
23158,0.0562583027064732
23161,0.12540743560997114
23162,0.06393030728951025
23163,0.04879303555039259
23164,0.04642409870347019
23166,0.0631520861527784
23167,0.14313585629487985
23168,0.04813321135397378
23169,0.07650215404962843
23170,0.05770328295257083
23171,0.10029975195505719
23172,0.05862857775353179
23173,0.05154523904240257
23174,0.05639652960629287
23176,0.13937868907803067
23177,0.05966648398408585
23178,0.0478443844255796
23179,0.048392438537094705
23180,0.1275772312232774
23181,0.05084057549621911
23182,0.1176074688359886
23183,0.12774461290526898
23184,0.053287011102497756
23185,0.15528370557713525
23186,0.04977388754960612
23187,0.05559521953520172
23188,0.062120064384195595
23191,0.058760238130531904
23192,0.051530100923009386
23193,0.12389036655625274
23194,0.11916705159417967
23196,0.04980968180169299
23197,0.0709147308732158
23198,0.11085062454601294
23199,0.06034536188534491
23201,0.11526983637134638
23202,0.13642039706758075
23203,0.08807214777089631
23204,0.058700267165441994
23205,0.1203297498733802
23206,0.06202468755007502
23207,0.05222586579290478
23209,0.12603896718071464
23211,0.13629425281080446
23212,0.0549968054247854
23214,0.09385431246659394
23215,0.04745453963282625
23216,0.13858728969099723
23218,0.062338244034341156
23219,0.047183049333028165
23220,0.10178802032925088
23221,0.05907633120448739
23222,0.12222639182201457
23224,0.1117311737729389
23225,0.111172490070835
23227,0.10200057416935512
23228,0.1190431824131246
23229,0.13946831761978454
23230,0.046606673445136464
23231,0.05365399484424232
23233,0.12189794461653355
23234,0.1080782095736058
23236,0.134783990763223
23238,0.04778567948076651
23239,0.028307270572202888
23240,0.042251536911140156
23241,0.053847521284009214
23242,0.14858957267053266
23245,0.15001079760478886
23246,0.046426417108576076
23248,0.0796511507658512
23249,0.04993660318081338
23250,0.13843609414949284
23251,0.12110376402730268
23254,0.10973070509471641
23255,0.1262053454555643
23257,0.05924240794130083
23258,0.12963488013845595
23259,0.12485098041007242
23260,0.10437890509358283
23262,0.10233631567683678
23264,0.09247117019176321
23267,0.1278559235572378
23270,0.16713002613471875
23271,0.13183950852343804
23273,0.12261039292021611
23274,0.05418126249081781
23275,0.060705522970409036
23276,0.13504215478052742
23277,0.1157801848682889
23278,0.09022564488505501
23280,0.15278035477458637
23282,0.11871371939688048
23283,0.11820622604615749
23284,0.1200472858707063
23286,0.04898976957208284
23287,0.12056194757050631
23288,0.045202347793431144
23289,0.11436390450565732
23291,0.050783377281808956
23293,0.0680853538480146
23294,0.09125459171579835
23295,0.06867608237195787
23297,0.05073456378929379
23298,0.09479698399808344
23299,0.10613879437645214
23304,0.060511190668550825
23305,0.068086405526695
23306,0.04455553832113423
23307,0.05534551963676954
23309,0.05064658961318393
23310,0.12492898068037266
23311,0.13550219210274825
23313,0.04900006951170847
23314,0.10477343392112334
23315,0.08607949828139694
23318,0.04478214119158866
23319,0.047778070061897014
23320,0.04957724606817663
23321,0.06561601294397597
23322,0.108679524039207
23323,0.12524302922110034
23325,0.04206198923669385
23326,0.14316050847827655
23328,0.0566909357297773
23332,0.04447516458421454
23333,0.044609821832642726
23334,0.15354779908948615
23335,0.0418457808517727
23336,0.10360541990709338
23338,0.0630113135542229
23339,0.11447636300509512
23340,0.1278894712833876
23343,0.04676135624611666
23344,0.112485852383128
23346,0.08721092853360381
23347,0.13955075883928797
23348,0.048771830989843744
23349,0.11119635702165613
23351,0.12983149361019497
23352,0.05099136027294215
23353,0.16226180129971587
23354,0.058812658834945276
23356,0.1284632806159599
23357,0.12547656748019373
23359,0.06361307317054765
23361,0.12201958863732684
23364,0.12551028427882177
23365,0.04890944639375313
23366,0.1513242449711561
23367,0.05182204187004937
23368,0.11591188810907187
23369,0.035327345001496716
23371,0.13563298374937036
23372,0.09189369769635583
23373,0.12133424903798268
23377,0.09414744579004677
23378,0.05564150054981998
23385,0.05105729544359745
23387,0.057649837240579746
23388,0.04851871909065686
23392,0.050589569438682494
23394,0.04694142910213579
23395,0.14514665673250565
23397,0.1302328541929374
23398,0.044288819768090584
23399,0.1319713433573721
23401,0.058961425164209394
23402,0.11333485536638906
23404,0.12958448432123926
23407,0.11447124006720057
23409,0.04639903169958599
23410,0.056551798641623435
23411,0.04749227620859459
23412,0.12599182331405262
23413,0.07451599068134054
23415,0.12213280999639624
23416,0.11048519712675868
23417,0.048252215534758974
23419,0.053542865877032525
23421,0.06461709031501849
23422,0.050365192499474375
23423,0.14011922787971157
23426,0.11874986341377344
23427,0.05301287460311178
23428,0.057510242671359534
23430,0.14455181910404308
23431,0.09718451613896335
23432,0.13279634814913316
23433,0.048517274053932496
23435,0.05005974275960388
23436,0.10949434295000236
23438,0.13585413868328233
23439,0.05491391702733484
23440,0.060909596269553286
23441,0.05220458415956652
23442,0.04733278425653165
23443,0.12447039929221959
23444,0.10684937408550552
23447,0.052260135267224776
23450,0.05436501040683584
23452,0.048396238024597256
23453,0.09713297170473567
23454,0.06683296785541062
23455,0.04638812732703706
23456,0.05524352609344337
23457,0.12490982697094709
23459,0.11065384834055704
23462,0.11908462768724683
23463,0.04231660487026601
23466,0.047438483931220014
23468,0.13058595349092447
23469,0.11611334184906309
23470,0.05223025693035515
23471,0.05117154084706933
23472,0.10718446748236879
23473,0.10986017421381347
23474,0.06793434447724722
23476,0.13833228002094672
23477,0.11096790090792882
23478,0.11587241447647612
23479,0.06468232295246208
23480,0.15171409391705695
23481,0.0506729407055216
23482,0.04517775580991673
23483,0.0648574282108371
23484,0.099392781204613
23486,0.04334916791518645
23487,0.059310897703138146
23488,0.061445395271252326
23489,0.04951870299763107
23490,0.07152019321591635
23492,0.051064739084981346
23493,0.04854306571590652
23494,0.1538846183238559
23495,0.08782911360467419
23496,0.07459631757018732
23497,0.052346447178867224
23498,0.03407637583504665
23499,0.047003504959094014
23500,0.049458121507691855
23501,0.054503042722395284
23504,0.14077509292168433
23505,0.03839488538175791
23506,0.06079846472910549
23507,0.05881291042499575
23508,0.11248820845976594
23509,0.12864318339894054
23514,0.12109271439636615
23515,0.04904282056889224
23516,0.051395837220789796
23517,0.1535493900625772
23519,0.04979321597082626
23520,0.05409646012527117
23521,0.051398921483660015
23523,0.046471772219474086
23524,0.05870838192740744
23525,0.12830190613094494
23526,0.09206112686777063
23528,0.11233837212821278
23529,0.11522773423908177
23530,0.11070781683117034
23531,0.131172757923428
23532,0.04847058981359448
23533,0.044441990058082824
23534,0.05243144134375393
23535,0.04963795342945368
23538,0.04947502278040853
23540,0.05458232451492457
23542,0.0407131607361506
23544,0.12434541172536026
23550,0.05247717152208744
23551,0.08423123457752195
23552,0.046814646899263346
23553,0.09232672041293556
23554,0.10736276240364538
23556,0.11916223618791849
23557,0.1302623180839322
23560,0.15216702751491695
23561,0.05686783304058989
23564,0.12078091579632406
23565,0.14376683135771
23566,0.12611298201713383
23568,0.14403091665350504
23569,0.043272948818739616
23571,0.11998639891525176
23572,0.04557384755834384
23573,0.06066499320846066
23574,0.12656074457349983
23575,0.10416274185331433
23576,0.1508588918389887
23577,0.1316579623174709
23578,0.05043310022322152
23581,0.1143781003810163
23582,0.054615978789905616
23583,0.15093418047787782
23584,0.06035985330801148
23585,0.10086741458480085
23586,0.12990933289784254
23590,0.0425589115055163
23592,0.06263917346219273
23593,0.05201248499574977
23596,0.10595070214708562
23598,0.15017681966767582
23599,0.04782380384837073
23602,0.11132371040580823
23603,0.10023388018994803
23604,0.09749635554808064
23606,0.11684170363257118
23607,0.04384116618842226
23608,0.10585574396542617
23609,0.048508106317811536
23610,0.13584968948287812
23611,0.03043732455998206
23612,0.04993890800670158
23614,0.055678961384855945
23615,0.04737334186892847
23616,0.055728494291588125
23618,0.12383990551352424
23619,0.11467237975445871
23621,0.10983286119719145
23622,0.04852953443837007
23625,0.09909975687764838
23626,0.11933111596443056
23629,0.13009871421032115
23632,0.12083167776672604
23633,0.052895250876539825
23634,0.045551849895952144
23636,0.09944718510994192
23642,0.12572720100000476
23643,0.056660235984757
23645,0.0916007952898424
23646,0.13395514127897196
23647,0.05283942608889284
23649,0.12069779842894007
23651,0.09237259332957674
23652,0.04801456862135547
23653,0.03611546286487956
23654,0.11343559454634505
23655,0.05462797053075875
23656,0.110542381396572
23659,0.10392554959546751
23661,0.04762923734889851
23662,0.12434083444804518
23663,0.12722080108323425
23664,0.10441826560118525
23665,0.04540232169519163
23666,0.14909330636147256
23667,0.11222177930530629
23668,0.04618753803291575
23669,0.15565932601314622
23670,0.05643672241471138
23671,0.0654507862377285
23673,0.04946411422109362
23674,0.048308223402435665
23675,0.10309405343227221
23676,0.048746074426532726
23679,0.03912184680981117
23680,0.0532419022387801
23681,0.10460460545280847
23684,0.10914019904622618
23686,0.08733733126865766
23687,0.038085520593269945
23688,0.053505844054925256
23689,0.1455281508391259
23692,0.12488590038940862
23693,0.05135025624531334
23694,0.14550086227103984
23696,0.043910448708854216
23697,0.05680697213876477
23698,0.12613906535855487
23700,0.04941195995495502
23701,0.13364870704139734
23703,0.14401257987319985
23704,0.044593016114340925
23706,0.06149619746354444
23707,0.12243864963398017
23711,0.13712374980923833
23713,0.060732369095814046
23714,0.05667667767729936
23716,0.09778792052134615
23719,0.05316276150680806
23721,0.051309447918054016
23722,0.05515810145097615
23723,0.11024624922645075
23724,0.05309413481192266
23726,0.04632008786596593
23728,0.044988700490446794
23729,0.10125490329506436
23730,0.15488048812991373
23731,0.04488697397471461
23733,0.045496086176548864
23735,0.1258337193333946
23736,0.03192456483100782
23737,0.036546872366106355
23738,0.10230944095293265
23740,0.12408038033862306
23742,0.12151872601018913
23743,0.06697002165628352
23744,0.04823187652349718
23745,0.1268860906029747
23748,0.11684196881806747
23749,0.056390762305175875
23751,0.11101008339523205
23752,0.0998568705818899
23753,0.050643187860409826
23754,0.11734927256320392
23755,0.0322752366633581
23756,0.05418976832717878
23758,0.04887717009925374
23759,0.10138856465975854
23760,0.14643941682874517
23761,0.13357761983725125
23763,0.05699781915956
23764,0.13447588745187608
23765,0.08086155011743573
23767,0.047381870850964986
23768,0.1203361933221724
23769,0.09298906137082047
23771,0.11016612918885829
23772,0.047903766464349615
23773,0.06128458044717614
23774,0.13178870948069393
23775,0.048197951290617866
23776,0.07031581571206007
23777,0.04621713513681484
23779,0.054865362743715465
23780,0.07741375940699666
23782,0.049081551947087625
23783,0.051237458665303354
23785,0.05311023116330231
23788,0.1001822465988041
23790,0.13011116905010103
23791,0.0480975311798211
23793,0.1474947789143607
23794,0.14714328661124437
23795,0.11477719211435553
23796,0.06340300899881825
23797,0.10612714588187729
23798,0.030715232143838648
23799,0.06206909676617286
23800,0.04891813895645382
23801,0.046775793139682005
23803,0.10235947128494219
23804,0.05863619783220398
23806,0.041563598977613275
23807,0.1281695786920709
23808,0.038932023798722196
23809,0.10980887114922588
23810,0.047422683649770835
23815,0.13205812347764503
23816,0.12146208872104083
23818,0.046828864510919804
23819,0.06034141646109982
23821,0.11153766439399995
23823,0.05821738454314546
23824,0.12731266997178184
23825,0.13756609138183803
23829,0.04622675768927701
23830,0.1282950751933626
23831,0.0393066015410897
23832,0.052510133774241685
23833,0.1282126627586482
23835,0.0817021149802013
23836,0.046093365974088606
23837,0.06013910184194016
23839,0.06945998115101526
23843,0.0545508032646309
23844,0.1191061555174426
23846,0.11621823675274603
23847,0.047161612162765806
23848,0.08611790508806846
23852,0.14970844522321156
23853,0.041545562204187876
23854,0.054687838125984815
23856,0.05597160151054709
23858,0.10222707925148182
23859,0.11950389369426133
23861,0.07680507112406988
23863,0.1010635894251041
23864,0.050233761027701135
23865,0.0872742749689663
23866,0.09893458557753418
23867,0.04939505832435885
23868,0.05414962206746999
23869,0.05111228158756223
23872,0.12565744139847237
23875,0.047638983186477635
23876,0.11235568920728146
23878,0.04754454571860058
23879,0.04399214158417291
23880,0.12239823993210519
23881,0.11753386509125878
23883,0.13767875111418992
23884,0.08850626819641468
23885,0.12834229950285123
23889,0.054253062439782195
23890,0.11662408987459841
23891,0.10616016493555207
23892,0.12604626501183935
23893,0.16969103032097238
23894,0.12743026404775876
23895,0.04502700970109465
23896,0.08839133309429889
23897,0.061971127978773785
23898,0.1225248333581739
23899,0.05116226422224945
23900,0.04024960789876126
23901,0.12477592326690248
23904,0.13268511858365795
23906,0.13423211570386107
23908,0.12544863661641154
23909,0.05079229345752592
23910,0.04819587718186752
23911,0.1156802612475852
23912,0.10576763596812518
23913,0.12204321047821913
23914,0.12099083191862843
23915,0.10596764763598443
23916,0.05001962825008235
23917,0.05963066886717972
23918,0.04386020144776662
23919,0.06579244408815013
23920,0.05101068873581874
23921,0.10735560495344167
23922,0.0975928917782751
23923,0.08177002663175463
23924,0.10242010709472664
23926,0.0520819601544782
23928,0.13290064995352874
23929,0.062342603385319995
23930,0.0502734066906223
23931,0.050849450042179715
23932,0.04452505189404068
23933,0.053710265026210145
23935,0.12822347724259472
23936,0.045430259546650816
23937,0.05563449110156757
23938,0.13265022287937908
23939,0.09006979467313522
23940,0.05288008464625813
23941,0.05172460568759918
23942,0.13405754142661896
23943,0.05077826753736184
23945,0.11626577454105258
23946,0.04745052234955308
23947,0.11200878761967827
23948,0.052962214623088186
23949,0.15561577067203547
23950,0.04594717079568869
23951,0.0578131314043448
23953,0.051175557240433656
23955,0.05419956238169064
23956,0.09907027160980109
23957,0.08645025678928246
23958,0.06693737055510748
23959,0.04750566244590511
23960,0.05690984947433741
23961,0.04892674607012123
23962,0.11942335441566058
23963,0.10499943908985011
23965,0.05419620816574596
23966,0.04800324005321153
23967,0.12493959381817693
23968,0.037571022880103715
23969,0.043491774304714396
23970,0.14869448550010667
23971,0.04961478072619233
23972,0.1446139431051593
23973,0.1283304871510303
23974,0.13246940178229943
23975,0.043235737155629735
23977,0.0503168911102399
23978,0.05005798201347763
23979,0.046149360736693144
23980,0.11911505668880439
23981,0.046087059810336575
23982,0.12180271575100268
23983,0.04942357527427256
23984,0.04428242069384054
23985,0.12720086596590705
23987,0.13583435917955047
23989,0.10547777642887601
23990,0.12796468899295468
23991,0.06495881150747651
23992,0.09352971874657384
23993,0.12052443509134066
23994,0.04154952091601356
23995,0.13521727932666505
23996,0.0465185469177408
23998,0.13574108971187768
23999,0.036338693247144185
24000,0.04866291009457616
24001,0.11389134851318222
24002,0.13649908271712222
24003,0.043888358777860605
24004,0.044617290475058316
24005,0.09999670174974548
24006,0.04655022381468818
24007,0.04634188085272621
24008,0.12038495973761679
24010,0.05848316109858791
24012,0.06048156427919054
24014,0.05017201890464719
24015,0.05414401125375149
24016,0.0607626709653687
24018,0.05230757439823188
24019,0.11360472650541927
24020,0.04722266095083224
24021,0.04862835798647007
24022,0.12217849140991732
24024,0.09321747980717421
24026,0.12844404039800714
24028,0.04139825250366456
24029,0.05062432479297651
24030,0.14907067416257838
24031,0.1337486060938893
24033,0.04975037921621365
24034,0.14490466368412522
24035,0.06668849916597792
24036,0.10182205295681228
24038,0.11688674355773758
24039,0.05481607961129789
24040,0.048823857479961236
24041,0.11957566741494996
24043,0.10812446107510044
24045,0.1458442044420807
24046,0.12819652913341784
24047,0.05844928140831373
24048,0.10989818902749994
24049,0.13304712135589672
24050,0.14982765028768
24053,0.05635501992057735
24054,0.04868688059338569
24055,0.13085110286848398
24057,0.05435791479224159
24059,0.06151841918821447
24060,0.11355483315500081
24061,0.09693813301195202
24062,0.04709192659256147
24063,0.14749774296991533
24064,0.0641610692848554
24065,0.05585831998153743
24066,0.0575892831625818
24067,0.04836761245790187
24068,0.1319395031190404
24070,0.15830517979223155
24071,0.046143203921871906
24072,0.05991928164445154
24073,0.04745210480426987
24076,0.04659676488903523
24077,0.11899353187687613
24078,0.04770444346990717
24079,0.061232408360091715
24080,0.11585335129942961
24081,0.13124427747654138
24082,0.04509729838821699
24083,0.04361459116870277
24085,0.05405549689546293
24086,0.12504575033726428
24087,0.11930861417396602
24088,0.08184989028743861
24089,0.045958428640554445
24090,0.16297606984534252
24092,0.05067889549903231
24093,0.11172676367116269
24094,0.048960520697911916
24096,0.04665548010734182
24097,0.1520569241682777
24098,0.13278011991647365
24099,0.044063653765889846
24100,0.0570585362139621
24101,0.12276931634900043
24102,0.10017843357212852
24103,0.0482460817296652
24104,0.043114359016241534
24105,0.05139073235576437
24106,0.1338567569793531
24107,0.11150440385365867
24108,0.044978055978443024
24109,0.12532307190479852
24110,0.05193745678241625
24111,0.11025053994528204
24112,0.05133763669657132
24113,0.05951361750463447
24114,0.08660688051252648
24115,0.1257889553518663
24116,0.06259141305919376
24117,0.15890807718670305
24118,0.05005092823073522
24119,0.055069892006968345
24120,0.028042071304914384
24122,0.046830909843907954
24123,0.11650416853278787
24124,0.04812739363519409
24126,0.13808817341162072
24127,0.12816897755004544
24128,0.06341067791282934
24129,0.04635835355592882
24130,0.10560190111037375
24131,0.05394420558960831
24132,0.11933297825629231
24133,0.05526887603023022
24135,0.12597907252656437
24136,0.03768274875208458
24137,0.09851742484099647
24138,0.12045395775854813
24139,0.1235329132903428
24140,0.06598984412064898
24141,0.04916457742990416
24143,0.10055914913904639
24144,0.039292910254681804
24145,0.14150574298828972
24146,0.051892778639513644
24147,0.11290133632510091
24148,0.10273392638854296
24149,0.0457280613934351
24150,0.1488891194010595
24151,0.05369783950036299
24152,0.1456426295136424
24153,0.05498582544193068
24154,0.12617095605157463
24155,0.054858737890565105
24156,0.05031709178499477
24157,0.12158870248547075
24158,0.05006186015929445
24159,0.11799714829589876
24160,0.0423237171295767
24161,0.05353604898966666
24162,0.05051434508663998
24163,0.11151859556404761
24166,0.14790504523122394
24167,0.11484001407583581
24168,0.1061092597557729
24169,0.14477494327526857
24172,0.112651253218701
24173,0.062138662945640646
24174,0.06177770059979594
24177,0.04937805514422717
24178,0.17218227369920935
24180,0.06449111248549776
24181,0.05778646737950889
24182,0.06248271087172673
24183,0.13265381891388353
24184,0.13426666883359917
24185,0.051931871821740236
24187,0.130895002525761
24189,0.13105210719110788
24190,0.057423002325086396
24191,0.14041823186206331
24193,0.04751823490831204
24195,0.0722269791676834
24196,0.12811795200126666
24198,0.1251028497908288
24200,0.13536513774116118
24201,0.05113610392812125
24203,0.06516232355377337
24204,0.12768550784139623
24206,0.053063490904362395
24207,0.13184094599451246
24208,0.04151394855853587
24209,0.0498130680879607
24210,0.047027825276601126
24212,0.046681319537799054
24213,0.13462844304522228
24214,0.06043015640215222
24215,0.14716028852919932
24216,0.04925199870569564
24219,0.04878815145596393
24220,0.1262356887076475
24223,0.05271547823724044
24224,0.04785354270358076
24225,0.08901979197512212
24226,0.059878166117952186
24227,0.03888380470160458
24228,0.04381811865477276
24229,0.09804898586292124
24230,0.04601252214656976
24231,0.10674505544625226
24232,0.05100825280691404
24233,0.054472606468153134
24234,0.05388005838184199
24235,0.034651010505681076
24236,0.061311389498550146
24237,0.11712846929731054
24239,0.043266678238158815
24241,0.09816246256772079
24242,0.05678561086107079
24244,0.13971853277569582
24245,0.12871309970538367
24246,0.1176980754945958
24248,0.1179580652373778
24249,0.049914619902587595
24250,0.044208627501696206
24251,0.042814069449453714
24252,0.09642467178941552
24253,0.05073600124978833
24255,0.14657797027087927
24257,0.05746562557680406
24259,0.05189403911056774
24260,0.04876351430130677
24261,0.10788626775390484
24263,0.12262423840960059
24264,0.060274247154975584
24265,0.09932261048171416
24266,0.11476134626501802
24267,0.10620333677709871
24268,0.06472818796240608
24270,0.12252684387610889
24271,0.13307435613603077
24272,0.05812259103556571
24274,0.05735831839638777
24275,0.049395667683580946
24277,0.13028065521218904
24278,0.05292433093101453
24280,0.048165704217947906
24281,0.13204108187563995
24283,0.10567329788001015
24286,0.12346275810425449
24287,0.05874728125000173
24288,0.14994569287026918
24289,0.1124405095598935
24291,0.04533064690575092
24292,0.17695239527423134
24293,0.034204260619862065
24295,0.05420082151236548
24296,0.10333483428843009
24297,0.061000738311832774
24298,0.05973071577645661
24299,0.14132396698726046
24300,0.09736245898966442
24301,0.09353950311004017
24302,0.05276566885358019
24303,0.14156618532570692
24304,0.06039323448034056
24305,0.06270475794850593
24306,0.12937234107319062
24307,0.05737908659217294
24308,0.13449045919923008
24309,0.04930065352481378
24310,0.08960494649129731
24311,0.05566327615111961
24312,0.09553144383539809
24313,0.05731601290043624
24314,0.04995187250368106
24315,0.07156258254009983
24316,0.04076230432968404
24318,0.050960092883132656
24319,0.09420333988167832
24320,0.05414647661153308
24321,0.05595362646790296
24322,0.13670425877369755
24323,0.14303218389067554
24324,0.04673129493394759
24325,0.1349298601053103
24327,0.10224025378935893
24329,0.13318132207923616
24330,0.12372215756920216
24331,0.10451332674522669
24332,0.05525912439962711
24333,0.0645464435054276
24334,0.04429518540717167
24335,0.0490660143357606
24338,0.13257873044200813
24339,0.04676014798724691
24340,0.062372073307669446
24343,0.1083934867193186
24344,0.03986110083087585
24345,0.12858179236404366
24346,0.11325111190724353
24348,0.05379774538211719
24349,0.051016324765970365
24351,0.11671033862783238
24352,0.055872871943944635
24353,0.05143894639996101
24354,0.10565200212944002
24355,0.09178963584217119
24356,0.12684060451229717
24357,0.0757924069721512
24358,0.12808689537688445
24359,0.04500053113569791
24361,0.11894691290277863
24362,0.13585894390063646
24363,0.053976749002455165
24364,0.08857412642987209
24365,0.125472689396801
24367,0.10759012948569943
24368,0.04426828806365991
24369,0.053751744652259466
24372,0.05456535213731067
24373,0.054507215210023
24374,0.05102987439700928
24375,0.11741290842148021
24377,0.12101072688406274
24378,0.07664819791100444
24379,0.13040157396771582
24380,0.04657286227009263
24381,0.12190544471569772
24382,0.05380660173911178
24383,0.09506223672785132
24384,0.051764024680788646
24385,0.11152369967764945
24386,0.06611127014400389
24387,0.07864659215807802
24388,0.09050841409137678
24389,0.04683450535252162
24390,0.05804830154034178
24392,0.05011495838532546
24394,0.06108660585264024
24395,0.12398728813493544
24396,0.1460323432011059
24398,0.15315683807340966
24399,0.04143374014592267
24400,0.053370730222164285
24401,0.05590512959354168
24402,0.06159482406258776
24403,0.04207568123954198
24404,0.05589347129736388
24405,0.13476936387219915
24406,0.10451923013124338
24407,0.06594093034161645
24408,0.10543981522752725
24409,0.12961604880557695
24410,0.04720116703751101
24411,0.041041831001123026
24412,0.05689217049392044
24413,0.053236187376651756
24414,0.12138318807679269
24416,0.11976633173402648
24417,0.13194363521702243
24419,0.05655197794779977
24420,0.04656593404155212
24421,0.06735628097166452
24422,0.05549703012139107
24425,0.12687341364135718
24426,0.0531422329240019
24427,0.04508863260593084
24429,0.12540889581373535
24432,0.047046774874134716
24433,0.11734916804917875
24434,0.12650842513711585
24435,0.12963228816682837
24436,0.04562350536489089
24437,0.04675844333726468
24439,0.05563214567278946
24440,0.13662389226274788
24441,0.06991321813676865
24442,0.14320709742840018
24443,0.07147628291837291
24444,0.0515080873495135
24445,0.0962930677600294
24446,0.13614641761214438
24447,0.12665596112668598
24449,0.1138241246151984
24450,0.041324397766579805
24451,0.11941657381179256
24452,0.10619031534965466
24453,0.05381026467261891
24454,0.05694633974058892
24456,0.14052564463096962
24457,0.06272977722766168
24458,0.04837049181360096
24459,0.042299012017681555
24460,0.04348783491840595
24461,0.059685074276976634
24462,0.11951763241585055
24464,0.12560882742138219
24465,0.0608689388206884
24466,0.0725079951769304
24467,0.05237195183010151
24468,0.12223334445581395
24469,0.05258644193803517
24474,0.11372149712107432
24475,0.048643474467928674
24476,0.11916161448095962
24477,0.13227472936525042
24478,0.13295842217656953
24480,0.14577894986820564
24481,0.051071022942875986
24483,0.08942735685303015
24484,0.04057789655502665
24485,0.13301054073524754
24486,0.1355201732444096
24487,0.1041305465632635
24488,0.06334866141113674
24489,0.045413711296019045
24491,0.054492418255549666
24492,0.046517782620404055
24494,0.05546173280836156
24496,0.04737705879570578
24497,0.1502050340359237
24499,0.10342853969835465
24501,0.05458404818689825
24502,0.10864737003055472
24503,0.102528593566052
24504,0.1293404621513205
24505,0.05135268067624377
24506,0.13207642500914116
24507,0.12014019810496342
24508,0.03516196922914864
24509,0.13205082959509543
24510,0.11433941139064631
24511,0.05794191608677288
24512,0.050617264674921024
24513,0.13879390674696052
24514,0.14993726843308813
24515,0.059450515399609195
24517,0.1301837860818408
24518,0.05605094860337153
24520,0.05030973229892052
24521,0.06757500072120234
24523,0.13217035155321355
24524,0.05032316017258296
24526,0.10790189949456229
24527,0.08778417410731254
24528,0.057478443314119436
24530,0.05228849940937085
24531,0.1426977055748996
24532,0.11447654395424696
24533,0.1395613894499054
24534,0.10443546794344084
24535,0.05009161045250013
24536,0.14435546432234925
24538,0.121858195525911
24539,0.04665285490723201
24540,0.1258808588880135
24541,0.10916263519165993
24543,0.12796185447423403
24544,0.052918628189668276
24546,0.05985270210340377
24547,0.044764786002442436
24548,0.04103047486939928
24549,0.13412056702570113
24550,0.1578922840991754
24551,0.053312535865107966
24552,0.13678746388818347
24554,0.14575490003045372
24555,0.12065892811912048
24556,0.042356712055046895
24558,0.04862906705007706
24559,0.16652668575318597
24560,0.052818711995821464
24561,0.043296480566684364
24562,0.1309667492728695
24563,0.040659788262843624
24564,0.11186475147527414
24567,0.049572437526311776
24568,0.0478767955298231
24569,0.13793531380536522
24570,0.04332172054383526
24571,0.10795229924396578
24572,0.056862410818848484
24573,0.055625174000340664
24575,0.1479543813906156
24576,0.05252742337105133
24577,0.12234493804117517
24578,0.13718871254636564
24579,0.04628063656319268
24581,0.04203699911581887
24582,0.13162164853869265
24583,0.11214908110834083
24587,0.052242606907102515
24588,0.10902876755135738
24589,0.12505738362224797
24591,0.06356737648679814
24592,0.05855846485761002
24593,0.0534550338530497
24594,0.0882501377078743
24595,0.05295606071013785
24596,0.11331616657552052
24597,0.049307793599301465
24599,0.04304645403438914
24600,0.13325022796080416
24601,0.04575696230600709
24603,0.12783464414969214
24604,0.10063337038976734
24605,0.052162347468397104
24608,0.0461488027374947
24609,0.1332407592738035
24610,0.042422356595903245
24613,0.15305639098712998
24614,0.11407797409839293
24615,0.045146684993734795
24616,0.0489701019884319
24618,0.05052463554663704
24619,0.11690730645513436
24620,0.1266434141456989
24621,0.048127351590265835
24622,0.11681678985463895
24623,0.13296716214562365
24624,0.15753149592484852
24625,0.1265464899699638
24628,0.08106804685720778
24629,0.049323727604641494
24630,0.043870446529527624
24631,0.1289288779311207
24632,0.052364098483157574
24633,0.05112278417289312
24634,0.15376069585882518
24635,0.11994956164474371
24636,0.12798604744060638
24637,0.11476631739135375
24638,0.04443765255898539
24639,0.1127226867774345
24640,0.1429503708635929
24641,0.09269200810309984
24642,0.049846550453735
24643,0.04452211565124152
24644,0.11241248288581927
24645,0.1084735708214803
24646,0.05067222968439559
24647,0.04290526421082457
24648,0.055551359779550134
24649,0.04907842730887582
24650,0.11339924111865769
24651,0.08573944889328362
24652,0.03749317182319007
24653,0.1297823964564406
24654,0.12353914094738293
24655,0.17445669135038186
24656,0.05221767079857204
24657,0.12445266253986723
24658,0.04953885148369004
24659,0.11214118181391736
24660,0.11808567910593895
24661,0.055500982628069837
24662,0.04824734561813475
24663,0.12842784978635813
24664,0.12516248244783953
24665,0.04827883362050428
24666,0.05075406287587797
24667,0.04680259172672881
24668,0.12608823035705818
24669,0.115441088762959
24670,0.14501899834222573
24671,0.0788074481122103
24672,0.17182451247246944
24673,0.09637554169321538
24674,0.043022490203091124
24675,0.05464062401912888
24676,0.046030269297404544
24677,0.13929033707229713
24678,0.049247416263343835
24679,0.12424479484109723
24680,0.05042086318772668
24681,0.05075094722262018
24682,0.04268277824784628
24683,0.12173875336413598
24684,0.11142713721600817
24685,0.10555258366098205
24686,0.05243909654788779
24687,0.11763747290249109
24688,0.03994899251723024
24689,0.042434666850727304
24690,0.12215609813567203
24691,0.048177222386259
24692,0.03368382325972981
24693,0.05410116298365158
24694,0.050696303576386485
24695,0.04991468255024169
24696,0.08762970343477451
24697,0.05731886866131943
24698,0.11360028303776576
24699,0.04266922179831906
24700,0.0365650697170804
24701,0.1367937650639206
24702,0.1288138279949875
24703,0.04953635276936876
24704,0.04799188238519675
24705,0.059723772629196425
24706,0.11768536370366854
24707,0.050901457681950944
24708,0.09414106875361837
24709,0.0490736883227107
24710,0.11038977553095013
24711,0.11791692104422781
24712,0.05550725493116642
24713,0.09236418981433936
24714,0.05104198292015995
24715,0.046500400821011804
24716,0.06327798722763048
24717,0.07153298333244161
24718,0.13171606777611222
24719,0.04539558501907347
24720,0.05567639257612317
24721,0.15899199886305587
24722,0.13597428764420605
24723,0.04788186952732784
24724,0.0316147012869393
24725,0.1064867303121483
24726,0.11191444197350842
24727,0.04983156983208525
24728,0.04472611379387022
24729,0.07743920916164189
24730,0.11866833409724742
24731,0.0467981640448201
24732,0.07167783230411433
24733,0.049877113278044186
24734,0.051269844083140906
24735,0.046431758573126855
24736,0.13401076337557807
24737,0.052061590913710466
24738,0.05842887789793825
24739,0.1135041830470605
24740,0.11710514581974821
24741,0.16422988891236007
24742,0.11477767481717403
24743,0.05816975101996323
24744,0.05509117634912664
24745,0.06075500505306941
24746,0.14324334639028202
24747,0.051032320953984224
24748,0.15127265754043542
24749,0.1434765903898477
24750,0.0537522837893408
24751,0.04476307014310121
24752,0.046188085350162146
24753,0.06282728489565076
24754,0.12283801219048032
24755,0.14297772155496663
24756,0.15056574543785775
24757,0.052735785605992666
24758,0.05437327348944829
24759,0.0642855952371319
24760,0.13004879424625101
24761,0.11952496028009872
24762,0.04667557993861986
24763,0.05109262456758129
24764,0.07383956037780785
24765,0.051071570454540534
24766,0.1049186878050403
24767,0.14121197672141722
24768,0.12822418740215177
24769,0.050597741129042646
24770,0.1406985970975639
24771,0.12311639233750932
24772,0.12693662877737164
24773,0.04176845708525455
24774,0.14802665418304478
24775,0.04722175546852147
24776,0.1333687656593527
24777,0.036886378918185025
24778,0.10860886425292754
24779,0.04541445988072882
24780,0.1446315401980397
24781,0.0946388689279844
24782,0.06365278035796873
24783,0.11601107462761999
24784,0.1372496960880974
24785,0.11727006503366337
24786,0.11743411104342136
24787,0.05074042828597349
24788,0.12618986690152018
24789,0.05707164685063134
24790,0.13789807515097108
24791,0.12406569769068106
24792,0.13099021743605455
24793,0.12133842341950814
24794,0.058275027416802246
24795,0.05764918851400221
24796,0.1139394932329862
24797,0.052880212526654376
24798,0.048399113969817165
24799,0.10252723669824443
24800,0.0501418293629418
24801,0.09460067310318669
24802,0.12308754471617171
24803,0.052714965661651
24804,0.0489595929044577
24805,0.07280809688560584
24806,0.08941375470737263
24807,0.04806609585019143
24808,0.09434833044546054
24809,0.1207984484127702
24810,0.14007808715073322
24811,0.13688896895543365
24812,0.04768720135971435
24813,0.04871791227941337
24814,0.055205383170314024
24815,0.1352076049345086
24816,0.10165920124568391
24817,0.11970118649554655
24818,0.10577086676487955
24819,0.04625966146190516
24820,0.04438551915943889
24821,0.13630559249126736
24822,0.04557700393844995
24823,0.13934409657564487
24824,0.05687514276729606
24825,0.046074644227754626
24826,0.048919911868012166
24827,0.12714146813994173
24828,0.1486839160029923
24829,0.050158522181672265
24830,0.1315845638988449
24831,0.11809887604527132
24832,0.04301180436300928
24833,0.0465846965932398
24834,0.12469979613973617
24835,0.10775436403369934
24836,0.13499848145711565
24837,0.05154327280713639
24838,0.05964165047739842
24839,0.06027100662277132
24840,0.11384415434808247
24841,0.11677925633536887
24842,0.05592547594856114
24843,0.10951690681660259
24844,0.10682153429088083
24845,0.04609856679771996
24846,0.12474306413945711
24847,0.142445450832035
24848,0.12855345397365042
24849,0.12691487409117846
24850,0.043726197209516204
24851,0.11363734152196019
24852,0.13105028295531032
24853,0.11993131961303016
24854,0.058998401658352205
24855,0.045012352472571016
24856,0.05274096295218416
24857,0.07036490850021988
24858,0.062415506128672846
24859,0.1371864688441423
24860,0.050970603437240664
24861,0.10807236537836282
24862,0.1115563951808997
24863,0.04772541579619943
24864,0.18146754142148117
24865,0.05342285324952057
24866,0.09726877066843953
24867,0.05299594293879179
24868,0.04217318472201434
24869,0.17106853965092284
24870,0.04753256688018074
24871,0.10960624128034874
24872,0.11781661611257112
24873,0.10215156676210521
24874,0.10633899029299126
24875,0.053579661031212984
24876,0.14443286748047138
24877,0.05519753045722479
24878,0.054440573174712556
24879,0.05203619263277578
24880,0.0504135618294115
24881,0.13046819173859994
24882,0.10757443566477086
24883,0.056952426719838335
24884,0.12688299314038612
24885,0.06263936728723872
24886,0.13203154284193844
24887,0.04328511577605572
24888,0.046655298789208995
24889,0.04299438147777396
24890,0.04892301046791138
24891,0.05093182477335998
24892,0.12830780281525886
24893,0.05324791114861283
24894,0.12807042550634465
24895,0.05413956629330649
24896,0.06303250244522937
24897,0.058739275653049476
24898,0.05140880978462535
24899,0.12184005528566674
24900,0.04991537124830884
24901,0.12002985713224262
24902,0.04756886060278837
24903,0.1254744788621174
24904,0.052870484389930875
24905,0.11448228818254877
24906,0.04786057509060956
24907,0.09037553522385583
24908,0.05501126678483637
24909,0.042451119621822964
24910,0.04939352918323687
24911,0.14046148905868258
24912,0.05340567304917186
24913,0.053771960763890125
24914,0.050984233041218435
24915,0.05422035542594535
24916,0.0448398850179448
24917,0.11271694332100032
24918,0.03009642216628368
24919,0.14054735045881314
24920,0.05141732547023517
24921,0.10980680311540933
24922,0.04330487272688802
24923,0.14431007309880414
24924,0.04985047064109054
24925,0.07465758467998958
24926,0.050878889591306285
24927,0.1284060210016955
24928,0.12659770205532722
24929,0.14410408956919438
24930,0.12393221129063628
24931,0.04914332091518745
24932,0.08685660664213161
24933,0.14130546231782803
24934,0.10997567259616163
24935,0.05132580893782447
24936,0.14875255488272812
24937,0.12281417590271697
24938,0.04770691639453976
24939,0.07684944062847866
24940,0.14444447222123097
24941,0.12269557784539183
24942,0.15283500606312989
24943,0.04425481898989987
24944,0.17634346512411894
24945,0.07055580115546774
24946,0.05229885760798465
24947,0.13725715836222088
24948,0.047059549321822665
24949,0.048145794299756496
24950,0.045191217279427404
24951,0.05444999495364801
24952,0.051100851126215215
24953,0.14230985019941272
24954,0.12983747565279583
24955,0.13686661335372396
24956,0.13212685455171175
24957,0.11257775926102843
24958,0.04910805909779053
24959,0.045087363744204086
24960,0.144578124852865
24961,0.05062712316216546
24962,0.053203308033336096
24963,0.07825660017454013
24964,0.054049662551201284
24965,0.14239911382268894
24966,0.10822722019184672
24967,0.04034176557821832
24968,0.056620828316661084
24969,0.1197969133780106
24970,0.13077886387538207
24971,0.13898860213041683
24972,0.02826186655534347
24973,0.11776808645318171
24974,0.0996915797340284
24975,0.11392958528045652
24976,0.04664219253305508
24977,0.1088895300573206
24978,0.11901172334864935
24979,0.047299534019535384
24980,0.04294220187136392
24981,0.049750096242312206
24982,0.1261536411820348
24983,0.048738576566438645
24984,0.09644620271548075
24985,0.11041195712079781
24986,0.052740900817271945
24987,0.053728290924698614
24988,0.04968650312227729
24989,0.055829864868518354
24990,0.13062197731120642
24991,0.12094228775326442
24992,0.04851227051338199
24993,0.09440631850609257
24994,0.09441926834849824
24995,0.10284825183724781
24996,0.04559335631436076
24997,0.047648987158363895
24998,0.13477145745359445
24999,0.11076468192934011
25000,0.0929220635261426
25001,0.04792906081237429
25002,0.10980657094426347
25003,0.11242497080416869
25004,0.12883991298075845
25005,0.05058101417926348
25006,0.12070667269501985
25007,0.0629230221370476
25008,0.0444510512530774
25009,0.12362951036474445
25010,0.11518138601572715
25011,0.12226395722378285
25012,0.04861000480568247
25013,0.13837757994587013
25014,0.053292475542370994
25015,0.06419194650656157
25016,0.06308641638253384
25017,0.13837129822190333
25018,0.10414781093009445
25019,0.11869894856676086
25020,0.04625703981556992
25021,0.1311569436075245
25022,0.056412696365123464
25023,0.054987567901681994
25024,0.10755953975855516
25025,0.1390267247712718
25026,0.06268244224696537
25027,0.09567975488212596
25028,0.04844313623576978
25029,0.13097984055639428
25030,0.1300439977291333
25031,0.16135501160902593
25032,0.046329424127898276
25033,0.053331809962556515
25034,0.0469001926428575
25035,0.05362329907099263
25036,0.10406756106431196
25037,0.15102274905944357
25038,0.10966020623425103
25039,0.05546426606858686
25040,0.03228299634749921
25041,0.12456057363615275
25042,0.13115205101722643
25043,0.05665642987280829
25044,0.13033608431060606
25045,0.09952211956598375
25046,0.04770551192841089
25047,0.051185599883741065
25048,0.0617858419372472
25049,0.13607209634332998
25050,0.05585468421387539
25051,0.047377048632185365
25052,0.1267945471964227
25053,0.042755553767664496
25054,0.13163654213785642
25055,0.0975228732191311
25056,0.1258552975308388
25057,0.13197568645940547
25058,0.11149786487537049
25059,0.05234322704778875
25060,0.13784420665190555
25061,0.048779019807521556
25062,0.11407879697384858
25063,0.059724694540598484
25064,0.11366431476567858
25065,0.048432721249992795
25066,0.1315429684362272
25067,0.03850867661293275
25068,0.1507785240685767
25069,0.1328270944699708
25070,0.05085297324838885
25071,0.05006192592934004
25072,0.08707112794495284
25073,0.051499851869473964
25074,0.053206121758441624
25075,0.12009568726330096
25076,0.05029502660813298
25077,0.1359864444449485
25078,0.04404604929712825
25079,0.13793221382930304
25080,0.15161404621014504
25081,0.09140349433238008
25082,0.04916824449761387
25083,0.04877101347069437
25084,0.13104825937543668
25085,0.04757989824507363
25086,0.12821137184667608
25087,0.07734268394567731
25088,0.10920621875221877
25089,0.043683732919498036
25090,0.10497312809351457
25091,0.05997436677086754
25092,0.0705326939147751
25093,0.05253546310086159
25094,0.1315251360681069
25095,0.12472145990164223
25096,0.11610042223442267
25097,0.054909034990765826
25098,0.14070997526402793
25099,0.04707116893770452
25100,0.1350368870315342
25101,0.11377647503793767
25102,0.07631024463252123
25103,0.15444696072414518
25104,0.11481469006891798
25105,0.04184074915794716
25106,0.1073264229521928
25107,0.05387324195847703
25108,0.06151336683798751
25109,0.07750056510143107
25110,0.10277458133886569
25111,0.05034962865222847
25112,0.1457753515766392
25113,0.0520255981223585
25114,0.10095261086618904
25115,0.11821855906574547
25116,0.11604407544911186
25117,0.10565684834004688
25118,0.05236561239443185
25119,0.09201271382828272
25120,0.06413076438491742
25121,0.08051318669288009
25122,0.10938596144231247
25123,0.12405817887431747
25124,0.11418354403839567
25125,0.11375113528687031
25126,0.12291039125988651
25127,0.05199916413996736
25128,0.15714082842222843
25129,0.13455946867152832
25130,0.11022661988541703
25131,0.05151133657824943
25132,0.05226331889168577
25133,0.1287286374802329
25134,0.04930212598904232
25135,0.051894921387814534
25136,0.11515985801526299
25137,0.044986145873357336
25138,0.1232861313846845
25139,0.06718037442931762
25140,0.09572735925025806
25141,0.13380604885838748
25142,0.04867103185323311
25143,0.0405649619423605
25144,0.050036367958316876
25145,0.10701737517252587
25146,0.05853248962060786
25147,0.13511001088024446
25148,0.05759205266912731
25149,0.1432724106255952
25150,0.05407623056813834
25151,0.05067661483140649
25152,0.059099380553485216
25153,0.06560586849320152
25154,0.0702237811937831
25155,0.10477175889526288
25156,0.12456493739664004
25157,0.050616585273229875
25158,0.04599116276105833
25159,0.05367465355571336
25160,0.11399629261500024
25161,0.18587907629435169
25162,0.1169758314906984
25163,0.1218491820050195
25164,0.05559951016155008
25165,0.042929341175847964
25166,0.05907991291401159
25167,0.0669441988918327
25168,0.1357530915869451
25169,0.05211843372009544
25170,0.12358030736222413
25171,0.14579139675029498
25172,0.06342688869501935
25173,0.049146301347215975
25174,0.13596990422921976
25175,0.05723852111437783
25176,0.06196060690959847
25177,0.10624641070866746
25178,0.04503324475182311
25179,0.10266628966842194
25180,0.13138168422634927
25181,0.041639924656666334
25182,0.05667483418992924
25183,0.051078578770048275
25184,0.11429266068489935
25185,0.12157573435206455
25186,0.11076748624290456
25187,0.04981400072122872
25188,0.13580450988231693
25189,0.04297303004997972
25190,0.14288245560993793
25191,0.1445152165984944
25192,0.11425826902577887
25193,0.12967154671153405
25194,0.049712885941583525
25195,0.05427791728502737
25196,0.09824076127050803
25197,0.04954073128266743
25198,0.045640042119007934
25199,0.1340983471557068
25200,0.048375274682867855
25201,0.05781230314631672
25202,0.04633254902137172
25203,0.042604281813506666
25204,0.04556717393183061
25205,0.12162297529582763
25206,0.04535169706679812
25207,0.10776534615832846
25208,0.11480813002307491
25209,0.052929536403214364
25210,0.13284592245021717
25211,0.10833293349788096
25212,0.06172407651936088
25213,0.04260095035445257
25214,0.10486650556304057
25215,0.06155627455959789
25216,0.05182626997256863
25217,0.04944165473262331
25218,0.08535536441850584
25219,0.1193558092683019
25220,0.13529221733186322
25221,0.11646938060267308
25222,0.14008537877958097
25223,0.12269404208713151
25224,0.05132291477050918
25225,0.1334374535307511
25226,0.050822935296102614
25227,0.042412241834916195
25228,0.12467031143627816
25229,0.06119868919962842
25230,0.11518469511737392
25231,0.0507111254135713
25232,0.10901504559492181
25233,0.11866130860212071
25234,0.04929922186183948
25235,0.12031273345617349
25236,0.1202324198414078
25237,0.0492896537116316
25238,0.047311400321531694
25239,0.1314884204817963
25240,0.07385884691049674
25241,0.04950961157550536
25242,0.10993413381758836
25243,0.10504629254290716
25244,0.13962679918565798
25245,0.11331278061371967
25246,0.14037911268284348
25247,0.12828251263074875
25248,0.05010314560587059
25249,0.1316230087209728
25250,0.05158245676266029
25251,0.0949638471930436
25252,0.11159719213237745
25253,0.04915646488194788
25254,0.11207156898440969
25255,0.10343946958841414
25256,0.0566005323654503
25257,0.12284850718187516
25258,0.09413592086878522
25259,0.11973853050143923
25260,0.11302055931978583
25261,0.05246143028858684
25262,0.11317579417268285
25263,0.09576397964975808
25264,0.05241894504676354
25265,0.10595034527399316
25266,0.04866823407012788
25267,0.047254374523572805
25268,0.04904371953048489
25269,0.06443257561854192
25270,0.0621463336238693
25271,0.05190346650583661
25272,0.051768610950207704
25273,0.05660153434071116
25274,0.09656347320519729
25275,0.06860570714699125
25276,0.04979315249449643
25277,0.04141485132636104
25278,0.058802107565309396
25279,0.12702715513279966
25280,0.06013458770921526
25281,0.0651587301879134
25282,0.129312231113694
25283,0.137754164692535
25284,0.044460140855947176
25285,0.05142692363573166
25286,0.10993031729957678
25287,0.054076116711819756
25288,0.11731696989787345
25289,0.12323146327752801
25290,0.05834827332044718
25291,0.04683208838927516
25292,0.1327714657103288
25293,0.09208093807078789
25294,0.14442743460457516
25295,0.12347954236479923
25296,0.0581457386410976
25297,0.1319104517812915
25298,0.05137125213108563
25299,0.13925601527194573
25300,0.05455130617319424
25301,0.11282378064028889
25302,0.11247675933143325
25303,0.1331490401945157
25304,0.1259022784747311
25305,0.12994042628902736
25306,0.12506929670472725
25307,0.05196255165081522
25308,0.045608751395838316
25309,0.041931207656519816
25310,0.10903934580635456
25311,0.15331370498613536
25312,0.09803080407181373
25313,0.12343231310400386
25314,0.124095761651882
25315,0.16462129837831105
25316,0.05207087121033294
25317,0.031014504977575966
25318,0.04932698501792223
25319,0.059356673456427284
25320,0.04397695797436923
25321,0.12678611512204244
25322,0.11554451121863316
25323,0.13079674185379214
25324,0.11759266268337776
25325,0.0574364523349166
25326,0.05456964267763515
25327,0.052289166490371665
25328,0.1339889531618605
25329,0.048955133107664625
25330,0.13143310160792804
25331,0.04678917489547619
25332,0.11329311712827835
25333,0.056719476232582604
25334,0.0879222768169591
25335,0.050711413640606065
25336,0.08319518353844449
25337,0.1290560662093697
25338,0.04239210475866433
25339,0.04561803440552587
25340,0.04458393450901617
25341,0.12471640566355466
25342,0.046329275475595566
25343,0.048270203225021804
25344,0.09485140819938719
25345,0.1314696432349187
25346,0.14377138308346935
25347,0.1340771849174306
25348,0.0665825792108199
25349,0.050017957900549005
25350,0.12594978700054077
25351,0.04921439462018273
25352,0.05807619292848161
25353,0.1363914702531421
25354,0.0568540309177175
25355,0.13333861010652104
25356,0.10582880519127084
25357,0.0536097993581021
25358,0.1037252029630985
25359,0.12275413895647504
25360,0.048038693259118505
25361,0.04715718160098449
25362,0.05053461295108344
25363,0.04672267506943136
25364,0.0443498160570537
25365,0.06144667384440426
25366,0.0585944401874362
25367,0.1419986159963264
25368,0.05108164899097142
25369,0.05854033018812508
25370,0.11501715701832217
25371,0.12210555158195298
25372,0.053132289420834804
25373,0.12317565920107242
25374,0.11399496884235939
25375,0.13022028567771243
25376,0.13078774291885617
25377,0.14318950494867352
25378,0.05134911935607203
25379,0.0488100502518984
25380,0.0641618829095897
25381,0.0814211877471447
25382,0.11373298783631043
25383,0.1095011022438435
25384,0.10710325163674989
25385,0.05368732124335633
25386,0.05686153959782453
25387,0.05202456202662247
25388,0.12116950017562231
25389,0.04273042879282294
25390,0.1391515701667927
25391,0.04738653548769052
25392,0.1445639071312143
25393,0.1173381129262941
25394,0.11837443469441736
25395,0.05831073236716297
25396,0.09065375371762384
25397,0.06041298063142293
25398,0.12509882638015915
25399,0.1110811271169981
25400,0.09864946167934764
25401,0.12838266404552212
25402,0.08581558586958925
25403,0.11786279941036602
25404,0.07283711342525512
25405,0.050744611161485445
25406,0.032844946194845064
25407,0.07962343776491276
25408,0.14295319567853534
25409,0.09422093810066912
25410,0.136957530138991
25411,0.05998227440895889
25412,0.13589667233870287
25413,0.04862781108106797
25414,0.1226451291063907
25415,0.13384787715504107
25416,0.05595004502735803
25417,0.11169331999786226
25418,0.06761192313691171
25419,0.12779069058390724
25420,0.046082820183429254
25421,0.05099343655106424
25422,0.11910501615459512
25423,0.14274988367098201
25424,0.13124866578354527
25425,0.04510719845643195
25426,0.13567977570242812
25427,0.12443221949428117
25428,0.12464934384469797
25429,0.048125891277702004
25430,0.052460030709639165
25431,0.12970856145102003
25432,0.1486329268216621
25433,0.1534112253278827
25434,0.0510956159129912
25435,0.051496092997102484
25436,0.13277757197894954
25437,0.12873329043323684
25438,0.05340826601529873
25439,0.04709347420271197
25440,0.05018000237980246
25441,0.056456647416620785
25442,0.1048509141678566
25443,0.04443338541662128
25444,0.107864824153727
25445,0.05303837724536647
25446,0.15695692906274053
25447,0.03867793963995703
25448,0.09052175471043201
25449,0.09960923572224073
25450,0.12231309157518282
25451,0.056228168715773526
25452,0.0513552176416555
25453,0.04178012605574454
25454,0.10815479599706389
25455,0.11504649071887457
25456,0.11632255078000127
25457,0.048911902178487024
25458,0.04714557660846158
25459,0.11827067922198115
25460,0.04182359235095328
25461,0.04680071578683593
25462,0.08589006749511675
25463,0.04408120618984675
25464,0.05513906816176492
25465,0.05757899672146965
25466,0.05045652081323389
25467,0.1324508496990876
25468,0.13627695238683243
25469,0.1260527589251349
25470,0.06498985712681535
25471,0.12387066831321562
25472,0.05104410389503334
25473,0.13807023418854444
25474,0.047450427626810704
25475,0.04843790674746882
25476,0.0501655134640755
25477,0.06555793451431241
25478,0.056339514212760004
25479,0.143096078957586
25480,0.1380840017423811
25481,0.11640104907998453
25482,0.060818234452817053
25483,0.0567016583415447
25484,0.09898943393899522
25485,0.12989501495245986
25486,0.04918440128590082
25487,0.060463346225057876
25488,0.11960351427007271
25489,0.04459212144843703
25490,0.0482236130624417
25491,0.04979740925150674
25492,0.054179793786377384
25493,0.14617114295970488
25494,0.10171417970266908
25495,0.03651240787150283
25496,0.05408235899936116
25497,0.12470442683742851
25498,0.058405376353326974
25499,0.1257629813694377
25500,0.12024192426158359
25501,0.07909509188985397
25502,0.12946764012453998
25503,0.0987341273766682
25504,0.050787326919405115
25505,0.05073897876878105
25506,0.1556696840156423
25507,0.04554352403059319
25508,0.10436145407721538
25509,0.11240535880073141
25510,0.1251172904687793
25511,0.12505043700504873
25512,0.05650307589062218
25513,0.04655884108577794
25514,0.045502105292782626
25515,0.13566387252653472
25516,0.12975748909585239
25517,0.053002874497852244
25518,0.11976699864744447
25519,0.12429411672248744
25520,0.1177773632519805
25521,0.10655647797905125
25522,0.12818077478978762
25523,0.09705315947307189
25524,0.05203887882787784
25525,0.04983291664236741
25526,0.035653171934008195
25527,0.04837775783267855
25528,0.05180588272147995
25529,0.13074690772346953
25530,0.04812604157846465
25531,0.11153220965121614
25532,0.04432032626517275
25533,0.05443090602082639
25534,0.11720213697247019
25535,0.053426462127933984
25536,0.055929935640772734
25537,0.04609013548023951
25538,0.04265630658994334
25539,0.14786936776687784
25540,0.11955409639044831
25541,0.03992911164058762
25542,0.12196705882494056
25543,0.062084283255247744
25544,0.0561810282119666
25545,0.12911976178442525
25546,0.04669113376747529
25547,0.11093944541783149
25548,0.04884637328296419
25549,0.054904867632448374
25550,0.13666621100236861
25551,0.04481820470815702
25552,0.11911194628874179
25553,0.0985957522347586
25554,0.05010359893734436
25555,0.036356996673165734
25556,0.1343214131486343
25557,0.13160873530697698
25558,0.055130792320614595
25559,0.14597383214872972
25560,0.11113758479528166
25561,0.05845087411804892
25562,0.11972538693876926
25563,0.04540075397712103
25564,0.04202993812366872
25565,0.047252037014292
25566,0.11931047112834284
25567,0.10357123350233716
25568,0.05090214034876741
25569,0.12776569728517898
25570,0.05550105034767671
25571,0.1427050727296207
25572,0.06099120080560213
25573,0.05349373603765852
25574,0.05339737899122766
25575,0.1331183400919701
25576,0.1119922069540055
25577,0.049018349600107106
25578,0.15069666005067983
25579,0.04307964283025544
25580,0.037859526776234345
25581,0.04869010807627607
25582,0.053653548837604384
25583,0.04458499744818327
25584,0.1279680903160726
25585,0.12237984698498763
25586,0.045307974269315286
25587,0.04988796129458079
25588,0.13846276999322177
25589,0.05997949778576199
25590,0.049411666455309186
25591,0.042542651872525865
25592,0.05196316105227411
25593,0.1252505536183445
25594,0.05364561823408102
25595,0.05974772772994791
25596,0.049854803569570776
25597,0.0587616146098847
25598,0.12805827843930961
25599,0.05281291194587034
25600,0.1159288658990529
25601,0.05416770084004605
25602,0.11640967732696259
25603,0.051879526842637885
25604,0.1207611344166208
25605,0.031811805953671626
25606,0.1155364856989602
25607,0.047316275426859906
25608,0.0637659020912295
25609,0.049246341349438734
25610,0.05591689275173698
25611,0.11582075593062029
25612,0.04925535533954354
25613,0.12604922581187408
25614,0.17829179682399407
25615,0.04085023478092852
25616,0.07793735734036139
25617,0.12969331109512044
25618,0.05670406432288341
25619,0.05244358014084839
25620,0.10303936706398022
25621,0.05089208864521715
25622,0.13069047625531188
25623,0.10079688252492829
25624,0.12599861619032945
25625,0.11024684795334411
25626,0.04050428925795724
25627,0.08400029755198585
25628,0.048411688351475725
25629,0.04231155857671891
25630,0.06293204442841199
25631,0.11413203528978472
25632,0.05272640803231592
25633,0.04661775350822276
25634,0.056374687880392245
25635,0.04802887870118679
25636,0.13910146564690326
25637,0.050209483873007575
25638,0.0508301671284297
25639,0.04128196060168113
25640,0.13641794350853748
25641,0.12328279237575723
25642,0.13015536337744055
25643,0.12069072577659175
25644,0.04953328562585231
25645,0.1063706993715159
25646,0.14925489644663953
25647,0.13203698676743994
25648,0.126679087660674
25649,0.045512774378365546
25650,0.12775341203940424
25651,0.13848161759946495
25652,0.14031532542123765
25653,0.049089188510309356
25654,0.13553061025295365
25655,0.06371881547380505
25656,0.1388073877135865
25657,0.06847903616837013
25658,0.05166388202952114
25659,0.04424606566637524
25660,0.04876535426645679
25661,0.04536521166309397
25662,0.05004737872825566
25663,0.04432007833323037
25664,0.07544573745107161
25665,0.04647952307274696
25666,0.04690633769611942
25667,0.10022610717251451
25668,0.11455321500380831
25669,0.06425147582044992
25670,0.1286185845849753
25671,0.044551334983740025
25672,0.14528675021893278
25673,0.04639358146527954
25674,0.05241944647640043
25675,0.05109719600544619
25676,0.05710322391528394
25677,0.06410536616223814
25678,0.14540002793532822
25679,0.12632201801200182
25680,0.052986340100208515
25681,0.05536679095978148
25682,0.11983286665113146
25683,0.15663611647766837
25684,0.11658457930795774
25685,0.06468310226993841
25686,0.09663131965569322
25687,0.041909088995403306
25688,0.17330872011714415
25689,0.10449352044287684
25690,0.044713316536300965
25691,0.051154040511944006
25692,0.13069390974901318
25693,0.11979064517419387
25694,0.041574829714386384
25695,0.11591693385105703
25696,0.04843739767845
25697,0.06860713263635614
25698,0.0465288468617548
25699,0.054746506947223716
25700,0.05171910043954122
25701,0.07191514597439208
25702,0.10508663040539974
25703,0.1174578336564426
25704,0.0627142692794093
25705,0.12438572797640642
25706,0.11057615370709697
25707,0.052894121837432445
25708,0.07493406426315745
25709,0.04233538979226146
25710,0.0548746375017058
25711,0.12248720719648694
25712,0.11095099053233498
25713,0.05432078744185249
25714,0.04682019557509212
25715,0.13381771171328918
25716,0.04638013381656821
25717,0.044701411835466
25718,0.11660813661695375
25719,0.17858507406697874
25720,0.11626954017890857
25721,0.11797639353200334
25722,0.15460726977248665
25723,0.06678928413792923
25724,0.05719591385494957
25725,0.04626701831476825
25726,0.05389678843623518
25727,0.04503911770722531
25728,0.04078949198135785
25729,0.059405281840387424
25730,0.10892196560968004
25731,0.05680097531944967
25732,0.05840201855408905
25733,0.050385422769082866
25734,0.1228276556063547
25735,0.04038467443519417
25736,0.15242669980789272
25737,0.12578396053844262
25738,0.05689625597597557
25739,0.047879136710933565
25740,0.11044644338488152
25741,0.0907711043386144
25742,0.11555863126870526
25743,0.048115276398671566
25744,0.10073059605039832
25745,0.04465056840987328
25746,0.13384733082689224
25747,0.09350727073780038
25748,0.10316694375294297
25749,0.1225514271878202
25750,0.12660043851691674
25751,0.11294831132517273
25752,0.13912938742072933
25753,0.054182531722069126
25754,0.10599277297278437
25755,0.0521885383716561
25756,0.11224810955345726
25757,0.1313443758697798
25758,0.04277974112775658
25759,0.05116039233216976
25760,0.053626069268879605
25761,0.05227189840205397
25762,0.08100812640397297
25763,0.11893752413783262
25764,0.07820179051228533
25765,0.10611645554949017
25766,0.12338628956828633
25767,0.14513288848392772
25768,0.04691547072681921
25769,0.13572363082441413
25770,0.052211682508918354
25771,0.05161326321689985
25772,0.04886487603370684
25773,0.05430395799339396
25774,0.05572183475556706
25775,0.12326881972159948
25776,0.04189868203517663
25777,0.05771469279590703
25778,0.13913820378193287
25779,0.13708448675109466
25780,0.09257665711012404
25781,0.12188028217556177
25782,0.04727502261719846
25783,0.13750575877128812
25784,0.12783161643841315
25785,0.04822953705697645
25786,0.056904652198355866
25787,0.051619693164387796
25788,0.05420253967753926
25789,0.04784402670889945
25790,0.13810069581280868
25791,0.15159114879669525
25792,0.053843678241630985
25793,0.07499716692617131
25794,0.05669284717482413
25795,0.14533387595024821
25796,0.04750524145496002
25797,0.1652642673468874
25798,0.05253176015924421
25799,0.11455293975708022
25800,0.1248525644256594
25801,0.09866766003136045
25802,0.04970449313667921
25803,0.11687423022160134
25804,0.05326765563347501
25805,0.05588047248316303
25806,0.11924342880838895
25807,0.08341240627455698
25808,0.09651214942271504
25809,0.043093353724078874
25810,0.14913258132300186
25811,0.030312162235020125
25812,0.054880166789306836
25813,0.039000053557914416
25814,0.05098425864361708
25815,0.04237030916170145
25816,0.048781069868156945
25817,0.09863102720907185
25818,0.04596889167254817
25819,0.1368782715225371
25820,0.11628050368891579
25821,0.04271915486724227
25822,0.0574429348222281
25823,0.05432197830402536
25824,0.04383918871995482
25825,0.13160384351567606
25826,0.054227956986195425
25827,0.04626025371553379
25828,0.06289040356541666
25829,0.0781765862427917
25830,0.08083927639948087
25831,0.12490512160730198
25832,0.1161481213122865
25833,0.08636362942986427
25834,0.04935051143380293
25835,0.05513593417898404
25836,0.04821246110035032
25837,0.042817082114950236
25838,0.1219268159368971
25839,0.12233477594934546
25840,0.05889485567396082
25841,0.12358989123176763
25842,0.095368464486421
25843,0.1120630126352922
25844,0.05235530524420022
25845,0.12717810617676958
25846,0.056260003602174855
25847,0.05266534055683737
25848,0.06049203901128453
25849,0.04462206088122233
25850,0.1124667638470228
25851,0.05249784172422614
25852,0.10669628367177522
25853,0.057901354143543075
25854,0.054376431134805586
25855,0.1310010797546683
25856,0.11867417938700203
25857,0.14787665810600542
25858,0.12206694196692812
25859,0.048182653611842145
25860,0.05490292916799835
25861,0.1420092631412054
25862,0.14605543159819653
25863,0.09770739015420607
25864,0.04789113023385806
25865,0.04807936643812858
25866,0.12057093101220075
25867,0.07831785457503444
25868,0.05942227845945769
25869,0.043764095819282145
25870,0.11811369332374212
25871,0.15056588694726428
25872,0.059296382542335005
25873,0.054743815289569675
25874,0.12400462446094547
25875,0.055664171528980504
25876,0.04503967478295241
25877,0.05054508706062121
25878,0.050283200858783385
25879,0.13127378535427942
25880,0.09930958698080605
25881,0.039098981622595036
25882,0.11726899293873774
25883,0.12745951437743264
25884,0.05223971886051
25885,0.1248889992437012
25886,0.06428578700653452
25887,0.09979741278591704
25888,0.1229332643094538
25889,0.12768071978615336
25890,0.11238400583374691
25891,0.05291529913043673
25892,0.12346654634202371
25893,0.13212440175389564
25894,0.1377061341456408
25895,0.04882254440020178
25896,0.1292848012523629
25897,0.05694479423636888
25898,0.11119632151769873
25899,0.05788748477063897
25900,0.0488796009293548
25901,0.10717095665322204
25902,0.04881327272042201
25903,0.041663277134050714
25904,0.1221501928741648
25905,0.10661523210712386
25906,0.04949843503412078
25907,0.11439941112887088
25908,0.04457437591226348
25909,0.10775084132201247
25910,0.11910909851023974
25911,0.09659224847576026
25912,0.10636229005110885
25913,0.1150149579607253
25914,0.05018365256738143
25915,0.04703998374629864
25916,0.10554458523956493
25917,0.1341580903029698
25918,0.049183412611634274
25919,0.05413138589968701
25920,0.05801127130741294
25921,0.04444443093211219
25922,0.05418429733400297
25923,0.09536317353800851
25924,0.047173659975140704
25925,0.11954792233112484
25926,0.13372814866885308
25927,0.05141731641931261
25928,0.05418930747230503
25929,0.05209887354128355
25930,0.12878622536125528
25931,0.051673430066715216
25932,0.05208662223000309
25933,0.12487316140480016
25934,0.10903351350203483
25935,0.05281967694081276
25936,0.11423132412739569
25937,0.04546511293752979
25938,0.04784851570254257
25939,0.11451272211320164
25940,0.13068798284640834
25941,0.07236598711495348
25942,0.04657069570640711
25943,0.0511043074945626
25944,0.11910020385684086
25945,0.044017644614788465
25946,0.11350595996036804
25947,0.10439166402304799
25948,0.1033496038759494
25949,0.14614265205856408
25950,0.10070325770126512
25951,0.05142753417707045
25952,0.0559792348912981
25953,0.11592181432761833
25954,0.048167916550224295
25955,0.1368652933945872
25956,0.14169396134252865
25957,0.057958532850111565
25958,0.1168625709307691
25959,0.1361494694351034
25960,0.1047114804885014
25961,0.056452163467361066
25962,0.051430687827837815
25963,0.04723261392611464
25964,0.13146528292462825
25965,0.13281121228386966
25966,0.054512844452539753
25967,0.1254363127687636
25968,0.10621489550653103
25969,0.04909428011184168
25970,0.1280720367648242
25971,0.051694924291791226
25972,0.11995383120558036
25973,0.058914832577934194
25974,0.12048475659902386
25975,0.05246893182897549
25976,0.12409892862203636
25977,0.13340403419348426
25978,0.12713304008171708
25979,0.05010201129213438
25980,0.059558640613226875
25981,0.13727987330096147
25982,0.05949277618769767
25983,0.0512589727216063
25984,0.05284829180583119
25985,0.12687884705785887
25986,0.06754217145274041
25987,0.05215312451914156
25988,0.06397314053557188
25989,0.04046826114613672
25990,0.0459404921894417
25991,0.11096520603202564
25992,0.04209908051198827
25993,0.05718957817003507
25994,0.10933557029360436
25995,0.05356636420964501
25996,0.11710719276046469
25997,0.12285479987406961
25998,0.04536071481956044
25999,0.11285179514280491
26000,0.13319947462370582
26001,0.045069490452831366
26002,0.04976385416451989
26003,0.0464841068096144
26004,0.05899453401758028
26005,0.04884550758616788
26006,0.12679990954895176
26007,0.053778206318809876
26008,0.15214638680673082
26009,0.10456679133081401
26010,0.13021021678484448
26011,0.045872300513438394
26012,0.09858750924565435
26013,0.1297953526244208
26014,0.04636964185018772
26015,0.1514307931292026
26016,0.0482312636382165
26017,0.09844655222555773
26018,0.10764461474703722
26019,0.04759833977478972
26020,0.11592825011196808
26021,0.08302796004433476
26022,0.15632813923108257
26023,0.043905215869153164
26024,0.03506389419860225
26025,0.061682198794695074
26026,0.05176833514350185
26027,0.05565187580822902
26028,0.05841350409942672
26029,0.04696052703503518
26030,0.05457964511317773
26031,0.13007983582950672
26032,0.1439995047022244
26033,0.051070048344475046
26034,0.06415167386271187
26035,0.05264522681740452
26036,0.06045829951210929
26037,0.04791579162635451
26038,0.0463322094824356
26039,0.12316784299514631
26040,0.11610600847153667
26041,0.11076788029648377
26042,0.05523750798439551
26043,0.04676030827063217
26044,0.04482615970486782
26045,0.11707951495692223
26046,0.12486595337972747
26047,0.05679722328379224
26048,0.11778300937134081
26049,0.0899752251247962
26050,0.1383114452001493
26051,0.0490794062120454
26052,0.04619339520228444
26053,0.06298073419641166
26054,0.05236758295708249
26055,0.10712741090858802
26056,0.1376295387952799
26057,0.042849964040228644
26058,0.04962170943154451
26059,0.048765070410585504
26060,0.11836181485296778
26061,0.04220715735349784
26062,0.11518280059217205
26063,0.07866799521086669
26064,0.04693077285515619
26065,0.133045170764571
26066,0.047637041103379546
26067,0.04817593645049537
26068,0.13163377667408577
26069,0.09147633572072139
26070,0.11735831621984623
26071,0.03749170369305808
26072,0.11397340251192052
26073,0.12300748360161881
26074,0.12468461514206718
26075,0.047401957921628275
26076,0.1443762366296639
26077,0.14148151007201734
26078,0.050013851855628726
26079,0.14920240457174697
26080,0.1455814647136025
26081,0.09054704790986932
26082,0.09034402296126803
26083,0.0432162396861287
26084,0.11450647738027345
26085,0.04375785669875849
26086,0.11300647938427104
26087,0.09630031712602609
26088,0.055200189241712966
26089,0.10502460033854334
26090,0.1279761395395432
26091,0.09553899427487829
26092,0.13116939242268735
26093,0.05351165869188408
26094,0.13158956836200855
26095,0.05853911788745437
26096,0.09797736650170777
26097,0.11178836076736447
26098,0.16247851598694724
26099,0.12153022749211427
26100,0.05352048700276932
26101,0.06689814883668342
26102,0.04464819156932678
26103,0.054632187946212565
26104,0.05897220320142165
26105,0.06282868416086039
26106,0.05203389363301326
26107,0.13113873595515937
26108,0.06045157845765826
26109,0.05820589014548915
26110,0.13358081436895816
26111,0.042658583391881826
26112,0.05637130100523821
26113,0.05574243871292833
26114,0.12924384503789077
26115,0.04734969409845442
26116,0.05920526894891126
26117,0.11281833498587363
26118,0.12426068856026853
26119,0.10606299307985713
26120,0.1757096951996195
26121,0.047616168355600584
26122,0.054797709464439924
26123,0.055889177348069266
26124,0.10589343372898617
26125,0.12577159053918274
26126,0.0444862352736414
26127,0.04748804276267952
26128,0.054231101427576214
26129,0.05042557476230597
26130,0.04537864227795826
26131,0.14556119793769554
26132,0.050991075806693084
26133,0.11769142192645131
26134,0.11130472427875025
26135,0.12738396948268885
26136,0.05090945042852669
26137,0.10723051901530165
26138,0.09954259867067831
26139,0.05507067130581388
26140,0.14522859760405596
26141,0.058465733355295264
26142,0.14287959174883655
26143,0.11705910617944681
26144,0.14527126233633408
26145,0.05329113754699302
26146,0.13216126249002189
26147,0.053074696639533014
26148,0.11925108218979419
26149,0.11568004843100035
26150,0.054328470535687345
26151,0.11502643706435206
26152,0.1112614789854226
26153,0.04624205859066556
26154,0.0476572787629453
26155,0.15129941205622507
26156,0.04619096164211113
26157,0.1183491374734688
26158,0.04743763582339124
26159,0.11400425893526686
26160,0.045441267946172724
26161,0.12976247893299675
26162,0.12603115749477964
26163,0.05071318397584343
26164,0.13230859976437062
26165,0.12419260455528938
26166,0.10947032466596948
26167,0.040718792536611176
26168,0.15117611897560052
26169,0.05730104817320715
26170,0.11323519942540204
26171,0.13295666065902018
26172,0.05207956668469206
26173,0.13093001718702119
26174,0.14936783712064458
26175,0.07390446363079871
26176,0.11076663310300167
26177,0.04858106977046621
26178,0.03282276921867187
26179,0.08512062667437677
26180,0.04716095290376872
26181,0.051071845385034134
26182,0.14404901488327848
26183,0.04656789620441962
26184,0.11618465193464088
26185,0.13389957352320564
26186,0.05527918018199606
26187,0.14388880722975025
26188,0.13060652690692584
26189,0.05251223873744752
26190,0.13619955166488126
26191,0.046767711841335304
26192,0.04458685097628373
26193,0.10901158540324671
26194,0.05041206741784042
26195,0.034718574679494546
26196,0.04713153527535241
26197,0.04251706876846616
26198,0.14390252403846232
26199,0.052049507774814645
26200,0.1377521693059246
26201,0.03625364554958442
26202,0.16063626339626588
26203,0.04382492024917827
26204,0.05191284782129777
26205,0.12439764260751404
26206,0.07457863842834721
26207,0.15001458620008812
26208,0.11455302403094897
26209,0.04503266989831032
26210,0.141769024761817
26211,0.14513038615740503
26212,0.055251070904198826
26213,0.10429927630427775
26214,0.15680501880722622
26215,0.12619211638774944
26216,0.12772953547375504
26217,0.10422226517472348
26218,0.035270303969449274
26219,0.12183463330767459
26220,0.05671296506332778
26221,0.050938866977618895
26222,0.14376817988666127
26223,0.06018619398519516
26224,0.11900645473552587
26225,0.05293747094458323
26226,0.09697927621966063
26227,0.11872625020603333
26228,0.0518327257740344
26229,0.1528592701236423
26230,0.05051810355373856
26231,0.05008966891681078
26232,0.05391103653705111
26233,0.13810886010365367
26234,0.045764409573912194
26235,0.128264180139845
26236,0.04545880132577005
26237,0.044570447234035526
26238,0.04587459276034948
26239,0.1264709037185923
26240,0.043009149698754245
26241,0.05046130056329278
26242,0.040991229411420874
26243,0.14137361366652837
26244,0.131291847119733
26245,0.06047543537627258
26246,0.055923149374564954
26247,0.13072400671039688
26248,0.12130163976169864
26249,0.13512579059846008
26250,0.05026118011945369
26251,0.04815795372622156
26252,0.11617343487537662
26253,0.12592864507526483
26254,0.12788933655057083
26255,0.12696798136991333
26256,0.12913548989721907
26257,0.09595844880040955
26258,0.10733905952384085
26259,0.11170553087701303
26260,0.049609817099118374
26261,0.13428989061692706
26262,0.10807662549794798
26263,0.12469524677013859
26264,0.09786909094684022
26265,0.05256291957452231
26266,0.11539272376096431
26267,0.13923862577481513
26268,0.11706855611203865
26269,0.04762129837476901
26270,0.09778843360489209
26271,0.051478284201308684
26272,0.16338876004205574
26273,0.10184955358853315
26274,0.05086882410976828
26275,0.08182217007744952
26276,0.06563549693642308
26277,0.13727253844032292
26278,0.06095673147717336
26279,0.048397067756035396
26280,0.12277633606310738
26281,0.05952685614529197
26282,0.11413478369152798
26283,0.11807292670644942
26284,0.09778176916855687
26285,0.05249995357760844
26286,0.04787679634945829
26287,0.1319741126627193
26288,0.11256606967706904
26289,0.04911071917113487
26290,0.0665018975280161
26291,0.14315667713014812
26292,0.12628928269809087
26293,0.12952395682558632
26294,0.11321027919400557
26295,0.05174448331119736
26296,0.0842356205301115
26297,0.05334719768617545
26298,0.07245720403255622
26299,0.046796618779664914
26300,0.051656609311935615
26301,0.04492848887306861
26302,0.050515669487430956
26303,0.12707565416083227
26304,0.12413636391120389
26305,0.07198410363405391
26306,0.046043752976817294
26307,0.11110172255050693
26308,0.12939976009705084
26309,0.0492708473777471
26310,0.14011330728307397
26311,0.14655718866488365
26312,0.054074672039029895
26313,0.051818686953186706
26314,0.09681064143368051
26315,0.10327071185360201
26316,0.042324011397801405
26317,0.15392377866194984
26318,0.056776145700658004
26319,0.05591021205659199
26320,0.10528724869339123
26321,0.10368783153755524
26322,0.09611609889350806
26323,0.15744596512288056
26324,0.06542572490799875
26325,0.13684233165470272
26326,0.053172956456147724
26327,0.0539112203800124
26328,0.046959278067244974
26329,0.059244057777516713
26330,0.10342260599000473
26331,0.16024526828058067
26332,0.0571628256054817
26333,0.05264509071001628
26334,0.05368409252948068
26335,0.05370542057689007
26336,0.13050384162652473
26337,0.06574435143141541
26338,0.05492625050194921
26339,0.11375279652251331
26340,0.04693594766541865
26341,0.05293752056336943
26342,0.05830786814367357
26343,0.10082928392501117
26344,0.05227439768677106
26345,0.12810964921865184
26346,0.1275725365723697
26347,0.12180681595854195
26348,0.05423682057140936
26349,0.11953088721108575
26350,0.04776799524399683
26351,0.10031718001797571
26352,0.14258771041596058
26353,0.04840124824739804
26354,0.04649112199805365
26355,0.13585355940033672
26356,0.11614634545481378
26357,0.03933017167136349
26358,0.10572948571404654
26359,0.03465032290026534
26360,0.12483616224784852
26361,0.04743685415878014
26362,0.05349022041567396
26363,0.045763434802630835
26364,0.14930302304927423
26365,0.10045033296552246
26366,0.10442201917053678
26367,0.05356287266663716
26368,0.06189062955690124
26369,0.11538390209532348
26370,0.052205003979943196
26371,0.0508778678119681
26372,0.14904827954756514
26373,0.0412033633648342
26374,0.11483457690324325
26375,0.05074417102926708
26376,0.051291497958603174
26377,0.05254305317775722
26378,0.04787081677019096
26379,0.042315933641925554
26380,0.1081500686300122
26381,0.050157238506723566
26382,0.13899473015158328
26383,0.13288727198919448
26384,0.044946922150975274
26385,0.12182573191612628
26386,0.12048644912481729
26387,0.130745224708623
26388,0.05124162775148758
26389,0.10592409310841759
26390,0.11828728253869004
26391,0.05240538411285235
26392,0.11301033751517084
26393,0.1303405049928831
26394,0.046922343977609485
26395,0.10477917980415413
26396,0.055343622427404884
26397,0.07035068785280249
26398,0.06958616064610006
26399,0.13561537222625084
26400,0.04789554148085051
26401,0.05746987819931566
26402,0.12751187036521047
26403,0.11729724568773511
26404,0.12050441391883827
26405,0.047185112390369655
26406,0.06461082134737228
26407,0.045960169106047236
26408,0.12494181570067453
26409,0.12551984886436893
26410,0.04412204837410076
26411,0.12550976298098415
26412,0.05622456358976333
26413,0.13898953280066273
26414,0.12996309447234092
26415,0.1291935696197024
26416,0.13467290221038158
26417,0.05052976715989866
26418,0.1310385525609301
26419,0.14161908589793948
26420,0.04598747134881238
26421,0.06068275914861369
26422,0.07110218584621678
26423,0.08411015827760007
26424,0.1365802957793738
26425,0.10353918932016881
26426,0.10749262842562285
26427,0.047909942916814593
26428,0.057270163792912616
26429,0.059635453297672114
26430,0.10273706240074783
26431,0.04944723775912579
26432,0.04092147676356058
26433,0.10381883143435021
26434,0.08928442096177916
26435,0.053322478720773066
26436,0.0931012753239806
26437,0.12851955875993848
26438,0.12698909104633221
26439,0.046005988266185335
26440,0.04286419041229518
26441,0.050399203711282994
26442,0.11981442724804953
26443,0.11558842231356871
26444,0.04548793624867976
26445,0.11999139824379544
26446,0.05887479143348544
26447,0.11765864478687439
26448,0.10930583099398784
26449,0.05057837103116576
26450,0.039615798317919726
26451,0.13611343189729136
26452,0.08800144869417165
26453,0.12718904058833
26454,0.11048734205280603
26455,0.02696179620448077
26456,0.04804384858394066
26457,0.05648026749907025
26458,0.11849399599887826
26459,0.05066955389549024
26460,0.1032784747979129
26461,0.15938492215162534
26462,0.11530036860845638
26463,0.062316262444186386
26464,0.10528599718366415
26465,0.04579458561430902
26466,0.13651331637739803
26467,0.10388737879413626
