id_cliente,prediccion
2,0.11755344866675721
3,0.06648182786969502
7,0.10613504371256477
10,0.054465307028478044
11,0.09073329974064988
12,0.05202432510342374
14,0.11189896890317431
16,0.09019825252874841
25,0.10741822610038158
32,0.09647962262577618
38,0.0889611824849672
42,0.1551351144068205
63,0.08810526274512073
65,0.09514999735889015
70,0.10113522670596771
74,0.11647266314463117
76,0.08178039561353133
83,0.05462430635630633
90,0.06420799379543303
98,0.1621641158308938
104,0.0818990535815292
121,0.04381683090688585
124,0.11398494252667826
125,0.14087105149225515
137,0.13391237434097752
143,0.06436756983411329
144,0.13175371904766492
157,0.13980273876376806
163,0.11295896286122435
197,0.08432587208919744
203,0.19694093524669803
205,0.08860335307932253
209,0.059692829574530704
228,0.14398036821774549
231,0.13881375245903538
237,0.11541407124128523
243,0.05166903184471351
247,0.1050967862996982
249,0.06453217807901526
253,0.13397669769859105
261,0.08703419550579078
263,0.04676622580962603
275,0.043570842408498366
279,0.13959995161960528
280,0.0830843307820821
292,0.10495374434959542
297,0.08699951133813086
299,0.09523810077882369
302,0.05828251358871724
304,0.11474748648045961
308,0.16420084030536675
318,0.14285734016092028
319,0.1485159429581541
323,0.06348526720634882
325,0.14972763076734993
339,0.1003526647578622
340,0.08200564126927275
355,0.09639122071961312
359,0.09664281296430251
368,0.11730847541153785
371,0.08205684449575007
378,0.10378077876377256
390,0.10822896393220487
392,0.0973649097881054
409,0.09717130658964471
412,0.05837838987834683
420,0.12474912201260904
422,0.09861914104791833
428,0.10676426766896809
429,0.04438865690473315
430,0.10144625964074071
434,0.05574551701235625
437,0.13543722921593399
447,0.06340761668351283
464,0.0444319200271269
466,0.14548029543723073
468,0.1745714423661203
470,0.12143344556205508
473,0.09299999154472186
475,0.0603935857302429
476,0.1182454485170127
480,0.055991553613614596
483,0.1153374991408063
487,0.1293323935975184
495,0.1417256544414049
496,0.12928230468777926
499,0.09227566473653942
502,0.06825181562376563
504,0.09222870712937682
508,0.06577307607769409
514,0.09551709823074127
515,0.11761820200908751
538,0.08934862792024069
548,0.10155617109461769
551,0.10830825376004234
553,0.11551682279618808
560,0.05506753719226996
564,0.08789074187278462
572,0.052030334873454265
577,0.04584456433653611
578,0.20516005077523536
591,0.053309984991598273
593,0.11901035168431907
604,0.09286633797012837
606,0.09784190563252176
614,0.12314936315391932
616,0.06671000148207078
622,0.09516866250077013
626,0.05192321112561157
632,0.056911330681604706
637,0.052102477377511516
640,0.06007542405971848
647,0.08767688653791776
648,0.05294807137859724
653,0.11428710402550181
654,0.05099784446995177
659,0.1429075201617361
661,0.06259668538050964
670,0.05291812377917419
671,0.05848115568063352
673,0.07555442972058045
674,0.0797455299656754
682,0.08030994501669325
683,0.10899928877917177
687,0.09329769773962773
688,0.057560221323677156
689,0.12701008922480078
701,0.1097371802258379
705,0.11450349987514613
707,0.09429912056444321
710,0.10276936852817611
714,0.10906100118716719
716,0.09613013951434085
717,0.11683397643701202
729,0.05480555795083349
732,0.11542690180603228
734,0.14474303191780516
736,0.10858247851987934
742,0.05034329577293494
750,0.0991277614867929
764,0.1288609093652709
767,0.08258140699125069
768,0.11344978513057193
774,0.12454354469620628
777,0.05509643905146221
784,0.11613141148478029
785,0.11321707299941167
786,0.08729784530976838
787,0.1381489145574505
788,0.11317383565422649
790,0.131530056517966
794,0.05331123828535852
796,0.0876445929321069
802,0.05146558565390518
812,0.10291461012740562
814,0.05025156060515034
816,0.0584500437033482
817,0.0972920382997112
834,0.0945071342987047
835,0.10318850489880818
836,0.09396820595390909
837,0.09569296995994142
840,0.05343792629094632
841,0.06108982093785259
854,0.07595836209283115
858,0.08865601085417874
859,0.05239081780028622
883,0.09200371969722723
887,0.06263697556037001
902,0.11698371229028855
913,0.12271660065082857
915,0.07414837012533741
916,0.11302255034693873
917,0.10217903762474358
924,0.09757567250410697
929,0.12149978475710005
933,0.11293583022965921
936,0.1294367870871472
941,0.05068407363854945
946,0.054569587337407174
948,0.06748809733657528
952,0.0996324706571104
959,0.0885200549829866
963,0.11397118545418787
965,0.08711784698416741
970,0.14029352265583445
975,0.182430636679893
979,0.10045841882288031
982,0.07840975158615726
986,0.05393891715768424
992,0.12415467433076084
1003,0.04110418964705407
1004,0.13047663517225022
1007,0.10274257383261608
1014,0.07157644396834707
1017,0.05780500277859838
1018,0.08931105486219425
1043,0.05127519225437315
1046,0.10430217181956873
1052,0.10659908481442305
1061,0.05241895690611038
1063,0.10627959544385601
1064,0.11192111096211745
1067,0.09421384736760334
1070,0.0882516814168645
1075,0.056594829388278735
1105,0.052700591828711715
1116,0.17344352887663023
1117,0.1995167650840407
1123,0.09764290492034491
1125,0.09183115868529285
1132,0.08174016976508032
1160,0.054260649947730985
1161,0.10750191565554296
1165,0.05289653563017301
1171,0.20353620178220252
1181,0.07824727133166529
1185,0.09436038507292203
1197,0.13409201293000755
1202,0.12043303907074604
1205,0.06814861985521511
1206,0.1393742726444295
1213,0.1076249882869767
1216,0.05060427576348203
1228,0.1184128142861549
1232,0.10449859024047607
1238,0.09745383154330813
1241,0.05792386980108713
1246,0.08056253163599134
1258,0.09302011244946756
1263,0.12024721679984277
1289,0.08721617631557457
1301,0.13648110727385335
1302,0.04979167557540436
1303,0.16089825090915608
1312,0.09592526898225387
1314,0.1130048097628554
1322,0.07468720171940967
1326,0.056564040629244014
1328,0.056303274635185516
1334,0.09125536516938663
1336,0.11267742797900285
1337,0.05520362817630276
1338,0.09824890592007335
1340,0.11225080325667595
1361,0.1455939625781125
1365,0.14786594104514766
1368,0.23489971019391012
1370,0.07827543553564383
1378,0.12692303251074827
1381,0.11947448997460311
1388,0.11980647793845231
1393,0.08732750777874448
1395,0.0859699501589754
1400,0.09215511680999151
1404,0.05984693791256888
1405,0.05770824789106923
1411,0.12421457043013326
1414,0.10606309719379133
1415,0.053494123230085726
1420,0.07958439120554955
1425,0.05797690571671994
1434,0.14801880688262087
1453,0.12616332458015486
1455,0.1792174871493905
1460,0.12671437531161142
1465,0.2151181069724299
1474,0.12360627383127738
1475,0.058339104820284086
1476,0.06347187436999532
1477,0.08970919487318672
1489,0.08065132031786773
1495,0.09674654500120468
1496,0.055499358887425694
1501,0.09008873848322102
1504,0.04984949577789401
1506,0.11184405708306927
1516,0.10771848417624216
1535,0.0708533194212475
1541,0.0672579739582272
1546,0.04940691360589863
1552,0.04588910718200734
1558,0.10840369311723326
1559,0.10209494860550213
1564,0.08919662153756028
1566,0.1003232957081504
1567,0.14124316160730555
1573,0.13119451141551872
1576,0.05264240011785103
1577,0.05633872876788416
1578,0.10357822040464612
1586,0.11994994284769091
1587,0.06672815862399692
1589,0.1204120620335469
1591,0.08180445841189765
1592,0.07910544468208035
1598,0.051267572013008036
1602,0.1330265343553009
1604,0.053739227136554886
1606,0.05535458002420013
1614,0.05363532764576358
1615,0.1615814517344511
1619,0.09650172304485487
1623,0.09480637854698076
1631,0.11832491767467382
1639,0.05362802853386287
1648,0.061907196490367175
1659,0.10361841196592483
1669,0.12515450707654446
1673,0.10478458046398238
1678,0.10416603071226287
1682,0.20172830952535362
1683,0.09619850739247877
1692,0.10618423574831116
1693,0.12639430350473727
1695,0.1233215313792117
1698,0.12503018165302737
1706,0.1786397068146066
1709,0.09603707038768143
1710,0.12793978360104347
1719,0.09447469556331521
1720,0.05705464981374329
1726,0.08261654864319379
1730,0.09636973905977689
1732,0.09969987684889399
1733,0.09768096079990801
1736,0.07014813655812326
1743,0.09957871796132585
1751,0.09864511331955626
1752,0.10586193166882057
1754,0.12620335048288836
1756,0.056195472443925885
1760,0.07896095150504703
1765,0.05848515755980144
1776,0.1006145846659281
1778,0.05706581903173141
1779,0.09195748059134336
1781,0.04935435218055949
1795,0.101994854548664
1808,0.05059429248537578
1809,0.10820080113961202
1814,0.11014597719594844
1821,0.09103637116335132
1822,0.10131732391435423
1824,0.12805063708381131
1827,0.09878563263580772
1834,0.11239078403293479
1844,0.1538074603752278
1851,0.13327339863555074
1867,0.12361640796313565
1869,0.08567309654582116
1875,0.2030966651412072
1882,0.11475329100954439
1897,0.09604631286637282
1910,0.10037409690543432
1917,0.09278926426326936
1918,0.10127496159681032
1935,0.10091780588154557
1936,0.11923818793416932
1937,0.05313147491653481
1949,0.10853352815723423
1952,0.04630949623748194
1956,0.11555980278628593
1969,0.0532151069083701
1970,0.09537441594218031
1971,0.08609746639324915
1977,0.12878417198708006
1982,0.11586722660189985
1995,0.08289626652333508
2002,0.10721543729930938
2004,0.09223105169173182
2011,0.12430092926090326
2013,0.13053181527623559
2014,0.09823275221526374
2026,0.09315206426556714
2040,0.10114297875920464
2043,0.1008880867547142
2060,0.08843079110344904
2069,0.09829159707949527
2073,0.08522067728922417
2076,0.047928768154294844
2082,0.1038522428147377
2089,0.05788568205118058
2091,0.1514118606954919
2103,0.07065982211477809
2109,0.06661037560715156
2112,0.10649666848069363
2113,0.1259079594742722
2119,0.05983003441893718
2121,0.10959067842174985
2125,0.11235519940744743
2127,0.18398170199318026
2128,0.11037806056073454
2132,0.14359464984437015
2146,0.12847110719423147
2148,0.06286397490018572
2149,0.15272588314155164
2156,0.05813571530422646
2157,0.11632127987709633
2159,0.1039409877225189
2160,0.09242514174951724
2169,0.11134822788376056
2170,0.07301549579944262
2186,0.060290153154001214
2188,0.04936324368785851
2190,0.09997440941093924
2203,0.0715930738186177
2204,0.1272569331283834
2205,0.13340299986186988
2207,0.12545095241226695
2209,0.052180786096890676
2211,0.08180104704761863
2220,0.04825944779178272
2226,0.12278065037722127
2229,0.10153510290125055
2234,0.10286089521187267
2237,0.12334622698425515
2240,0.08479076701446225
2249,0.05449876588480053
2252,0.12395996618861437
2264,0.15065505339030633
2269,0.11972449184087174
2272,0.05544123537158581
2283,0.0898383143977151
2284,0.10796977352122533
2287,0.13084310129604054
2290,0.0801618648930553
2298,0.05252854045804552
2328,0.11000750090973807
2329,0.14561563451037568
2330,0.13997288467878116
2336,0.11229898447649282
2338,0.10267440619615958
2341,0.1522288039508639
2353,0.12753832001073925
2356,0.05589717566454175
2366,0.10261469137529565
2401,0.09509562789160242
2404,0.05223287127693737
2408,0.0985185038240971
2409,0.10187300774412043
2410,0.0937245665649761
2421,0.19480236474465878
2425,0.1061975105314558
2427,0.15092856978884692
2429,0.12417589002482474
2432,0.10810100230818044
2435,0.08417366703727382
2436,0.09488813878439283
2447,0.09506031606650506
2449,0.05562619147094423
2454,0.06196949763885816
2460,0.06903916279914533
2472,0.11546479270974538
2479,0.09348536467161984
2483,0.1267383220671242
2484,0.10181970995674951
2492,0.13864797328837852
2493,0.0627327325349147
2495,0.10136005993927326
2498,0.13749222452809473
2501,0.07990249444098434
2510,0.097741485822606
2512,0.043791889211125846
2516,0.06189190479386722
2517,0.10311454377892218
2538,0.05837361955282467
2561,0.0824556032679772
2563,0.10328249611960816
2567,0.09102791209378404
2569,0.09223114943292761
2576,0.10677904981724506
2588,0.09119436561505169
2592,0.054338479001120876
2593,0.11379214979165016
2604,0.08633595394021215
2613,0.0922218963482061
2620,0.08472965684722189
2626,0.06446312035949105
2629,0.059658637384034874
2634,0.056668454322722155
2637,0.12957872303968673
2649,0.13454559526289867
2653,0.13454728890099157
2661,0.10185635828452964
2662,0.09207844281665639
2668,0.08377306607136543
2684,0.108703433717314
2686,0.0874125671858411
2706,0.08417890448639158
2709,0.10574249196351296
2710,0.10257993771706211
2712,0.08078074615191563
2717,0.09177847643270515
2718,0.13401074091399504
2720,0.10423031424981591
2726,0.12108376034728074
2732,0.12483462507433819
2735,0.11540119237760055
2736,0.10044776578162894
2754,0.10626858856213736
2755,0.054497835567384544
2758,0.11332604589093467
2759,0.06161164641333538
2768,0.12684216469734008
2769,0.12929483020574312
2770,0.12363615057065855
2776,0.0520619686646043
2779,0.1442991639233167
2790,0.05739933746811256
2794,0.09513071616011178
2796,0.05831850513465891
2801,0.10824038362632374
2810,0.09362576603725668
2813,0.1184697008833192
2820,0.10766326905097451
2822,0.13370012904715373
2830,0.11935994890074585
2831,0.11305307048853702
2835,0.10879059128546355
2837,0.13618323859369605
2852,0.14786943021016044
2861,0.08072945761596105
2864,0.05589207308794437
2869,0.056393192590419465
2870,0.2172923614307838
2883,0.05596040799187855
2890,0.04868850033184455
2892,0.05113835902307564
2895,0.13065609772158662
2908,0.10708692820770979
2911,0.03957295113868418
2918,0.09735815222526133
2931,0.1763921199253652
2936,0.1118375949304874
2938,0.1781891275171377
2940,0.1637359191009818
2942,0.08883111250623162
2943,0.057766032600436265
2945,0.13477851659806428
2949,0.053124228073407956
2959,0.1127092489371788
2966,0.12152661061720926
2969,0.11372708213775608
2970,0.11879282545309315
2975,0.0941214048046556
2976,0.09843498642767252
2987,0.0757447183313541
2993,0.06095942681351696
2995,0.05336855902342638
2998,0.05896235503463201
3002,0.1050317529885359
3004,0.10673969491757736
3008,0.11705650007838157
3010,0.1110302320075861
3019,0.04618607563278715
3027,0.0583541848270571
3030,0.14323830371674448
3031,0.11517562579870026
3037,0.1069986435239504
3038,0.08427134963802467
3039,0.05766429779055205
3043,0.10256867770145198
3048,0.052998643469672486
3049,0.10119789177183187
3053,0.0580103928162485
3054,0.0630877836569317
3056,0.07045373529597034
3069,0.20089887713529078
3071,0.11321146931988108
3072,0.1204414414997562
3075,0.0946532829283279
3078,0.11277491280766944
3080,0.07475535419338104
3104,0.11219944827406128
3109,0.12022841504132048
3126,0.08238704677568869
3137,0.04686314845847205
3139,0.07977646951133312
3142,0.10198599369354998
3147,0.0627151937441249
3168,0.0796102326441102
3169,0.12204046697267791
3172,0.0943314567151038
3174,0.09062690204582119
3178,0.13561388764892263
3179,0.05337131126721127
3181,0.08159432353420908
3190,0.1077669770337966
3192,0.13616137243439694
3196,0.10757602948831414
3197,0.15835121484977197
3206,0.11504514791633796
3208,0.05061297467584896
3210,0.0826572420919501
3214,0.1346373414684263
3220,0.0724203524531332
3228,0.04893580456659446
3232,0.09836860287714665
3247,0.0907257429919734
3253,0.07008606781941544
3256,0.05879717547744203
3257,0.08153076574630047
3262,0.0948832967873335
3269,0.05009150605392217
3276,0.05232972002385468
3279,0.1929065845887855
3282,0.084128271009036
3284,0.05517101168836289
3285,0.11591222975287555
3295,0.09731603794497946
3297,0.07141877217121327
3298,0.09745276979370461
3311,0.05292411129363861
3313,0.09136491131734087
3321,0.08485005770998835
3325,0.11299403076883609
3329,0.18214044915004507
3345,0.1499577122793237
3347,0.08352514612109192
3349,0.0883252155336102
3350,0.07434229953234144
3354,0.11352691853796643
3356,0.18236458603009748
3363,0.11472605366669211
3372,0.07854349121976859
3376,0.07702401080923364
3380,0.08671061942847906
3383,0.0980225922133313
3385,0.1159976942021374
3387,0.12599145806820986
3395,0.05196505158966958
3396,0.055526544379093545
3397,0.09172753070953873
3411,0.07147676167305342
3413,0.04437940348822477
3415,0.08543116690623301
3444,0.13482744450306766
3446,0.11773485522934779
3447,0.053059264632186395
3448,0.09056901829159883
3454,0.05958239297000977
3466,0.10731822438148589
3471,0.1128895472892923
3474,0.050893782117156276
3488,0.11330758867026389
3496,0.05724851357815039
3498,0.11649636137209596
3508,0.0896442313530847
3511,0.06863912661044815
3514,0.07372436104194932
3524,0.04825310809909746
3526,0.08832524018028673
3529,0.05781687020262794
3552,0.05484772859737875
3561,0.06439010693826754
3564,0.15616394988018042
3566,0.06391295960727804
3576,0.1345062614062428
3581,0.0624718107378113
3582,0.11998896945221225
3583,0.15833817387636487
3587,0.08531090657962206
3589,0.09399905724800167
3590,0.09945477946445627
3592,0.10499215573749897
3594,0.06408613183175015
3598,0.09579395547066498
3605,0.10983548136142039
3608,0.1342785135578246
3610,0.1037695411181681
3619,0.08296746964452513
3622,0.10054438519911921
3623,0.1837044457541864
3628,0.11804897581471462
3629,0.09705145745025633
3647,0.046224575860535994
3653,0.16481551248306536
3657,0.12044496983725819
3658,0.08872935098433023
3661,0.05363733402324869
3665,0.10719941874926706
3668,0.06617698268910252
3670,0.0738898752973339
3672,0.053489004429801305
3675,0.09859825979575504
3680,0.05128141843434378
3697,0.0550235032152111
3698,0.05590912759082944
3699,0.10886579420124592
3703,0.04564960036868666
3711,0.11125705742352902
3712,0.1341677579139297
3716,0.1122986394448788
3717,0.12571110509334962
3721,0.1243256609687654
3726,0.10404266505461669
3735,0.13001127838602905
3736,0.2179549905393164
3740,0.08713790739050602
3748,0.08249095259391834
3751,0.08128619421210038
3753,0.08066097167150776
3754,0.07577280899697837
3755,0.05917636006560939
3764,0.08099965081645948
3768,0.08532810913496756
3781,0.10100795315540162
3782,0.1238473219961885
3787,0.056617939656177466
3800,0.08435754297694432
3804,0.06173901023474513
3820,0.15982078163227972
3821,0.12533946338701407
3824,0.06911169420802554
3825,0.10886615312314836
3826,0.14947631120278618
3831,0.07680626893168717
3834,0.10322758372578726
3835,0.10832665164737133
3836,0.08064111087003423
3840,0.08115855266525668
3841,0.14544182217697785
3848,0.14823213091127896
3863,0.15423884093319895
3869,0.09994806109331134
3875,0.10459788175992618
3877,0.16046018116729288
3878,0.1282564999621175
3879,0.12391299421800632
3881,0.11688193048950057
3882,0.05539845009233786
3887,0.10620578345880634
3890,0.08728362408522247
3904,0.04997836493847831
3905,0.17136839495519895
3908,0.1216431383190147
3917,0.1521092054349919
3927,0.1215593131778544
3931,0.13452873423441153
3938,0.12963923325004026
3944,0.12497322186151685
3947,0.08037794996683262
3950,0.11820389290049793
3971,0.09107580287623167
3982,0.06780920007877646
3991,0.05634056832493232
3992,0.09325104612802049
3997,0.0867777049592083
4005,0.055502767229868015
4008,0.1170163948226586
4016,0.05739441895283968
4018,0.08981154096481446
4020,0.14232090454525753
4027,0.062069960704212786
4038,0.10140228450397774
4045,0.09137508757541622
4048,0.10815600299570353
4051,0.07670083984118628
4054,0.11812363573077345
4055,0.11782579207230012
4065,0.08476352612609098
4066,0.10865524377381326
4073,0.11290186110085933
4079,0.047622804942808176
4084,0.08072441495753281
4087,0.15174561077130938
4089,0.05056962548771459
4091,0.21008617093258772
4092,0.09872018728639036
4102,0.1810611261911959
4108,0.12826830142737192
4113,0.13801600558370603
4116,0.13507335814257246
4117,0.04672251238622081
4124,0.0874604105234003
4125,0.08628906538986278
4128,0.10750975707842514
4129,0.11568947967197019
4130,0.11074907143254643
4134,0.11919242583543956
4144,0.0887291054492986
4147,0.159088277306333
4150,0.05042872258089941
4158,0.12665801342993527
4162,0.10654961568761787
4163,0.09174560104990345
4166,0.051228585070808345
4167,0.09676172602533464
4168,0.10647149441961681
4175,0.05081811657728268
4179,0.06959984818331653
4180,0.12442564237227258
4189,0.10221306655588323
4192,0.13636505743414964
4195,0.10487454650871073
4197,0.0956098274042198
4198,0.09373644593694226
4202,0.0790508037696752
4208,0.09964676951413316
4222,0.12294090995309703
4225,0.046614652671759085
4227,0.09401019363015152
4229,0.08577394298013286
4230,0.10876881765092584
4244,0.19039825675317648
4247,0.10112495974996467
4249,0.11729726422044331
4258,0.08837280463209177
4266,0.17452421987365685
4283,0.0725976826647997
4286,0.09961492180620936
4287,0.08514929466404579
4289,0.10138750203498452
4291,0.14223474266012082
4292,0.11524488043739575
4296,0.05045369661141125
4309,0.04887637789596069
4323,0.1340210735879453
4324,0.11259657492215583
4327,0.08836589786455784
4328,0.09754597675379607
4330,0.052534526240479745
4334,0.07093825837556648
4338,0.06213412266043849
4341,0.11789033482508021
4343,0.14947728808698835
4349,0.05922086296082003
4366,0.09499985048810598
4367,0.0569171794433313
4373,0.07939404188092788
4374,0.17315891097691344
4384,0.13395960905948065
4390,0.12300390863853854
4403,0.10941831278642022
4409,0.0827553840252468
4419,0.13002424259889692
4427,0.07721780989471827
4428,0.12975276217546064
4429,0.1035892835886861
4430,0.04622797734215899
4431,0.09091076208946054
4433,0.055274448594324094
4434,0.116987092379782
4442,0.053120819268122975
4444,0.09302588585099321
4456,0.06244415203973524
4457,0.0853249939006699
4459,0.1026313820689561
4463,0.12787772059333874
4465,0.125735441262176
4466,0.06331843651899843
4469,0.07926054709183862
4486,0.08758921842078382
4488,0.10850362509122878
4490,0.10294391402754055
4492,0.10228233864797288
4500,0.05132253107346943
4502,0.116919143599522
4507,0.09836328420650928
4511,0.09672991017234868
4512,0.0830975452525827
4516,0.1087229512974576
4520,0.07808789074211354
4536,0.0893553248259505
4538,0.05060374649545411
4549,0.0650593695584908
4554,0.1034837445080935
4561,0.13808887064530817
4564,0.07927094335206251
4566,0.11006830916639078
4568,0.12828575570655468
4580,0.12043766893928448
4586,0.060677843417554805
4594,0.12095787746530809
4598,0.08154954504987341
4602,0.08219113756754479
4609,0.13629392791773032
4610,0.09153446292740766
4611,0.08691161191884034
4619,0.12964743492834946
4624,0.11811314051462618
4627,0.09896621974500942
4631,0.10532542810780153
4632,0.13838526494046077
4635,0.050730113605160956
4637,0.11333505240715962
4641,0.12109294672443457
4643,0.062439933361061385
4660,0.04912257220333922
4665,0.11028910415268854
4667,0.06236888037689249
4668,0.10531500869383922
4670,0.09339050974463242
4674,0.04822436655211321
4676,0.10384170342748499
4683,0.13782730119118985
4684,0.056148509030544955
4687,0.11978451181730139
4704,0.10160357832840854
4706,0.09018067391647172
4732,0.1223259333861743
4734,0.17568875738515113
4735,0.09165789199122246
4744,0.05482368832764974
4755,0.07784688701404664
4759,0.05307425224694096
4762,0.048275299592952216
4765,0.12709006813327003
4767,0.10486729401409288
4775,0.10651627653408258
4780,0.09788416455773166
4789,0.1016150679909265
4794,0.11990134504177744
4795,0.09292380521759978
4797,0.11716864244373609
4803,0.05224127506385909
4810,0.1312710011670522
4812,0.11945512567794488
4814,0.09320755985894766
4818,0.08761753931354065
4820,0.05752721818328114
4822,0.10832491362643067
4827,0.07773808120295767
4828,0.05049814572774578
4831,0.05450981365819541
4839,0.11221221187586754
4841,0.11731062766592058
4842,0.08076827610386435
4844,0.08592556645923391
4852,0.05287344205267037
4861,0.06517144701763598
4863,0.1865139006901318
4878,0.08857941154406618
4881,0.11617393720633062
4883,0.15540094477275354
4884,0.09638610102075337
4890,0.11690868399067579
4894,0.05666505188609855
4895,0.12074506116711173
4898,0.10236236928067445
4899,0.05109760268143756
4901,0.0637152864599285
4902,0.047047837436057525
4919,0.0888979351428416
4934,0.05279794072847829
4937,0.08958200714890356
4939,0.04847587668901971
4945,0.06502453471575761
4952,0.08735751160836741
4953,0.11066376145359695
4954,0.10401444693606773
4955,0.09442116768261888
4967,0.052334767981781175
4970,0.13135561574124544
4979,0.10530525570013279
4983,0.09698954664791426
4989,0.11319757000963145
4995,0.11141479635951101
5004,0.1476454381148261
5007,0.1145825922792686
5009,0.05873263777880554
5010,0.08009780198278982
5016,0.1099417350158533
5033,0.050966262877138936
5038,0.05076384078023554
5045,0.0905771381190931
5049,0.05210705103419614
5051,0.04840842905007288
5055,0.11595931508852413
5058,0.054248444531947916
5059,0.05288581918137871
5073,0.1116145709150927
5074,0.165511164621603
5076,0.10510475242184227
5078,0.0546585104514288
5081,0.08211689520289972
5082,0.09122286857496949
5084,0.05040237780624981
5105,0.07793201620489304
5107,0.1084917571023001
5111,0.06758459955665769
5120,0.052655273958647636
5121,0.07572614093933944
5123,0.1136274303080031
5141,0.08500854436035535
5144,0.10829856001181953
5147,0.14990717067515755
5149,0.04851963038074849
5152,0.045432383957053776
5160,0.08785533546487889
5170,0.10552938856529723
5171,0.1368251429971292
5176,0.13058352981419383
5178,0.1353444525727025
5192,0.052011002349120726
5195,0.06454720833303963
5204,0.10546361734435643
5208,0.12498898228399953
5211,0.08026699122774332
5216,0.07209961452488038
5217,0.10811562541280638
5225,0.1048894884445093
5228,0.11489657188638057
5239,0.03867582961967105
5241,0.06572994576506232
5243,0.11401594186983777
5246,0.1274486819832519
5247,0.15521948481166747
5249,0.05648717416302446
5251,0.1743715171975188
5255,0.12419097049246818
5257,0.13923622006055636
5259,0.06538904445133234
5260,0.11098636021100625
5269,0.12227074041291737
5281,0.08544420373431387
5284,0.13864565533526568
5286,0.0716603372931461
5292,0.06638211140033419
5293,0.0997817384079713
5299,0.08137796643046857
5301,0.09608180318758852
5303,0.07411367056833353
5305,0.14121765540477554
5319,0.08992677211872861
5325,0.05608956781944883
5331,0.08300569258732039
5333,0.0762054880823987
5335,0.09678092310617152
5339,0.09128124190067916
5340,0.08248280976216063
5341,0.08994782620084102
5343,0.07447564763946034
5347,0.15498161273731784
5353,0.11999923978254119
5355,0.08237180918698665
5363,0.09207519409180732
5365,0.1395302858623845
5373,0.09370893595970732
5377,0.09209402893539026
5379,0.05742872805675211
5385,0.1039387512883581
5386,0.05617978773705817
5387,0.10274669678377324
5389,0.05651169522942939
5390,0.05606345667952939
5396,0.05361229530227166
5397,0.049901286803021305
5404,0.09790316591789469
5407,0.11058294982248727
5410,0.058565709027056746
5411,0.05492543264983863
5412,0.09122909291825596
5413,0.04664142082748034
5418,0.11851438838606937
5424,0.10250086134979472
5427,0.13104527728987278
5428,0.08495898066388313
5433,0.1101350450077113
5441,0.12586367352004754
5448,0.08865580029906281
5456,0.11512700086831695
5460,0.05048904478747918
5465,0.11679342391292391
5468,0.05834450380507973
5470,0.13138424477762495
5475,0.1079128904931572
5487,0.13976603820217473
5501,0.05611389695523532
5504,0.0993605216096557
5508,0.10848336248586012
5510,0.08028114164623698
5514,0.050621890798395124
5528,0.12275195856924156
5540,0.08259074191831071
5543,0.07793908251213083
5545,0.10727932333326375
5546,0.11245384178466808
5548,0.05102996167447738
5551,0.20482296541320044
5553,0.10751000309345535
5556,0.085992943468665
5560,0.10918612183715667
5563,0.11387336435048151
5569,0.062402913401877876
5572,0.05842120263256475
5576,0.057000954620630886
5582,0.09797040197939112
5586,0.057514271165494256
5598,0.047044740325201645
5605,0.0985850674041803
5608,0.09230356429428914
5610,0.09718323518764507
5622,0.06805606820059235
5628,0.13125196827706362
5632,0.0858844812796352
5640,0.051189994593810496
5641,0.07945901142597638
5647,0.05369315982966526
5654,0.138163387689553
5665,0.1065753993309131
5667,0.12194508035049349
5674,0.06418669929078245
5691,0.08449187864524059
5694,0.10190297841954925
5706,0.1214551739971029
5716,0.06568703869196063
5722,0.05978657411470598
5738,0.1092522831437149
5745,0.1016213923438463
5746,0.09251259305666193
5755,0.11378517489056725
5756,0.04881135265797701
5760,0.13731830714134763
5761,0.11904534340618061
5762,0.05577885532310638
5763,0.059224822394642045
5765,0.12428543616606674
5773,0.1010042565391457
5781,0.10099376693497951
5786,0.1002878018934079
5789,0.13662174415184125
5802,0.08943658504495311
5808,0.13109378166490085
5811,0.07453945759609362
5812,0.1935862393701904
5813,0.10140993903576113
5821,0.09603413035533263
5829,0.1387750282552415
5838,0.12776194875860822
5842,0.14063779826599793
5861,0.09288910628391232
5864,0.0925186838971522
5871,0.12259306641344078
5875,0.11389980340149612
5879,0.12330722652839557
5881,0.11220952654245674
5891,0.05217331334688873
5903,0.036783931939653784
5909,0.09943040926304386
5914,0.1609486326548302
5918,0.09494906379968826
5933,0.05239872143368537
5945,0.061712903310152625
5948,0.05533552310204693
5949,0.050648689137935195
5950,0.10831266601603222
5952,0.11865143940845022
5955,0.1227566832926543
5959,0.1264611854961462
5961,0.10963844637161399
5964,0.08830622917852658
5966,0.14183704536362257
5978,0.11002362154602903
5980,0.09460411953777939
5983,0.13147751044373027
5985,0.08967001963806392
5995,0.10838543313345948
6009,0.11658517369982176
6016,0.07256540311625957
6021,0.13522575035521325
6023,0.09386102171202766
6029,0.1288697861280685
6033,0.11421286307698737
6036,0.062386474094150254
6039,0.10338781600101296
6046,0.1628318566100556
6047,0.07544737963633082
6051,0.11030981007051345
6054,0.0543794110139046
6061,0.12879969619938877
6065,0.08806794148495255
6068,0.08420481722087489
6069,0.1625460799376139
6070,0.10865288898081223
6072,0.07431200882186231
6076,0.11570846482339654
6082,0.06737409274514662
6104,0.12773904905576322
6110,0.10177779573485837
6122,0.1000836539333661
6123,0.11007028019610116
6126,0.04311277121312151
6128,0.10991930487712374
6131,0.056350221980071516
6139,0.08106032304000482
6140,0.12282929263275665
6142,0.19705797335971093
6143,0.0667487000073581
6147,0.10828078603449401
6152,0.1420294622852489
6164,0.09958879560978967
6171,0.15741719922553862
6173,0.12746697417436165
6175,0.16375204757231837
6176,0.06063944552270212
6179,0.11733194302538023
6181,0.08992470384427213
6191,0.04988998445842779
6200,0.11457122907550422
6201,0.11550939001500299
6208,0.12750162629303358
6219,0.08660169385139406
6223,0.05843361242830484
6224,0.11344359919304728
6237,0.06545957206864687
6255,0.10000729044207678
6265,0.11886650246104408
6273,0.11794919693368637
6279,0.0991702248278375
6284,0.10741740111992608
6295,0.09650713640207975
6306,0.06179032621741345
6311,0.1933738809650287
6327,0.093848986614121
6330,0.09607872496276768
6338,0.10903429822951725
6343,0.13096333079107159
6345,0.14102957659880946
6351,0.07821433619496598
6357,0.05230090550392172
6360,0.10417928478468153
6389,0.05184060176395891
6392,0.11672047466549684
6404,0.0818473500709397
6406,0.06102939670104507
6407,0.1181692417443393
6414,0.0697540353666772
6419,0.09153420002748851
6425,0.09662439032154446
6428,0.05494465664305183
6431,0.07710652224032602
6435,0.10123065028432882
6436,0.05669583749582913
6440,0.09397008189798983
6446,0.08256924997053046
6465,0.09703841924302092
6473,0.09447326631748838
6476,0.05529493674479845
6477,0.08909314760631776
6478,0.12141789718074833
6494,0.1245135515671886
6501,0.12693821897581278
6502,0.1571999623485325
6503,0.08691705298846619
6514,0.04084099520299006
6516,0.08884604949904013
6534,0.11516871074184167
6541,0.04300831854053267
6553,0.09144988355350347
6557,0.07569567677561524
6559,0.10350728900602281
6560,0.14952731507416503
6562,0.09254339996191518
6575,0.12673860309771348
6583,0.047581854540794444
6588,0.1151324608118199
6590,0.07972605112971493
6594,0.07275023477987837
6602,0.12140312729834514
6603,0.12242531586945872
6606,0.08496038128401101
6614,0.12768287339236625
6618,0.08220074565551576
6628,0.12175957543258739
6633,0.06018288157598632
6639,0.08556618979990835
6648,0.08773060455655958
6654,0.06845392396284668
6656,0.052841889244061524
6657,0.1558391591797302
6663,0.049871224150997547
6664,0.09647053441187153
6666,0.06067243297448797
6670,0.07453846825386824
6671,0.09806529249488036
6683,0.052112491274360975
6694,0.09566470907125794
6695,0.11536860280544917
6699,0.10717775306402746
6701,0.11515905563355507
6706,0.0502839312991687
6707,0.05198518910048108
6720,0.08663211101878877
6721,0.06940350183800516
6726,0.11121312875122526
6735,0.08949888813152301
6745,0.11856984784737659
6746,0.08798478577167788
6751,0.06110292194422602
6759,0.12829145682485846
6760,0.09735651006555616
6765,0.09965034291536488
6774,0.06851023496401432
6776,0.09438156841500873
6779,0.10976568680251025
6789,0.09721497043346426
6792,0.1627860727790688
6797,0.05361808275611028
6807,0.1114337058417187
6808,0.12699620278332646
6811,0.1253155318786184
6813,0.06261835318476558
6814,0.10310857134950377
6817,0.08727312708634571
6826,0.08701733366921195
6830,0.06718835163190251
6832,0.1249901835192668
6838,0.12776206401079254
6840,0.08232464737877583
6850,0.07847249833873837
6851,0.10386250574192141
6854,0.1698740801560926
6856,0.18432378588654957
6858,0.08771858605600262
6866,0.09355752355929454
6871,0.12993810767967215
6872,0.09871737811952516
6879,0.13066801190386368
6881,0.050962130914609834
6882,0.12520426984926236
6883,0.11551722967765993
6894,0.11917149549199407
6899,0.057792413221040805
6903,0.11021096192103431
6908,0.13231335987008985
6914,0.12420722327776236
6915,0.1364241081893093
6917,0.08672732822276007
6922,0.07142783729391357
6933,0.05783717144425166
6944,0.09499789096899894
6948,0.11813505561534832
6957,0.08506991609998472
6964,0.08539649380781321
6987,0.08346099852808192
6989,0.043299622295718494
6991,0.10314717390987417
6992,0.09448552248983312
7019,0.08159933515963891
7021,0.062227312225967266
7023,0.10054249041199971
7033,0.05585735577913242
7034,0.09068709281795301
7043,0.10330267157100073
7047,0.09096712533219972
7050,0.10246325563203813
7057,0.06927891328849337
7069,0.0660785335605892
7070,0.05254258053456991
7072,0.13378668085211096
7081,0.08836485055349187
7082,0.07142495992135368
7088,0.10773965544037821
7093,0.1272645772995134
7100,0.1268593650340928
7104,0.07067639577406017
7109,0.04663546230221143
7111,0.12424085156909338
7113,0.05997614878163185
7119,0.07699299944891727
7122,0.05075324305007374
7134,0.21129835471022176
7147,0.06766767448993358
7155,0.10009184361517075
7156,0.1032095049338103
7163,0.17567340896769626
7173,0.07825761793732043
7177,0.09480222648654756
7179,0.131222192110622
7191,0.1328095840246676
7196,0.14119041168095975
7197,0.05773497126480431
7205,0.04999725317754396
7209,0.06453947571192217
7215,0.05936009609088404
7216,0.07528263991106328
7217,0.10997282381291146
7224,0.08524377028382364
7230,0.09855324050274035
7235,0.13913166792141846
7237,0.17182250238136462
7245,0.08976203854637987
7246,0.09050995214544984
7252,0.06202674296433464
7257,0.08943824313879117
7258,0.09756195099549572
7261,0.10504486866502519
7269,0.0863806986164351
7270,0.08994248697811238
7283,0.12322458599658109
7299,0.09350825488715885
7301,0.051657474681979176
7304,0.10975968721822643
7311,0.11893916027142415
7314,0.11226934523761217
7332,0.10831218321870371
7333,0.13007194060748573
7335,0.11014663478026114
7336,0.060358263065183874
7337,0.12410588814964761
7344,0.10485431493372009
7348,0.11668310448074243
7351,0.10309372758538989
7352,0.055121943173694184
7371,0.10659429063821681
7373,0.12364338487908591
7376,0.07950216026288022
7383,0.16951654070627473
7390,0.061884150327832156
7391,0.06366753588373936
7392,0.11839410531222236
7395,0.054728723853618814
7400,0.12123983344166037
7403,0.09483634728745854
7404,0.09111700270431473
7414,0.09302390682780952
7429,0.0868283709004333
7435,0.12917126321866473
7436,0.08567130371101275
7438,0.08129842884043138
7441,0.055761002812153536
7443,0.20710938120858463
7444,0.13594658052985553
7452,0.07335007020951044
7456,0.09991373695359813
7462,0.07070776565166925
7483,0.05795083360950428
7490,0.1136449223612315
7492,0.12385812011208243
7504,0.05934127204879496
7507,0.12096200320449335
7511,0.06497025147741814
7519,0.10992390468340955
7520,0.21963953377303974
7522,0.051928209685775537
7530,0.04840293495311715
7536,0.13151400616979256
7541,0.11659664069221172
7543,0.06764587722137104
7545,0.11745252311657085
7558,0.11625146200494406
7560,0.11506370592037078
7561,0.107527090283569
7571,0.0801734768069735
7579,0.08838679356660195
7580,0.10207479183854606
7581,0.09085695208233405
7586,0.1139379089577485
7590,0.13206050575434844
7592,0.0945862752512693
7594,0.08857847420221991
7595,0.15592714963652538
7601,0.09404607393973544
7602,0.10411046301846447
7603,0.0951081607129735
7611,0.1090393300299139
7617,0.04197611040327843
7618,0.13734270892921402
7619,0.09872498414329435
7625,0.05322307817087455
7628,0.09957397011807476
7630,0.05533219350766537
7631,0.052693445772816414
7633,0.12090629483339495
7634,0.09259238975274717
7641,0.11160968699060374
7642,0.13757539374029373
7646,0.0721181590246405
7662,0.11774707466605151
7666,0.11408452054992206
7674,0.08342427120198292
7676,0.08305359973340606
7679,0.13152550232571522
7681,0.08817359015230165
7686,0.05443064787940636
7696,0.13652015171677073
7707,0.05184781434562192
7708,0.04851200892916597
7712,0.05978196284198236
7715,0.09027467002000322
7716,0.06987893778002753
7717,0.1500415927434603
7719,0.05011868091552545
7723,0.06591160175054916
7726,0.13603686649278984
7734,0.13909227168514277
7739,0.08517422560006441
7743,0.1060779342305958
7751,0.06092629801183982
7752,0.10935117198039368
7755,0.1099804934667072
7758,0.05816007480212185
7761,0.08181577977154292
7767,0.04951451901610588
7773,0.10917581087836326
7779,0.07281296979623235
7785,0.07101402880329838
7792,0.05315827915312231
7800,0.10634795437125973
7801,0.10848625382992427
7802,0.09958327493229219
7808,0.17405604679356193
7811,0.10201050997411466
7816,0.05693068412601999
7822,0.05639692859876499
7823,0.06430503853585076
7832,0.09121329901994255
7833,0.10674762819877898
7838,0.057292408022286245
7840,0.09960065712560762
7857,0.1011871232639553
7877,0.05755349219307034
7885,0.14326085217050324
7900,0.11121056165263182
7907,0.10378128430501825
7910,0.049179848456193324
7918,0.12122111524434181
7919,0.06716873308828698
7928,0.09819872757603829
7933,0.11133453627068411
7941,0.09007690494840928
7947,0.0654484714279955
7955,0.10891301359053543
7956,0.11551955523941349
7957,0.09375751479376428
7964,0.11058320428981792
7968,0.11490461357071431
7980,0.06369670438529365
8004,0.22321990176980835
8016,0.10015218243060721
8017,0.06148976353576564
8024,0.15590748232315318
8031,0.08674613339411429
8032,0.0564141855877494
8035,0.08875370020343337
8036,0.10125254305667268
8037,0.05099999463385463
8052,0.10597966191950582
8055,0.056604069394442666
8059,0.09363941799048674
8063,0.11590258894750115
8064,0.12926413215268695
8068,0.09244079981722518
8070,0.05552191676054385
8072,0.13607230351287472
8085,0.12167272273119446
8089,0.10190443649182032
8097,0.05103546963928923
8100,0.0973921906731429
8102,0.13878847211336096
8105,0.05315016958859622
8114,0.10412607343820861
8117,0.09223991231648679
8120,0.09960183017564406
8126,0.08969921667565155
8128,0.0686468248033207
8135,0.06000012344095571
8137,0.09794615814235572
8148,0.07429673961707456
8169,0.05306204074994183
8173,0.04488855757363573
8178,0.10435425591850314
8179,0.16945013806278775
8182,0.04684546042221685
8184,0.08070738980223086
8186,0.11729576814254238
8189,0.13063342464488983
8196,0.10907719626678289
8216,0.11524889882827018
8219,0.09837497630915709
8221,0.09831976778967651
8227,0.0509062210159456
8232,0.10674581640964449
8245,0.09029744494774232
8248,0.10694666455630614
8249,0.12248670814002816
8250,0.09152629933416834
8256,0.04984940076296521
8258,0.1321396777117475
8259,0.05767383630667729
8268,0.08986703804721155
8271,0.1192866921906959
8273,0.12740859274352656
8275,0.11291144743711555
8277,0.11804153790507181
8283,0.11855406272272187
8288,0.05164525933580138
8299,0.05378841504463717
8300,0.08373030982899149
8301,0.052267128876119916
8307,0.11897102235913751
8315,0.10531792622417596
8324,0.08831175835657142
8326,0.10456527544381483
8351,0.05381469135294619
8367,0.06120017447633694
8368,0.12176769367518905
8371,0.15478672322110396
8383,0.08207942226104066
8386,0.1061457380106188
8402,0.04822482748318824
8404,0.12155485791415437
8421,0.13298734715815924
8422,0.060647492514700474
8425,0.13440110155667734
8429,0.10850228017978635
8433,0.1175658054251864
8437,0.09295435086702486
8440,0.0570958801098678
8455,0.13828147125271953
8479,0.14691575839778345
8482,0.06257695375355318
8485,0.12257047549162549
8489,0.05987366035502706
8490,0.05274672325783823
8492,0.053809437775407
8496,0.1015361493302659
8497,0.11682720033056208
8498,0.08458599004038277
8500,0.11375923984542802
8501,0.09829401014723685
8508,0.11893017657490092
8512,0.1503508621697916
8522,0.1555001255059594
8536,0.06585393007598776
8545,0.09910724795103232
8546,0.08808509748437433
8554,0.1250563472381983
8556,0.10168120913228418
8557,0.08752225919182546
8559,0.12181268352549994
8560,0.12162068495839777
8563,0.09682105136866323
8565,0.11425405056433091
8574,0.07848695971926097
8578,0.060934854051690884
8585,0.05519483665750597
8602,0.11448780994188644
8605,0.08531936502856119
8609,0.10367282602570074
8614,0.07428332898642329
8619,0.10810923963668093
8629,0.10383336406208092
8632,0.12266842324728995
8635,0.06334508211182983
8639,0.04987853081315231
8642,0.05955733076147873
8643,0.09462892717944438
8655,0.10467559582792262
8657,0.08798839124329293
8662,0.11126488991088243
8666,0.1307729605693545
8674,0.05549914027627892
8676,0.11671496546844301
8686,0.12284693500956186
8691,0.08888007730490893
8702,0.10654897653682471
8714,0.0541043382223758
8718,0.10792771160908066
8731,0.08738304095962153
8738,0.10484776326006676
8745,0.054255548524811896
8749,0.09413444259296225
8754,0.10136061965396265
8760,0.09322625507669044
8762,0.056635583955366955
8767,0.05038283667555468
8768,0.11783793523811165
8769,0.05610863740768934
8771,0.11087034308061008
8795,0.08379914288746673
8796,0.057378969750328634
8811,0.10414675366498535
8815,0.14035931441691707
8820,0.10642574837819939
8825,0.11105772452408152
8832,0.09023200887376985
8839,0.07059980029699307
8841,0.11999745957604172
8848,0.09994322466307964
8849,0.06750371175681502
8856,0.10985068706452608
8875,0.08538901684146379
8879,0.057547294624119845
8882,0.09350672940631219
8885,0.10649876486241786
8892,0.11867529689437308
8897,0.10852114750090197
8905,0.05974586848900329
8921,0.04882767298547287
8928,0.09479694689629271
8935,0.11042504034426351
8939,0.06471337059798445
8941,0.11895410709424614
8942,0.055671467209174916
8949,0.09848954645716118
8951,0.052003456698967526
8958,0.12483562101485556
8964,0.05663219426612521
8972,0.05054419433903891
8978,0.13752181248469025
8979,0.05981860080140736
8988,0.12598571537042141
8997,0.10173538355729468
8998,0.057503267929099
8999,0.1122482073290074
9006,0.05298920574628353
9012,0.12834415060866908
9024,0.09178514547753404
9026,0.0913235148597513
9030,0.15289041217738147
9034,0.04666514261656998
9036,0.14421958841939936
9038,0.05882176088222081
9040,0.11885109663039842
9041,0.063973478429253
9042,0.0634029635957363
9046,0.053012859788761336
9051,0.11757229532884254
9054,0.15738195336519695
9057,0.04992534826198854
9062,0.0667615103696653
9072,0.10141164392148
9075,0.08468461617535915
9079,0.10668541966266473
9081,0.055289532237072815
9091,0.09691689601251315
9110,0.05973687849165424
9113,0.10185992727139019
9116,0.11585917522164267
9120,0.05874920406700272
9126,0.17315263945771314
9133,0.09712723234548931
9135,0.11953510354776338
9144,0.09521931339842037
9146,0.10671287854958057
9153,0.1008131553180544
9155,0.05976415805249172
9160,0.07000179382434753
9165,0.12635213311733637
9172,0.12691047194935443
9174,0.05667804449029618
9179,0.07205513118737199
9180,0.08350102346669709
9195,0.19469831466388618
9199,0.08660932698555444
9204,0.10655782698345141
9205,0.054006790716978205
9210,0.12367744942393175
9228,0.10174160650380533
9233,0.1236709410661494
9235,0.10883953298222658
9237,0.048507262864725176
9239,0.05414484461778678
9240,0.05853001598708154
9241,0.2075931805177647
9242,0.0818033942245554
9246,0.05676560037816128
9248,0.08873356855953587
9253,0.09180179449284917
9254,0.11317982040380878
9260,0.0818713554288689
9261,0.059072086052951195
9262,0.10056604805058046
9263,0.14854994159058113
9268,0.08141681890583158
9275,0.04960318665820519
9278,0.09480864509913013
9287,0.09550850392010765
9292,0.1389781889608492
9308,0.11158290368896535
9309,0.09495625029725653
9310,0.13239397716768794
9312,0.06204802829612707
9314,0.05974770956894491
9316,0.06992371776614745
9318,0.09688200127257696
9322,0.14939380390491847
9325,0.11106982892647577
9327,0.11307456374125459
9336,0.09467350348867991
9340,0.12174059723588203
9342,0.12389666454480647
9346,0.08744077660900564
9351,0.17264275561080383
9357,0.08568505700205085
9372,0.10852753711489958
9374,0.05825447775678944
9378,0.18004967404151373
9385,0.07439935164209172
9413,0.057851870098288294
9418,0.15545598317716597
9420,0.10138725341123352
9422,0.04973792721322021
9423,0.10158563652681182
9425,0.08609528134717337
9426,0.13250865327622946
9434,0.09115973534915364
9436,0.09117716852237712
9439,0.05299442753842946
9446,0.06136967990862744
9460,0.10788311481280334
9461,0.13049198749732113
9467,0.09503319948028467
9472,0.09725740372960348
9483,0.07845631119351923
9485,0.12186211070947113
9492,0.07020649140395704
9500,0.08783079876358393
9507,0.12320330889761658
9514,0.13122848586116692
9516,0.12345630777115182
9520,0.08363671188208732
9542,0.08051048508086962
9544,0.18869824886770503
9548,0.13505460619832985
9556,0.06429831652207683
9558,0.10191430725310752
9565,0.12992969772208007
9571,0.12108387206846152
9575,0.12111736722771102
9587,0.09866628310813604
9602,0.1320798132233075
9609,0.049825838911403936
9618,0.07202755749133916
9622,0.13171550746267371
9624,0.09892702674943427
9648,0.12286454138810794
9658,0.13045123737609352
9668,0.09247653178030571
9702,0.04956615181034627
9705,0.09401404262164617
9706,0.057124050685761395
9707,0.12707994947128334
9708,0.08050271324916052
9710,0.1246304736721639
9726,0.12432460630981709
9753,0.06433616919093475
9757,0.07675215654447091
9761,0.05078724216259762
9765,0.16458186816500162
9768,0.11675456984904034
9769,0.1060379561022296
9775,0.051799819473117674
9778,0.11278943943452185
9788,0.06387887280552053
9789,0.13957463240699985
9792,0.10432561173314464
9815,0.09608968403693886
9816,0.05337406616214469
9822,0.06138811210673632
9823,0.1222716731406613
9827,0.09477218992725221
9835,0.10297176356272005
9840,0.04727153596404684
9841,0.10889599049231519
9849,0.12110999795262221
9853,0.08287159584231435
9869,0.06212094305705672
9873,0.047196973578255155
9881,0.048290607788856396
9892,0.12251932600371264
9898,0.11457778061356652
9899,0.09735245936347453
9915,0.08804425018670603
9936,0.12386036122666935
9940,0.12630391143423028
9941,0.05279144413188953
9947,0.056771478832021965
9957,0.10963498713929586
9962,0.057006582758598934
9963,0.0944235975545751
9964,0.11235737946001398
9965,0.13735341885184318
9968,0.12165605127509732
9971,0.11126393755175618
9973,0.12358484458226435
9980,0.048850638199959454
10002,0.13678248803911455
10005,0.06497623751195568
10007,0.09614778501807367
10010,0.13703347859822204
10013,0.11070559425939457
10014,0.05778946435433175
10017,0.10734798414730776
10024,0.10667846475747374
10030,0.06747292691948982
10037,0.11076761778114344
10046,0.07773976959986106
10051,0.0864677998886165
10063,0.10446921488126229
10067,0.09108966068821467
10073,0.057955668591843625
10096,0.05683341547332542
10099,0.06470527292875601
10100,0.05783335922816934
10101,0.10444399816463366
10103,0.06013487094624982
10110,0.13597064198578515
10113,0.11962491936426142
10116,0.05272385363357798
10124,0.1419247652523824
10127,0.07497151572552585
10129,0.14526901860188765
10139,0.11510845544665682
10140,0.14513446178604927
10145,0.176930045995374
10149,0.07739773886260393
10151,0.15036287388908792
10165,0.05025517292507983
10166,0.05034711413921778
10168,0.11127321356305969
10174,0.0685929627684754
10186,0.06219047159521964
10189,0.09249160561242895
10193,0.13371345823742978
10197,0.0609692763446475
10201,0.10380697017055507
10206,0.11270264183996971
10211,0.08032021131014179
10216,0.10399380313774996
10224,0.10082465381580981
10234,0.11139971359702339
10236,0.10135842016711762
10239,0.14025398587927845
10247,0.07066124442184248
10250,0.0502191462983531
10253,0.10183761201455466
10254,0.09920659321204174
10263,0.12281332435090593
10264,0.13296327020900714
10265,0.09091131061756531
10275,0.048123576623747825
10280,0.10132341125226069
10286,0.1192940757593781
10287,0.143908803665938
10293,0.10825833992275001
10294,0.086359574065391
10303,0.0571489985575127
10308,0.12729541015713913
10311,0.08597655667894832
10318,0.10271828275998682
10323,0.14919817514820116
10324,0.10924473295725864
10327,0.085595291092236
10330,0.09428101117831111
10331,0.0840129595885252
10333,0.05598385077504804
10334,0.11025562959453365
10335,0.12269484392194331
10338,0.10952366115752578
10339,0.11132493262268477
10348,0.06044164173583889
10354,0.17320375928122192
10356,0.07893937665138628
10367,0.06252935268910935
10375,0.10629112158775092
10384,0.1378080440876252
10386,0.06346395199789312
10389,0.10261596150650117
10393,0.09612219147979707
10404,0.1155698746697625
10408,0.05866552321613012
10416,0.09490029130377559
10434,0.13524178408717363
10448,0.14808242796420149
10449,0.06611666287313969
10452,0.05267634518783688
10453,0.09746409427224419
10454,0.12616452214916105
10461,0.07414804908769111
10462,0.0536059302685249
10472,0.05764594886501424
10474,0.133888643221076
10476,0.11734498413036173
10478,0.0581266808124726
10483,0.07511443809680438
10492,0.09405063364117952
10493,0.12999983946558766
10499,0.05587076886389568
10501,0.05264686491837971
10509,0.10587929249668027
10512,0.11551012519985386
10513,0.07615749135110149
10516,0.08944948818641991
10517,0.08723862509606602
10525,0.09456341825781805
10529,0.09388884987754417
10532,0.0906465607739074
10537,0.09548555962895686
10541,0.12288147040582786
10545,0.09077643145766776
10548,0.10149906732213482
10552,0.059867105414465244
10554,0.1299619601619247
10557,0.09791934202956899
10564,0.11866070877856187
10574,0.053493286418006644
10591,0.09274179077493981
10596,0.1136383062636158
10600,0.16724821104574258
10606,0.04586661162120462
10611,0.09823695896674205
10622,0.04835390283847591
10626,0.09561169349959557
10629,0.06076910254481738
10630,0.1145511358086188
10631,0.12347654853938679
10633,0.057646712727573615
10638,0.1167239405044618
10639,0.1492960882185279
10640,0.0784774773219158
10657,0.1309008787944828
10663,0.11190588000994814
10664,0.10346114032655555
10667,0.09982642155648842
10671,0.09570464218609027
10672,0.07611458271955433
10675,0.08764393268827396
10679,0.13649869868056455
10681,0.10194942849423438
10683,0.04589941457981766
10688,0.08044434472942093
10701,0.12929988975771786
10704,0.12126732639948799
10709,0.13916250008308628
10715,0.09339384300739412
10718,0.05331941780291949
10724,0.09405519121264914
10731,0.058054272055997266
10733,0.10868195561195988
10737,0.12685326232295674
10744,0.04606188218389624
10750,0.08619783274808358
10770,0.09031476119420224
10776,0.0915767033836193
10780,0.05828236604921011
10782,0.20776306484112456
10789,0.11733768125409524
10793,0.12951704674907108
10795,0.1334701561855571
10807,0.09873794551944706
10813,0.09576685255171159
10815,0.09716833338631044
10817,0.09390747749933687
10819,0.09389561744510712
10824,0.12358875416930871
10828,0.10260177615364105
10830,0.056512416055831176
10832,0.10538265327081572
10836,0.12935001430004267
10839,0.1238837253700529
10843,0.08272634875752367
10844,0.10146321198524412
10866,0.15991147765189978
10872,0.0902396984011821
10873,0.05531763310257615
10878,0.15292030191590242
10889,0.050660144201050576
10899,0.13684073463619936
10901,0.13038866994807188
10904,0.12620402890129515
10910,0.09313385016280351
10911,0.09213648089904651
10917,0.08647117316144692
10920,0.11720718530675943
10921,0.05712676903877274
10922,0.06355312469552749
10929,0.05265470149772254
10930,0.04565041478890675
10933,0.12290905329064787
10934,0.04792567923180173
10939,0.11403020709841727
10942,0.054068488365556125
10943,0.052950685981707914
10945,0.130310145155077
10946,0.13475842108596084
10949,0.07052899310509307
10951,0.08441487897904157
10952,0.1167959848354765
10953,0.05812617975374021
10955,0.06565932500861472
10956,0.12372945432892878
10959,0.1365829666347287
10963,0.0834087928107492
10965,0.09747782280665927
10971,0.0652086271856765
10975,0.10478171248673955
10979,0.09145666319731058
10983,0.08910802414167632
10984,0.08946024090478512
10989,0.05785843741048382
10992,0.09554358569764326
11001,0.05640750997694312
11003,0.05375618153881395
11004,0.06759015912922897
11008,0.05335135728870083
11016,0.057570903711380975
11017,0.05603859774955476
11021,0.15161024395438022
11028,0.1524329598415187
11034,0.10808178820350987
11035,0.058267332168551775
11036,0.07046533654138323
11041,0.082720152900766
11047,0.16812437120582965
11056,0.14627297205403494
11058,0.10309311038961887
11059,0.07132347817907433
11060,0.09929363334528513
11064,0.12975982320675553
11066,0.059400876219039306
11069,0.09703433848966503
11071,0.09994963955607954
11072,0.12425361242158915
11077,0.1089639834420149
11080,0.08257725690316517
11092,0.09333380407432305
11097,0.05318222938992127
11098,0.10271327017684231
11114,0.08310580241169653
11121,0.06319476597100321
11124,0.11957837937866109
11131,0.08814210204718427
11143,0.13118403500283804
11146,0.06436981774885825
11154,0.10070161381770787
11164,0.11008457898111422
11172,0.0918626435062134
11173,0.05886935717522092
11174,0.07201940244810208
11175,0.09956388411587071
11180,0.09485448705158675
11184,0.07340915868717558
11188,0.0861139046175135
11189,0.06124809649096651
11190,0.08242776424036947
11197,0.04894846633708713
11201,0.11436879892682826
11204,0.13245298220632262
11211,0.09121881708587455
11212,0.10560654506983849
11218,0.11079173376671414
11219,0.08800126096673354
11227,0.10138976585741083
11241,0.10040293470235624
11251,0.05054889047786757
11254,0.06284572986304081
11260,0.0652417903773339
11264,0.07929277783027192
11273,0.06387688037921682
11276,0.05641217219863859
11278,0.05590646693035465
11282,0.09933641950181842
11283,0.10276909731561415
11291,0.1053014337173107
11293,0.12047658122581328
11302,0.11849492185151395
11304,0.06303403440389246
11305,0.11392396007542357
11315,0.11117512321837308
11321,0.08226664424805537
11325,0.09525459107018236
11335,0.0839025069988345
11341,0.10137880974269958
11343,0.09738530074380174
11344,0.15836928583558166
11361,0.08435586839232095
11375,0.10089584196482362
11377,0.055077007447663154
11379,0.13761110067223747
11380,0.12346395216569736
11391,0.10240397095460259
11393,0.12948795784460568
11394,0.12043597353564872
11398,0.10435462260180618
11399,0.09644555837716998
11408,0.09921812291717101
11412,0.1372862799951004
11420,0.10939771756741815
11421,0.13877782396411723
11430,0.05905157400415782
11437,0.09358835430874238
11446,0.1586400176915407
11471,0.08164456097331417
11472,0.11142540304708341
11475,0.0622538295349207
11483,0.11244668027321082
11492,0.09776755778318016
11497,0.097785553000749
11498,0.06893461137021159
11502,0.10037206336711163
11504,0.1644982176086504
11511,0.1610267295149654
11512,0.07978938223134589
11514,0.05928763458452209
11522,0.11837832146280496
11524,0.0951371537601761
11533,0.1387047165403879
11534,0.06280453252518872
11541,0.09844436887755259
11542,0.08554251377359025
11547,0.10086663429306718
11548,0.06044459597907525
11566,0.15012564805447023
11572,0.09013908092498989
11574,0.08952495608904128
11576,0.10767089635552715
11577,0.05845354019939592
11580,0.09325543445034415
11598,0.06239546660328502
11603,0.08447350689774014
11613,0.12673918815098056
11614,0.10372533880807201
11620,0.09111460170565475
11621,0.14218306611067769
11622,0.044805475346344874
11626,0.06674138360031011
11630,0.10247972066189764
11636,0.1003683438603527
11637,0.05476398180601463
11639,0.08833795814088628
11647,0.08158594297708731
11653,0.10764775826328123
11654,0.051241310822311655
11660,0.09333173131983905
11664,0.1198249316735761
11667,0.11813254158911762
11679,0.10031376116563491
11687,0.11959855620276404
11691,0.05168293909455004
11696,0.10553618306305684
11702,0.12487736092856529
11703,0.058786591890598136
11705,0.11711880736408493
11711,0.12961150651838002
11716,0.08893058165325148
11717,0.14950144000061302
11722,0.05754108000890393
11724,0.08193762253467275
11728,0.11643013360725188
11737,0.08425623950918686
11738,0.10355046571314247
11744,0.09978729930121527
11747,0.04859850967458409
11753,0.07485532431358558
11757,0.11633641661973824
11758,0.06493066747549808
11760,0.07917886366543563
11762,0.09948784437982765
11764,0.08471807774722886
11768,0.06771892312498591
11773,0.060562423965327995
11774,0.16239501918583776
11783,0.09855249487888466
11785,0.09013698455145076
11787,0.12347342902152988
11791,0.10531526849045038
11796,0.05373542261507046
11797,0.06436696142129271
11798,0.04804620270930322
11803,0.059302419992565227
11808,0.0807096278879428
11810,0.1065424333133229
11814,0.11802181883797319
11822,0.1140960270800205
11824,0.04996416523590359
11829,0.12092534787115117
11846,0.10798447992179254
11847,0.1101973698123606
11850,0.18324885805074964
11853,0.050114353797731236
11854,0.05576745380288788
11857,0.10370177905745102
11862,0.08958027481923214
11883,0.05578721110323649
11890,0.09481934481342194
11909,0.05111529431644374
11913,0.16699404065380086
11917,0.11164531986078131
11919,0.08944942828319292
11920,0.06026616764747143
11921,0.08814607867808756
11928,0.08681154196616327
11929,0.11172187131793553
11935,0.05780697886119137
11936,0.05615745650580931
11939,0.0581426642711659
11942,0.04430242384156726
11943,0.08906060066897557
11946,0.09039175889243922
11947,0.10663245846577223
11952,0.12717084536343293
11956,0.11157458791026471
11959,0.1584177125452124
11969,0.09456267991589147
11973,0.11764370772140574
11974,0.07943565138221116
11975,0.0971790413581952
11993,0.11787151629005511
11994,0.0986232901750232
11995,0.08062106477828643
12002,0.10901787286988715
12006,0.08272859851875097
12007,0.08682455861668831
12014,0.11355897326182851
12017,0.15472643172911119
12021,0.12928389813144428
12023,0.1392465995235553
12024,0.11275945331426332
12027,0.14597866751009797
12034,0.09374347311506416
12040,0.0822844924275607
12048,0.10402564025331676
12052,0.05995179031183346
12057,0.13718240545524404
12058,0.1874929996957216
12061,0.07597149529002241
12062,0.08838817233901836
12064,0.07393095181811603
12071,0.12229928126284172
12080,0.14221935989596146
12085,0.063315413442733
12090,0.14414251578251006
12100,0.1131584290607995
12103,0.10968088346650955
12104,0.10105075087579048
12109,0.05228368846882626
12114,0.0995392851229433
12123,0.0666693338199784
12124,0.05381784940070475
12128,0.17419342190457202
12132,0.09288165591599291
12135,0.10236891206925096
12140,0.23722724104929588
12149,0.055265948955859234
12155,0.08369210777782109
12158,0.11511564396772905
12161,0.1221441135957318
12163,0.11546806162537072
12164,0.100452020237266
12174,0.06106583068690594
12175,0.0930934552008713
12179,0.18928621690146058
12183,0.10918795225301223
12184,0.11772091957946802
12186,0.06203072932525966
12190,0.081575674798579
12193,0.1140727970629078
12195,0.06257668973756506
12196,0.051408263249593654
12205,0.09194513796661806
12213,0.11802384595680451
12220,0.11857632371671188
12221,0.11878233766304344
12222,0.05357042596747015
12224,0.10015136424018665
12230,0.1168896490896259
12239,0.10289326948022746
12242,0.09372216999696176
12244,0.08806962074572473
12245,0.10783033568597562
12247,0.1145475999848851
12254,0.12938063185588153
12258,0.10616290087167798
12266,0.05285519208143805
12267,0.10401052588641917
12272,0.14052183590296213
12273,0.10778011135787634
12276,0.10255035659605638
12277,0.07999185843224131
12283,0.11814510759669646
12289,0.05841564050290322
12297,0.10765943661185444
12300,0.23666949028998688
12302,0.06977826751441085
12310,0.07199386245051857
12312,0.1147080310106137
12314,0.054231917739707446
12315,0.045002947331988896
12327,0.1007123863972024
12329,0.1045904147934347
12332,0.1045332082272895
12342,0.07310694389802268
12346,0.09692716270729496
12347,0.16866585037104725
12349,0.0579982723976649
12350,0.09174979258474457
12354,0.10331571300037977
12356,0.039162126421697016
12359,0.09631534982040228
12360,0.12621831147993234
12369,0.10154913242087114
12372,0.04848502179261461
12373,0.04479426470467327
12375,0.13687156010042403
12376,0.11380733190767853
12379,0.06199864718980878
12382,0.09181433688883978
12387,0.08211027325883151
12389,0.08426673803924474
12394,0.133993314583125
12395,0.10268222104047584
12396,0.13921127136763176
12404,0.14063682506790817
12405,0.11065526852080208
12412,0.18587156042695036
12419,0.09332518649982967
12431,0.10361680653116077
12440,0.11556407232758935
12444,0.15457251161714058
12447,0.055321984704337766
12452,0.11808984087350094
12454,0.11150773919240367
12456,0.12996918739931168
12461,0.059093270200349976
12469,0.08713913968571224
12472,0.08723523072059214
12473,0.0655690985567149
12474,0.09519522838086814
12476,0.1418748206291384
12479,0.13373574150339507
12481,0.10903605364260303
12487,0.06222249918872766
12493,0.09344678321537572
12501,0.12803679703341603
12504,0.08987779543272968
12507,0.11511203188949645
12510,0.109556523771536
12512,0.1799151438209366
12520,0.12267221907561175
12526,0.12405272767671115
12529,0.10069173049989262
12532,0.0826255820659389
12533,0.1304233808557111
12544,0.19153112373145384
12546,0.09735170926710822
12551,0.11247909272993896
12555,0.22628573729584758
12576,0.09653881934647697
12581,0.11474177129555117
12588,0.13367948046036002
12593,0.08418792605022347
12594,0.08586516057149426
12598,0.0951794402756351
12599,0.1272332917621277
12601,0.10169703031330841
12610,0.1450474772480735
12622,0.05385991023048198
12624,0.08066122383534302
12625,0.11222338268919214
12629,0.2498094353622665
12632,0.0638536480561022
12634,0.05661491126811763
12635,0.09294588186871455
12638,0.10838157703719027
12640,0.050104137503594555
12641,0.09792407089765064
12643,0.08459455083898917
12644,0.07211065713862638
12647,0.09408919117092812
12651,0.14953216493688717
12657,0.11070116974826603
12658,0.1115633816627864
12660,0.12271432006349163
12661,0.1023231942064643
12666,0.076736578894606
12673,0.07490177992203509
12678,0.09717491962379204
12681,0.12050866879935579
12682,0.16859717897065243
12684,0.04891284558252383
12689,0.11509109923647826
12699,0.10524695505037854
12701,0.11425907714932275
12710,0.07090299259076462
12712,0.10177444637267508
12713,0.11825249250124671
12715,0.0980101198295748
12716,0.09496840482783586
12717,0.10029351026560054
12718,0.10842114795141536
12720,0.08224183576985014
12724,0.10887399432175335
12725,0.13421859035509248
12726,0.07808278417331938
12741,0.1290335291265892
12742,0.1275893356624905
12743,0.11981243258376836
12748,0.10087979815706963
12749,0.06552401192389104
12751,0.1217464246579506
12752,0.10853967767194529
12756,0.10203721544547394
12760,0.08231380890664086
12761,0.11976310127620153
12764,0.12039253201635965
12767,0.07222322765664264
12774,0.11991186337902443
12782,0.07138563539882019
12783,0.1606482239562114
12784,0.11539518300518564
12785,0.10276079070414539
12787,0.14683693701001052
12798,0.0924444286388612
12805,0.10047291877043132
12806,0.10225770803237748
12809,0.0809089139764477
12815,0.08443223818017732
12820,0.05293927729562216
12824,0.08390715428664286
12829,0.09585549918655738
12833,0.10984783013973305
12841,0.11085845027170761
12843,0.08836685339658153
12847,0.10315835432206628
12848,0.10276547908284084
12849,0.09060723136026853
12852,0.10387030368408205
12855,0.12246657441522679
12864,0.13639221840359603
12872,0.061505268116319234
12873,0.1230634370475212
12874,0.117660247785672
12877,0.20910890186481143
12879,0.09510274070149155
12885,0.09588152173773726
12893,0.10614801465125322
12894,0.16935215701131784
12895,0.11843833552788886
12901,0.043654964805544115
12912,0.0840206877776195
12919,0.11360561087608105
12924,0.08190131665135908
12929,0.10618486637163359
12931,0.0947360846978553
12945,0.07703497233685097
12958,0.05678218888469585
12962,0.1255017499182622
12964,0.12411077401242415
12974,0.13111383573050506
12976,0.05483874861519616
12980,0.08778378939459319
12984,0.08614534621210848
12987,0.06940432880342026
12991,0.1353952551556335
12995,0.10980554195619747
13001,0.15064627578913992
13005,0.1439834998263442
13006,0.12384465643023593
13015,0.09256835768196973
13017,0.11474228480312822
13033,0.12264924716128313
13034,0.11877651944777477
13035,0.09523269377090782
13038,0.14366828743179988
13044,0.060231118993544656
13045,0.09258309295358423
13052,0.05491040898305192
13059,0.10854407707273327
13060,0.04591624467521604
13061,0.10267141644732689
13066,0.1729423090470504
13080,0.17576627994114458
13082,0.14072753959211287
13105,0.11559388499598888
13106,0.2016714877479004
13121,0.1290017034951257
13123,0.13801425534733186
13125,0.05020993651697343
13129,0.09097123069317992
13130,0.07958973391156395
13132,0.13715217743115637
13133,0.0954623610702427
13135,0.12798774587864944
13141,0.09854811850005357
13145,0.20730690812407454
13149,0.06069288659475093
13153,0.11465114137562106
13158,0.10672422543175032
13159,0.11898023937015743
13169,0.265210144352706
13170,0.09325672247331325
13178,0.11062898511396863
13179,0.05865684752172505
13180,0.10189657326200675
13181,0.09700388207998317
13183,0.0650977205526875
13196,0.09310071925557548
13200,0.13192306213433938
13202,0.09096162107813056
13204,0.06180046934822136
13208,0.10037080314323962
13212,0.11151642866386259
13213,0.09674755176631256
13218,0.12888131070352735
13225,0.10209471842119766
13229,0.1000571845186916
13232,0.09116872938312362
13233,0.11382666148163163
13234,0.05364816897445411
13249,0.05316368192489566
13253,0.11484002433586368
13255,0.11199293464426609
13257,0.2009364299692176
13266,0.049876001028669764
13269,0.058327968769358696
13270,0.12314114646287377
13274,0.10131547105210681
13281,0.10078661264902498
13287,0.0970923538307038
13305,0.10681702708524575
13308,0.056652318960887536
13309,0.06043521521641395
13310,0.16855159111649085
13314,0.1179881081050561
13315,0.061967451117101016
13324,0.07803499035792974
13326,0.10521558558963161
13333,0.11270893774911639
13336,0.08114173494888582
13345,0.0940171809815748
13348,0.11152928207361949
13350,0.13311872722781756
13354,0.13020937370106656
13360,0.11116553790191859
13364,0.12516996860549626
13366,0.1029597871357784
13368,0.11295776780339042
13375,0.09944126763009344
13376,0.10123797501384889
13380,0.08006076091828607
13382,0.05778512015842556
13384,0.1327785634663197
13387,0.10206838352525957
13390,0.06524754254995666
13398,0.09231860363065521
13403,0.0859548971292127
13404,0.08316829279638617
13405,0.08811257002933759
13409,0.2015271192226543
13411,0.10878443643683064
13414,0.12068705497750092
13416,0.09913987254295818
13417,0.061052219811960275
13418,0.104559405418271
13422,0.0719146468028049
13430,0.21091917385644213
13435,0.05753711299690828
13439,0.1104484788743684
13446,0.0869541262558368
13448,0.08388883773833902
13449,0.10687799610982239
13451,0.10236879639212168
13455,0.1121243389017365
13468,0.1238503537353358
13470,0.05635415153646286
13474,0.05398812531852574
13478,0.11468701235920237
13485,0.08803977080808355
13488,0.12815980868451435
13489,0.09241922919302192
13500,0.10388813857736634
13505,0.049795786081631266
13506,0.12064175776607414
13517,0.05391910796053997
13518,0.07759688317436483
13523,0.09406101759136526
13529,0.10757201369585004
13532,0.07440806844321346
13534,0.08978561267974888
13539,0.11568059853798186
13547,0.108361733599431
13548,0.0979695700246907
13550,0.1852217152087184
13554,0.13094389268880796
13555,0.13199010895425947
13556,0.11989319349743573
13558,0.06450909333920866
13562,0.08763627742172421
13566,0.10644436857385121
13574,0.07420066914254389
13576,0.10831919371620168
13577,0.14389847169204126
13580,0.07286052026751512
13586,0.1595226086633384
13598,0.19876728061764087
13600,0.09520232840613146
13602,0.08934094839241546
13604,0.10283399642658703
13616,0.11685835669073949
13623,0.08571911982314288
13627,0.14538217299352152
13630,0.0602769335151304
13633,0.13660730670653107
13635,0.1329622525327988
13636,0.13845493148692725
13640,0.1051332555750706
13642,0.15529214541317476
13647,0.12256579388835843
13648,0.1866560576426082
13652,0.09457142455580737
13659,0.0678862137535037
13660,0.08246770091389166
13666,0.11802938848277728
13667,0.059112785488160624
13672,0.09759287386941269
13673,0.09242898280170458
13675,0.09093936831423083
13678,0.1266690768296581
13682,0.09578535301037085
13684,0.11589531763323754
13689,0.09614567102951302
13690,0.10538002385627121
13696,0.09831440408009785
13706,0.12187673474528553
13710,0.31705388207330615
13711,0.12176145398062406
13712,0.115608371075859
13717,0.05398758908151201
13718,0.08965336597220397
13719,0.10370849008686521
13720,0.0787512792011465
13722,0.10458220135706792
13723,0.11957462151399499
13726,0.09066708604455863
13733,0.051894171191173406
13739,0.1426072132699249
13743,0.13104147270269742
13750,0.10279421547770323
13751,0.0804309625561065
13754,0.19561158682967328
13756,0.056916239074862054
13760,0.05491662293252653
13762,0.11024174379472934
13763,0.11490405977485514
13766,0.06071444026950876
13767,0.04856952392908033
13769,0.07916069844435347
13770,0.08440168964091375
13774,0.12926036871736496
13776,0.08207867976432469
13780,0.060365838565286385
13784,0.05416509055802452
13789,0.11935327539502245
13790,0.10603021477470652
13792,0.071187480151954
13795,0.11020550671757902
13797,0.08390208284844775
13800,0.08518325344576645
13804,0.09297454997946679
13815,0.08003026779768065
13816,0.12200647143010318
13817,0.13235767390461028
13820,0.16183151902379397
13824,0.14148636971322795
13830,0.11364747507456603
13838,0.09640405152800961
13840,0.055822015940519595
13841,0.07320216675505657
13842,0.114387901292458
13843,0.06297322129608687
13849,0.133424933348627
13852,0.11930974833784883
13855,0.0515168071123508
13858,0.09176056299480126
13863,0.06104610887644491
13871,0.16643662713505508
13872,0.10909982186122891
13873,0.08019388357583786
13874,0.09976741601096564
13877,0.12989062045624375
13879,0.11507792461203083
13885,0.10797697914922869
13886,0.127437412476662
13892,0.0973544564481822
13895,0.054379062741981884
13906,0.12853067231944632
13907,0.12739428315731602
13908,0.05709346063150922
13909,0.09523604010954605
13911,0.08434515133405251
13918,0.12840536903804226
13919,0.11059027006252573
13927,0.15574326111197972
13930,0.05691953136228042
13931,0.11254047682040827
13933,0.1344025890439251
13938,0.12027759922495229
13943,0.05914564644202966
13944,0.06841008933434052
13946,0.1026004445881738
13949,0.07855947773989537
13952,0.1960158361733211
13957,0.13480681543462364
13958,0.07650400125441634
13965,0.0788560941007091
13970,0.04662968339303176
13972,0.12104428871299207
13981,0.10685588049400531
13983,0.07249226110170481
13985,0.08672583423765605
13986,0.09585490024121944
13993,0.12261676805175228
13995,0.0913742080078044
13998,0.07962253573112062
14000,0.05362454557998297
14002,0.05359293323008605
14003,0.05989600265782287
14019,0.1328561094772203
14021,0.29212254844300084
14026,0.12497663471750642
14031,0.06376977285797536
14032,0.1111453959841389
14034,0.08125631644326547
14035,0.09907203166917501
14043,0.07195696632263636
14046,0.13841667215954134
14048,0.101896407692887
14057,0.1285161521018787
14065,0.08330547273464059
14067,0.059347447038465104
14082,0.06143237502999125
14086,0.09939111462720678
14103,0.1655649914840079
14104,0.17358467558201843
14106,0.13664448598825327
14107,0.12335337241372941
14111,0.05317943803016888
14116,0.05603721450795153
14118,0.06269642970681383
14119,0.0907273331645073
14122,0.08155730523043528
14123,0.09951198426331752
14124,0.05206232014718567
14125,0.12361608240700116
14126,0.14295930887660824
14127,0.11323476654162118
14133,0.11442862274467168
14137,0.10612125411442339
14139,0.11546255333128409
14143,0.08498178547786656
14148,0.09235570832295295
14149,0.08359397362533105
14150,0.0584808818509191
14162,0.05821563886513162
14163,0.10322939775349255
14164,0.09703047566527798
14173,0.12020877633816222
14174,0.13219338510964868
14178,0.09668551361507789
14181,0.07733594766198851
14186,0.09007385370152025
14187,0.11921235850124037
14188,0.07585283602399043
14192,0.14542713516489977
14193,0.09551658638979031
14198,0.21161070723243677
14200,0.11585707402408556
14201,0.09782321393458984
14208,0.1693455802795355
14214,0.08640083534218812
14220,0.08594845543718586
14224,0.11630198604579861
14229,0.08699124680269157
14233,0.08220511136424381
14241,0.05861375592224906
14242,0.12259760411280841
14246,0.10271092335678479
14247,0.09066891302550477
14250,0.07338443606874277
14251,0.1455764870228678
14254,0.13589574051423653
14257,0.06320475580618934
14259,0.11492269317729867
14261,0.10149617179207653
14281,0.09752863988986876
14282,0.11031138645585781
14285,0.05058370585547778
14286,0.10147078663914975
14293,0.10740077387415088
14297,0.05947367396749996
14298,0.084193406815169
14301,0.05453453269673622
14308,0.09956012923845198
14311,0.1077757692890561
14313,0.20647337044988937
14314,0.049986698273491025
14315,0.04882845438108904
14320,0.10682647742495048
14325,0.05540149721001562
14333,0.11118035820096793
14336,0.1250795375436935
14338,0.10593174752897774
14354,0.09896097851397087
14359,0.12933972535614421
14361,0.11138421823626
14362,0.08998461010656802
14363,0.13771771339424066
14369,0.06300943069510538
14370,0.1550528145178797
14376,0.09529996086503745
14382,0.15370314535214438
14387,0.08319929320248581
14389,0.14424809517735487
14390,0.09600555798528938
14392,0.11206124415382462
14393,0.08612352750303216
14396,0.09447534846778219
14407,0.10562071165996419
14412,0.09677098848993701
14413,0.12007963033594002
14414,0.04681751990689321
14416,0.11594054175255501
14417,0.08645908071277744
14423,0.12322065800874359
14427,0.1286365470671957
14430,0.15318741851155065
14433,0.09755581794501363
14434,0.09205163102149531
14435,0.15262917127808778
14436,0.08572261953479729
14438,0.045698333554639946
14439,0.09019940519256611
14442,0.07874323919731485
14444,0.08068983876337334
14446,0.078591418219914
14449,0.13614188028145427
14451,0.07779982353900854
14459,0.11835608529749443
14464,0.11520240858077856
14467,0.1142015359929885
14469,0.13059657052390805
14470,0.055023455102065265
14471,0.11150558748087251
14476,0.04659511790564359
14477,0.10120139444574489
14479,0.055433459183825015
14480,0.12347244848376275
14481,0.05282762668794448
14485,0.08553105654081773
14486,0.09227425495377772
14493,0.10707988280247399
14504,0.13808603608739387
14508,0.1160354469566142
14509,0.13646613369903224
14516,0.11113754993468947
14520,0.09030613500660373
14522,0.11079573386804334
14523,0.09234662842607991
14529,0.12787174481272126
14532,0.06046060910888772
14537,0.055077157932962015
14540,0.096505418275603
14541,0.08339007324543532
14544,0.10257824282722865
14548,0.07275066607711185
14550,0.14575005456935142
14554,0.04468567306822297
14555,0.05397680239432788
14564,0.11696367285897481
14571,0.05636204512390092
14572,0.11284980819423723
14576,0.1049203285603627
14580,0.05612122542925949
14581,0.09899270947216532
14582,0.12840866005284446
14583,0.10455571105129405
14586,0.08508341666662299
14591,0.08834031596982658
14593,0.13470829543288684
14594,0.08930881285591584
14601,0.11715740771453834
14602,0.10327349817641636
14604,0.13467310672738322
14610,0.1298181278920224
14620,0.08418863966665883
14622,0.1468397822426059
14628,0.05309631330838916
14629,0.17183663042423036
14630,0.1018741976014316
14632,0.26710081639482064
14634,0.09673785955595786
14646,0.060913016253903836
14648,0.12659529279365303
14651,0.08400692176115403
14658,0.19718670247424588
14661,0.09557176702378567
14666,0.05742676867168553
14672,0.12914628078042095
14673,0.09657826037617316
14680,0.09755946003691404
14685,0.14564986303114352
14688,0.118151469265045
14694,0.11470796150941223
14695,0.15404086640084155
14702,0.13057111345706135
14705,0.05797753729152026
14706,0.09564006002568891
14707,0.12158513560045639
14711,0.1013703723979804
14713,0.054292460740419594
14714,0.09855981121913626
14717,0.11760903235890838
14722,0.17310897174531595
14726,0.10590991266255996
14735,0.08791245519224929
14736,0.10122504866736415
14742,0.141891462050403
14744,0.3031840827501659
14746,0.08712699632309714
14748,0.10360356412289311
14751,0.1314381417871144
14753,0.15170332641193354
14754,0.11230004993820727
14759,0.1116720929601853
14764,0.1193766194594356
14766,0.11035787150779401
14767,0.14520955608314562
14768,0.1216235045843768
14770,0.09087707010281072
14773,0.14606243815574904
14777,0.10884703632141869
14778,0.0856188349128026
14779,0.07568481045694458
14782,0.1281197586323466
14783,0.1364466761376491
14784,0.10633290158041153
14793,0.05112584165891004
14795,0.0835331319034332
14797,0.13629734595276766
14800,0.05413636931272377
14802,0.09874176310066733
14803,0.058347821030823914
14805,0.1449428170780359
14808,0.15320662071174354
14809,0.06523218379434412
14812,0.2816738652041655
14813,0.15231807095739008
14814,0.09707098840776383
14818,0.128951449515885
14819,0.06762259228118296
14820,0.04793866623028847
14821,0.19970483093037408
14822,0.10423700102846316
14826,0.1045716955068141
14827,0.1041081176999835
14831,0.123526871506919
14832,0.09811689897094045
14839,0.09943790209937729
14842,0.11347053846611856
14848,0.10122049102940299
14849,0.05279000874244354
14855,0.09151591003436166
14856,0.12914257789646744
14865,0.0578652679995919
14866,0.07784969726812623
14869,0.09748402115901604
14873,0.13197536415183878
14877,0.09744000652241876
14881,0.055368673530643724
14882,0.19174879430104194
14883,0.12122148677447576
14885,0.11548139468117749
14889,0.1251128558668974
14890,0.11955711916467426
14892,0.1102820240573933
14893,0.047861658000673345
14894,0.0576717062559826
14897,0.12386053057046066
14901,0.10226754275252649
14904,0.045990790708729155
14908,0.11230044676148142
14914,0.11462332336544488
14916,0.08852249588003865
14917,0.0548499613771629
14918,0.0849487822766154
14923,0.0877989736232779
14927,0.10954864577821119
14929,0.10965241073697532
14931,0.106485260717715
14935,0.21098324421557574
14948,0.19440044004810694
14950,0.1031855067620922
14951,0.10951889389601582
14952,0.053399362614145955
14954,0.1721099449905554
14960,0.05328619576603222
14962,0.055502387921937034
14970,0.11428326431570257
14973,0.10485593052744265
14976,0.12186462412712354
14978,0.103440951007813
14982,0.10768061960393038
14985,0.06436527724113236
14986,0.09965595514453089
14987,0.08188104403924744
14988,0.13460016971434227
14991,0.09630462951050768
14997,0.09222247063626006
14998,0.09917308773699916
14999,0.10415155467688339
15000,0.09236682685846727
15005,0.13093655965614145
15006,0.09940807122651289
15009,0.13317207336957132
15015,0.12048450709980116
15018,0.09872142095368097
15029,0.1392378139881436
15037,0.18300669072554165
15041,0.1085729176760397
15042,0.09666162893145933
15047,0.08789705692445346
15050,0.1076288881903857
15053,0.13372282927185145
15056,0.13594477713557512
15057,0.13059163089339262
15058,0.09253956837207547
15060,0.08015925152709147
15062,0.10365421114998205
15066,0.07238619940421065
15067,0.13906137564185575
15068,0.05982492287270545
15069,0.06474919884277458
15072,0.12766395644189873
15077,0.1070555612559107
15089,0.1056756785674935
15093,0.08574555046644038
15099,0.09906683295006384
15101,0.13203183115854253
15103,0.12623009626074708
15104,0.11360270991962929
15105,0.08788448921759592
15108,0.10734865364494502
15109,0.1081662479107847
15112,0.11260729842002279
15114,0.14266891233080845
15117,0.04413820955614821
15122,0.08709803142847053
15130,0.053764092512717576
15132,0.049363048244863345
15133,0.1008053524391052
15134,0.05897855394073824
15136,0.11633283633577413
15137,0.14797131537542363
15142,0.06352172770447924
15145,0.09049483138092042
15146,0.06286209812340995
15147,0.09949896171296904
15150,0.16527434704075616
15163,0.1467937653556253
15165,0.07108298957946
15167,0.08725004987463378
15168,0.05054735050043706
15173,0.10197376452542824
15181,0.10009725137228367
15183,0.1419858883836442
15185,0.13833623581348836
15186,0.12962739950956517
15189,0.10294696628113273
15190,0.05871553088336672
15191,0.08209308501071179
15193,0.13824184664625877
15196,0.0930982551396908
15199,0.11168236148458727
15200,0.1326623598716848
15201,0.1299399972985493
15204,0.14227682599953828
15207,0.06441439358434954
15209,0.11278600257107509
15212,0.10233732501142495
15213,0.09974501549384679
15214,0.12637949038888863
15215,0.13982613508915176
15216,0.14472643391283005
15222,0.10365029108204386
15223,0.07783749963047511
15231,0.09113888527734586
15236,0.1293596164023911
15240,0.1470004051511849
15241,0.11800015766001933
15242,0.14934932816515425
15243,0.12304795826053389
15247,0.14746010453884636
15250,0.09562917209832737
15253,0.11447106378925702
15254,0.10615696758142117
15255,0.10907940136352805
15260,0.08081079627948443
15265,0.05225030204465065
15275,0.08083340062359638
15280,0.11430336648548997
15281,0.12730749363893282
15282,0.16717134706099884
15283,0.17008734234265221
15284,0.16035581774960284
15292,0.143749869114481
15293,0.08455954083211659
15300,0.13560045484400596
15301,0.10135901947369948
15302,0.28346078004705383
15303,0.08116554663236163
15306,0.07855090986674712
15311,0.10203672756401018
15313,0.11478432015492128
15320,0.10491563465148016
15322,0.07015965624211987
15324,0.10366524547461146
15327,0.14489405039795927
15329,0.09659405777799547
15340,0.15207786223114209
15349,0.10709732346527057
15355,0.08723820704150498
15356,0.10951356133557955
15359,0.28244610067022247
15360,0.11238847358720827
15361,0.07590906523913571
15364,0.1326963406345363
15367,0.05370277784858899
15368,0.16880286771756772
15372,0.18294614584139024
15374,0.06642692173741815
15377,0.12188649176587894
15383,0.12610382791061767
15386,0.05418277881457885
15391,0.13156693191037425
15394,0.04854157912695646
15395,0.12209566673744496
15396,0.07477224087953432
15397,0.10704419921049634
15400,0.07224015095464827
15404,0.10702507484130065
15408,0.09800987691611333
15409,0.04680139107531212
15411,0.15625260093647972
15414,0.133514429330673
15416,0.07987253540960979
15421,0.08561896678070785
15423,0.10980812136486448
15425,0.053175865810200784
15426,0.11762565711962295
15428,0.12252205112275583
15429,0.0906360963282296
15437,0.14698476437233485
15438,0.06124086183968895
15449,0.07866995117552399
15456,0.13060292138873705
15459,0.16791568221860187
15460,0.12829244062348397
15465,0.13195071163806077
15466,0.11154064048715198
15468,0.1242387143628996
15469,0.05299333093080185
15470,0.1003447662177971
15473,0.13066680903502115
15474,0.13005413756346945
15484,0.09015533135126672
15486,0.09945095903567132
15488,0.12435277261948297
15489,0.05640005964293902
15493,0.10644124873565687
15494,0.09324722025191087
15511,0.06524976759576778
15512,0.1409908015858785
15517,0.13407251409447019
15518,0.10457023915069127
15522,0.05418180805945769
15524,0.12715578644721398
15526,0.09845602947586686
15527,0.11754314126721405
15528,0.10885972061523402
15534,0.10208689535719365
15537,0.1351853105768799
15538,0.10365756607929341
15541,0.05992240449547629
15544,0.1253720946479535
15545,0.10049036923018298
15546,0.05277664469203726
15547,0.05466997735861766
15548,0.1284780984450907
15549,0.15556760252065896
15550,0.08332363745943855
15551,0.06261018280673603
15552,0.054794098748007426
15553,0.10352688346036085
15562,0.0933951493811129
15563,0.14351341617921345
15564,0.1260851428525338
15567,0.09499760779271638
15568,0.10396297235888928
15569,0.052374126235809774
15573,0.0613592639925235
15574,0.07709503112301792
15579,0.10577909321964041
15581,0.059187247272100216
15582,0.11333819282647027
15586,0.11658566901276064
15589,0.0929005882073019
15591,0.10661735670454135
15594,0.0770239338498195
15596,0.10633581013629927
15598,0.12238301378698034
15600,0.09161144278702173
15603,0.14088385419856359
15617,0.05130587641809913
15619,0.12108830086504854
15625,0.07105332298620685
15633,0.0632812800382571
15636,0.13924703479796802
15637,0.11447400764917143
15640,0.08976256454526398
15641,0.09821672694474344
15642,0.09972763511124631
15643,0.0747590620599231
15650,0.07893219741533622
15653,0.07169788543800967
15655,0.15825433427736293
15661,0.11652558460501732
15663,0.11506492590624129
15665,0.057956799377320796
15667,0.10929940274548154
15671,0.061634252231148524
15673,0.19136208031359728
15676,0.061974403076490825
15679,0.11150064786299978
15684,0.19533367559120948
15685,0.06313377211592851
15690,0.09003508206363615
15695,0.08888518490239851
15699,0.20542595924509366
15701,0.08323878273914645
15705,0.1550949767746774
15709,0.058803619856788614
15717,0.11793694592869074
15718,0.23940659978062329
15724,0.13334086197134426
15725,0.09037871200176238
15728,0.11335636294272
15729,0.1106497941538186
15731,0.09830113501425505
15732,0.1100109004017778
15733,0.10987143848609096
15739,0.1783775561325203
15742,0.0559085196211865
15743,0.05067946884627416
15744,0.08520817866987568
15745,0.058241539541925194
15748,0.05397455874336111
15751,0.1375134011977944
15752,0.10738529396811303
15760,0.05035690398198599
15761,0.06771558545870193
15764,0.1276889640857154
15766,0.15626700815129754
15770,0.052708608312572736
15773,0.05779835895472954
15777,0.11905708444872394
15778,0.13570704652841348
15780,0.06605753235040777
15782,0.2651457470557787
15783,0.120236513941459
15785,0.10086456705301082
15787,0.1200439175022328
15788,0.14605917340827057
15793,0.15495820631745466
15795,0.12558422111778828
15798,0.1889836880106054
15801,0.13886960445497745
15809,0.09688553830440218
15810,0.09183306363645077
15814,0.09894142294963648
15833,0.23306362436621866
15835,0.1415579601498736
15837,0.0479120337516976
15841,0.08679900893448687
15842,0.06335970564314257
15845,0.11101285669878039
15849,0.051573008017764224
15850,0.05977395712303007
15851,0.048252146265835995
15853,0.09279850159472981
15854,0.11300548723308401
15857,0.06214452269162804
15861,0.21793832333616073
15868,0.18017784705099743
15871,0.11816615822889245
15873,0.078645755394608
15876,0.11542434531649319
15883,0.09044261481050575
15884,0.08827982372440685
15887,0.08675941358681245
15888,0.08553940341570875
15890,0.08972691753858666
15891,0.14281579612634818
15892,0.0995048716000507
15893,0.08825039548497826
15897,0.08582350090232538
15898,0.2132742586699536
15902,0.12438540102596442
15903,0.049039297472979464
15905,0.115445439361095
15910,0.10333792068124596
15911,0.10379531358785159
15912,0.1151346532843245
15916,0.056767377618762015
15917,0.05927199630917565
15924,0.13626145471009796
15930,0.15376131766341977
15932,0.125941149188904
15937,0.10325130173902072
15940,0.11044557759888991
15942,0.10822662252050026
15943,0.18916475477816308
15946,0.09705841588374872
15948,0.05075526008347506
15949,0.05028192305216632
15952,0.11429723642122153
15954,0.07518746881373936
15956,0.09299533218147385
15957,0.10152062462402164
15960,0.06319593195103389
15962,0.07916103473993034
15965,0.09160727858436404
15968,0.11661438454890453
15969,0.11680873615680995
15975,0.07515178777895934
15977,0.1888106439096887
15982,0.08846618952875833
15988,0.10740402678899581
15990,0.05836502301236994
15991,0.054446751812673444
15992,0.07213682648436891
15993,0.19694672204223684
15997,0.1120691523747619
16003,0.08449974452982288
16009,0.09595823460972237
16014,0.12877769879768225
16015,0.11780640084774735
16016,0.05831395280379041
16019,0.09476569986702611
16026,0.09520350443162408
16029,0.13203845484145182
16030,0.11977024046974719
16031,0.055834340188166076
16032,0.11019613068260896
16037,0.07013434079718074
16045,0.12872359387899207
16049,0.12023100423831667
16051,0.08412386318584845
16055,0.1762459481287744
16061,0.12962027080501692
16064,0.12322249344986037
16065,0.06173581565557463
16076,0.2098668615147995
16078,0.14022533301287762
16085,0.1067947891156164
16087,0.06571944054457568
16088,0.1672244306523466
16091,0.11441261027394112
16092,0.10852394466629894
16093,0.12560947256087443
16095,0.12352829723812869
16101,0.09308927702460197
16102,0.12632811574756153
16110,0.1351828422447014
16111,0.10553095845938089
16113,0.12649121876961888
16118,0.13375282981236564
16121,0.059493559164811416
16123,0.14770216725902763
16127,0.09367896771727804
16129,0.050622743782461455
16130,0.1071140016716162
16133,0.08412589728629925
16135,0.09176770877367071
16136,0.0822501226360823
16137,0.13835517628488028
16138,0.05528428198378203
16140,0.11060283232247309
16141,0.1342758917888974
16142,0.09084574605458177
16145,0.11979130159463992
16147,0.1451101027960121
16148,0.16034666541642648
16149,0.11932106546940797
16163,0.15983341519934777
16166,0.0536912450518038
16169,0.08790564517862468
16172,0.11573750463213345
16173,0.134433441640099
16176,0.11409311708957884
16177,0.1398177484783978
16179,0.12363421663452591
16181,0.059277930367991664
16182,0.204345932498741
16197,0.12754222323963732
16198,0.10257663357301589
16199,0.10968524948819797
16203,0.09771305960446404
16204,0.07713558134708033
16218,0.07932222753525947
16219,0.15466890698661617
16226,0.11020446539705628
16227,0.09350584705797439
16228,0.11218640704121391
16229,0.14014761471247064
16230,0.12422923620898783
16235,0.08486241301783846
16237,0.05077519803797338
16240,0.08724864612065333
16242,0.11371618133646502
16246,0.11170559228652677
16247,0.1259967792598867
16248,0.10653375430313211
16254,0.29657978999234086
16256,0.14133794226523
16258,0.09688775032749
16260,0.05545663157920163
16266,0.11325649628060663
16270,0.10067029831633173
16271,0.08901426345966597
16272,0.0864199878373243
16274,0.093902617246847
16275,0.11166940747955917
16276,0.05453675270808773
16277,0.10419204849519527
16278,0.052219962157361036
16279,0.1186333702375362
16280,0.13764293350952228
16284,0.09541356742724073
16286,0.08806500379308597
16288,0.12994342662966402
16293,0.08266774465850996
16299,0.19438257088947528
16300,0.12100044422954291
16307,0.09851179380500476
16314,0.1194567061536199
16315,0.09708023809722999
16319,0.12858688524808365
16320,0.12375931534525814
16321,0.10412352538069282
16325,0.05654515511910163
16329,0.04763786430959293
16333,0.05364680704777365
16335,0.11165224240901624
16336,0.11406267090201812
16342,0.12350918835587203
16343,0.21274334731379013
16346,0.13468600026065186
16347,0.08036849879536634
16348,0.13245133623146965
16350,0.069162520732211
16352,0.10126547920149244
16354,0.12943255135744036
16356,0.11266736411211199
16357,0.16863398142473876
16358,0.0962101997635781
16362,0.09408510773496004
16364,0.055355663796201195
16367,0.10371599580606133
16371,0.08040925205289794
16374,0.1144263677043724
16376,0.11099259421928392
16377,0.15643414103211795
16378,0.1254402333954894
16381,0.07618261817466389
16384,0.11571020189984832
16386,0.10672619747092298
16388,0.07966029975955406
16391,0.13206958586261341
16394,0.11925015924983538
16397,0.0536727327386588
16398,0.129097884477811
16400,0.09302145972006362
16404,0.13561772785400125
16409,0.09642583568706152
16411,0.07598076030863625
16418,0.21834611020088251
16420,0.10010175514638345
16421,0.12819839079915676
16425,0.08276267374590823
16426,0.0868565353910945
16429,0.13111827929392864
16430,0.11204604375946982
16431,0.05233946150111545
16437,0.05892375037860706
16438,0.06092899595650258
16439,0.09267255194225647
16440,0.06128587075456283
16441,0.11922869137084556
16451,0.10878647174319579
16461,0.09415217840402516
16464,0.1626547107785644
16466,0.13552074079690682
16467,0.09738531847772575
16468,0.1457200160760398
16469,0.1079996406411486
16470,0.12703044859364765
16483,0.1598420463713245
16488,0.061083778854962426
16490,0.06288320777850374
16496,0.14698965272634576
16502,0.061611171428764315
16511,0.058613214301898725
16512,0.10862830642182532
16513,0.12226595006768481
16514,0.04045356728865312
16515,0.04570248813465024
16517,0.11592916147438485
16520,0.04646470499934126
16525,0.12059774527855142
16529,0.09212290105983419
16532,0.09874411321012763
16536,0.18812643704830703
16540,0.06261687121999324
16542,0.10581651435704713
16548,0.09166561746278201
16549,0.09367956917399102
16551,0.22605189729305047
16552,0.08582673431038951
16557,0.1142876400872734
16558,0.08687848294751925
16559,0.12055343434355688
16561,0.10160545074708112
16562,0.13139875445181565
16564,0.08847524398437749
16566,0.0869013639581345
16572,0.15106422910902814
16573,0.10281309461127895
16574,0.1257415873585492
16575,0.07721570753888043
16579,0.15670263980268925
16582,0.07632018848964957
16584,0.12114211906395493
16586,0.10436488965831614
16588,0.09454073700645749
16595,0.12033512785130625
16597,0.08126001145391619
16600,0.11462766794200799
16601,0.12050394795703723
16606,0.23446607413579906
16608,0.05993466487014983
16611,0.10098299299058505
16613,0.12768923590587844
16619,0.1133123961193596
16622,0.1020941764197114
16624,0.1272121689746589
16626,0.12669581066390806
16628,0.09390379284544137
16630,0.08276779925534353
16631,0.07087874791452911
16634,0.11384589009341901
16638,0.13223764931890059
16643,0.11355263454327098
16645,0.11178126891931561
16649,0.11431187530919447
16651,0.12072447612211508
16652,0.10816926919853846
16653,0.07151388437419168
16669,0.13309677680460372
16672,0.11219690992240884
16677,0.11494822785960644
16679,0.09655767628921723
16680,0.09812038218346113
16681,0.048135424734752776
16684,0.04847490185351705
16685,0.08029555501614659
16686,0.15105260250912403
16689,0.08370487547433383
16690,0.03788898196982151
16692,0.1013166018089305
16693,0.05065339445600561
16696,0.05336679925723375
16703,0.1775713231663233
16704,0.04985501199021022
16707,0.11599872840359006
16711,0.09128593521393695
16713,0.0846706457613101
16714,0.2799922588920647
16716,0.1006689140476253
16717,0.13187989378317785
16718,0.11012144755827162
16720,0.048630831968204884
16723,0.08406565798063433
16724,0.1854445571438114
16728,0.22573285298751158
16730,0.10277195139584328
16743,0.07825867139798597
16744,0.06422008298488388
16748,0.10861823958808565
16750,0.12457348614219577
16752,0.1273112440031419
16753,0.08960108251039456
16755,0.1432159126657759
16756,0.057588011566744285
16760,0.10637254866842709
16764,0.06138094288306861
16771,0.09155328183615
16772,0.1615738743593975
16776,0.11181310607532316
16777,0.08456166487464647
16780,0.12500933342703602
16781,0.10739716413517261
16788,0.09730146138442683
16792,0.10343624140481392
16794,0.1405770480969458
16795,0.055850830388774725
16796,0.06236438505117752
16798,0.09061940104626007
16801,0.1037511745671898
16802,0.09841055677905751
16803,0.13718484590276292
16815,0.09702726270804346
16816,0.07951597928437418
16818,0.13303010454438627
16819,0.14630467365880157
16824,0.08143928865653541
16829,0.10528127407184129
16833,0.09477724894888061
16834,0.08303062030731542
16846,0.09978669087285419
16847,0.11735708776843005
16848,0.09293777033333464
16852,0.10679788628007239
16853,0.13004405035553723
16857,0.10059962065547187
16858,0.15757321813839306
16861,0.11929357512891232
16862,0.11931470820921024
16867,0.09261622329610081
16869,0.11011503079128943
16870,0.11439698375278913
16872,0.10876508945035174
16877,0.08906576448233146
16883,0.08299856837169921
16890,0.063292100853888
16893,0.10594127740107036
16894,0.06798557596215776
16897,0.10033580023890255
16901,0.09228128083097101
16902,0.08941076062679956
16906,0.050032628888369214
16910,0.05948917943964293
16911,0.19984401494847578
16921,0.08592910087315443
16926,0.14304068828081165
16928,0.10876328255412128
16932,0.15679989109129075
16933,0.10255869590530532
16935,0.1161612671037961
16943,0.13025935209636552
16947,0.04802892654602386
16948,0.11737275132374034
16949,0.057590620218330446
16953,0.12585330051000457
16954,0.10339278839258628
16956,0.09781263616753322
16958,0.05957575265254573
16962,0.09708757322669594
16969,0.06016441704436523
16970,0.0576281934638456
16979,0.10543818518095131
16981,0.08747060756601378
16983,0.11473532999224613
16984,0.08204262708920577
16985,0.10142929354301455
16987,0.13428567381874787
16989,0.24435327606282284
16990,0.13668420316489563
16992,0.10085043709792678
16995,0.10803208960942567
16997,0.25537600816982725
17000,0.14180950992137276
17002,0.13386795206506935
17003,0.1245863257140771
17006,0.16382904640825918
17007,0.1320721066811049
17008,0.046498002697747565
17014,0.09640220266594685
17015,0.1281974987378965
17018,0.14316833576997645
17020,0.06600691683585858
17024,0.19955962442903058
17026,0.16020248467915735
17028,0.11913037392475877
17035,0.10491159345260742
17038,0.10443504342090135
17041,0.1944894454260552
17046,0.12881641361147794
17052,0.07915693965278339
17053,0.08263996672236606
17056,0.08853008911966528
17063,0.11788812929150333
17068,0.09257987048205266
17073,0.05350070979342082
17077,0.1164797989021081
17078,0.08833472625349384
17081,0.09742968923497343
17083,0.11407486200865533
17085,0.07535220322118982
17086,0.11120142547018652
17087,0.10305676659784545
17088,0.12266000176364089
17090,0.13167354510893575
17093,0.06184863286342072
17094,0.06258444464179612
17095,0.09003609475598202
17096,0.06914013204264177
17099,0.13891249296706218
17101,0.1229857218681673
17102,0.12340005411024964
17104,0.10679226775407934
17105,0.09470999926097882
17115,0.09664711942682379
17116,0.11557271445962691
17122,0.05866764873025796
17123,0.06689265929419726
17127,0.12369643059924944
17128,0.13238514253318873
17131,0.11939433451236764
17136,0.12458444502402351
17140,0.07919428509702735
17141,0.11251607701024065
17146,0.09056137981424305
17147,0.0521353577868397
17149,0.1242366916457897
17155,0.1369687193711659
17158,0.15318878626697396
17159,0.0987375592912852
17163,0.11145252844800532
17164,0.09201628549282971
17165,0.11702903138543831
17169,0.14409170002693025
17170,0.09320324208705598
17171,0.13460163100328681
17172,0.08175296197427673
17175,0.26152560933612307
17177,0.10111226167475391
17181,0.11089654045379366
17183,0.060828840755588934
17188,0.09260028338827044
17189,0.10510330734728003
17191,0.09318317860090373
17192,0.08911485780592311
17194,0.08569161687608975
17210,0.08890068441502447
17212,0.13026465613773502
17219,0.22120008590149692
17220,0.12373911601220598
17225,0.12574926172977202
17227,0.12367591177563528
17228,0.048980979376928344
17229,0.06039600787207901
17231,0.10514272454576941
17232,0.12565810282361986
17233,0.05360892988857773
17237,0.0976584550209267
17240,0.10290777902343927
17241,0.11535922266355465
17243,0.07925025327197753
17246,0.2107026022533477
17247,0.08466767579260245
17251,0.19773751586952001
17253,0.0950522796702113
17254,0.06422048175719779
17256,0.06141621158428151
17257,0.11163261193062339
17262,0.08329742736394022
17267,0.06603768134985268
17268,0.0996968588645809
17269,0.1051169890593084
17270,0.12629472494206279
17275,0.12829427519750042
17276,0.14718843471264734
17277,0.18690600258212015
17279,0.11506527867588058
17283,0.061652582649156414
17287,0.09914055043674037
17288,0.06036510597371945
17294,0.08942799767706762
17295,0.05458255401469055
17298,0.1052115576214868
17300,0.048333885139262636
17302,0.1267465689780646
17303,0.10299244239444559
17305,0.09363624668316298
17307,0.14637494301419693
17310,0.08642808475081999
17312,0.08855975335230967
17316,0.10885211042503963
17317,0.07968082605069608
17318,0.057126644274906366
17320,0.04754550231949683
17323,0.08644068957795845
17324,0.08941495273988849
17328,0.15072366724956163
17332,0.11345353829482946
17333,0.08668035986754344
17335,0.0648881023499436
17338,0.09755370639502672
17340,0.11656277358354883
17344,0.14982516328845022
17345,0.14090213703297058
17349,0.11995847221497637
17351,0.11555965915437573
17352,0.08629567738793067
17354,0.07017807572398409
17356,0.15266009494155997
17357,0.11165529716333446
17361,0.05603419917835618
17362,0.1157138579615249
17363,0.11425238543611195
17366,0.09534344001853878
17367,0.09432647384241462
17369,0.06706660998474384
17371,0.1229426228651053
17373,0.13568554799180868
17378,0.14180462609668282
17380,0.1111237804953164
17382,0.1311486035804783
17383,0.11935355971006482
17387,0.09254631244328591
17389,0.10188041523018525
17391,0.08836328070053186
17398,0.10839414086081318
17402,0.11411683843855515
17405,0.18228405579511278
17407,0.059191997223810265
17409,0.09106263655862046
17411,0.12153762131505383
17412,0.0470246479682693
17413,0.08703514946296605
17415,0.10764271213549721
17420,0.09042508907196684
17421,0.09553687289195917
17422,0.1162074897329056
17428,0.11404591740022432
17430,0.08123021524827997
17433,0.09014214196187134
17435,0.12889389196133152
17438,0.09131662478546419
17440,0.05515568967186233
17442,0.09542890642500654
17444,0.11708501061290646
17448,0.07459593679941323
17449,0.16984302329397208
17462,0.12952697362437107
17464,0.10303377872690454
17466,0.060693938965827456
17468,0.15089703819175249
17469,0.12539788941740582
17472,0.1026974997803391
17473,0.0911296518775035
17475,0.11375446869798005
17479,0.0579540572156073
17481,0.08225676993311637
17482,0.10581159997779346
17485,0.050577129893385295
17486,0.1998237659618513
17488,0.14731181878295305
17489,0.07508628862767426
17490,0.08374309516568619
17491,0.06637307797955591
17492,0.08202154139429217
17494,0.08618007345376794
17497,0.1684451405220671
17500,0.11308378762120344
17506,0.11894622085015537
17507,0.12261240963565875
17508,0.2026185557384346
17510,0.09669395847888745
17512,0.1363301558623857
17513,0.10971505211556737
17515,0.1190996586151519
17520,0.14873063992060287
17521,0.10941807882737145
17522,0.13888516912537677
17523,0.08145284895615722
17524,0.10648253448391728
17530,0.15986748314759278
17535,0.13907840536331745
17536,0.10820622676752809
17545,0.12200412926026784
17548,0.14301589901082798
17549,0.10832325288392271
17553,0.1135579899530561
17555,0.128872168420275
17557,0.12205784146246694
17558,0.09599001739944008
17559,0.1005201495272472
17562,0.15050958198038347
17564,0.060128337982639876
17565,0.13839139926761182
17566,0.12975401284334057
17567,0.11536262659194323
17568,0.058834429327371936
17569,0.10322540295958268
17572,0.10554988462180286
17573,0.13521075808428093
17575,0.10769727318600729
17577,0.11638762432932398
17578,0.08702017709420341
17580,0.09297464524378049
17581,0.1293781356908744
17585,0.10808230428375536
17586,0.13623724749854874
17591,0.1275283340795772
17594,0.12469004147020742
17596,0.09970433804729703
17599,0.18067036848352538
17602,0.1154041816739677
17603,0.15110095563533615
17606,0.0631968331224117
17614,0.15516781604374694
17621,0.11881676472151674
17624,0.16071467305512238
17626,0.18795245815237896
17628,0.05688767623447273
17629,0.10622213014836399
17630,0.1452778181803276
17631,0.11495582400297358
17633,0.07631145190138121
17636,0.12691892859569592
17641,0.10888371776651856
17642,0.17564264597099494
17645,0.13956828724877904
17646,0.13021827374031533
17650,0.10235093062359625
17655,0.10121125452787501
17659,0.09694532451489314
17660,0.11334275497138745
17662,0.0920998182001846
17664,0.07184008742805356
17671,0.05432854338971167
17673,0.09238341672726157
17676,0.12478150688190355
17679,0.1629096198864924
17685,0.1304770335408774
17705,0.14532369072618181
17708,0.10776732947985243
17711,0.1090736430198126
17714,0.16015795601906282
17715,0.05108384905538047
17721,0.09702321920835602
17724,0.19163433034201255
17726,0.12048606835745408
17728,0.11072674026362903
17730,0.09557559308811059
17732,0.07722782331513114
17735,0.2095075657356157
17737,0.07990044232822509
17738,0.11686434932526461
17739,0.12414608124381267
17747,0.09746444196524054
17749,0.10900049630692088
17752,0.11910892169465441
17753,0.1349574889281905
17756,0.09913157687106568
17758,0.0690556934196104
17760,0.10597374598945984
17762,0.10873072788208522
17763,0.17646576715633805
17769,0.05699199246759636
17775,0.11426809704451109
17776,0.058746327517660714
17781,0.12186177520859301
17782,0.08674706473786978
17783,0.04979288963911812
17784,0.13957284728919023
17785,0.10072735616817004
17798,0.08571349356928348
17799,0.12143188702886007
17800,0.2259099490895368
17803,0.08351674533272187
17804,0.06784494815296883
17805,0.08372117151172687
17808,0.11820677453390764
17817,0.08469778397042683
17823,0.24315684705095944
17824,0.10648233898171856
17825,0.10298132003418675
17827,0.061611738411548544
17828,0.11107244223278337
17831,0.09398867493420086
17834,0.08214092146528175
17835,0.225826640598944
17837,0.09287634980100949
17838,0.1618688760713578
17839,0.08361820491942652
17843,0.13772313772957195
17846,0.2965533571674293
17847,0.12449581996386845
17848,0.11383601281565857
17853,0.07561303344041206
17856,0.13066741414517538
17859,0.08933467637961585
17863,0.06483492368976969
17868,0.05012567903144409
17869,0.08585609683168675
17870,0.13612876156626655
17875,0.05918966827618531
17876,0.10505608630795822
17877,0.11310758731669404
17879,0.14357805000441015
17884,0.11313968753369662
17885,0.0660199164401011
17886,0.05553298316432475
17890,0.13183031407292603
17897,0.08177916701526468
17900,0.06958182555639757
17902,0.1024599464287577
17903,0.09105135100332011
17908,0.1192327706738539
17914,0.11348555104002357
17915,0.11919275062870072
17916,0.06343543766878859
17920,0.09009049616096629
17921,0.1401440815734879
17924,0.12895581171825915
17925,0.09911177693644667
17926,0.06981265374564904
17928,0.1749108630927813
17930,0.09108643993218817
17932,0.08491469494294612
17933,0.10227796678493625
17939,0.11859375429140019
17941,0.200353813528011
17943,0.18743260316756638
17947,0.06955492997561873
17948,0.11090157282718589
17950,0.0889164931057833
17956,0.1126529673671387
17959,0.08638378417160121
17970,0.14525239650360092
17973,0.09604645560018513
17974,0.12907287263385644
17975,0.09609004467144126
17976,0.11350589172354686
17980,0.08896789664649073
17986,0.15137247650836727
17987,0.05619516756039143
17990,0.16078347657279224
17994,0.11008662576126897
17999,0.0875929369217077
18002,0.05803196193886597
18003,0.04935373098972329
18005,0.17115741561936654
18007,0.14342936758621297
18013,0.0843587580649552
18015,0.044787320597714904
18016,0.1077167824144283
18018,0.08588070457194677
18019,0.10969015687855957
18026,0.11312122652228372
18030,0.1313010817985379
18032,0.15052487316745222
18035,0.12852019538748694
18039,0.12139662873196601
18042,0.08689659591349769
18044,0.12039679887711367
18045,0.0871228870266047
18046,0.1221431454140261
18052,0.13063229909002466
18054,0.0687856423650488
18055,0.1231050338679746
18059,0.09823124775724901
18066,0.11738195619830498
18072,0.13206261975982683
18073,0.05576687923736677
18077,0.1304881524769491
18081,0.053603561741027185
18083,0.07938083204015821
18084,0.12765179544923302
18085,0.0914936464375923
18086,0.11156415436985868
18087,0.11694888443282757
18092,0.11847854219379847
18093,0.08397616232097364
18095,0.05853748857724654
18097,0.09991563093468131
18100,0.14298494777251333
18101,0.10794262442027663
18103,0.13430912236077824
18104,0.14090154745528258
18105,0.11336035052499119
18109,0.08627132824214168
18110,0.14508339440592552
18113,0.13780179391703679
18117,0.06160082548219306
18119,0.09722269898718136
18126,0.1680738229244984
18127,0.052525615156116666
18128,0.05352311135368977
18129,0.12379343175958352
18130,0.09344979481649522
18137,0.267568214887077
18142,0.11730676190792368
18144,0.051777322187507156
18145,0.07556915562758144
18146,0.09048570379653371
18149,0.14043687686732603
18152,0.05079149578546504
18153,0.13371113743035282
18154,0.1031366613221831
18155,0.10464719067406414
18156,0.14402004486613026
18161,0.12968646508369377
18163,0.06396892288052511
18165,0.05388193438428045
18166,0.10051800415337409
18168,0.11618128336119693
18172,0.04349842712935319
18174,0.16126037370285826
18176,0.06758096230257982
18177,0.06619935505819134
18179,0.1248765790379569
18181,0.14921468897959406
18182,0.05558237322762584
18183,0.13260420696197148
18187,0.1022881743373245
18188,0.14860044537222525
18189,0.10773977397987851
18194,0.11527082158478495
18196,0.11679038666042359
18197,0.09296854977444984
18198,0.08009167093904833
18199,0.12276012539461856
18201,0.11505036056276843
18205,0.09931800284066786
18206,0.10470705823111195
18207,0.12757189097592078
18210,0.07440751941570939
18212,0.10134640620582841
18214,0.07828077975191054
18215,0.08069540417897993
18216,0.10634498941337989
18220,0.06907351438241008
18221,0.19119082825230188
18222,0.04796385726959662
18223,0.197453299285067
18227,0.09178304044802177
18228,0.14947217145486172
18229,0.055914876596913125
18232,0.14838373968168392
18234,0.11018784046457479
18239,0.12646172923712698
18243,0.11628154121752907
18244,0.05006969528435992
18245,0.13698524989967212
18246,0.08925588295741421
18248,0.11138635194658174
18250,0.22263482359937173
18253,0.19319204883517557
18254,0.08870831743877912
18256,0.10012897903249443
18257,0.11420882978922206
18263,0.06456874783333412
18264,0.05097811288225594
18266,0.09522404680093285
18267,0.04466267570217593
18268,0.0918568105486074
18269,0.13347238276229
18270,0.14721756753751286
18271,0.1929810803314424
18272,0.07551977776838646
18276,0.11638158991855317
18277,0.06008621073317508
18280,0.08494834131565114
18282,0.06551198490792624
18285,0.11539373032843764
18288,0.25287543551174957
18295,0.05286612025788344
18298,0.10609548140121046
18300,0.09277788677769586
18301,0.10808362756996145
18302,0.08185420755575963
18304,0.06066982389082595
18305,0.099815316307138
18306,0.1590899587206324
18307,0.06324495188590737
18308,0.052985836777311904
18309,0.09043776663116383
18311,0.1184193392554944
18313,0.10633538889961267
18314,0.1469550862824612
18318,0.15695509189856047
18320,0.1486883078042722
18321,0.10819532139309807
18330,0.1381278661360029
18334,0.09552383895399665
18336,0.059943441973528376
18337,0.11096481317704902
18338,0.09089097304631952
18339,0.10111947972805864
18341,0.17359942414788804
18347,0.050598240930542486
18354,0.052428331965360314
18355,0.05298499918642966
18356,0.12139708090492864
18358,0.08850122304945587
18360,0.15035288350669873
18361,0.11782601480726454
18363,0.1110075713767292
18364,0.180710013472771
18367,0.08778376948458912
18380,0.04605775951886851
18383,0.08695230191454147
18384,0.09891271139155745
18385,0.1193501099090269
18387,0.30003427733264104
18390,0.10629465713808507
18391,0.15560302717909186
18392,0.09664164865631569
18395,0.2698625570550366
18396,0.13269962658963416
18397,0.08582028940276394
18399,0.14207038896110918
18400,0.16390902357720685
18403,0.14804656063482188
18404,0.09879255228844729
18406,0.09727685658127179
18407,0.17497990310403502
18413,0.10475144790439538
18415,0.10081363975457874
18417,0.13574024153681233
18420,0.05613151378849569
18422,0.0860204446774918
18425,0.061872453329381495
18426,0.317956910614498
18427,0.039072512820080785
18428,0.10232811174346723
18429,0.11714992429904202
18430,0.07958317238786347
18431,0.10917467707417475
18432,0.13960328574451242
18433,0.29627470059996325
18435,0.09653479969462986
18436,0.08366720282577496
18437,0.052630969672914245
18439,0.09533224587011553
18444,0.10812785871053562
18446,0.10737422943443159
18448,0.12405167805648556
18455,0.09631330042400918
18457,0.0939268631178303
18459,0.13563585555600738
18463,0.16176679791759124
18464,0.08450514204910747
18467,0.0978533418495996
18469,0.13257801760390056
18471,0.05540882472396513
18475,0.09867004555316992
18476,0.050712990330957906
18477,0.09232150825614746
18483,0.11101318702421359
18488,0.1381696211882936
18489,0.06466395670761856
18490,0.09366272866765218
18492,0.23129242469738792
18493,0.08642260015499185
18494,0.1321885480928322
18498,0.09002690792354016
18502,0.11383898603630957
18503,0.06652956863555592
18504,0.12034641455824051
18506,0.0983408755200194
18507,0.11210323190947008
18508,0.1048230314748206
18512,0.09737875496782429
18515,0.04480085116719455
18517,0.14128957394169883
18518,0.08154357904373191
18520,0.10942316827459672
18521,0.090504006280071
18522,0.1015774661832678
18523,0.10417541191974572
18524,0.0639902971540542
18530,0.09073038280261764
18531,0.11356843791198987
18532,0.06346692062098627
18533,0.10843960170044598
18534,0.12373205499882076
18540,0.12083871511281093
18542,0.08332734252639093
18543,0.08245069511458844
18544,0.12228767488523185
18547,0.08801439953623307
18549,0.063475273831203
18552,0.13929879895949437
18553,0.14466440137621786
18555,0.11921431663768302
18558,0.12632433569935722
18565,0.061750035544544515
18568,0.17690538121549323
18572,0.08065536816035421
18575,0.12880086365642918
18576,0.12133220965253785
18579,0.08869438715243363
18581,0.12226805035827305
18583,0.07967767840830964
18584,0.04746820653002464
18585,0.05314681023980322
18590,0.0581167068244195
18594,0.12107593663298605
18595,0.09179389322467717
18598,0.08320330274551489
18600,0.13307884388839014
18601,0.1892495891224981
18602,0.08125585952961456
18603,0.20653959922115545
18604,0.058202562718486416
18610,0.11286533127656681
18611,0.11446853481512699
18615,0.12538198697360176
18617,0.10680562373121562
18619,0.15640544025731232
18623,0.055867786082179384
18630,0.10040287553499795
18631,0.13206432563690532
18632,0.050969615238783184
18633,0.10181121520007627
18638,0.12219264952778404
18639,0.08308157994988509
18640,0.10241511029428838
18641,0.06324606444908049
18645,0.1333987964901335
18648,0.08145355061053539
18649,0.11339354443395393
18651,0.09453087619327813
18653,0.07936235650374496
18656,0.13180884040666882
18657,0.1065322014235159
18658,0.0987632576724756
18659,0.10915887658730708
18661,0.09983391309768098
18663,0.19259230696218824
18668,0.10208495477700484
18669,0.08689232917075197
18671,0.11709571196970346
18672,0.0873731159719404
18673,0.10527716118479143
18679,0.1171556354446334
18689,0.1177663963682838
18690,0.12167419704568594
18692,0.11704506518317292
18694,0.10532985716750319
18695,0.1657651881226015
18698,0.12031580976067895
18699,0.10597833401463767
18704,0.1360039990386561
18706,0.20275374257853376
18709,0.12516203288533825
18712,0.1453162153283707
18713,0.13268223699951698
18717,0.12256323968024606
18719,0.29880138675851314
18724,0.07874857032298455
18725,0.060572622271131124
18728,0.12116491585584403
18729,0.09074515278504454
18732,0.07020485088660067
18733,0.09191680526003707
18734,0.06225514708225728
18735,0.11707398142692295
18736,0.12903518817565268
18739,0.08272424618840397
18740,0.12305422463819224
18742,0.12436684660657732
18743,0.20178670584617195
18749,0.05899729016644382
18750,0.14975928778688652
18751,0.09779157891452758
18755,0.10965607943898982
18756,0.05356472622779872
18759,0.1238053533536845
18760,0.07057341437246702
18762,0.13992524460876124
18765,0.11009265786372045
18766,0.10683732228358285
18769,0.09362941985862762
18772,0.11174209239506366
18773,0.06712990378468174
18774,0.10057685940069959
18778,0.10561511571487889
18780,0.057902084230521046
18782,0.10149193615548945
18784,0.09916220148589837
18785,0.1281840026344512
18786,0.1154676921760218
18801,0.062003991027913076
18804,0.10154454295934759
18807,0.12599902203436675
18810,0.16331240837180439
18811,0.0984913568965933
18815,0.08561506519599082
18816,0.11470205281834074
18818,0.13933484896243595
18819,0.1336834216608949
18820,0.14524157503064192
18821,0.2049950408803134
18822,0.14735177591623935
18825,0.09966184881214717
18827,0.15538437002552488
18831,0.08831675628183346
18832,0.12905502669628174
18834,0.17225417127139153
18836,0.09776427848952844
18837,0.0909448913477215
18840,0.0687924713037965
18842,0.0782162395429154
18847,0.10717122236345986
18849,0.09582882050754195
18852,0.11719529042800056
18854,0.12207186947206593
18855,0.1056213437090947
18857,0.08913330068602339
18859,0.15316397793047576
18860,0.14865198299567733
18861,0.13164020418330522
18862,0.05526449045215664
18864,0.10972917880945891
18868,0.09900921351078702
18870,0.11523181072025047
18871,0.05599458326731154
18874,0.10448961204973771
18880,0.14686077213047147
18882,0.10418525312901114
18884,0.0987106705537069
18889,0.13081185920407895
18892,0.12383246798165166
18894,0.17984056593084036
18895,0.12426041894155289
18897,0.15038897730670636
18898,0.04617459980986606
18900,0.17323734285148262
18902,0.12820107656458635
18907,0.12520495065557863
18909,0.135808612266369
18910,0.25884276780712806
18914,0.1357602911279401
18917,0.10255424278133193
18918,0.10382911488340366
18921,0.18773268689459657
18924,0.09660956121137355
18925,0.07765199421104148
18927,0.12103292149238544
18928,0.05639515343248599
18929,0.08442952314315391
18930,0.09460460944711938
18932,0.0968984134573333
18935,0.051647752910033456
18938,0.09917186176607175
18940,0.10019274799589116
18941,0.10560847439156616
18942,0.1342056979767229
18944,0.05758578887447369
18946,0.12377344175836456
18949,0.09810858952439708
18954,0.06290391067517276
18956,0.1306761278774299
18957,0.05244749942085561
18959,0.1522959959795853
18960,0.08307406439385202
18962,0.1158499458620634
18963,0.1591252857868599
18964,0.2528982001982887
18965,0.10854490199706557
18967,0.07830922386643566
18969,0.11765856508656009
18971,0.13276526581508868
18973,0.09065673224113747
18977,0.0956617788180486
18978,0.12882995346032716
18981,0.13420827912811495
18982,0.0747370004546923
18983,0.11030940868300686
18984,0.09405247250788154
18985,0.09867897976219596
18986,0.12934957848723877
18987,0.12040195323749313
18988,0.08456199186660883
18991,0.06289568967075411
18992,0.11040785570109589
18993,0.09916045600276636
18994,0.19620987839860562
18995,0.08834905549826803
18997,0.0842279280115356
18999,0.09199107888590026
19002,0.08214196741347139
19004,0.09242943809562289
19005,0.09134168682758415
19007,0.10254189684271657
19010,0.12809965874154894
19012,0.10165530909550956
19014,0.10269966095963674
19016,0.10512142653705553
19017,0.15713324966497544
19018,0.09229061800285651
19019,0.10743951301929819
19022,0.1470459607652114
19023,0.24252071665859465
19024,0.15027523794791187
19028,0.09898220645013713
19029,0.04579733888202028
19030,0.06188326403206722
19031,0.1499752862220658
19034,0.13888084626389727
19035,0.04899518915576628
19036,0.14875419786130667
19037,0.11357823410465383
19038,0.13942610523328486
19040,0.06853006872426798
19042,0.14324943035149462
19043,0.07678160489915006
19044,0.0980950006503123
19047,0.16917933448120578
19048,0.1358696650354202
19049,0.11407055011202272
19051,0.12669253365664004
19053,0.10563288111782845
19054,0.18277836885488605
19056,0.08506451163643705
19057,0.12942492374305717
19058,0.11673671473783337
19059,0.09434748125454379
19060,0.11092098172437302
19062,0.11296701197743261
19064,0.12412082767243408
19071,0.1968216505067908
19078,0.1030214394400022
19079,0.09885841485199774
19080,0.10001193176925478
19081,0.06750280662358364
19085,0.10914197308108954
19088,0.14329854755746294
19089,0.14171169749837198
19090,0.1157264264226105
19091,0.18158566655896485
19092,0.08248403806390794
19094,0.09420456249062863
19099,0.12662756037164372
19100,0.08871912235118151
19101,0.05719879915528177
19103,0.11398921881719204
19104,0.1379806685848609
19106,0.11850411940551552
19107,0.1682125650200611
19108,0.1290118954383402
19109,0.046010925661152544
19111,0.11498770793260547
19112,0.121694459111697
19113,0.11512223713133264
19114,0.10984395631775891
19116,0.12914220316346497
19117,0.1415192548421258
19121,0.10896237223722104
19125,0.15199617877047392
19127,0.16257567321515715
19128,0.10045982470673061
19136,0.09254578611677274
19137,0.09620098048778851
19142,0.11610583118574659
19143,0.09716713326314154
19144,0.13114921886972808
19146,0.11430582755413952
19147,0.09422190438838243
19152,0.0728892376767463
19154,0.05145883778135246
19157,0.10668700386626076
19160,0.12428669228464316
19161,0.061728187113282575
19162,0.1434399209398134
19165,0.05587423617350318
19167,0.048029560301159034
19168,0.11892863781753417
19171,0.0591000533958248
19172,0.05921111793934032
19173,0.10143512642666336
19174,0.12138129306433285
19176,0.10257287048873198
19177,0.10851596064898668
19178,0.04686290954735434
19179,0.18180074396783572
19180,0.13641056440534322
19182,0.12982663181493884
19184,0.11969343593437504
19185,0.06446052085019122
19187,0.06839245415512142
19189,0.1762164198269392
19191,0.08160460202383843
19193,0.12274659596101505
19194,0.14540795293665593
19197,0.16749051941586798
19198,0.10964944831526406
19200,0.12816578758937677
19202,0.05899657163420092
19204,0.09032030367955393
19205,0.10367182231142656
19206,0.09423926958089064
19212,0.04819625136008866
19213,0.09248363036313614
19214,0.3057802162805192
19222,0.13278204954604245
19223,0.12265876694940635
19225,0.14040473640796727
19228,0.10158135596636064
19230,0.26030692997389143
19236,0.1169198886462588
19240,0.11018174172437287
19241,0.11878743968639774
19242,0.11709885938730512
19243,0.2481706861401989
19244,0.0988489990861802
19248,0.12193064644406551
19249,0.15188337516965664
19250,0.11731169580974485
19251,0.1296546867826639
19254,0.127768363185178
19255,0.12512951846663195
19258,0.11501518705583853
19259,0.11397203014992598
19260,0.23853459235343394
19261,0.08632607948309413
19262,0.06073377105467509
19264,0.10919770413086889
19265,0.14721120646870417
19266,0.13814851902694197
19270,0.10082470078102944
19271,0.09509800429962036
19274,0.10667362855514603
19275,0.1076404626785307
19276,0.06295507694296233
19278,0.05841940976050123
19280,0.082183605433897
19282,0.13118512527075502
19287,0.14998394735587112
19288,0.1082324291523707
19290,0.11277395346124806
19293,0.13311156834270685
19295,0.17183379310180188
19298,0.15148370262144273
19299,0.1442940042093738
19300,0.056041709141961375
19301,0.08652787957853324
19304,0.10133208303629472
19305,0.1312274677107655
19306,0.08532033501905201
19309,0.12952546794749611
19310,0.08652734710723407
19311,0.2036162792326103
19313,0.12974461495890421
19317,0.11352529764162575
19320,0.1501952323451897
19322,0.04617586956336868
19324,0.13074224713753413
19325,0.1364973002980465
19326,0.11428388701235297
19328,0.11930609604865332
19330,0.11200394694196732
19331,0.31152112012958766
19332,0.10956436374430993
19334,0.11855756170492285
19337,0.09148263008409228
19338,0.12907512504715044
19340,0.0802464050803928
19341,0.0898009918123899
19342,0.11758815632525195
19343,0.1253405693725098
19347,0.24487178237395674
19348,0.13451437937318547
19349,0.15148367227790271
19354,0.12209344020275849
19356,0.10106412586116617
19357,0.105594562159776
19358,0.17477080376854537
19361,0.08260098411459696
19362,0.11448637253675802
19365,0.11599909369759197
19366,0.11256921310133258
19367,0.14333049472867312
19369,0.10286015890505225
19372,0.10251808030406667
19376,0.05705972285100792
19377,0.09397394318749823
19382,0.06917553919337918
19383,0.17418814723316794
19384,0.11835620039232732
19385,0.07766527096834767
19386,0.11382508980017621
19388,0.1151658219137121
19392,0.12672860325424745
19393,0.14952042936778276
19394,0.12297054708097661
19395,0.1859040325135227
19396,0.13572344424555663
19397,0.09004813278506299
19399,0.14661345068177578
19400,0.14398737720590638
19402,0.12291367084254008
19403,0.11850034541980504
19404,0.07650446084785593
19405,0.10466458555285635
19406,0.1055331699973012
19408,0.09771485287206963
19412,0.15635838664819035
19414,0.10330056263916014
19419,0.17371567501873073
19421,0.12757707241662677
19424,0.07983107899411625
19429,0.27200549861906037
19431,0.13364783911496483
19432,0.10624434643151473
19434,0.049196882835833386
19435,0.10019196660894603
19436,0.11995481813449743
19438,0.1172180592678438
19439,0.18320003445103847
19441,0.05342794716790788
19442,0.05224152289211374
19443,0.10365494459265183
19447,0.08283470147148633
19448,0.0987833231071801
19449,0.10092078594412211
19450,0.11531845115705192
19452,0.10892718701150025
19455,0.19104943993217818
19458,0.10694411334610086
19459,0.13794117288769445
19460,0.10741460090675929
19461,0.05600833508977485
19462,0.08990816203436498
19463,0.09565666144585562
19468,0.1099645966909246
19469,0.05619776040272265
19470,0.314397696881962
19471,0.13117716361263362
19472,0.10461634659346068
19474,0.11967597549041133
19475,0.09562092438415569
19477,0.11557248418359577
19478,0.12587869167027968
19479,0.20411882938534776
19482,0.11208674574248152
19484,0.2117165091648368
19487,0.11228890368057212
19492,0.10717456446602323
19495,0.1103145753361729
19502,0.10420741095320969
19505,0.09843464278166536
19506,0.09744126092640815
19507,0.09732914550164552
19510,0.08137345209543662
19511,0.31391899803664214
19512,0.06247046701236924
19515,0.11438147810301931
19520,0.10933797287889778
19521,0.13184296192188757
19526,0.14982869197357573
19527,0.10826617140057705
19531,0.21956704472785915
19532,0.08571416301681647
19534,0.12115594808432484
19538,0.1301550431208643
19539,0.05546071699198428
19542,0.09196391602936045
19543,0.08198689700896061
19545,0.12294677209204548
19546,0.12101337334422144
19548,0.1502276580004565
19550,0.15485849420248815
19552,0.1218204601864093
19553,0.0421022820057708
19554,0.10603609976397362
19555,0.10735096643952369
19556,0.1248603556864287
19557,0.1104680034547909
19561,0.10159853586671552
19563,0.13375263323261774
19570,0.11093562390774417
19572,0.10142836110312681
19574,0.18619456324980413
19578,0.08256952973172066
19579,0.11417593006014234
19582,0.13174814427461642
19586,0.06047878988052339
19587,0.0973754096315177
19589,0.09471552500334268
19590,0.04985074328190987
19592,0.09244719921133082
19594,0.06395884454396895
19596,0.1518299311861508
19599,0.07907273363155544
19600,0.09084031486699967
19603,0.0767786547259268
19604,0.10533053776025263
19605,0.13921587475642222
19607,0.09030087366533306
19616,0.05843541193343849
19618,0.0559550632089199
19619,0.048559017847443126
19620,0.0891460302472721
19623,0.0905693890821131
19624,0.14110982301062405
19625,0.10845320712921779
19626,0.15661714419975187
19628,0.12334887104504094
19629,0.13996478990957206
19631,0.10134489741497323
19633,0.12728637376983734
19634,0.10120115126619456
19635,0.1963354544039316
19636,0.12603369613709856
19637,0.10521033070812995
19639,0.13357811857715138
19643,0.11341452250332995
19644,0.12426538796127501
19645,0.16658044663723334
19647,0.13302197288112635
19649,0.1336048433101784
19650,0.12944485978853637
19652,0.12532252309392283
19653,0.12769358919521787
19656,0.09845403482011686
19660,0.13134736293611982
19663,0.1188480323754929
19664,0.14491482643316805
19666,0.11955497431676318
19668,0.10228877196643947
19671,0.1122453558576833
19672,0.11650091434341012
19674,0.15785991875436686
19675,0.10389689403759753
19676,0.13017047745180158
19678,0.12164490837572221
19679,0.12220638691225916
19680,0.14299195357384473
19681,0.12056419297541732
19682,0.08708442442419831
19683,0.12290002202925059
19684,0.08974427346109293
19686,0.09765565160285813
19687,0.11280529115218331
19691,0.10006504033411197
19692,0.09000156711318925
19698,0.15995990294343085
19699,0.09843694085270176
19700,0.08808590206379444
19702,0.09061058504092694
19706,0.112232850271223
19707,0.2758037077764854
19708,0.1000272481508007
19709,0.15188335087859214
19710,0.10287503613232796
19711,0.11670236899036869
19713,0.06950403969291055
19714,0.09670813676355637
19716,0.15026392009345002
19718,0.08336695425487474
19719,0.13218417731649423
19720,0.0869933484556696
19724,0.05292001079792572
19726,0.19235768916439455
19727,0.11098685983188865
19728,0.04911743018073994
19729,0.1300346038487469
19731,0.17089956211681573
19733,0.1290028697010616
19735,0.09784939679386745
19736,0.11889685123550443
19743,0.11795795492166691
19744,0.09811843284797998
19746,0.08525424573493133
19748,0.12699313273839902
19750,0.10366309155265141
19751,0.17256868954775278
19753,0.0897054261838427
19754,0.09340791628830832
19758,0.09923097657540152
19760,0.1307367327704364
19766,0.05789125912649327
19769,0.044874099231860705
19770,0.10966536693204909
19775,0.1277359541840295
19778,0.09438472944332707
19779,0.04544755437538119
19781,0.10184794341984836
19782,0.25465683361105074
19783,0.09375980318118259
19784,0.05721873462929633
19785,0.23370708349540453
19788,0.1936270088422693
19790,0.11198992227959784
19791,0.05674301877556121
19792,0.05224764807364369
19793,0.0866674880356097
19795,0.09797038554264687
19797,0.21275422253858972
19802,0.05989870070062467
19803,0.12837289854553632
19805,0.11613001879369622
19806,0.14806969810511145
19810,0.14775552280428086
19813,0.05883726259724404
19818,0.12436515801972997
19819,0.11728285335250008
19820,0.12041371636088746
19824,0.19735163166135514
19828,0.10126641687592294
19830,0.10596747374260287
19831,0.16539974001896154
19832,0.06201839944426855
19833,0.16393280566422916
19834,0.11930300063401142
19835,0.10737595918346653
19836,0.11553642597117107
19838,0.09870580815005359
19839,0.12364794102461447
19841,0.1264888212327427
19843,0.10740696783014668
19844,0.11474045103312164
19845,0.11728046873490351
19847,0.19513336150422098
19848,0.11629017551656234
19851,0.17623391919133502
19853,0.12862918143428986
19855,0.1110937023473192
19857,0.12829970082741005
19858,0.12320192407495935
19861,0.0533916833594977
19867,0.13466032120206797
19868,0.12378209261442996
19871,0.09291082849703522
19875,0.10760243699001638
19878,0.09805089010671579
19879,0.055072584549134544
19881,0.14094933901519008
19882,0.09270190302007296
19883,0.11982427355832563
19884,0.19205560938005517
19887,0.27711107048302863
19889,0.1082391782999312
19890,0.11467620990428642
19893,0.15615912045519392
19894,0.25132968918496773
19896,0.0847538410320273
19898,0.29907153771756895
19900,0.2567465812967268
19901,0.12022652029880088
19904,0.13727074369021472
19906,0.2768704552243181
19914,0.060587709911280596
19916,0.061341506044674664
19920,0.187377681555425
19921,0.058598578607072536
19922,0.09823135126859774
19924,0.1947168684979783
19925,0.10916376833681432
19926,0.14325266147384652
19935,0.05647491698075004
19937,0.12171872446201908
19938,0.09964747229340627
19941,0.13482873626507377
19943,0.09483991948854752
19946,0.11898691959869347
19949,0.054271968153662975
19953,0.11290320023275352
19955,0.11787811292710629
19957,0.13292293285532647
19958,0.13245615945538522
19959,0.11036594389642791
19960,0.0998152434658698
19963,0.09744221669677469
19964,0.2370480225056843
19965,0.15419640591145045
19966,0.13720533787532926
19967,0.07692234523289473
19968,0.14344893284423604
19969,0.05037820969079521
19970,0.061603958214275514
19972,0.07873643576494707
19973,0.10621578312427922
19974,0.08003031344819254
19975,0.11457670608919109
19977,0.22199381652489192
19983,0.06380671111982282
19984,0.06954582791887809
19986,0.176093461007046
19987,0.12892231458173345
19988,0.12217005253573386
19989,0.09919721941519913
19993,0.07578133680942589
19995,0.08836800830616728
19996,0.13399118043834723
20001,0.14152920930903923
20003,0.09697670354795254
20004,0.12354256907016994
20011,0.2205997723556741
20016,0.15474325810592676
20019,0.12329565624256456
20020,0.10296381274040786
20024,0.12257021648365617
20025,0.20049108434990381
20027,0.13460951191691023
20030,0.12670419447125664
20031,0.05525871326735623
20032,0.08764669598024104
20034,0.11206794954675235
20035,0.12776944256294365
20037,0.07764798344487218
20039,0.09397633509673373
20040,0.1286648737984972
20041,0.11099603062038935
20042,0.12153610666462132
20043,0.13367646660731305
20045,0.0899684618668528
20047,0.13022634960278043
20048,0.19890781530029894
20049,0.09823571003493448
20051,0.23165297586061248
20053,0.10109945019078045
20055,0.11575085711792976
20057,0.19475878358304
20058,0.12734549817112595
20061,0.12095349805053832
20065,0.1190423422250972
20066,0.10367055215240387
20067,0.13350394298495402
20068,0.051089132829725825
20070,0.1345177790402819
20072,0.1142083338662698
20073,0.14803624420454023
20075,0.14202889226435128
20077,0.14635885148125372
20078,0.09353447244474933
20079,0.11017834765207088
20083,0.1026883223169089
20084,0.07728747674060098
20085,0.11070187277738351
20086,0.06319009852263449
20088,0.08251155425722163
20089,0.11458050788990537
20090,0.05477044207960051
20091,0.22617221564711945
20094,0.14079058456540636
20096,0.11151480848546583
20098,0.1041672228536746
20100,0.10443749275771022
20102,0.18488691328338575
20103,0.13712471215219002
20104,0.12003208629656965
20106,0.09075242722269572
20108,0.32427712895173144
20110,0.1268222916660124
20117,0.12151177867901282
20118,0.2907711104872272
20119,0.11336297262986661
20120,0.20650864737968133
20126,0.08581731327056732
20127,0.10521067459636133
20133,0.09520828302452951
20138,0.0954437692953496
20141,0.11246762208820633
20145,0.13823612548809336
20146,0.05900768775803205
20148,0.11133480156541559
20150,0.11478729223573918
20151,0.11270129833752356
20152,0.1392315874932088
20156,0.08011242766231244
20158,0.13322134780312844
20160,0.12824023816289615
20161,0.05721338806980824
20162,0.1269977606869159
20164,0.17874071822827997
20167,0.07432909958460199
20169,0.1206548498036107
20170,0.12568985686143863
20171,0.13003535549464088
20172,0.057870991623425114
20174,0.08521453979961162
20175,0.13803771528870948
20178,0.12192580550013465
20181,0.10822067259029339
20184,0.06315483938376219
20187,0.1949320185233853
20189,0.09642014389482421
20190,0.09651426964109137
20191,0.09691543450123852
20192,0.11583946359108951
20193,0.09993868069876402
20197,0.22752059594458526
20198,0.10320793350598731
20199,0.10336540946047859
20201,0.12067913534364169
20202,0.0780793679980288
20203,0.10306184332864864
20204,0.11754443067764982
20205,0.11658663225994932
20208,0.06044627288863984
20210,0.09801876999650837
20211,0.09848961275860318
20212,0.09352201997807943
20213,0.12637709868860994
20214,0.13889309638524608
20217,0.10998446825268077
20218,0.10678540681250631
20220,0.11378199255903235
20221,0.07560502832074575
20225,0.13599838801154956
20226,0.14059900825104443
20229,0.10931016234973048
20234,0.15416348945213978
20238,0.11707611852425177
20241,0.06626348950106357
20242,0.12224896740762087
20243,0.1255261379321252
20245,0.13918381063797083
20248,0.13003753987516495
20250,0.11343724842096485
20251,0.2002175853314371
20252,0.12148264301229456
20255,0.055763266962593545
20256,0.11098406060193561
20259,0.05855449138248769
20260,0.058198810856764455
20261,0.11609388344332115
20262,0.0906823614177318
20263,0.08520513144574555
20265,0.0540534611041679
20266,0.18265678119835715
20269,0.05233312678801691
20270,0.09986614510021144
20274,0.08885957588822317
20276,0.14512416273597095
20277,0.1807391889073477
20278,0.09166101171108504
20282,0.10188752646654244
20285,0.10752661053675083
20286,0.133692651875253
20287,0.06877283412035291
20288,0.19246607267279411
20291,0.15932936003772508
20292,0.08923548885569704
20293,0.12802230433266237
20296,0.12730794393315287
20300,0.09585579191402416
20302,0.09746869781086444
20303,0.10761369637215791
20305,0.16529472455356203
20306,0.13738187188880535
20309,0.08155751464985427
20314,0.16470583418717752
20315,0.10027505729473861
20316,0.10677551436738632
20317,0.10365271090558743
20318,0.14149480649000803
20319,0.09095802690219418
20320,0.14540796805506828
20323,0.09859507540720057
20324,0.05492465760505591
20325,0.06373319951975923
20326,0.05634113640224639
20327,0.08533968559767924
20330,0.092960464317869
20331,0.10747141245531529
20342,0.1344486863420061
20343,0.09857568655490562
20345,0.14334674577390286
20347,0.049553632399885826
20348,0.08670392998342673
20352,0.08215286643556452
20354,0.050910572415751656
20355,0.12423512288241961
20356,0.19097954270380482
20357,0.10920605584068524
20359,0.07549302105444458
20361,0.16268544616708705
20363,0.05583786081577595
20365,0.13083420114829297
20367,0.2529507321085817
20370,0.05605764715403787
20372,0.08074975937439524
20373,0.11172373894675183
20375,0.22439994212259934
20376,0.10029648860133378
20379,0.05766442966318973
20380,0.11047461987332241
20383,0.1038967756690595
20384,0.13448989687605603
20385,0.07658314528820298
20386,0.10092779909836049
20387,0.12019158355929319
20389,0.11625981914119214
20391,0.14276236212416468
20392,0.06872769809836023
20395,0.11661163340191665
20396,0.1938887713788352
20398,0.24332938518909591
20401,0.10460096910110608
20403,0.1201719643299767
20404,0.10861042515675537
20406,0.18651581290265842
20407,0.12518018510517398
20409,0.1064431996919704
20411,0.10155751948365098
20412,0.1161319554643564
20418,0.11643740315996175
20419,0.11020741426279516
20420,0.06225673820948816
20423,0.1079257798196878
20430,0.13064674303958806
20432,0.08448801099781592
20433,0.26839500700795643
20434,0.2462892244260053
20437,0.0994165729230108
20438,0.14031730256660385
20439,0.08720245195187991
20440,0.09149734907139219
20442,0.08386620846508902
20444,0.19679780812682346
20446,0.0910486046475417
20449,0.1273726217205896
20452,0.09587334755096777
20454,0.09348716674431094
20455,0.10224238408727486
20456,0.098031889988805
20458,0.12760387178814248
20462,0.11268680434872602
20464,0.12974460837678425
20465,0.09118726287634903
20467,0.12115605347157404
20468,0.04772813070671526
20472,0.12822346127452328
20473,0.044962984476083295
20475,0.0969344771320823
20477,0.14335164581567633
20482,0.1023521987743137
20483,0.184666026101592
20486,0.20374255193796448
20487,0.12748007114808316
20490,0.09485383944857709
20491,0.1058825763799653
20494,0.060784661416381475
20495,0.11453830783274067
20496,0.08203458739943825
20497,0.07952871098636896
20498,0.1610389138453166
20499,0.09411302960258351
20507,0.08186323059169738
20508,0.1220166955846331
20509,0.07550403031149473
20510,0.10438734178621742
20511,0.13564288534687802
20512,0.06520244171176205
20513,0.1470595315231363
20517,0.09717880419846986
20518,0.2229850863836178
20522,0.12365428293562426
20525,0.11225498981283889
20526,0.09943691539633605
20531,0.12792524023990717
20534,0.1175582234109604
20536,0.10791144990319264
20540,0.11693124025437457
20544,0.12190646776647573
20546,0.13389970527469405
20548,0.06059358017300942
20549,0.10007095234032694
20550,0.0567726428793828
20551,0.09578341563317193
20552,0.12439569695173221
20553,0.080733027352453
20555,0.14749008921095058
20559,0.1212957575461027
20560,0.09459489859237546
20561,0.21483198775963513
20562,0.09982397754310125
20563,0.11285305386487265
20565,0.12339243197554224
20567,0.12224770352824182
20568,0.1410139782845697
20569,0.10437830507629092
20572,0.10922066625863425
20580,0.13520223824851985
20582,0.1308337041051785
20584,0.19831403089693433
20585,0.1270454854179975
20588,0.04472862438049903
20591,0.0941888152484745
20596,0.12630717265753114
20597,0.053552334930093766
20600,0.10520588228217731
20602,0.16660507283816955
20606,0.05176946026069197
20609,0.11472777024725868
20610,0.11432692919088432
20611,0.12895040135695782
20613,0.08633933599292155
20616,0.15028695359705652
20619,0.05297961303541757
20622,0.10068887920936144
20627,0.10391444948832915
20630,0.0863261802753307
20631,0.05548748229126225
20637,0.07653750692403112
20641,0.19399245473737584
20643,0.19727418213088196
20645,0.09670081895441103
20647,0.07948797974729906
20650,0.12231477428899644
20651,0.08894465946176737
20653,0.14494811903190363
20654,0.10154091866653474
20655,0.04927750741991584
20656,0.14354904836700808
20657,0.11038188101279278
20659,0.05674909622490111
20661,0.052435287623253266
20662,0.05676096560517102
20663,0.10349469031374546
20666,0.09335267656793972
20667,0.0908934040443998
20668,0.11754308728776662
20669,0.20670199544647877
20673,0.06550177003015903
20675,0.11401612558572362
20676,0.1688879484005234
20677,0.11889184483065791
20681,0.09302655232454615
20684,0.08040410954863082
20686,0.13611538943786128
20687,0.12585265253101782
20689,0.10324003250742808
20690,0.1227844298616013
20691,0.10289091224672514
20692,0.0946608396176332
20694,0.0925569243345833
20695,0.12708972933627238
20696,0.06202972058657689
20698,0.0936903863310424
20700,0.15779773728978125
20703,0.10876587325357957
20704,0.31746221766527066
20705,0.10438576615104986
20706,0.07953573436903315
20707,0.11332647585970203
20710,0.23311845181876045
20711,0.09388393049291575
20712,0.06456056246841628
20713,0.10889048320039249
20714,0.11946300156911156
20715,0.09076660790629011
20716,0.16634156103299905
20722,0.11859126389150584
20724,0.15417991419112703
20726,0.19464799498576538
20728,0.1457866867411366
20729,0.17771886663697417
20730,0.11507586036598351
20734,0.11577855091537882
20735,0.05157098388994152
20736,0.1032648031352255
20737,0.09575094824353857
20738,0.11899983703926885
20742,0.1979674921183949
20743,0.06369715158913583
20744,0.09612471601101277
20745,0.10589768128421617
20746,0.10952205408036335
20751,0.0711164739699354
20754,0.10050902286625545
20756,0.16109211461867926
20758,0.12163209181436238
20759,0.11533677826339528
20760,0.1512220945477841
20761,0.15004784006785016
20762,0.09807021992480269
20763,0.06751317056188554
20764,0.09786495322402275
20767,0.19360414641965126
20769,0.06833206190539849
20770,0.13028739244363924
20773,0.12902564174826123
20775,0.20324792714132572
20776,0.08430757468300419
20777,0.1658470603171065
20778,0.05135280959961624
20782,0.09688669075237137
20783,0.07953034255071474
20784,0.09475953987288573
20786,0.09506300483107151
20787,0.11023835739122015
20788,0.09095888372545642
20789,0.051532101037985764
20790,0.0709940861331102
20791,0.14155587383291846
20800,0.19653159755204344
20801,0.10020113643821696
20804,0.12833577306509328
20807,0.19363378012742663
20809,0.056343422589108405
20810,0.24593817587705474
20812,0.32024940241220773
20814,0.10630163180248578
20815,0.09804823198676704
20818,0.050193898856876806
20819,0.1566717299363446
20820,0.11357392919212381
20821,0.12951561905570033
20823,0.09454610046383895
20826,0.14653818802494648
20827,0.2633131005723803
20828,0.12167455407058973
20829,0.09645673543690877
20830,0.14783069309407446
20831,0.10156938172529471
20833,0.10474199761867252
20835,0.05479933346849746
20836,0.09747617152675665
20837,0.17997150505960835
20838,0.11823095590211441
20841,0.11933494893501483
20842,0.12434475147960995
20843,0.11545285456351843
20844,0.07588437544554476
20845,0.09814789738811465
20849,0.15974152570820874
20850,0.09508774147425209
20851,0.10954302221590208
20852,0.13485687908941238
20853,0.1085341544299089
20854,0.09003889762105
20855,0.11164193559896189
20857,0.05922604578390741
20859,0.1594963410753425
20861,0.09371158931092838
20863,0.11822584080142527
20864,0.200528657713196
20865,0.09190464201505451
20866,0.06504988446678994
20867,0.18714723075872305
20868,0.14642604713303464
20869,0.13853394296684454
20872,0.12217356590956194
20874,0.05508879492609795
20875,0.11387056190891012
20876,0.0871677334186511
20878,0.12777586419341816
20879,0.11020459297041724
20880,0.05421969796521651
20882,0.20971271782592935
20883,0.14928363357435448
20885,0.04718487706388724
20886,0.09089350623924747
20887,0.06133914363201987
20888,0.10867773788988529
20889,0.10932055816874137
20891,0.09730271094560473
20892,0.1369949568266672
20893,0.10813368217924021
20896,0.09230332823344509
20897,0.059085643660444165
20899,0.11222179170025598
20900,0.17754229059407722
20901,0.13826288308705792
20902,0.11724945415330136
20903,0.07991122345878064
20905,0.09288902853917266
20906,0.19265373776575787
20911,0.11039633462826458
20912,0.13742744033054635
20913,0.12359605180821999
20915,0.08866347879188842
20916,0.17611633627344012
20917,0.2713907240927106
20921,0.08728396487016847
20924,0.08975594513709548
20925,0.14891974827392815
20926,0.11114539270954067
20930,0.1274455505171756
20932,0.1157951805340562
20933,0.10712612395050018
20935,0.11766944642384039
20937,0.08052448231853333
20940,0.1338808374924007
20941,0.04974490246592251
20943,0.08324365251279012
20944,0.06522148853803482
20946,0.06691776245167955
20947,0.09528658322065828
20949,0.10716947501606103
20950,0.08740979065222786
20955,0.08715141760261709
20957,0.11971872392904902
20958,0.11777686372743269
20960,0.11666029488516384
20965,0.16462575300672927
20973,0.19440523370717977
20975,0.07581710517629978
20976,0.1453947925388121
20984,0.1543712568427627
20985,0.09778587985252907
20991,0.21705939164295796
20994,0.07354032869474586
20997,0.11301936096998215
20998,0.10164450790414607
21003,0.10107217064064636
21004,0.12646242262743565
21006,0.08752373469603943
21008,0.10416979592848148
21009,0.06326822036826141
21010,0.10915477603294443
21013,0.21120361466270196
21014,0.15192581934599642
21016,0.12821334792082162
21017,0.10447752615799966
21021,0.0497749276140306
21023,0.09411950381189974
21024,0.10667906523229699
21025,0.1107557068026686
21027,0.12628920626781137
21029,0.07206192533360883
21030,0.06250057370239225
21031,0.053213873840808654
21032,0.15543566511225762
21033,0.12629749417959352
21034,0.15318045782662076
21035,0.045611625902142836
21038,0.10676841987822856
21039,0.09197062373534916
21042,0.12217565211553078
21046,0.11079441536252772
21047,0.1196490078857119
21050,0.06350156953330038
21051,0.1723642526362407
21052,0.11558434607977405
21054,0.05019512621884364
21056,0.12289067449232507
21057,0.09341450136074989
21058,0.10459030953005118
21059,0.09047448753939244
21060,0.058022816845672405
21063,0.06547289803539379
21066,0.053550855552640435
21074,0.12818106386180406
21076,0.10846645369501533
21077,0.13563417699804867
21078,0.09671400903985333
21080,0.10175942438387033
21084,0.05393935488044726
21090,0.16765937225576286
21093,0.1094218489828985
21094,0.12171798680921755
21095,0.17953781989151876
21096,0.11014938339714408
21097,0.16193240543099557
21098,0.055341852787232276
21099,0.10600838529726775
21102,0.1329974932176544
21103,0.11869733379994671
21104,0.09208513453664023
21105,0.1083796808163635
21106,0.16005089341203094
21107,0.14383470602939613
21108,0.12178308786728695
21109,0.06724539833360932
21114,0.060903592503050254
21119,0.12065618559033732
21120,0.09453770983371444
21121,0.09098473580482429
21125,0.1383912310505521
21128,0.12471054186784952
21129,0.07334376974180568
21130,0.10422262970835017
21131,0.08835769345506862
21133,0.1891850870023967
21134,0.1166218147243432
21135,0.11300924748434993
21137,0.08701911649141779
21138,0.1122897177698301
21139,0.06754907970047631
21140,0.09694952627506241
21141,0.10623822789667309
21142,0.12100286158541608
21143,0.10119586808695229
21144,0.0777009167922897
21146,0.10109346290063205
21147,0.14347717171929145
21149,0.10112264223278014
21150,0.09872722656141095
21152,0.19563689943992713
21153,0.1182900918099888
21155,0.06820638844803527
21158,0.09737970849969996
21159,0.08868780811018162
21161,0.15691470098599636
21162,0.10639045181630213
21163,0.1314642219616955
21166,0.11283300667108617
21167,0.1558623511928241
21173,0.07970540023556608
21174,0.11642650920070327
21177,0.11802313022358678
21178,0.10010131397378244
21180,0.19720050686300641
21181,0.05554474818399638
21182,0.05790981597003299
21183,0.12355833646990859
21184,0.1042530809356868
21186,0.08874577668766517
21187,0.16172638019118532
21188,0.1155619943152587
21189,0.11536040427679804
21192,0.1280504734427005
21193,0.13314287700289956
21196,0.06798849957292041
21198,0.13435121132358974
21199,0.11490937322019079
21200,0.1401450112574863
21204,0.1343892856705932
21206,0.11171155028651743
21207,0.09546913411963988
21208,0.14121105420277838
21210,0.09661490228644115
21211,0.052782197925234836
21212,0.07918896951160985
21213,0.0880111484228259
21214,0.10869813137529986
21216,0.1779586351494436
21217,0.05719915688405342
21218,0.1280754519831795
21219,0.1529675627346999
21220,0.12005868207344238
21223,0.1781392799320157
21224,0.14683304061399727
21226,0.22637161617417412
21227,0.09283343147012864
21229,0.058461666115979874
21231,0.13998294606301837
21232,0.13001917721637007
21233,0.1308151642512961
21237,0.12478782437329462
21240,0.09075999394507131
21245,0.173129034816501
21246,0.12937210496239387
21248,0.1389221428836219
21251,0.08108708411133224
21252,0.09453958373858602
21254,0.102465395908925
21256,0.12974454127555698
21257,0.13025765582219856
21258,0.1319519238772057
21259,0.19643380548002448
21260,0.1224628430503976
21262,0.0999210656409138
21263,0.15093744652764893
21264,0.1530647299866567
21265,0.10583302199050816
21268,0.05147144091631244
21269,0.05936708725669086
21271,0.21450318831891255
21272,0.17837473370272117
21274,0.11469951764923357
21276,0.08704389223430153
21279,0.09949748896093803
21281,0.07778662445959536
21283,0.14354136968405473
21285,0.09590742937882259
21288,0.09445069327846665
21289,0.141234679346878
21291,0.12678937141100163
21292,0.05395660899502049
21294,0.19298665113774832
21296,0.09634504277751137
21299,0.10655561188732736
21300,0.11553010813153841
21304,0.06574306693392769
21306,0.06790697624186724
21307,0.09042139013443204
21309,0.13260980238680772
21312,0.11848369595656584
21314,0.11270167203962018
21315,0.276316839537313
21316,0.10301940908076096
21317,0.10440640628115117
21318,0.07942319908093386
21319,0.1324261889497643
21320,0.13524282084832193
21321,0.10790349945255093
21322,0.1622749127007953
21323,0.141695529014019
21324,0.0852534734919583
21326,0.22470952318452042
21327,0.13626128878801677
21328,0.1148207309093682
21330,0.09219662541152521
21331,0.10609030206950551
21332,0.20373806920460272
21333,0.1067873317401367
21334,0.12403363801045726
21339,0.0745249120563682
21340,0.05078883786320746
21342,0.05531658774399621
21344,0.13965944096597505
21345,0.19492406557908096
21346,0.21076818246493476
21347,0.05324110286144308
21348,0.04989101604870737
21349,0.10742553315604927
21350,0.11858489267052594
21352,0.059392274700389935
21355,0.05083835419252752
21359,0.1644271429318956
21361,0.10424142300156095
21362,0.11363011876346335
21364,0.0912385860449467
21366,0.08416022290245215
21367,0.1400233434992187
21368,0.10800560034676887
21374,0.14732013285957155
21379,0.08372163201949988
21380,0.054701141183678866
21382,0.08385836654115898
21383,0.09330636125876617
21385,0.10207954413863977
21388,0.1332137645650511
21391,0.12566834150313003
21393,0.09828337015205595
21394,0.17130092712846062
21395,0.10471779172036293
21398,0.11583393509454212
21399,0.04575116332495555
21400,0.13780738609938883
21401,0.10047941188905758
21402,0.16848444606019963
21403,0.1696955691260956
21404,0.05196471827362443
21406,0.09835725752559656
21409,0.0911664006556924
21410,0.10707415980491934
21412,0.15987735924998314
21413,0.0993749952686053
21414,0.13467393467643626
21415,0.13894595301184057
21417,0.05844060296519477
21418,0.12698290208794505
21419,0.1061785838639216
21420,0.11712889148309966
21421,0.19627273245310492
21422,0.09062655632828155
21423,0.05459815190113579
21426,0.15280897212137795
21429,0.05527466728222462
21432,0.10031458064428775
21433,0.1133463297498205
21434,0.10849379222340082
21435,0.10978851954085833
21436,0.0483330733980071
21437,0.17071448573058562
21438,0.10249723591187232
21443,0.1547070866413853
21445,0.12429071658899535
21446,0.08236527456295509
21448,0.12374805405986665
21450,0.04699773523790055
21451,0.08976178274392684
21452,0.12053214179619139
21453,0.10221634504680724
21455,0.13008403327046053
21456,0.1289232216775022
21458,0.05184948432292992
21459,0.1055487081141881
21463,0.10199662853925276
21464,0.3039446280766345
21466,0.06419928684754926
21468,0.09647476545972823
21470,0.07312259212085091
21473,0.12691204342791362
21474,0.10539068129172784
21476,0.11726538127508743
21478,0.09802313822199687
21479,0.12300460298723596
21482,0.09709673095303381
21486,0.09247054136950636
21487,0.12042089583641903
21488,0.09523946916310211
21489,0.05604516360046682
21490,0.11149281342555543
21492,0.23191303997560897
21493,0.19643168740105832
21495,0.1313952123408895
21499,0.14430460741913573
21500,0.0992432166770372
21503,0.11473283606056686
21504,0.1171056328285554
21511,0.060054607615744174
21513,0.11840661103429553
21514,0.05420105416665573
21515,0.1909942904345148
21516,0.09271062956097577
21517,0.05215496770647471
21519,0.10143575979841138
21521,0.14407258975911008
21522,0.2379742668529504
21525,0.0633839610594176
21526,0.15701450732695307
21527,0.08774420858190918
21529,0.13539688613012255
21530,0.08366528140848059
21531,0.23247582284582083
21532,0.18577124701075415
21533,0.09952804884770651
21534,0.13869508251563212
21538,0.08002245917042224
21540,0.1035037124927455
21542,0.08133218402870084
21544,0.10652188873063448
21545,0.06118933272750156
21547,0.10074774945536044
21548,0.07944507405228823
21551,0.09689132277193561
21552,0.15464245595041415
21556,0.08498725963531854
21557,0.09913363382879321
21558,0.10742645247052408
21559,0.19144362510944446
21560,0.08930022167440635
21563,0.0795417216415695
21567,0.1354259257188795
21568,0.09615094120834239
21570,0.05650245636976653
21575,0.1008715249331608
21576,0.2838400065511357
21577,0.05753830654324387
21579,0.086228873777292
21580,0.05144425754588465
21581,0.08564967015543559
21582,0.08895274364304616
21586,0.15666975299832922
21588,0.08818995446621103
21589,0.1215005704979232
21590,0.10058882619001631
21592,0.12971052666342436
21593,0.11327660886893873
21594,0.17003120922260098
21595,0.07109976789691991
21596,0.12099595254002936
21597,0.11300781809794286
21599,0.09739987458838335
21600,0.06298536976494135
21604,0.057400797221785885
21605,0.10203134995063451
21606,0.2063661280976668
21607,0.12085899972325875
21608,0.13136982893866542
21611,0.054706627442859285
21612,0.23086534419336474
21613,0.14386437315446085
21614,0.11860822434683464
21617,0.09197356110447896
21618,0.09055421093848225
21621,0.1217503871353142
21623,0.13853081959014038
21624,0.10050824215988503
21625,0.31514750263435326
21626,0.11540414848104312
21634,0.0976698120792071
21636,0.11926988067977787
21638,0.13363908381093
21641,0.10391726677080067
21643,0.13583926670502544
21645,0.04726289977366766
21646,0.05600874093338723
21649,0.10081072354648032
21650,0.09446387566715833
21651,0.05544299742730328
21652,0.10894844343699701
21653,0.11193484199100014
21654,0.11614396605455261
21659,0.11492088207222241
21660,0.05162228428792821
21661,0.10833043833295278
21664,0.11537552017509169
21665,0.0971519685684437
21666,0.3234512829452686
21669,0.09858796255773476
21671,0.1030593380661471
21673,0.1769395243936513
21675,0.09638218274579177
21676,0.10950752208366286
21677,0.1086735333560653
21678,0.14874048427835876
21680,0.08615213647604729
21681,0.1418251849939142
21683,0.11065114295076026
21684,0.10016946531357684
21685,0.05582669380614972
21686,0.11554160443405655
21688,0.1038396827462295
21689,0.1450521910400344
21690,0.12455499269485419
21692,0.1108164570639696
21693,0.10066950560813927
21694,0.06165523193254385
21695,0.09456177619278801
21696,0.08786022800843082
21697,0.12090119395236158
21698,0.17040157478965406
21699,0.08246648252030139
21705,0.09749763211452171
21709,0.1250139575674196
21710,0.1445324937279238
21711,0.259840907134842
21714,0.1083602290320817
21715,0.1410800484560873
21716,0.09527655005146672
21719,0.16629348491569826
21721,0.15709341386046946
21723,0.166310096137473
21727,0.16418705935554395
21728,0.09515941668247442
21729,0.09830976176306414
21730,0.05206419515390312
21731,0.16312641441585407
21732,0.07776559171627508
21733,0.09745158817495206
21734,0.12967259012100868
21736,0.12152800577659639
21737,0.10135750139483808
21738,0.1345457617805969
21739,0.15183911777214992
21741,0.14396175964715374
21742,0.1188032606842193
21745,0.19187635065010084
21746,0.0574747794442834
21747,0.12707421320924983
21750,0.09397516119132497
21751,0.0879632150460819
21754,0.11334770941771571
21756,0.1325597956113548
21757,0.13055983795829104
21758,0.10733947031527734
21760,0.0823488305481429
21765,0.11542784847438117
21767,0.0950672168424711
21768,0.11409968779793421
21769,0.1338421497012539
21770,0.09231627491016359
21771,0.08093363928868823
21772,0.13859599650475116
21773,0.11606953004682148
21774,0.10821602947836499
21775,0.10295025049653041
21780,0.10827106265352217
21781,0.13801842019129668
21782,0.11852290212388508
21790,0.11658579058546319
21791,0.15627773851295462
21792,0.13374816921698252
21793,0.18225151205765355
21794,0.09068463850817926
21796,0.04946369312455294
21798,0.13982056247555458
21799,0.10019561969666903
21800,0.09916877623870593
21802,0.10245014049647516
21803,0.11203322241796548
21804,0.11951778678010891
21805,0.08647837485233008
21806,0.12895207273363865
21807,0.16169231927561245
21808,0.10295969964167936
21812,0.08594647465730121
21813,0.0653241795220939
21816,0.13981269543214528
21817,0.07678251713937082
21819,0.11564827252578976
21821,0.05578282149783433
21823,0.1187958764309682
21826,0.11120569733045424
21827,0.09577558855717366
21828,0.10290056862201481
21829,0.08906040809536601
21831,0.0833134681689513
21833,0.10539523645952413
21836,0.1715096223464398
21837,0.13351610250673118
21838,0.11744933781822435
21839,0.1146949157698415
21840,0.09048955589491768
21844,0.10382187876641913
21846,0.11432628712052663
21847,0.12209663991585151
21848,0.16125632916988691
21851,0.12575002041628264
21852,0.18011186862554257
21853,0.14864318734153106
21855,0.08152013482370969
21856,0.1565659662839806
21859,0.14350125996981583
21862,0.0640138815786546
21864,0.0686468377684093
21866,0.19693354159811746
21867,0.1000274140360793
21868,0.10588943586856116
21869,0.10593801582242313
21870,0.1075996526111019
21871,0.15893312389809833
21872,0.06229011737732035
21873,0.1629404641518897
21874,0.09506141956038791
21876,0.10039945075717725
21877,0.15457312519512592
21879,0.15085223846984047
21882,0.19513784774406295
21885,0.10898118548943314
21886,0.09127003389883533
21887,0.10577015761877032
21888,0.18775350025835394
21889,0.10078560249229833
21890,0.08957247939536539
21893,0.1078497648685933
21894,0.10571495430888506
21895,0.10462996991543587
21896,0.1578685013630917
21899,0.21975562796702353
21900,0.11773370725952184
21901,0.08071529787328338
21903,0.10043469320573148
21905,0.11976940968740643
21906,0.147464096565527
21908,0.07309585183099125
21910,0.11311834448406259
21911,0.08422887489064672
21913,0.1154844849964735
21914,0.09417377215083468
21916,0.08417385455567183
21918,0.050917603647900496
21919,0.08879776471017638
21921,0.1317169989297643
21923,0.09100368204856733
21925,0.059349116924319
21926,0.1452633947192393
21927,0.13009407286902935
21928,0.10737103426387425
21930,0.12814935708261072
21931,0.08743241506967386
21934,0.10860915546920595
21935,0.11197493830477555
21936,0.28565737757500304
21937,0.08698180663230153
21938,0.19038852596095018
21939,0.23989548182009438
21941,0.07814993276470242
21942,0.10971285124778954
21945,0.12517072898128306
21946,0.08772623715134843
21947,0.14400172773162748
21948,0.13071328768365903
21952,0.05863327501090307
21953,0.12637282782395345
21957,0.12778450604650937
21958,0.05588957853921283
21959,0.13383062995321068
21961,0.1058629520317999
21962,0.09757759105154507
21963,0.053948585999333755
21964,0.11429523022149252
21967,0.14522710101279
21969,0.05221077908979994
21970,0.1130580201913216
21971,0.057663660608288855
21973,0.15741570257802298
21974,0.08298716926718352
21980,0.09826907255617477
21981,0.0534467905059446
21983,0.10642777210589988
21984,0.09478613962441135
21985,0.09281484433046862
21986,0.1361969610074981
21990,0.12377491981901122
21991,0.09882002618622218
21992,0.09034061984651558
21994,0.15347169010884204
21995,0.09719637188660953
21996,0.057070270932397076
21997,0.08816816777647381
21998,0.138722492594892
21999,0.0985927141098068
22002,0.05389249042352852
22004,0.09263010966309938
22005,0.24631756061816246
22007,0.122998191888628
22008,0.13538782842237407
22009,0.06981877926190769
22012,0.28072364589984133
22013,0.09623585001831665
22015,0.05769735665278615
22016,0.10474606046974781
22017,0.0536978024372281
22019,0.15936142577903079
22020,0.1303456012780129
22021,0.05049516854865129
22022,0.09998080908602223
22023,0.12867739599006917
22025,0.13506366766719566
22027,0.16081900454693507
22028,0.05379137808783467
22033,0.11565103382726367
22034,0.1240289713532372
22035,0.1018438295498875
22036,0.09016782045799943
22038,0.04605359346257764
22039,0.12863667186180505
22042,0.15133610360961314
22044,0.09611845522565816
22045,0.11420117353450289
22048,0.19780743470851447
22049,0.10534152117972391
22051,0.09433748608339744
22052,0.07540011656460774
22053,0.1158662044636983
22054,0.11833553883746518
22055,0.11257559107347653
22056,0.1035428576609676
22058,0.14052042069508755
22059,0.10012863403962813
22061,0.05655708159118866
22062,0.13133863055195974
22065,0.1202510313910816
22066,0.09970890366152295
22068,0.14807185146427965
22069,0.12516345526292982
22074,0.17862756685290584
22076,0.13530999910691335
22077,0.09980511769591903
22078,0.1206755718667951
22079,0.17596809239911862
22080,0.12126711635999472
22082,0.054365191487412874
22084,0.1188523034093061
22085,0.13131153981153537
22086,0.11724229785757409
22090,0.18029090445892826
22091,0.12553776225549074
22093,0.08821297369025972
22095,0.05032016274824037
22098,0.10060585965124899
22099,0.06509588589731229
22100,0.05984726555246046
22101,0.13826811685084014
22102,0.3099152191947922
22103,0.1027970313771321
22106,0.12239122069870792
22107,0.11961916505023293
22111,0.10829213396156417
22112,0.1532938199000758
22116,0.06428233764513287
22121,0.1720466939268316
22123,0.055433657499646
22124,0.07055465391455072
22125,0.09479019064834512
22126,0.12405519430174272
22127,0.0776045997498966
22130,0.10015627744438539
22131,0.1552136090583771
22132,0.060647156338386625
22134,0.22080747977910892
22135,0.14069354944790943
22136,0.16595459616774727
22137,0.13625379039079843
22141,0.14339905470319778
22143,0.09117709528755516
22146,0.1129442901237178
22147,0.10692911460028472
22148,0.19642157014907896
22149,0.09038731809544753
22151,0.11596204124265928
22152,0.10965925937054102
22153,0.09858759159121862
22154,0.10516411221310562
22156,0.15620019789925818
22158,0.10021790386388651
22159,0.15145193340873234
22160,0.11250679036985659
22161,0.10138401693214773
22163,0.06327517357784218
22164,0.15466219640774415
22166,0.11130448446643755
22167,0.056979844425558375
22168,0.22711034379061962
22169,0.16991540399955452
22172,0.11904308729729286
22175,0.10595461537956383
22176,0.0520134630916572
22177,0.09597343772995919
22178,0.24154756823559678
22181,0.10221779603598935
22182,0.08986460141362858
22183,0.057457035694294
22184,0.10811206827207032
22186,0.2693266505706864
22187,0.13221731356160218
22190,0.15889831200151705
22193,0.12060172152441703
22194,0.11234939070227265
22195,0.1727122153973976
22196,0.05562135806135731
22197,0.1684930564442505
22198,0.04853280921940138
22199,0.13843936620816777
22200,0.09420744016301401
22202,0.21100544173282434
22203,0.10729775258529486
22204,0.10717464192354785
22205,0.0780441373376901
22206,0.11856068297646662
22208,0.1023818893973004
22210,0.08334329224373263
22212,0.20541326116692052
22214,0.13188530716938987
22216,0.10357730228560284
22219,0.09235725891269715
22222,0.126806184434409
22223,0.24097104113958176
22224,0.08753151153818536
22225,0.1313162194893457
22226,0.04940623553899263
22227,0.17585391296192274
22229,0.08518856496064625
22231,0.11751965058406513
22233,0.11946713122934367
22234,0.2057918488127647
22235,0.1094581579744823
22236,0.14708085782969854
22237,0.14879811246955219
22240,0.07731389571421855
22241,0.15149032073879842
22242,0.1279840535220684
22243,0.11929679114858063
22245,0.1389406199819254
22248,0.14692475930993457
22249,0.10502666315798065
22250,0.17394773331556465
22251,0.11980443833955752
22252,0.058000425700809835
22253,0.1197904444396358
22254,0.10064707895636339
22255,0.10909560838998715
22257,0.08189632781590059
22260,0.12495242015968232
22262,0.11338880943524739
22263,0.13100284569055906
22264,0.14500634971484538
22265,0.12289764976022416
22267,0.27287179630284647
22268,0.15249054748265956
22269,0.15048607028076877
22271,0.05600333539848194
22272,0.1101897980556754
22273,0.09611395724575396
22274,0.14648864518493374
22275,0.05999230283491401
22277,0.3230571423856505
22282,0.13050481319012736
22283,0.07715045297977086
22284,0.05716851921527906
22286,0.1267131834659136
22287,0.05009354296847199
22288,0.12080717149821231
22289,0.11582032366203021
22290,0.09953098426030624
22291,0.11512404623032876
22292,0.0576837561256901
22293,0.11784720981857073
22295,0.11003510283382355
22296,0.16568012546223207
22297,0.1331679536706094
22298,0.11013596787409584
22299,0.09317540378169388
22300,0.1441068666221769
22302,0.13312632413465508
22303,0.14879000876003484
22305,0.10169837937033886
22306,0.13835632279311674
22307,0.1816601261989454
22308,0.08897193046535312
22309,0.15079415725092432
22312,0.25772952738062055
22313,0.09668246579356554
22314,0.1579396367235273
22315,0.10117956839156629
22316,0.1698561847236772
22317,0.051953256492930186
22318,0.1472345977294796
22319,0.18734239456567187
22320,0.1434663095507734
22322,0.14700916459800029
22323,0.1944638424409488
22324,0.09784000059615337
22328,0.11173914300915268
22329,0.08603088570498382
22330,0.12032211513909256
22331,0.1389605114038464
22332,0.09659323660242444
22333,0.049157736078816044
22334,0.10552926473374478
22335,0.12148756982234789
22336,0.13040226267365634
22338,0.19914039648221984
22339,0.10788725562071604
22341,0.11439278609811573
22342,0.11636359792680057
22343,0.12279509205038931
22344,0.0783897812598627
22345,0.15050029680085322
22346,0.09146079045427807
22350,0.10012512824050189
22351,0.10509625166868748
22353,0.10154851068819931
22354,0.14365534101395602
22355,0.11074114159274298
22358,0.11106451247155062
22362,0.10228883530327229
22365,0.11573583870975862
22366,0.11830145863025904
22368,0.08895759207685695
22369,0.09473982760357724
22370,0.04775432322534584
22371,0.08837509633618157
22372,0.18490116286747443
22373,0.09836395695803564
22374,0.09180659280435001
22375,0.1032927721099826
22376,0.1419885836161866
22377,0.0994575298538459
22378,0.10043012130588955
22379,0.12048916172518633
22382,0.10711995947202169
22386,0.11703391423964173
22387,0.15528364671046782
22388,0.08430734961607105
22390,0.1147165507450724
22391,0.0961457100030422
22392,0.10587543588552285
22393,0.23231757237384035
22394,0.15614061626195141
22395,0.12082730512198818
22397,0.14376626702934928
22399,0.18354438489439107
22401,0.10095418565063634
22402,0.12612441771687177
22403,0.0960027349689738
22405,0.13151638252663705
22406,0.09331045122099722
22407,0.15699378091407445
22408,0.14030227239477283
22409,0.0586250379589226
22410,0.09785226387404722
22411,0.2557081273011227
22413,0.16582290914097364
22415,0.1185221495947746
22416,0.13491104044642813
22419,0.14837763582529764
22422,0.12095782549365514
22424,0.1463023699536635
22425,0.19773223849383098
22426,0.12018341662884752
22427,0.16245548297757686
22428,0.10498277535052851
22429,0.1358112225781937
22430,0.09435118419850012
22431,0.11984437520557877
22432,0.09876924647578396
22433,0.051835568054993654
22436,0.0819399190900998
22437,0.10567139832845826
22438,0.10482640175712793
22439,0.08799910272609802
22440,0.13871780288934685
22441,0.09044331015893865
22442,0.08523337984557505
22443,0.10309037546586806
22444,0.08390239461328866
22446,0.062466871074172516
22447,0.11595007869229422
22448,0.137562134031006
22449,0.11753677146421704
22450,0.1182557347067062
22451,0.12891369355408402
22452,0.18315731049348113
22454,0.055356600204251066
22455,0.2838293570271512
22457,0.09699194844299097
22459,0.1055214141766148
22460,0.10123849237310681
22461,0.100686218797731
22462,0.2056314161632748
22464,0.09970219585688744
22465,0.09875642288144296
22466,0.14577466658854504
22470,0.19342508787704957
22474,0.18894568345362206
22476,0.08122553011725643
22477,0.12289423814595622
22479,0.14116080243697787
22480,0.22156699652085116
22482,0.13562093948939102
22485,0.08727584121534307
22486,0.14704468263030288
22487,0.10026945627305453
22488,0.055885718950395506
22489,0.10027135563598427
22492,0.12163050830331582
22493,0.1326014427532842
22495,0.10811574995414318
22497,0.13151495410928607
22499,0.10833945730912249
22500,0.09037966834072696
22502,0.13011881402630338
22507,0.11658722870927347
22508,0.04628049070525182
22510,0.10561217154073443
22512,0.14063106094355954
22513,0.09795358512722477
22515,0.12114744118293401
22518,0.12085249354504463
22519,0.08903057998704432
22520,0.12945589240336253
22521,0.09360212890373815
22523,0.12517455093078317
22524,0.31514212116779283
22525,0.12063023551916666
22526,0.2013231993301575
22527,0.10976891578988716
22528,0.10554846768837982
22529,0.06398458012056946
22530,0.18101752253283507
22531,0.11018866173734972
22533,0.13346055074721336
22538,0.10280156733908989
22540,0.043177968538725485
22542,0.12088780973941599
22544,0.10592591845684125
22546,0.08133894643453053
22547,0.19911130880985592
22549,0.10072111543396542
22550,0.23249278026271486
22551,0.21149582147454535
22552,0.15851965005293114
22553,0.05097317729432737
22554,0.17569316484563327
22558,0.05676930033669762
22560,0.07555407234832251
22561,0.13264644950656745
22562,0.1457709748473434
22563,0.21321791133963447
22564,0.14965613098767955
22565,0.10826104909811661
22566,0.09660184719834741
22567,0.11445362776559947
22570,0.09048308740321558
22573,0.1435827288458165
22577,0.14986674302942204
22580,0.1272540467763862
22581,0.12298987461014778
22583,0.17822653903542543
22584,0.12662938963606676
22585,0.10476000703079728
22587,0.08189765946920399
22588,0.0834602296010159
22591,0.18835611461810417
22592,0.134719141663154
22593,0.15160046102557104
22595,0.17691958264392657
22596,0.15554388052912088
22597,0.11959173712249475
22598,0.12867640038251973
22599,0.047489559301432706
22600,0.1183128380828179
22601,0.12234969180706402
22602,0.11189242806206806
22603,0.19552467942205767
22604,0.18146161785593648
22605,0.1118344337384062
22606,0.08381094339332092
22607,0.10112465172984499
22608,0.09965997195800565
22609,0.10665884121232017
22610,0.14990071147118567
22611,0.12487004664433146
22612,0.11843760575753086
22613,0.2175592148809709
22614,0.17595551773647583
22615,0.06097830648172958
22618,0.09642060156827646
22621,0.10370436932302989
22622,0.11057316403244848
22624,0.11085033472291378
22626,0.13765739195643464
22627,0.10626423588651103
22628,0.08091122513917219
22629,0.1135148075867724
22630,0.08652187384050866
22631,0.08982359616623566
22633,0.10024001631485746
22634,0.09184328248431782
22635,0.11770531010907374
22637,0.09688623643773062
22639,0.16479413064810947
22641,0.0924265818131262
22642,0.13404963178921284
22643,0.11512854647545455
22644,0.34083040933384506
22646,0.10704432253879034
22647,0.14743768991764095
22648,0.10793147397485599
22650,0.18179002414561501
22652,0.09586105035742833
22653,0.11093255153020144
22655,0.1991752365366379
22657,0.060392686414304224
22658,0.0946413318895377
22662,0.11560180173573176
22663,0.10782924740297478
22664,0.18370585693488442
22665,0.12598873792009735
22666,0.19374902516230486
22668,0.12808987495539925
22669,0.07974639135145686
22670,0.14313135004012983
22671,0.1431697587488499
22672,0.07875153269622556
22673,0.0656768864899807
22676,0.1173545701537512
22678,0.12506864028466327
22682,0.10769674130465019
22683,0.09680637366377354
22684,0.08420092462708241
22685,0.1005801288691315
22686,0.11407589163742453
22687,0.19528192998161126
22688,0.07944211639369562
22690,0.1308066326624638
22691,0.11654497069770262
22692,0.09631673940739689
22694,0.11971243171099538
22695,0.11283966178862032
22696,0.04896968381167294
22697,0.24528560082171239
22699,0.21823536222374737
22702,0.23035130165544773
22704,0.07551025268326922
22705,0.14199295520221916
22706,0.16290411669960866
22709,0.055257080053925045
22711,0.15017496615228546
22712,0.10054953021901804
22714,0.10617357792612936
22715,0.107933170501627
22716,0.0768044269967112
22717,0.1509753873647832
22718,0.05010559185841545
22720,0.24451436275494576
22721,0.049633616737338696
22724,0.09381829614463538
22725,0.09653470830805351
22726,0.20959646195587522
22728,0.09856850585283462
22729,0.09849710487960014
22730,0.1629752994467665
22732,0.12201531319419516
22733,0.16430997105541717
22734,0.13750124985482454
22735,0.2540157130747204
22736,0.10628620980236274
22737,0.11836109780346563
22738,0.055689957540457274
22739,0.2093025257739538
22740,0.2207041802622191
22742,0.12298852778883669
22743,0.14013456749063896
22745,0.09882667011717776
22746,0.07190221230808609
22748,0.3467669623802889
22749,0.18827139581466365
22751,0.06057324869721741
22752,0.1162012015849243
22753,0.28565322815858146
22756,0.09841672979929561
22757,0.04639056309427217
22758,0.15439103465957224
22759,0.080827809478049
22762,0.13750630087902702
22763,0.18087179042026777
22764,0.09967071738804086
22766,0.06618901298681863
22768,0.053473710388648815
22769,0.10027408284335249
22770,0.09101508359946309
22772,0.20111387712916126
22773,0.08876687235590594
22775,0.10116416800759466
22776,0.17131980094758523
22777,0.11465914958868834
22779,0.07583838946070828
22780,0.1309411825504874
22781,0.2850750196922706
22783,0.16276649623429804
22784,0.11811923212511709
22786,0.12800601539680723
22789,0.12063704588684068
22791,0.05899946348785637
22793,0.1344290303338764
22794,0.11318682732104626
22795,0.0739669577618567
22796,0.05941295284185557
22798,0.13312431428749116
22800,0.0984578459193976
22801,0.12890585009625122
22802,0.14428212676014968
22804,0.05517544488125772
22808,0.08743107101051369
22810,0.2644259809605992
22811,0.09960412549015805
22812,0.05504453428517374
22813,0.11639319043629992
22814,0.14452322760281291
22816,0.11574076481701208
22818,0.12129470059969523
22820,0.19792956268310466
22821,0.055339362826196205
22823,0.135049888661072
22824,0.12211864503867838
22825,0.11013312890300203
22826,0.21739197869233137
22828,0.11478644147315825
22829,0.1764584050041957
22830,0.1641290852640115
22831,0.15373369328501843
22832,0.12370652002365946
22833,0.05434117137758467
22836,0.11133798261963071
22839,0.08784014885978116
22840,0.05303079138832835
22841,0.11298955662729715
22842,0.1003601072891599
22845,0.1700672584251134
22846,0.08421632441510149
22847,0.13477724824070528
22848,0.08592777443546074
22851,0.11871201541089998
22853,0.09678225608417139
22855,0.11313997576459342
22859,0.10609689377193683
22860,0.29292618463481224
22861,0.09059695774773142
22862,0.17022853722643463
22864,0.11530643759105683
22865,0.058260753475886565
22870,0.10956937827366961
22871,0.133122992768475
22873,0.09562591109470317
22874,0.12003915240338954
22875,0.12713399311303072
22876,0.12009535416761555
22877,0.23283758027014506
22878,0.0877446342755698
22879,0.22632664665911997
22880,0.12424508022339219
22882,0.06964207363959736
22883,0.22929544214871125
22884,0.10294574183506763
22886,0.04754371626500636
22887,0.11380306136123847
22888,0.11616799140862738
22889,0.12337662690852565
22890,0.16077314702665452
22891,0.055278177749521255
22894,0.1029580759663906
22897,0.12670338463934547
22898,0.1368135024045073
22899,0.05426712291560264
22900,0.04522244354312731
22901,0.10524294572712688
22904,0.09013557280747173
22905,0.14149995940059895
22906,0.12693062363504684
22907,0.13071162648797366
22908,0.11374066878711926
22909,0.06293879084123576
22910,0.12678534177087683
22911,0.12107537217273101
22913,0.13315156250135207
22915,0.11514776248970603
22918,0.08469249574992377
22919,0.22901496229290977
22921,0.25922031751630575
22922,0.051520571593112297
22923,0.09488687038725035
22925,0.13209326693982673
22926,0.07525203124000387
22927,0.16388125922873753
22928,0.11393148191319896
22929,0.17694168093790522
22930,0.09836811209850124
22933,0.10454682343098351
22934,0.12233951370728421
22935,0.092547990651453
22936,0.12038542571909928
22937,0.1158501882168608
22938,0.136177991277278
22940,0.07767642663443482
22941,0.31215366997530597
22943,0.09691873963353785
22945,0.08360630424351842
22946,0.11162733007477743
22947,0.18203107343852973
22948,0.21452082308573592
22949,0.1814385255036483
22950,0.1413248579156073
22951,0.1019550393317558
22952,0.13600485491165554
22953,0.12240975109615734
22954,0.11143114490866918
22955,0.28575113110712996
22957,0.28826703247316215
22958,0.11156991824355063
22959,0.09462778684147612
22961,0.14043533046185977
22962,0.09800820391990647
22963,0.08363310538571153
22964,0.13796332568049016
22965,0.10175288931663236
22966,0.13085577171602072
22967,0.13677557637158147
22968,0.30967968719018985
22969,0.08500423278683769
22970,0.0857830077078376
22971,0.1198240123069003
22972,0.27222831538266706
22973,0.16116659048737697
22974,0.15955951289265666
22976,0.10084228190741133
22977,0.09195261596182948
22978,0.1131966725127738
22980,0.08379831703135689
22981,0.07144919047471673
22983,0.08980969492116482
22986,0.09710634616003033
22988,0.20225923116802005
22989,0.26305982124139
22990,0.1166180240923388
22992,0.09452025564906887
22993,0.05160346972102199
22995,0.10306635859040772
22996,0.08688212530569063
22997,0.05032140639654239
22998,0.11930676006815023
23002,0.12733716014099394
23003,0.08627774399235885
23005,0.13743992864392504
23006,0.09407789566140311
23007,0.09222806130061588
23008,0.1290738030579825
23010,0.13708835641091682
23011,0.07431773410979414
23012,0.13747626900195836
23013,0.1894007036967424
23014,0.07947131011595981
23015,0.1146547723575709
23020,0.12321021759655437
23021,0.11841714080673815
23022,0.14607543748868343
23023,0.06364414554407827
23025,0.178961220147638
23028,0.2215583318653235
23031,0.1526997229026085
23032,0.24095403687803257
23033,0.11128381618350809
23034,0.10050956375365386
23035,0.13502620770656387
23036,0.13045428235086556
23037,0.058721875622460215
23039,0.2917320126738358
23040,0.08774813046479563
23041,0.10139491674166191
23043,0.10584108264216589
23046,0.11084967616522538
23048,0.05787927288412094
23051,0.11933704003391518
23052,0.09935097683803379
23053,0.11291219627711008
23055,0.14899806736039828
23056,0.09966296278142525
23059,0.1398094329617025
23060,0.10324767760356526
23062,0.11513400504328963
23063,0.10008346888288441
23065,0.08796211440729683
23066,0.08711017584028678
23067,0.0934840589811458
23070,0.13528405798336265
23072,0.11249946481284143
23073,0.08744578964209089
23074,0.09364191457638736
23075,0.09281562227237392
23078,0.11383533532412765
23079,0.12907614938244338
23080,0.1315912806593288
23081,0.049011931794850035
23082,0.19520557166069294
23084,0.07955296616932961
23087,0.0914921875367825
23088,0.11989308040579251
23089,0.14871885177689326
23090,0.1250545952843811
23095,0.08840908547328688
23097,0.11176663249738042
23098,0.05218664256812253
23099,0.09911559303318228
23100,0.10262517978723246
23101,0.11809368705287482
23102,0.13995308857005262
23103,0.19930714107338657
23105,0.08202215176342566
23106,0.08419131913008204
23108,0.0576568148783815
23109,0.12664930895933674
23110,0.14828424583463867
23111,0.09094868392665466
23112,0.08189718430188546
23113,0.057870841217987384
23114,0.12106112860143532
23115,0.23615023765555127
23116,0.0737512474984293
23118,0.1700133116011846
23119,0.09421183476909795
23120,0.1269528731470051
23122,0.1596421734759738
23123,0.10991886378361143
23124,0.09932246818944482
23125,0.07597695821673241
23126,0.11137415330006298
23128,0.1012665926404107
23129,0.1972336326048641
23131,0.08718373812904091
23132,0.12380436350072693
23133,0.18702693186876385
23134,0.1063513685847795
23135,0.11285531220879567
23136,0.09384659124701039
23137,0.08205740012471188
23139,0.11965456297815924
23142,0.05846408449485916
23143,0.09167694385548733
23146,0.13743118862438053
23147,0.08814968801105594
23148,0.10271818308351487
23149,0.09765773443449564
23151,0.09561490755370815
23152,0.11390326798765593
23153,0.2544810545448889
23154,0.10217771643756439
23156,0.12631902904964587
23157,0.0898597045523401
23158,0.11316892266958298
23161,0.13771370351750406
23162,0.13780035588246778
23163,0.12499333407823969
23164,0.15968432084779324
23166,0.21916503514639563
23167,0.11546484944186552
23168,0.10673538894550308
23169,0.11504487427740918
23170,0.08876749003068642
23171,0.13830927152432318
23172,0.0669346536082137
23173,0.15958598517062705
23174,0.12008735076559755
23176,0.1369757909106965
23177,0.1028810019711813
23178,0.09805386211813474
23179,0.11832799088396792
23180,0.11017189941328884
23181,0.2713513371260591
23182,0.13363771988167364
23183,0.10710949610693019
23184,0.10742609044015804
23185,0.12621670390855197
23186,0.09320088355971509
23187,0.1475493923625673
23188,0.1096876229651859
23191,0.09439454631308113
23192,0.10684657362435891
23193,0.10723539020562715
23194,0.10613073458848339
23196,0.08456586295734153
23197,0.09146643399055712
23198,0.11734744751815065
23199,0.05409200374837716
23201,0.17423152489376403
23202,0.1333119437307936
23203,0.11948193958870351
23204,0.05852012585088827
23205,0.13079716021463555
23206,0.1002455445241566
23207,0.06037508967807255
23209,0.13201117688486427
23211,0.12578174264888
23212,0.06824981347694935
23214,0.09878785168207281
23215,0.0892478428505315
23216,0.13031807678677987
23218,0.14476105311924298
23219,0.10470143458687592
23220,0.14482808369507297
23221,0.058457540421551484
23222,0.12414475042125235
23224,0.11282926773291913
23225,0.13975706417411454
23227,0.1050336330034903
23228,0.11060800831276131
23229,0.19699084575845255
23230,0.10238721297941246
23231,0.2511825570136747
23233,0.18614626787144184
23234,0.11322327530824522
23236,0.10727738053894258
23238,0.08287992977987821
23239,0.07292435257850352
23240,0.10334988405632371
23241,0.11856449653359208
23242,0.3129493420640316
23245,0.1362250779656515
23246,0.10043643099636465
23248,0.11317367310959639
23249,0.21767179501212333
23250,0.12788400465490013
23251,0.13074943612297457
23254,0.12706875283992086
23255,0.12285343310559863
23257,0.269261117347874
23258,0.19736591667611156
23259,0.10531315901349968
23260,0.109127856180754
23262,0.12384916434560692
23264,0.1149232181849562
23267,0.1282609530718846
23270,0.13838592818772738
23271,0.12800403850571732
23273,0.1361955658132537
23274,0.07703129235433127
23275,0.09328993135913856
23276,0.11990186680874369
23277,0.13460621586087512
23278,0.10159661643972484
23280,0.20069105214794128
23282,0.2052423890991819
23283,0.11535853488827887
23284,0.12878181944908682
23286,0.0933011824378589
23287,0.13116868639026402
23288,0.11282574030002776
23289,0.11039149031795448
23291,0.05024632394712876
23293,0.15833785059589517
23294,0.09798465093834936
23295,0.12447905252856452
23297,0.12467106191561866
23298,0.0876014078486743
23299,0.1094622245277729
23304,0.17371111754366697
23305,0.10375621827176262
23306,0.09025691350470975
23307,0.05680556429417419
23309,0.18792190325816258
23310,0.13191063988253143
23311,0.14059065387935066
23313,0.09272510074786039
23314,0.15379456300941624
23315,0.10113164452408073
23318,0.09141383464439508
23319,0.05286140423668629
23320,0.09918911090559882
23321,0.10159497387323409
23322,0.0997557030135099
23323,0.13157487972717943
23325,0.09430252050648544
23326,0.11267398393328686
23328,0.2716296826564566
23332,0.047924994178419444
23333,0.05129697453032637
23334,0.28794844643006096
23335,0.0885904246076688
23336,0.12369532465406853
23338,0.06318014322803303
23339,0.11573625552950619
23340,0.1721550740972952
23343,0.1316256687335382
23344,0.10028187787547356
23346,0.08173857816956363
23347,0.12731369206930726
23348,0.11463420960492808
23349,0.17383162064892121
23351,0.12524757590087296
23352,0.18699263695707674
23353,0.2811402152692117
23354,0.0943370591006279
23356,0.20687373626702152
23357,0.1196077891404077
23359,0.08891236377346111
23361,0.1374852995551964
23364,0.11366005787738928
23365,0.1073182934081967
23366,0.2151992569258547
23367,0.09556695680939621
23368,0.14245610589376614
23369,0.14896903335333647
23371,0.14609834194391227
23372,0.12578601422873237
23373,0.14209583142592053
23377,0.09696329786040148
23378,0.11037400374288522
23385,0.11582101530138975
23387,0.05663572720060395
23388,0.18108435266439593
23392,0.061100944336016344
23394,0.26372720698679986
23395,0.13723083786615833
23397,0.24252989151134877
23398,0.04799003944979033
23399,0.11504532183511583
23401,0.09487725977078333
23402,0.11646126223842526
23404,0.12629544959801361
23407,0.1842645877172685
23409,0.08771875666052638
23410,0.1314930989921523
23411,0.05079404727290007
23412,0.12167636071306902
23413,0.07069428307208052
23415,0.11548974678036492
23416,0.13475460057576685
23417,0.09028482558552275
23419,0.09793955604756117
23421,0.07301777542433578
23422,0.09690022138902918
23423,0.1286075694096924
23426,0.125487161734934
23427,0.1313679851011604
23428,0.08844167706692783
23430,0.14606229015689762
23431,0.09969394773776054
23432,0.1109179539541059
23433,0.08250713528936354
23435,0.057280650882002036
23436,0.11721367438722724
23438,0.13477084711012083
23439,0.06760838752195819
23440,0.11431196213111766
23441,0.06366355885520017
23442,0.0907094415357404
23443,0.125480415312671
23444,0.10798905855223212
23447,0.05729130402066929
23450,0.120681965504279
23452,0.10560303193831598
23453,0.11889552147788199
23454,0.10711169129236155
23455,0.054103973904567386
23456,0.06814530897065155
23457,0.15467050635299934
23459,0.11919461241456854
23462,0.12527056915779983
23463,0.16771722237720876
23466,0.11356942123068851
23468,0.12125064443832156
23469,0.10450161922865761
23470,0.11112671775132227
23471,0.1864799212875328
23472,0.21091184795401144
23473,0.12280839321051802
23474,0.169938272051516
23476,0.12198777221135103
23477,0.09054478158826502
23478,0.10204191786701486
23479,0.1767681835148415
23480,0.12117258524131218
23481,0.09878333120598201
23482,0.08379421272576054
23483,0.1633421776467392
23484,0.1330948618357367
23486,0.09851557859889305
23487,0.10033070640436237
23488,0.1090157233733226
23489,0.07894320252546787
23490,0.16709143953508332
23492,0.10911417264744011
23493,0.05534720793088482
23494,0.18979282703848396
23495,0.26295292963164396
23496,0.13547528064685702
23497,0.1065984014384388
23498,0.0924026634005957
23499,0.0949205995534404
23500,0.09149648818988079
23501,0.0488543629460836
23504,0.21193931444464603
23505,0.09194219955243901
23506,0.08895759403317842
23507,0.17483568994827065
23508,0.12614746197085328
23509,0.11335940230461816
23514,0.12808451988468111
23515,0.050739073555859236
23516,0.057932261387526225
23517,0.18320509485167247
23519,0.1855551885587345
23520,0.08495386055376261
23521,0.09168106088039346
23523,0.082964061757266
23524,0.09598537284263287
23525,0.11210800285343073
23526,0.11534420266654807
23528,0.13474837365972966
23529,0.1176454110198915
23530,0.10815640087840017
23531,0.13204408750442956
23532,0.058155459643137945
23533,0.04455056721512964
23534,0.05797107212132605
23535,0.09364943005090784
23538,0.09154517862215147
23540,0.06560184194996364
23542,0.04809835265057661
23544,0.13027976057331728
23550,0.1756846948106167
23551,0.18483962365903436
23552,0.15834883255413174
23553,0.10807952545494943
23554,0.11335948620367536
23556,0.13382410217289745
23557,0.12649455269279025
23560,0.11341158958141428
23561,0.10522165352764509
23564,0.11275996228755843
23565,0.15434661177988626
23566,0.11281526448016042
23568,0.20304220715887603
23569,0.054782635501917164
23571,0.13335949010895914
23572,0.05735633912236657
23573,0.09706126578404109
23574,0.11473219679596858
23575,0.104347314780011
23576,0.1493292002297591
23577,0.11215565294492141
23578,0.1442351290567567
23581,0.18074034907116132
23582,0.13102917937967537
23583,0.12638454747620423
23584,0.11042639145193014
23585,0.08435119906977716
23586,0.13472489566588794
23590,0.06902227389962154
23592,0.06531868437266429
23593,0.08533608249818961
23596,0.1370733062442625
23598,0.12899874373222892
23599,0.07978023774719749
23602,0.11501729183430087
23603,0.20861074578120867
23604,0.17412440543625898
23606,0.09831292989387859
23607,0.08585776794932795
23608,0.08203257859458216
23609,0.20244600722230074
23610,0.1367847435401513
23611,0.0736155673973456
23612,0.06999458760631809
23614,0.06242916035805756
23615,0.08637959272115343
23616,0.077571971241014
23618,0.14170491808502914
23619,0.10608257045535238
23621,0.09105759507116136
23622,0.09827884235581563
23625,0.12279734460808214
23626,0.1177664960709555
23629,0.11225249666034262
23632,0.1087303068347907
23633,0.1098034453428782
23634,0.10512478320531111
23636,0.13465571218594663
23642,0.13275642619768793
23643,0.09704565889430201
23645,0.12654385599705167
23646,0.14229216458504973
23647,0.14378770236479133
23649,0.16623585873563865
23651,0.09502020654789058
23652,0.08750309232603568
23653,0.08881673666483922
23654,0.3177935005140217
23655,0.1242878622229534
23656,0.12665359452344793
23659,0.11650175850088122
23661,0.05438871325146291
23662,0.12140063977803782
23663,0.13936777054763588
23664,0.12680930815066302
23665,0.09292815956899021
23666,0.17640390305262074
23667,0.11245385595504584
23668,0.054204726443200506
23669,0.16521702201516583
23670,0.09472509140520775
23671,0.10028324526004494
23673,0.11157523542003997
23674,0.0939303291205831
23675,0.11844599313642439
23676,0.1693921445924819
23679,0.16122110428844003
23680,0.13280827861925978
23681,0.09416915650076792
23684,0.2697268261901494
23686,0.12045996308195876
23687,0.10212482295436363
23688,0.05030008212386834
23689,0.13624925072625568
23692,0.2946613355203533
23693,0.10211479590189994
23694,0.14117759820344508
23696,0.0790104303368901
23697,0.08427719611973243
23698,0.11938496103819977
23700,0.09572994786376443
23701,0.13323136084784862
23703,0.13729313470954266
23704,0.10375121426559605
23706,0.06452996565355365
23707,0.10720328371634219
23711,0.13114950258372057
23713,0.2772628160915574
23714,0.10208144494644493
23716,0.1137842735316017
23719,0.10116833698489078
23721,0.1166277618998397
23722,0.09548675950319485
23723,0.14234544289901138
23724,0.11408908639669628
23726,0.06008909775187487
23728,0.0791048548816112
23729,0.19884927372574282
23730,0.32678882353847444
23731,0.11438792040205345
23733,0.09211114155583267
23735,0.12201600070471845
23736,0.07258118625533484
23737,0.07673154413476817
23738,0.18998892903236372
23740,0.13449378247439292
23742,0.11872198765866473
23743,0.15870998289411467
23744,0.09638497996822436
23745,0.18134746667086585
23748,0.12331951265425474
23749,0.22996190639763245
23751,0.17470837888012
23752,0.1898658638439353
23753,0.0906028922487124
23754,0.12928062695510578
23755,0.06612869167018799
23756,0.0885531729642521
23758,0.12139751882885291
23759,0.16293661562706624
23760,0.11708398689032146
23761,0.20925508028211467
23763,0.05838080731392845
23764,0.18416568936689356
23765,0.08637548268583801
23767,0.09028279154290152
23768,0.11346740754389356
23769,0.10721664089727075
23771,0.1598165313834189
23772,0.0851901342275834
23773,0.06635916077048466
23774,0.2253242423849722
23775,0.05057854836610022
23776,0.07688050975136475
23777,0.05745276908537787
23779,0.08561854388226409
23780,0.07076366993821949
23782,0.09411543214572186
23783,0.09862656989814057
23785,0.15908489953308172
23788,0.09463435957776574
23790,0.12671430122259783
23791,0.10091171297079361
23793,0.18340416555360556
23794,0.13688551562845042
23795,0.12452646841142345
23796,0.09854733363020769
23797,0.10227271461327672
23798,0.04296820940600943
23799,0.11351943850141616
23800,0.1651557246498014
23801,0.10991676770568676
23803,0.10409044861919627
23804,0.06810901614732699
23806,0.08896737689854574
23807,0.13188210277387816
23808,0.05415861933704065
23809,0.10086818378694792
23810,0.16079442594577217
23815,0.18111720141185142
23816,0.1463024397953616
23818,0.09516900630921366
23819,0.2582143951891587
23821,0.10522151738314053
23823,0.11377166385341012
23824,0.13503718975700726
23825,0.12080660562209719
23829,0.10998761935667403
23830,0.14869844436317112
23831,0.04588525339836698
23832,0.1046624662508625
23833,0.18941818890490375
23835,0.10653402420356042
23836,0.09776735644438403
23837,0.13214191795038432
23839,0.07193292999772982
23843,0.20328486226019185
23844,0.1257495542217284
23846,0.14264322519040257
23847,0.08392532559897851
23848,0.10079666595332827
23852,0.11217992185688988
23853,0.10703648456689084
23854,0.0944187383884911
23856,0.09045390108633058
23858,0.11692410605206233
23859,0.28826356485320886
23861,0.10402696521432406
23863,0.10425821362349263
23864,0.10454205173460611
23865,0.11116668562129521
23866,0.10845495802135399
23867,0.09753458339665869
23868,0.0881087240827536
23869,0.054022880268376
23872,0.14052447587754088
23875,0.07714616788914326
23876,0.1277469789513708
23878,0.08303627595278264
23879,0.08691767309161529
23880,0.20375850500549017
23881,0.11306716770178195
23883,0.147454102688041
23884,0.10841002463692548
23885,0.14989059156387133
23889,0.21539311041285814
23890,0.11927104196930961
23891,0.11264141731476758
23892,0.13145786757360134
23893,0.19384385262460863
23894,0.12110670220215976
23895,0.08252745168684453
23896,0.0879976124325402
23897,0.10341009727692924
23898,0.15193206196948822
23899,0.06304677188235533
23900,0.06499591573470141
23901,0.12910795963459668
23904,0.11651743305468001
23906,0.1954923031295233
23908,0.13138765544590422
23909,0.1091392177178495
23910,0.15342807743207512
23911,0.1396662820111566
23912,0.12018617884758893
23913,0.1470775508426031
23914,0.21035601983260743
23915,0.12311544942022894
23916,0.08847369324913322
23917,0.11850847971948898
23918,0.07647821283720668
23919,0.17470761999515583
23920,0.08461848649897988
23921,0.1223857853638612
23922,0.18302169919264297
23923,0.1626866810434368
23924,0.11505486226179061
23926,0.08796853293262479
23928,0.2264339757379883
23929,0.19146142063112806
23930,0.10016126865967599
23931,0.056450435350929466
23932,0.08172941030982943
23933,0.09592774951206882
23935,0.13588853571514267
23936,0.09782530690360591
23937,0.08760060007519263
23938,0.19857359301182886
23939,0.10607613802683252
23940,0.28310463994890434
23941,0.11110593088054944
23942,0.10554271701393585
23943,0.059537818706874725
23945,0.11667906898717509
23946,0.09718968779675881
23947,0.10533038727062792
23948,0.2761887782064193
23949,0.17360384618412705
23950,0.10085488708103382
23951,0.0999579042972745
23953,0.0966232231668818
23955,0.05921037011901883
23956,0.1260229896002669
23957,0.14873606195550543
23958,0.1083842743319642
23959,0.26784384602935896
23960,0.10439997463172948
23961,0.11549522373842856
23962,0.09993871407245783
23963,0.11433279934850873
23965,0.09574286287076288
23966,0.05522856355485562
23967,0.11092105890526542
23968,0.08345437907397159
23969,0.08320291545260808
23970,0.23999638805466703
23971,0.09845600550154561
23972,0.21044281461737718
23973,0.11808710439084738
23974,0.17136089374093236
23975,0.04663540026120092
23977,0.10769917887219968
23978,0.09691458783261143
23979,0.09138710320566298
23980,0.10911917350933473
23981,0.0835222898386613
23982,0.11617347266946648
23983,0.04970110109746815
23984,0.04485253955613485
23985,0.11270424280990589
23987,0.2089543077060341
23989,0.11360584964284286
23990,0.20488411030620762
23991,0.18975752934720655
23992,0.10760077556735069
23993,0.11916881250188888
23994,0.08363813835322867
23995,0.2524795281591865
23996,0.17539167130432143
23998,0.13056291489034375
23999,0.06078231628667041
24000,0.09137211134581742
24001,0.19705867555878095
24002,0.20002072941006607
24003,0.14710165462164512
24004,0.06220430372491544
24005,0.14426566878015537
24006,0.08402856145651248
24007,0.11508339350680456
24008,0.09773715580092479
24010,0.1318927780653985
24012,0.11596472760929298
24014,0.1611694663987912
24015,0.21374922429304893
24016,0.24363583258684784
24018,0.09205464396045131
24019,0.12788887630558515
24020,0.1634563835820185
24021,0.09978907478407613
24022,0.18958681912985723
24024,0.11964178961480383
24026,0.1485621508344688
24028,0.11627977535068951
24029,0.10593760943913691
24030,0.12897533394894065
24031,0.1447349008145719
24033,0.057670641819900774
24034,0.32252648381620974
24035,0.17649748799202153
24036,0.12199014294410024
24038,0.10753056312311955
24039,0.11242009401387483
24040,0.051683116805693693
24041,0.1133361980301675
24043,0.17368091365176488
24045,0.2295473528840885
24046,0.11757526208703155
24047,0.13312365265839085
24048,0.1715384263412361
24049,0.21420172549298175
24050,0.3290341873374133
24053,0.05766101693560173
24054,0.062124620134292
24055,0.12447526454024371
24057,0.11154605035182556
24059,0.13768903479401526
24060,0.13545656493035454
24061,0.12052975230432286
24062,0.11244082765797071
24063,0.20633678369696146
24064,0.25090773533334454
24065,0.14675522119268153
24066,0.10364836168735601
24067,0.060623992172309966
24068,0.15082636318511392
24070,0.16477336476527024
24071,0.07912809040331356
24072,0.19254895034289377
24073,0.054194287694178944
24076,0.09683865517595251
24077,0.10319591106787768
24078,0.09063995807971836
24079,0.10350361390463707
24080,0.12168994695624599
24081,0.13167841320513204
24082,0.0484029994886041
24083,0.08022268598172605
24085,0.10837755102918631
24086,0.1160285479139081
24087,0.12069230900491444
24088,0.1816048689868126
24089,0.08678038498469172
24090,0.3436282686675375
24092,0.08971237151715072
24093,0.1197400575434987
24094,0.060027901809538396
24096,0.10230208996072505
24097,0.13572781516129168
24098,0.12046136630135625
24099,0.11015408495689884
24100,0.11230426649120813
24101,0.10836900373169522
24102,0.15728580720259316
24103,0.09642387821833281
24104,0.09236517103248285
24105,0.09211530077193643
24106,0.14707532333987797
24107,0.13694499517379713
24108,0.08048689091594194
24109,0.10910436841016946
24110,0.04966823768283258
24111,0.11391691596267162
24112,0.11942367775500579
24113,0.04639644749306432
24114,0.09974782371885026
24115,0.1242110865278163
24116,0.07188494311691829
24117,0.1287469934008095
24118,0.1129319261726438
24119,0.26573728498035837
24120,0.08555431478445577
24122,0.049819648518893096
24123,0.11117155991333214
24124,0.10184824057499382
24126,0.14780330160187014
24127,0.18157378331842133
24128,0.25951560478339447
24129,0.10852878085672463
24130,0.1246600374922635
24131,0.0646454423310244
24132,0.2123289982669086
24133,0.0508626226139237
24135,0.1163700521258404
24136,0.07236769366901623
24137,0.11042074538048437
24138,0.15346498562066774
24139,0.1140629806165495
24140,0.10472315206564747
24141,0.0692391874845563
24143,0.1124739944561362
24144,0.08049724843722332
24145,0.12717021640878595
24146,0.05186494115630363
24147,0.13450508052415566
24148,0.1971944646726095
24149,0.08891199359967364
24150,0.15400164610103953
24151,0.09543501022509816
24152,0.14880366952821145
24153,0.1040522067024685
24154,0.13070332959337458
24155,0.09396655258690452
24156,0.10369427635211317
24157,0.12750912981067622
24158,0.20948553278747725
24159,0.2424332539154679
24160,0.1813299617247137
24161,0.108358856384586
24162,0.055851812630976015
24163,0.10602565044999362
24166,0.2865180878690217
24167,0.1059272063987522
24168,0.16356442716582023
24169,0.13568203036765628
24172,0.12970230068505686
24173,0.10414653702445958
24174,0.06685652639740115
24177,0.06218003271044356
24178,0.3034167694055697
24180,0.23373354295200086
24181,0.1204379747503033
24182,0.09920293072737511
24183,0.13079910360713703
24184,0.13455831893512593
24185,0.06038055268883241
24187,0.13454070047049438
24189,0.11947382801888684
24190,0.2724384092041125
24191,0.16312056552379112
24193,0.04765769882152089
24195,0.24441600619376894
24196,0.11963879687530879
24198,0.11255530555630543
24200,0.2879527093226039
24201,0.09475941788370726
24203,0.09462297421247125
24204,0.14333101247109803
24206,0.12202485767737345
24207,0.20849951286916674
24208,0.09095938798936008
24209,0.10895197592418233
24210,0.09612793344971049
24212,0.08756356476015607
24213,0.13292911278450986
24214,0.19240478528584434
24215,0.15490583331725025
24216,0.19149583582471727
24219,0.09108449047522975
24220,0.11884684468780579
24223,0.16363501235167488
24224,0.10492721080892031
24225,0.11691218666689118
24226,0.1754014838740871
24227,0.07598285639746165
24228,0.08286293246276322
24229,0.09241878107137212
24230,0.10181941696171334
24231,0.19020922684448652
24232,0.05686272900718265
24233,0.10697542704253524
24234,0.09529388410210324
24235,0.06185064917598827
24236,0.2692117598127244
24237,0.11628765486643099
24239,0.1288564742445688
24241,0.08469723295769331
24242,0.06085001524880877
24244,0.13397290891489322
24245,0.20119636157550166
24246,0.12080615866903167
24248,0.13811099393946588
24249,0.1099123059922613
24250,0.16489623391456754
24251,0.08809213413422293
24252,0.08651837483328984
24253,0.10187442503720696
24255,0.19290567061900987
24257,0.09709371167841077
24259,0.09192224318015578
24260,0.10281748486058266
24261,0.11981167417017893
24263,0.1114333151652835
24264,0.08371882159186703
24265,0.11127625876914918
24266,0.12859207305736164
24267,0.12893470870877619
24268,0.24856156919505484
24270,0.12172379455816977
24271,0.11744989844684099
24272,0.05969290109678836
24274,0.15773704878765712
24275,0.1216118061520543
24277,0.11222290052911385
24278,0.07195825856154245
24280,0.08356413519684752
24281,0.11816032524928763
24283,0.1328620720498759
24286,0.1296854059263203
24287,0.10221737190374228
24288,0.1272912476238945
24289,0.10697833880115412
24291,0.1158266824796435
24292,0.2154672286754116
24293,0.045973929092864595
24295,0.0913889913788469
24296,0.11749928630682724
24297,0.15689184117709565
24298,0.14752152917868092
24299,0.15010242494713977
24300,0.11976050187223328
24301,0.11537738817492006
24302,0.10524747086979161
24303,0.3418093520373422
24304,0.2279271895011262
24305,0.11794638232487412
24306,0.13425757047784953
24307,0.08700008287429539
24308,0.15408175155700157
24309,0.05531874342725412
24310,0.11044135455408105
24311,0.0901537021200339
24312,0.11224855381449798
24313,0.09736582024256113
24314,0.09258951881094238
24315,0.07935283902048605
24316,0.09935556929523333
24318,0.05970152184155188
24319,0.20349115977351534
24320,0.09708369252881835
24321,0.0996424329017046
24322,0.24236191522923545
24323,0.210281008078321
24324,0.08863685770094604
24325,0.2515783646412894
24327,0.13368797635971783
24329,0.19692974944363684
24330,0.1518486161436416
24331,0.10641679586444702
24332,0.12739072529496528
24333,0.25149984111550905
24334,0.10914189987988444
24335,0.17553553693148363
24338,0.10668746665442286
24339,0.05850850270840679
24340,0.11519568210807113
24343,0.29254744283232714
24344,0.05943527210253087
24345,0.11483761649586133
24346,0.11458802319000792
24348,0.18940676816014237
24349,0.09626266403585099
24351,0.1005706766789281
24352,0.1405999946350364
24353,0.09960403263783837
24354,0.29476223384507383
24355,0.1507373979617256
24356,0.11368621449546538
24357,0.10748224859600042
24358,0.1975912341824471
24359,0.10504400656125733
24361,0.12232762684388866
24362,0.12753083635156662
24363,0.06450211985127659
24364,0.09714327515930514
24365,0.19846000084210214
24367,0.1255220686127433
24368,0.05159704685037273
24369,0.08817371354273865
24372,0.09791008522851631
24373,0.08855741932446042
24374,0.08582823702592059
24375,0.09150688434913513
24377,0.17262890499101835
24378,0.07545952097566161
24379,0.2753924881021837
24380,0.10867860207170264
24381,0.13480202596609586
24382,0.09123090740483525
24383,0.1472987567563792
24384,0.06506988954740768
24385,0.09617113862254513
24386,0.06159951887499091
24387,0.11889731614367849
24388,0.12912042422750175
24389,0.08728575715690721
24390,0.08005686673889342
24392,0.08774253480817043
24394,0.12822632700263187
24395,0.2333500185644732
24396,0.2957115121490744
24398,0.14621314833407523
24399,0.0475833328607334
24400,0.0631017187778962
24401,0.08356589469105184
24402,0.09132471088635444
24403,0.08087925888464628
24404,0.08496690327820557
24405,0.14541008121082716
24406,0.22863779289889477
24407,0.1272434302519852
24408,0.12116452738564763
24409,0.1333931039189939
24410,0.05145500138599759
24411,0.08505198378036351
24412,0.05384047955334819
24413,0.04749828178344558
24414,0.1209364719212354
24416,0.18557843315508485
24417,0.12313474640371856
24419,0.08983577717194548
24420,0.07935219819955722
24421,0.07480548421939158
24422,0.08559752070865366
24425,0.19378915591448367
24426,0.06213417307929815
24427,0.1905567884160973
24429,0.11954969489714491
24432,0.09504974527388091
24433,0.10626346111138898
24434,0.1306567892359298
24435,0.31627819091360204
24436,0.11769396362250323
24437,0.10752043694980325
24439,0.08950422313823495
24440,0.0922689467548579
24441,0.17262656056494738
24442,0.15235359129885742
24443,0.08821998282715306
24444,0.10530461302567476
24445,0.11116464584877946
24446,0.128306856004003
24447,0.19909174638037874
24449,0.11550765841902522
24450,0.10340355907917209
24451,0.14401293367433987
24452,0.11778479599393761
24453,0.09910632048585147
24454,0.06736889198082237
24456,0.15418854141431368
24457,0.09294968769541236
24458,0.10396758169343279
24459,0.04908326354471427
24460,0.10592160147837049
24461,0.11100563638102846
24462,0.1040401806738861
24464,0.14661081592078884
24465,0.06508151678936858
24466,0.10975478201020179
24467,0.09168281068115026
24468,0.1304210216393795
24469,0.08724940467930807
24474,0.13503128737853282
24475,0.050153848871173336
24476,0.11748882753733787
24477,0.16074482782798402
24478,0.23917786023828283
24480,0.121879641646838
24481,0.08345088313332105
24483,0.09675430981394054
24484,0.08095811008520841
24485,0.159010143980034
24486,0.20945809044403238
24487,0.1229118981177616
24488,0.09533600098377537
24489,0.09762839589209628
24491,0.11520086566234022
24492,0.14557840335271136
24494,0.062251192078298725
24496,0.11982828876385555
24497,0.12051711246119827
24499,0.10385078823753202
24501,0.10307826327541142
24502,0.19774837342039148
24503,0.30192126037495537
24504,0.18188113690960617
24505,0.15434626793928322
24506,0.13233015141465
24507,0.12490122456584328
24508,0.08258186599861682
24509,0.1278998140248269
24510,0.14620045820551555
24511,0.15879917046910003
24512,0.0629618147836853
24513,0.12548896527347786
24514,0.11883792931214318
24515,0.09963645983661869
24517,0.21764402596382634
24518,0.06492247437214745
24520,0.061364022806744446
24521,0.07048587422620806
24523,0.130830917949957
24524,0.054500898082762816
24526,0.10404911148739768
24527,0.12468089668365817
24528,0.08309120716814818
24530,0.10274148868928276
24531,0.12727982158934098
24532,0.24749797496604173
24533,0.11245136884604731
24534,0.10701454097867717
24535,0.16684824463470135
24536,0.12441134718494401
24538,0.1216115986444869
24539,0.07635113357366426
24540,0.22426332539226093
24541,0.11219076500350407
24543,0.13475660651195812
24544,0.11051497689907545
24546,0.1108896902267078
24547,0.15710335878399925
24548,0.1117078480624374
24549,0.13201157860667304
24550,0.30594770053977544
24551,0.10791117178064591
24552,0.12851204904862704
24554,0.23243936949002061
24555,0.19987350405841536
24556,0.10672140531939407
24558,0.1389451544217249
24559,0.3036713033371165
24560,0.09309446307414664
24561,0.10276563796813154
24562,0.19694891399186717
24563,0.16488958282016947
24564,0.13197154377494824
24567,0.09356802202911804
24568,0.0884934293902834
24569,0.20932580170451262
24570,0.13967650992707842
24571,0.11731389237308984
24572,0.27314542368393
24573,0.16876097693323822
24575,0.2075980769458518
24576,0.11129348692849998
24577,0.1296497553088482
24578,0.20369517844237436
24579,0.07770669146336401
24581,0.09953299149039642
24582,0.12307136535307965
24583,0.10934572553603249
24587,0.0939025613032318
24588,0.11220417089238548
24589,0.15764980580975085
24591,0.100658439713253
24592,0.04786593194659724
24593,0.08772858110323399
24594,0.1213908792325125
24595,0.2012615100534598
24596,0.11041432927355405
24597,0.09613756852781466
24599,0.09152683835015109
24600,0.13731024508795087
24601,0.11529544285151244
24603,0.2825033342884805
24604,0.12455471265078928
24605,0.0999761313282849
24608,0.09491178361518612
24609,0.12727699167684978
24610,0.08237481569952931
24613,0.13884847463047767
24614,0.12239601824215209
24615,0.1061872619457205
24616,0.058264691342842914
24618,0.16477086361672763
24619,0.12090273537788786
24620,0.11542330503614186
24621,0.10035427776430475
24622,0.1196014505384499
24623,0.145512560181807
24624,0.15517645031762964
24625,0.13371978797132086
24628,0.14127626833136148
24629,0.09643077812892101
24630,0.17161468747873618
24631,0.17985794470203229
24632,0.1566092171936242
24633,0.11712914125041332
24634,0.16682867793175551
24635,0.1301319575446867
24636,0.11819718454558581
24637,0.19484194607623148
24638,0.05052330058915392
24639,0.11513802647982058
24640,0.12398249724878631
24641,0.09852479599276372
24642,0.060761104636308044
24643,0.10385293737341529
24644,0.10216352777823544
24645,0.09162054505690936
24646,0.09379114683756413
24647,0.08179388687067514
24648,0.20155768610824848
24649,0.10764542036042839
24650,0.11903665363923215
24651,0.09125033206916713
24652,0.07247609370229584
24653,0.28965200127272345
24654,0.2387643598351417
24655,0.22411089443756246
24656,0.10843646687279056
24657,0.11637114771684863
24658,0.050591661577309585
24659,0.1201714165961197
24660,0.12440658836471287
24661,0.2375584515839995
24662,0.1069707909544768
24663,0.20412379505151554
24664,0.11575598512145087
24665,0.11255708569831237
24666,0.08623755002582757
24667,0.07718521381600708
24668,0.14927284783571004
24669,0.11294669291934628
24670,0.30166712517382704
24671,0.11862766555534072
24672,0.3161758079402222
24673,0.1118824023134196
24674,0.10791531121268805
24675,0.09911638725588434
24676,0.10887955716849262
24677,0.21026243602989025
24678,0.10827653356215737
24679,0.10687736114451826
24680,0.09371258618777521
24681,0.09512187326458048
24682,0.0849959086948805
24683,0.12533746080693167
24684,0.1882316701292946
24685,0.0924565673123908
24686,0.12175986301765414
24687,0.1231007406072972
24688,0.09031644959311161
24689,0.09531819435009005
24690,0.11098004875585829
24691,0.10332875562240426
24692,0.07868477845870299
24693,0.17037557780313742
24694,0.08064892177255041
24695,0.163549711259467
24696,0.141878955892208
24697,0.11108236915841486
24698,0.11990875930766687
24699,0.06859493842107532
24700,0.04317228469082781
24701,0.13581629141112067
24702,0.28127954251028725
24703,0.1032906914870827
24704,0.1009611171477514
24705,0.24124268874105959
24706,0.13276030529102645
24707,0.09092258870685428
24708,0.09161831891713275
24709,0.0975767288052105
24710,0.10960633076368133
24711,0.1420264870030142
24712,0.1379839359552567
24713,0.13638157505521653
24714,0.24369239551940575
24715,0.04430764145601029
24716,0.06593889042352782
24717,0.11765188399965622
24718,0.1183162357552621
24719,0.1048508628181949
24720,0.18215880353392097
24721,0.15235668162530627
24722,0.12210965274569578
24723,0.08700139918443874
24724,0.0731173189310185
24725,0.2977229698671265
24726,0.12973034829234106
24727,0.11186448997778717
24728,0.07869596638414254
24729,0.11078713934342863
24730,0.13069868709422225
24731,0.09078585292778828
24732,0.27695142048150156
24733,0.09206989851739862
24734,0.11115544701843853
24735,0.09801623613674348
24736,0.2768186202398511
24737,0.290758871336612
24738,0.1701021971509167
24739,0.17676386054411047
24740,0.12079065794573776
24741,0.12559817914521917
24742,0.1263848333042478
24743,0.06125788314687264
24744,0.08678146420862554
24745,0.10497016533721751
24746,0.14878640497966847
24747,0.09737951909457992
24748,0.12554329592675936
24749,0.15087153848145726
24750,0.05811860819449486
24751,0.10516644707923006
24752,0.09659053853068164
24753,0.08427030456991813
24754,0.22197602199694821
24755,0.30673240926780254
24756,0.17766224106448683
24757,0.20195947861789468
24758,0.0542647984839975
24759,0.1256373456049676
24760,0.11864871558944469
24761,0.13313389629275932
24762,0.10320089406755965
24763,0.06132120695822893
24764,0.10614939377979483
24765,0.10643962837475857
24766,0.14292258045735093
24767,0.10315834524849186
24768,0.15254331165834004
24769,0.10622292247344137
24770,0.11792762341722066
24771,0.14901249134257075
24772,0.12624236927830698
24773,0.07944343315646643
24774,0.12676504617416368
24775,0.15413969565402919
24776,0.1668323023451865
24777,0.08535904734514765
24778,0.11778711531454591
24779,0.09918002192871192
24780,0.1387289919925296
24781,0.10258404573644882
24782,0.05874665223126791
24783,0.09367020315813046
24784,0.22104894755649976
24785,0.12837885650444583
24786,0.11431662064275766
24787,0.08098141996667953
24788,0.2569646977751097
24789,0.09016647595459319
24790,0.17295753951834886
24791,0.14934315290783604
24792,0.11670711752427348
24793,0.11311263827973808
24794,0.171153431523066
24795,0.2638266906471078
24796,0.09322925122082214
24797,0.11288516706980958
24798,0.0930784042191172
24799,0.1359963847740071
24800,0.22820840456982389
24801,0.2781253789741207
24802,0.31512516377923994
24803,0.10690613963504474
24804,0.11399865675015226
24805,0.1272816386861408
24806,0.10047490893865768
24807,0.1172126384235335
24808,0.07962676586674189
24809,0.22978446026336433
24810,0.3101140186820099
24811,0.35183773540469176
24812,0.08126751501673597
24813,0.09788867537139836
24814,0.09900159586177996
24815,0.11132441299836136
24816,0.0986692222221644
24817,0.12154113111288971
24818,0.09240411929154137
24819,0.09878986358296145
24820,0.05673251285777942
24821,0.3181300920464811
24822,0.09242851668091528
24823,0.18762712680375643
24824,0.09796321422403739
24825,0.15739807422969015
24826,0.08354531515254919
24827,0.18706028556751017
24828,0.15450301915985715
24829,0.10033377021758327
24830,0.11991163320678114
24831,0.15941155353026124
24832,0.09187224116054203
24833,0.08126596212075961
24834,0.11188583795573644
24835,0.1144701772953428
24836,0.10639789139770466
24837,0.16427239437697663
24838,0.09854599341640674
24839,0.23607959061615894
24840,0.09979106260120192
24841,0.10914916877894963
24842,0.0648171025908854
24843,0.11453660106872512
24844,0.13039580846527365
24845,0.06413715319144023
24846,0.108011397088573
24847,0.20400641041918563
24848,0.131639450506257
24849,0.13124885368669595
24850,0.09631907735544684
24851,0.12051891465217761
24852,0.11477874633952509
24853,0.12643941483279117
24854,0.09710443230527287
24855,0.06319604774604526
24856,0.10181000901630882
24857,0.30670563548113927
24858,0.07111924771924358
24859,0.30542738528430396
24860,0.23570784176233872
24861,0.11326993049772825
24862,0.1355831349579127
24863,0.16583298274692226
24864,0.31104700758637693
24865,0.05482479825830429
24866,0.12497289860204522
24867,0.15208806466359756
24868,0.08708215685162464
24869,0.1503872833095649
24870,0.09421225186165326
24871,0.1310659981412117
24872,0.13328977749591045
24873,0.14552558900134213
24874,0.1410320273832276
24875,0.1509962121755538
24876,0.14115676163105126
24877,0.10286057801639281
24878,0.24309225764927775
24879,0.09295308941966031
24880,0.050798235836429007
24881,0.12617318448854742
24882,0.11958313505912896
24883,0.23550268613963155
24884,0.13610234666863508
24885,0.11028404805999964
24886,0.14811043517867484
24887,0.08629786499916825
24888,0.08327012695039925
24889,0.08530989916113112
24890,0.24440081829341134
24891,0.10013047032475028
24892,0.20082846569816012
24893,0.06728881762644978
24894,0.11381075854404427
24895,0.09285260678437181
24896,0.13731160548801621
24897,0.05425131648025217
24898,0.22894239384619586
24899,0.11862232687944621
24900,0.05316840921552349
24901,0.21363801506603713
24902,0.08167618272135148
24903,0.11547779794886597
24904,0.06243075711560928
24905,0.12066073550605268
24906,0.09353966701334655
24907,0.10697065229317419
24908,0.14133848797519236
24909,0.08422195438787994
24910,0.10261750933108085
24911,0.15089280625808588
24912,0.05082145099280355
24913,0.11268391011653826
24914,0.06149430019189914
24915,0.10773653365407646
24916,0.05067513039383859
24917,0.13144604165771823
24918,0.07133099942264559
24919,0.14908340752674173
24920,0.10708711361151015
24921,0.1174300594436399
24922,0.09921846402127542
24923,0.18488797043917957
24924,0.14534445226465084
24925,0.095009633062726
24926,0.06795731969041037
24927,0.1839663723439063
24928,0.11777428475554746
24929,0.28408466324908954
24930,0.21012167927965578
24931,0.2301587947730799
24932,0.09380868579870685
24933,0.14304512421390025
24934,0.10756616716606267
24935,0.11188741409589649
24936,0.3053353692740619
24937,0.15243025892905765
24938,0.10138384866003512
24939,0.15494611687652424
24940,0.1311111243895676
24941,0.13154193549609577
24942,0.18322934479181935
24943,0.06326599771361542
24944,0.21717976397308103
24945,0.2660556688286347
24946,0.18555511075269857
24947,0.30802234156207303
24948,0.09233959479613056
24949,0.09538618010081236
24950,0.1007756995957412
24951,0.2603130653041836
24952,0.06880743349919309
24953,0.16458064734197542
24954,0.13423639243792543
24955,0.12138183245765125
24956,0.14179860937518837
24957,0.11418659616103694
24958,0.05765881547093705
24959,0.1005105724677309
24960,0.13790123334884846
24961,0.08868921212612857
24962,0.28285037372570127
24963,0.09911156717482292
24964,0.10113653954818493
24965,0.1430547409882872
24966,0.10456976422414292
24967,0.05667952924382458
24968,0.2710794160993493
24969,0.1126008318555593
24970,0.2067634677669752
24971,0.1305468581885073
24972,0.08042138487807078
24973,0.12791068986801699
24974,0.24718032780977017
24975,0.11649125171226517
24976,0.17078648395475862
24977,0.10682507133970388
24978,0.13586271083141602
24979,0.09355109265484828
24980,0.056323180818277085
24981,0.0763702345997188
24982,0.24652528364870235
24983,0.10766159409206427
24984,0.14085098597910303
24985,0.11711339361563279
24986,0.0866978383881862
24987,0.1557511614888527
24988,0.11009634715886552
24989,0.16790680798712934
24990,0.1235502019463611
24991,0.2158870669630321
24992,0.17740767824841042
24993,0.22087864506080568
24994,0.12543306057574874
24995,0.11357527082801402
24996,0.05106083288499335
24997,0.10031047362724793
24998,0.1382533365937176
24999,0.11308069386408531
25000,0.12881664369237453
25001,0.08843172234059403
25002,0.11655132374620458
25003,0.13976556147893712
25004,0.15146427517075609
25005,0.09246421483335113
25006,0.12423763084634146
25007,0.057725890426692954
25008,0.11100965259929675
25009,0.12194550522772588
25010,0.12811182692966092
25011,0.12067990691643238
25012,0.05359032224389753
25013,0.1352835139519072
25014,0.10109245544493811
25015,0.09150038005913048
25016,0.15648096747300774
25017,0.30412755130943664
25018,0.13145986278712682
25019,0.10498296492028027
25020,0.13165236824770188
25021,0.11437459153263649
25022,0.11415868932141586
25023,0.09816315383637751
25024,0.13747487026496175
25025,0.12067323522738138
25026,0.2757896415635128
25027,0.13981595430037227
25028,0.05650276537277239
25029,0.1171490552342789
25030,0.12457473446081921
25031,0.3008331663523656
25032,0.05210245914885857
25033,0.12333968015753578
25034,0.16059957110772108
25035,0.09855909604827968
25036,0.07602894085925074
25037,0.3182202145191993
25038,0.10974995692114718
25039,0.2443522168280769
25040,0.07180855608640138
25041,0.2345949862469258
25042,0.1462306405264072
25043,0.07690542238348946
25044,0.15709982876831344
25045,0.11627125982725504
25046,0.26704900421105116
25047,0.056186129138854644
25048,0.17432772400302593
25049,0.27609964979115237
25050,0.1668075332290691
25051,0.1012853903005212
25052,0.11966397891019682
25053,0.05546470701386141
25054,0.19901816824863983
25055,0.1228435047541263
25056,0.1418763361498736
25057,0.12315845995871427
25058,0.10467754333409231
25059,0.1297685941354042
25060,0.23135715100173537
25061,0.07922143995510655
25062,0.11383310622399541
25063,0.26072611877470214
25064,0.1704437796221039
25065,0.05597820853462456
25066,0.14612012677865618
25067,0.09229231643578228
25068,0.13964891622011544
25069,0.13017344687071597
25070,0.2800277895119312
25071,0.10871855482833956
25072,0.1092031933004204
25073,0.24836228362889073
25074,0.11942291900089111
25075,0.13447653027041057
25076,0.10298792776727216
25077,0.14222588281592569
25078,0.09777639699886367
25079,0.12829765408941998
25080,0.32893234894702883
25081,0.13270597952849353
25082,0.1579605515503925
25083,0.10793099359373276
25084,0.14009536453958565
25085,0.25173999201070824
25086,0.12356109976529783
25087,0.28138970695021953
25088,0.11847479554214597
25089,0.1641140854904523
25090,0.07689326528163672
25091,0.26074356247044395
25092,0.19979881420079224
25093,0.25820884073975553
25094,0.19040258783296382
25095,0.1571727422825862
25096,0.10540719966018351
25097,0.26654511895294275
25098,0.17407615028610923
25099,0.15017171056976372
25100,0.19727035233733325
25101,0.11604430708299228
25102,0.19112925035933914
25103,0.18511529713857827
25104,0.12304840785600965
25105,0.09208036211390995
25106,0.08909145890690869
25107,0.12252923572044579
25108,0.26123939706985755
25109,0.09438200416042217
25110,0.12078704048888902
25111,0.09607790047366911
25112,0.1404813031727676
25113,0.15864981277361564
25114,0.15787643796822812
25115,0.19930808974385225
25116,0.1786592406958299
25117,0.10813325829143072
25118,0.09878838942643808
25119,0.10848810175136178
25120,0.06437216935425948
25121,0.08593285864335491
25122,0.22895820227207353
25123,0.15563440113217564
25124,0.12263270823782108
25125,0.1139630626185038
25126,0.22156032894256578
25127,0.155741949499597
25128,0.36140870273770337
25129,0.13608408348855702
25130,0.12098150932807206
25131,0.08830997791049412
25132,0.0859223219849713
25133,0.13964068609930905
25134,0.0537061738629603
25135,0.09656890232922358
25136,0.12604833861947504
25137,0.090756586908953
25138,0.11496793267898488
25139,0.08935775308833002
25140,0.10197376000412085
25141,0.1321970361215267
25142,0.10963734488473213
25143,0.049674293598218185
25144,0.08430246352008086
25145,0.14068766682418
25146,0.15649459175160485
25147,0.12839367378250235
25148,0.1659400000215302
25149,0.18841962543007726
25150,0.10484485363683728
25151,0.10613807734708862
25152,0.058939364510284344
25153,0.10378032086816305
25154,0.241424620849878
25155,0.10691126545912011
25156,0.1246082131141298
25157,0.09084823874809501
25158,0.08207507551419897
25159,0.1259382540876295
25160,0.12801743708110333
25161,0.16041818490397883
25162,0.11233143629181716
25163,0.10042409260603004
25164,0.10833335250213795
25165,0.09543726508483164
25166,0.06407859298601774
25167,0.1444589136455422
25168,0.16961480184212852
25169,0.07289504602332383
25170,0.11820665575895896
25171,0.1294729069777842
25172,0.08651014396658249
25173,0.05950406778747659
25174,0.13155266262968343
25175,0.14118083877744944
25176,0.06260337542288066
25177,0.12063356181863988
25178,0.08393088972304855
25179,0.13338967226798995
25180,0.11034343539487551
25181,0.08915185144838583
25182,0.3228366299312519
25183,0.11333365261607274
25184,0.11144918846948335
25185,0.12005103360569479
25186,0.12970028934602648
25187,0.09266636774732367
25188,0.1252147348137492
25189,0.09855473932563198
25190,0.14871392293303623
25191,0.2821741883272048
25192,0.4180476879863762
25193,0.1413443791775078
25194,0.11589186377306182
25195,0.24808736267876813
25196,0.12567427728326175
25197,0.10468676396794446
25198,0.05373385610814406
25199,0.1956910343029189
25200,0.0894938869416815
25201,0.2532212109783926
25202,0.09761235393685262
25203,0.0778193594685362
25204,0.07694903324623248
25205,0.2040512118540475
25206,0.09490951812124875
25207,0.09507026783722101
25208,0.11216393908055125
25209,0.17311500073804606
25210,0.14859830461637918
25211,0.1102984960408321
25212,0.2770184868333325
25213,0.09356544498862672
25214,0.10434113076154936
25215,0.08623695984398021
25216,0.16426316929677248
25217,0.14955404426560936
25218,0.08461451161911532
25219,0.13135114924770777
25220,0.13861288469453803
25221,0.2239250233476067
25222,0.12012476143864367
25223,0.13321089898663568
25224,0.11259687327968693
25225,0.1456376765350471
25226,0.2631893562071487
25227,0.09419326404106226
25228,0.14546985788512565
25229,0.1357142356637423
25230,0.10881706987944849
25231,0.08891760422031145
25232,0.09304031127143186
25233,0.1343818098422575
25234,0.27775955913661576
25235,0.11155543904172122
25236,0.11869512904299537
25237,0.24015793120148782
25238,0.16048220974491423
25239,0.11914998837747329
25240,0.28520096129969913
25241,0.09552581780272655
25242,0.09073180288044036
25243,0.1056421666694553
25244,0.29452222411467177
25245,0.13609409379303333
25246,0.13074189534574188
25247,0.1305187810971606
25248,0.065890365594436
25249,0.12457411861723218
25250,0.08392071827124219
25251,0.11531257414768402
25252,0.16988495865596207
25253,0.060391162915764664
25254,0.1599634078980327
25255,0.18991352011385074
25256,0.0960886792454698
25257,0.10982024498772026
25258,0.12087859553339829
25259,0.11848267846160153
25260,0.18412094153118555
25261,0.20018184550530763
25262,0.14701965173731307
25263,0.11386963267424619
25264,0.09621731981123342
25265,0.11147638590049197
25266,0.09891880475997598
25267,0.1108698269823899
25268,0.08748496519214223
25269,0.19443647497376979
25270,0.10894588091798456
25271,0.06868347337895808
25272,0.08529077541499319
25273,0.29425348192415957
25274,0.08723442218507794
25275,0.1963172556070493
25276,0.09596365915767688
25277,0.10063067479182415
25278,0.13824782409408118
25279,0.13276149260709766
25280,0.2181578029794198
25281,0.1480646913416242
25282,0.12044333779694408
25283,0.17842218902386775
25284,0.16265750323382885
25285,0.10563059908502952
25286,0.1282893246649462
25287,0.07831733818629336
25288,0.12244050666524209
25289,0.13065219580792026
25290,0.09400585711402087
25291,0.10253338916700262
25292,0.12217958558365424
25293,0.16635495435460618
25294,0.21531965031485345
25295,0.12228421402140952
25296,0.13001658735229288
25297,0.11249830319338647
25298,0.05558862034222384
25299,0.13929734053298193
25300,0.06392776347594314
25301,0.12238346955372364
25302,0.09421062773016037
25303,0.13122704682257127
25304,0.11369528499323504
25305,0.21058852757323437
25306,0.12404293656214707
25307,0.08803350028934719
25308,0.08171555393656343
25309,0.09804242242505976
25310,0.09392951424727582
25311,0.1828352004111183
25312,0.10156864555594591
25313,0.1257420095343498
25314,0.12792934022676034
25315,0.15012523103087214
25316,0.05387773580085723
25317,0.07008717027783977
25318,0.16754798912403407
25319,0.09038409820686387
25320,0.16550807648032473
25321,0.11642470987951703
25322,0.12493404893239793
25323,0.13763878705030205
25324,0.19229640178215832
25325,0.11181815311101329
25326,0.20442437413569373
25327,0.16302424267056984
25328,0.14361792849057003
25329,0.10382436931202668
25330,0.12355688106050937
25331,0.051854717193826734
25332,0.14804940140320802
25333,0.1004931451853126
25334,0.279833183951222
25335,0.1279516915966196
25336,0.2711200406161909
25337,0.2037039743662075
25338,0.07210912113522315
25339,0.1614070618001593
25340,0.09373112189376463
25341,0.13768972974178223
25342,0.08596950039236298
25343,0.2511489369616861
25344,0.18533756840207008
25345,0.12176179927385827
25346,0.14687646040622496
25347,0.12927802231321903
25348,0.14391053621433983
25349,0.09721289482108658
25350,0.12375963546269562
25351,0.09535744023806068
25352,0.07581996214188814
25353,0.13023684364382151
25354,0.10290743714570483
25355,0.14342441011131712
25356,0.10556302341464766
25357,0.0626915378329875
25358,0.18426304872400878
25359,0.28177984466409656
25360,0.08467918846351213
25361,0.10191683605835355
25362,0.13769117571819084
25363,0.07432731880643144
25364,0.10052978467420522
25365,0.08910093856213472
25366,0.2736419470814044
25367,0.12605168647089304
25368,0.09518592153325173
25369,0.08584383492500063
25370,0.11048997043511126
25371,0.12239789582871088
25372,0.09763045259827194
25373,0.1942721328507145
25374,0.21778263626480962
25375,0.19830770526515135
25376,0.1193319526162503
25377,0.3110839487446407
25378,0.09274456187342502
25379,0.08496090525749754
25380,0.06782545680069474
25381,0.07495253898117396
25382,0.11276538410379039
25383,0.1338663640554002
25384,0.10054499167897833
25385,0.11354327017077744
25386,0.22423911381465997
25387,0.08144877205770652
25388,0.1309234668132908
25389,0.08173746124191837
25390,0.20516712844421212
25391,0.0802119566083067
25392,0.12385983398544342
25393,0.11137691161114295
25394,0.099461307244184
25395,0.27040188296317963
25396,0.10573621278273686
25397,0.06038539170699086
25398,0.12698252637508528
25399,0.1250700186073817
25400,0.10990399549077257
25401,0.11216806668438326
25402,0.2120700002016463
25403,0.18681778312518518
25404,0.10595109530939856
25405,0.08609131962865917
25406,0.08674546053747811
25407,0.12702852764452946
25408,0.13184845581046173
25409,0.120160967887874
25410,0.22945291467773588
25411,0.10193410286352703
25412,0.2971395989147068
25413,0.08152574615515726
25414,0.18431336356460545
25415,0.11972261449118522
25416,0.12372946346674464
25417,0.11200778324317154
25418,0.15849517508282268
25419,0.13014648923581126
25420,0.10510124890156032
25421,0.09861207742471337
25422,0.1636796443465149
25423,0.34235656902795686
25424,0.15852668095721906
25425,0.08322306428161289
25426,0.21052425387841597
25427,0.12216469023264741
25428,0.12946321011781206
25429,0.1775719491985123
25430,0.0972432372747438
25431,0.20289175399997653
25432,0.15819245148398042
25433,0.13171819388697276
25434,0.10469960344485336
25435,0.06464082974898895
25436,0.10467247097951106
25437,0.15367174443659395
25438,0.1051721186326704
25439,0.10581840221374751
25440,0.18318070285372295
25441,0.09639835896473314
25442,0.11698001939439852
25443,0.08781348901916594
25444,0.2738162503221371
25445,0.09117347567023945
25446,0.28134872735387384
25447,0.0922963082944348
25448,0.10700568466626396
25449,0.2506669978868202
25450,0.10742924707113116
25451,0.16061993440889952
25452,0.05161850120650975
25453,0.09749134849856252
25454,0.10388594769371426
25455,0.1086120758897659
25456,0.1148597441492584
25457,0.09576631661502905
25458,0.09461594315748453
25459,0.18081841911427277
25460,0.04488270033773108
25461,0.09460602694049602
25462,0.10981215548071217
25463,0.11842932387703543
25464,0.2553385120467454
25465,0.27113163861500683
25466,0.21822107989512735
25467,0.1025533515870359
25468,0.11603401122825951
25469,0.1295064857849266
25470,0.15951292770654885
25471,0.1233252073744811
25472,0.09905591569637591
25473,0.122689681741049
25474,0.10213862085802093
25475,0.13375081008556705
25476,0.10187235358710986
25477,0.2808569155669434
25478,0.09359757551629753
25479,0.28363440867484135
25480,0.20525009273980985
25481,0.12972815745811922
25482,0.178035690762986
25483,0.08817123533515878
25484,0.12191010012365118
25485,0.10915255271231034
25486,0.13503162760476475
25487,0.2766092405261492
25488,0.1803914142253465
25489,0.10003248188309506
25490,0.07467339235671523
25491,0.09751732211134415
25492,0.10511959731004673
25493,0.14912630597197993
25494,0.1177469338751149
25495,0.07639142347939305
25496,0.05664409740356401
25497,0.1295348385952538
25498,0.059115648215922814
25499,0.15027619763939173
25500,0.1999844061073681
25501,0.09406842471355537
25502,0.13305716067063184
25503,0.13025650895952703
25504,0.1635028598036417
25505,0.06380127873817913
25506,0.12129951172900834
25507,0.048223389522168675
25508,0.10708289068442928
25509,0.11873549879267577
25510,0.14075561176058396
25511,0.13735676532208305
25512,0.26165557372138787
25513,0.1603945311273952
25514,0.1555276665353115
25515,0.13277395594784502
25516,0.11893099324201517
25517,0.05985119281575913
25518,0.13839960357829217
25519,0.11923676885391117
25520,0.12233000087213278
25521,0.1069355196635286
25522,0.11276703186341293
25523,0.1701938145300722
25524,0.09450280064331408
25525,0.11482625329828304
25526,0.03981137401169021
25527,0.11149192343300737
25528,0.1640695563598962
25529,0.11337577335268775
25530,0.0633458950286379
25531,0.09447383872091726
25532,0.10424067974038945
25533,0.09075616769184643
25534,0.1157613794797286
25535,0.24426985603551274
25536,0.15710841303549686
25537,0.18388386826745362
25538,0.08906964068083109
25539,0.13689589592660698
25540,0.11353709910122667
25541,0.08025600764556581
25542,0.13103153224028716
25543,0.10495114943326879
25544,0.10056839602377719
25545,0.14785170156293967
25546,0.11279510210161209
25547,0.1141452148357579
25548,0.09625217796755713
25549,0.06672213961862379
25550,0.11328145983637723
25551,0.08834007937834319
25552,0.11803916743810615
25553,0.2990042859538508
25554,0.05729763819690753
25555,0.07772729899291075
25556,0.12447838859193124
25557,0.11274836445009377
25558,0.08818609789604834
25559,0.1427311528446356
25560,0.11078184478419609
25561,0.060294858869924056
25562,0.13241685085792668
25563,0.08446766153029202
25564,0.06425819120984429
25565,0.0889902134406148
25566,0.12151278048967548
25567,0.10998417497717512
25568,0.11348322781684847
25569,0.13734017487485883
25570,0.1107380022598779
25571,0.19089970403707024
25572,0.09121640717760768
25573,0.13911919927797387
25574,0.08758609437006507
25575,0.1414651678189116
25576,0.10139685523736794
25577,0.11231899068016417
25578,0.14645865369769379
25579,0.07638930886395898
25580,0.15159705351812736
25581,0.19025240607414579
25582,0.08605077978853409
25583,0.09453910497467186
25584,0.14219947988368026
25585,0.11784517310718441
25586,0.15954564051391448
25587,0.16313819269070168
25588,0.2126754945526892
25589,0.11810318580552359
25590,0.08150568420165163
25591,0.0841496032762259
25592,0.08899093173706873
25593,0.13151228329753933
25594,0.10844722347803888
25595,0.06730866669518946
25596,0.10305663409538038
25597,0.0666337802631911
25598,0.19603829058359382
25599,0.11198034004898083
25600,0.1402032195402201
25601,0.08436491023627174
25602,0.13030177142228092
25603,0.17877808603392015
25604,0.12626599554559073
25605,0.08036691420616743
25606,0.11184337726373278
25607,0.08674699897069221
25608,0.15505938053336854
25609,0.10415492728236642
25610,0.08697440399361565
25611,0.09442447889027535
25612,0.1045505966589804
25613,0.13558705176275074
25614,0.1937755413015378
25615,0.07729936846932484
25616,0.09762702098451384
25617,0.13243117645970504
25618,0.2945295935683054
25619,0.17722259930316175
25620,0.215343901281508
25621,0.09835050367282902
25622,0.12117462628456596
25623,0.11555385314519313
25624,0.10248455926172051
25625,0.12537400318347777
25626,0.12131879780832414
25627,0.2643274405638657
25628,0.05581352118976856
25629,0.06146375445095089
25630,0.09345041176821985
25631,0.2438115487520053
25632,0.08919389373571432
25633,0.09216835269868599
25634,0.10051219018809891
25635,0.08732970601882414
25636,0.11933699207511321
25637,0.06207404547831946
25638,0.10530544756970453
25639,0.10815195602916353
25640,0.1258688467284746
25641,0.10591595415756277
25642,0.10894340454029686
25643,0.13116404227556602
25644,0.17319639430277456
25645,0.11939050444103028
25646,0.12463825727729794
25647,0.11978807812794047
25648,0.12845459916513915
25649,0.14942872332654708
25650,0.12106022111770202
25651,0.1534390289059855
25652,0.21626739301682668
25653,0.09238255312971067
25654,0.10788737207833649
25655,0.29070371893415636
25656,0.29269537004973034
25657,0.11873233369474995
25658,0.057869092279382875
25659,0.08691217456718757
25660,0.10118168001785349
25661,0.18984703786447688
25662,0.1030803288848548
25663,0.08605219922918529
25664,0.1757428766205019
25665,0.11898258456278882
25666,0.059864202645729246
25667,0.11999366575273293
25668,0.10424744842547393
25669,0.17691630262695
25670,0.13573825296433012
25671,0.08921347444734987
25672,0.18000372475132
25673,0.05460595152554977
25674,0.08413600257063897
25675,0.11949237297934956
25676,0.14066463379055613
25677,0.1007826222121366
25678,0.15918563495713084
25679,0.12928125804141805
25680,0.10728529618853834
25681,0.1213263162550278
25682,0.11542491062700655
25683,0.3272155700270921
25684,0.1268244723265264
25685,0.09812879958503039
25686,0.11607743422364933
25687,0.0770425334631853
25688,0.2188177705672219
25689,0.136800465465304
25690,0.1058348498218153
25691,0.09500206427052371
25692,0.11022996101082777
25693,0.12807667033143805
25694,0.16959159974200647
25695,0.13275984148656764
25696,0.08404586563558918
25697,0.27392034230089013
25698,0.0780446480059774
25699,0.05106842705780326
25700,0.1048939427621739
25701,0.10087096685528153
25702,0.115940042809351
25703,0.18951095576546662
25704,0.21112744433242145
25705,0.11133184612614985
25706,0.1291945945575154
25707,0.17049448567683892
25708,0.1659089164245897
25709,0.10643647611024322
25710,0.05632742556280176
25711,0.20336716456995968
25712,0.11785932819783199
25713,0.0648578831790121
25714,0.05397864344884405
25715,0.13907958197443104
25716,0.08123253365681739
25717,0.04468017637454615
25718,0.13597318522590363
25719,0.19240963448085516
25720,0.11558126683243443
25721,0.17286826731448973
25722,0.28246422038807767
25723,0.10324290419834177
25724,0.0939953452594063
25725,0.10234189572935058
25726,0.07854599224496299
25727,0.08957107903654506
25728,0.08720254229289595
25729,0.08315596011095451
25730,0.13822573420087697
25731,0.10490429654245666
25732,0.10469212858163637
25733,0.08817852662224772
25734,0.20152068060454884
25735,0.09436244373934458
25736,0.12731441718072894
25737,0.12321332143130721
25738,0.15419217884903882
25739,0.051249191449415324
25740,0.12613801418048504
25741,0.10430633853974008
25742,0.09731872687422816
25743,0.10040625142407286
25744,0.10129269165385141
25745,0.08587279844280009
25746,0.12642021880639662
25747,0.10612696638019889
25748,0.11904468040773894
25749,0.20161164244214308
25750,0.1123433424232896
25751,0.27154182672170923
25752,0.11012606756391637
25753,0.2647970180963593
25754,0.11622519529025788
25755,0.05783128413999723
25756,0.17189149954065375
25757,0.13127752662282519
25758,0.07745265430024477
25759,0.13637740065791915
25760,0.0873218619618725
25761,0.09200114427965568
25762,0.0747402060925493
25763,0.10469804707070089
25764,0.09731917181556035
25765,0.12457254057328362
25766,0.11224321263579429
25767,0.3015447593693541
25768,0.08250404570792992
25769,0.1176102708907186
25770,0.07553278774004099
25771,0.14900930711134652
25772,0.08319610112506139
25773,0.11735720152370695
25774,0.2930870144471696
25775,0.135052231307505
25776,0.092415825312651
25777,0.1420575588902899
25778,0.14031827350927895
25779,0.13592607258342684
25780,0.15175900946846071
25781,0.12170846374808425
25782,0.09098099991681868
25783,0.1296561315759223
25784,0.12690720433102043
25785,0.053726162372244445
25786,0.09667075921304086
25787,0.10113905043048171
25788,0.23044631239070146
25789,0.09962886188722454
25790,0.11219534438225622
25791,0.10463988005417638
25792,0.12310398033438698
25793,0.14097527880571323
25794,0.09266072881871323
25795,0.1557278247870633
25796,0.11246042793002699
25797,0.18950353331522585
25798,0.10206386883162177
25799,0.20495299202242798
25800,0.1462932400603421
25801,0.11841259987668373
25802,0.1689611737330725
25803,0.12010012380503735
25804,0.051988731547305295
25805,0.10134189438533642
25806,0.12891894826176198
25807,0.32303448137090224
25808,0.13406760145534505
25809,0.0856978906313942
25810,0.13807928456458549
25811,0.04805668103134867
25812,0.09881893648538626
25813,0.09441146342546504
25814,0.2467579458588358
25815,0.10013349374710703
25816,0.09752090342877694
25817,0.27113188338196975
25818,0.060023459333931634
25819,0.1530681683690917
25820,0.10966097788438348
25821,0.09758988519491332
25822,0.10692197246088513
25823,0.1001164178055903
25824,0.061761540247188794
25825,0.14717312791644502
25826,0.10101110819022506
25827,0.04976183181710622
25828,0.1501482516464133
25829,0.08356512436607244
25830,0.11402684962327858
25831,0.11712730790691424
25832,0.11497329648403903
25833,0.10403719037424576
25834,0.15252411760079104
25835,0.13274739431824278
25836,0.25019166574701845
25837,0.1769837772608502
25838,0.11835582760831988
25839,0.12641282311004146
25840,0.1150943168016012
25841,0.14052213692078175
25842,0.10275838800654377
25843,0.10881197877484522
25844,0.1737060979012545
25845,0.2031905581569018
25846,0.06328766623399286
25847,0.09096326731419008
25848,0.06642283599794532
25849,0.089378437768642
25850,0.10082291124567652
25851,0.07915083848343768
25852,0.11918133731243633
25853,0.05604481906367142
25854,0.09035797498807105
25855,0.14588141266834628
25856,0.12669087075847477
25857,0.15151278256477527
25858,0.18372411665817637
25859,0.08552694953111484
25860,0.10511598288076235
25861,0.29576081877974214
25862,0.1382390347958911
25863,0.07927856366638632
25864,0.09381242776856853
25865,0.10736626583439766
25866,0.19735839717414722
25867,0.08532620851002938
25868,0.14963155535096953
25869,0.11120823064613218
25870,0.13360952120710143
25871,0.1924774347039255
25872,0.07765209909181317
25873,0.08383748384429482
25874,0.11687467068283491
25875,0.09008365643685812
25876,0.09568909847496013
25877,0.09523782943455048
25878,0.16355167034235848
25879,0.16317199843011118
25880,0.12750412092640304
25881,0.050178826869949865
25882,0.13500989229019614
25883,0.11824603545957692
25884,0.1034954844150261
25885,0.1666965696189409
25886,0.28193259792285463
25887,0.173470479061252
25888,0.11224716218956637
25889,0.11022538735999919
25890,0.12912116835841453
25891,0.0901414520196019
25892,0.12702514340068066
25893,0.12209120469510254
25894,0.276951771226014
25895,0.10533669592372633
25896,0.1828484976497852
25897,0.21342122529919555
25898,0.11503023556275349
25899,0.06428686947898869
25900,0.1031284125743857
25901,0.12043924123733024
25902,0.11009666889365724
25903,0.0832792031305053
25904,0.12302239706380406
25905,0.12908693169624139
25906,0.09785436598765292
25907,0.11299381845001831
25908,0.09998666102115301
25909,0.1219739973377336
25910,0.10482499684324792
25911,0.12318308394936225
25912,0.11418827501952221
25913,0.22186851242391148
25914,0.10648204052735707
25915,0.11418760323901252
25916,0.1414131799346135
25917,0.11657595842512872
25918,0.08488056481987606
25919,0.06644041954512725
25920,0.08543570225111698
25921,0.15888998603895949
25922,0.08866243351954979
25923,0.12091992851827606
25924,0.18616217434282573
25925,0.10860459107604743
25926,0.1619252039261895
25927,0.08706387513656745
25928,0.1515134020629849
25929,0.09810626030225267
25930,0.12680769386970814
25931,0.08576701084556686
25932,0.15017019647221455
25933,0.13329402328349452
25934,0.11260847336983719
25935,0.05725873434628696
25936,0.13755638920830615
25937,0.07563164607686264
25938,0.0637612328183833
25939,0.18621896423950932
25940,0.11685936149506827
25941,0.1045306436425433
25942,0.08642463955138548
25943,0.10250397430317358
25944,0.20063510448486022
25945,0.10131521832943473
25946,0.10615256488069065
25947,0.19026113351841337
25948,0.13035441709802364
25949,0.2864885812563504
25950,0.08063861814774351
25951,0.11694111238138509
25952,0.13492286954259997
25953,0.11688233994250435
25954,0.04712100005014457
25955,0.1483133940695658
25956,0.13253313990656945
25957,0.10842509992152655
25958,0.11276072621400958
25959,0.11389774974184717
25960,0.12999158094736174
25961,0.09920319801732937
25962,0.16243314977220996
25963,0.10464815683000465
25964,0.14504646321800427
25965,0.11882283680473343
25966,0.08944086724583125
25967,0.1245171424743538
25968,0.10126514911083431
25969,0.09705245570450406
25970,0.10834838840290513
25971,0.06504710832446997
25972,0.2619911853015139
25973,0.06752668043130317
25974,0.12410917743355432
25975,0.09127984568561547
25976,0.12337190925149302
25977,0.2368783922017176
25978,0.20488342614678592
25979,0.09370406988891747
25980,0.18450229189076806
25981,0.3076550093904286
25982,0.05967817501793949
25983,0.05680177713845458
25984,0.055691349857940706
25985,0.2051308455208436
25986,0.11389851217971694
25987,0.08287557720027942
25988,0.11600674755878845
25989,0.08433528730706533
25990,0.09678254397806121
25991,0.12704589056286472
25992,0.0986096358519288
25993,0.15800964071641949
25994,0.13347932962479725
25995,0.10040570507725653
25996,0.1227222544785484
25997,0.13352111203363615
25998,0.10512387309592731
25999,0.12961973760033732
26000,0.11380019600627779
26001,0.07304080632200086
26002,0.09012567651136635
26003,0.09310500375403309
26004,0.10147140929659224
26005,0.11351125789092943
26006,0.12547028825407913
26007,0.09975930609655118
26008,0.15536099195942205
26009,0.13079295924255646
26010,0.14938999111768347
26011,0.057593435275506456
26012,0.08871745490038957
26013,0.11763008941094233
26014,0.10739894439709949
26015,0.15584260073356968
26016,0.19077021608373923
26017,0.17670297482379912
26018,0.09899287332748546
26019,0.054006115381880014
26020,0.10069114310891862
26021,0.1530360259123209
26022,0.1167208836335943
26023,0.09170186836333688
26024,0.07591267445591948
26025,0.11520659858362232
26026,0.18489667964444467
26027,0.22952903493271404
26028,0.06028005419045535
26029,0.0499426141119268
26030,0.09791729271728457
26031,0.11266627059149953
26032,0.31428224821595874
26033,0.08887022010965688
26034,0.13223571542215454
26035,0.0586910290883477
26036,0.10485018683706274
26037,0.16942261656463986
26038,0.09539972664074149
26039,0.1326990711169413
26040,0.17347239197367847
26041,0.12273281541404475
26042,0.0588864209012425
26043,0.10256928562902343
26044,0.09612666996338405
26045,0.1320345780234485
26046,0.1288098206799109
26047,0.21764441427217454
26048,0.11311138886599235
26049,0.1810381502910391
26050,0.13677105580799134
26051,0.08551724297285263
26052,0.05865479839766566
26053,0.13422180504434375
26054,0.06190772354479603
26055,0.10911169142092503
26056,0.1910207717669191
26057,0.102859301306618
26058,0.1794254522819206
26059,0.11245843853301944
26060,0.12682636067998648
26061,0.09145039103904239
26062,0.10884352085851715
26063,0.1335431816942181
26064,0.11190241091117957
26065,0.1533475138454599
26066,0.12171969620138615
26067,0.054642427225209074
26068,0.1552757480249137
26069,0.13713360194653004
26070,0.15827964217347265
26071,0.09175300473502689
26072,0.10213769690777984
26073,0.14873707204299313
26074,0.13680385624087432
26075,0.09938016644428654
26076,0.11997196430100572
26077,0.20360649578648776
26078,0.2393195830677603
26079,0.1254246380412376
26080,0.14088424828202425
26081,0.1172554622491551
26082,0.0944865040022759
26083,0.11768420516019476
26084,0.11073205494354625
26085,0.08624589160423222
26086,0.09684263297459607
26087,0.08938068794364726
26088,0.08142539150355307
26089,0.12157718255417632
26090,0.13648016126715726
26091,0.10676983522815668
26092,0.20063613699354998
26093,0.10612773571521375
26094,0.12807113214646607
26095,0.06218544780587277
26096,0.10914978739542919
26097,0.3147139570275845
26098,0.35273084779202984
26099,0.12046310499372939
26100,0.09023158190652712
26101,0.06809147582428117
26102,0.10880710594098572
26103,0.14513678393040896
26104,0.26812872417344824
26105,0.07827010002243961
26106,0.05322087919413686
26107,0.11702671394002837
26108,0.06111417077868147
26109,0.12143261989688776
26110,0.13873129601564638
26111,0.10484803953603954
26112,0.08829312511945207
26113,0.08203320944833675
26114,0.14002944282090424
26115,0.09397634356014983
26116,0.09750216706097597
26117,0.11697141552263902
26118,0.1268403423463678
26119,0.1127086154034528
26120,0.3341145038151164
26121,0.09000574843580945
26122,0.11442176153418518
26123,0.11188410190634074
26124,0.20117562485676982
26125,0.1344775464386961
26126,0.09726138840730612
26127,0.08642635366414787
26128,0.05635728393996994
26129,0.08738562613624369
26130,0.05028099317205746
26131,0.1532694471134409
26132,0.05529349642000506
26133,0.30445124941480356
26134,0.10369212578503612
26135,0.09788124660287686
26136,0.10504746577889469
26137,0.11191737667933453
26138,0.11448039252582719
26139,0.09227981497226793
26140,0.20205714117695045
26141,0.05623918254318668
26142,0.20239095680620017
26143,0.12476590588265996
26144,0.14215558614117937
26145,0.13897868755290166
26146,0.1239809437446368
26147,0.06349826329947707
26148,0.1144001412545463
26149,0.1183062546681756
26150,0.0627241831119159
26151,0.10429667599571353
26152,0.1029238459499261
26153,0.07830464225482751
26154,0.16334708606898937
26155,0.1287786481347948
26156,0.09686454519992076
26157,0.12751625553606782
26158,0.06922774928759234
26159,0.12072901079793019
26160,0.0941969931513134
26161,0.21833289924379076
26162,0.11074182728209134
26163,0.11284035806460115
26164,0.19879464172174036
26165,0.10928648623453156
26166,0.12592874873701265
26167,0.08712506509822109
26168,0.18281564619672339
26169,0.06379944503252617
26170,0.12145275105837618
26171,0.12291847312289074
26172,0.15506624898047786
26173,0.11414520135792271
26174,0.3158378499052898
26175,0.08477299881887693
26176,0.1482176077742221
26177,0.25117245259484433
26178,0.060952135037703414
26179,0.10814936934206895
26180,0.09217472010914479
26181,0.09810538343489744
26182,0.2497643183377775
26183,0.10611684503311285
26184,0.12448093730889442
26185,0.2185907163772327
26186,0.1356611893744337
26187,0.13392697510459547
26188,0.16527169084157056
26189,0.05607062794591977
26190,0.1356597876145595
26191,0.0995207821490847
26192,0.08522084725229222
26193,0.12254244067892067
26194,0.10782798902270134
26195,0.07717834267760992
26196,0.053368780849974075
26197,0.07544603664298355
26198,0.10894208327156073
26199,0.09575794809697022
26200,0.1860154603772035
26201,0.10129865382943819
26202,0.22476203842102727
26203,0.18182408380653742
26204,0.09134310613720184
26205,0.23861112743509963
26206,0.10064220677063056
26207,0.2144031152494044
26208,0.29785735813122083
26209,0.15386170299409788
26210,0.12293965510780487
26211,0.3284952249109095
26212,0.06124309511745932
26213,0.16710693545133284
26214,0.3404942884546576
26215,0.1233807786558876
26216,0.11039049670807224
26217,0.11942635200734393
26218,0.08070865801477904
26219,0.1267916377254292
26220,0.09212519481250747
26221,0.10748444485064283
26222,0.11535428367694814
26223,0.1049906944528142
26224,0.12215433046127533
26225,0.10387868269740846
26226,0.09771527375419757
26227,0.13696090921242077
26228,0.12710529527852993
26229,0.15843524895488442
26230,0.1696417955257716
26231,0.05144396359930714
26232,0.10786563928907728
26233,0.1169666359563788
26234,0.08585791982993214
26235,0.1941104019189854
26236,0.08482258570943098
26237,0.0918753272420708
26238,0.0978199703950179
26239,0.19634282279578555
26240,0.0981273830927438
26241,0.09846364847451458
26242,0.11075680114195606
26243,0.1318144803338197
26244,0.12748335257847496
26245,0.0962511540771377
26246,0.12096682543360307
26247,0.11396725372641316
26248,0.13557174739585132
26249,0.24034570708710512
26250,0.09603422850768788
26251,0.12611982092472931
26252,0.10584195494447937
26253,0.12954290117317416
26254,0.13618785101987943
26255,0.13458039706667846
26256,0.17044368906719326
26257,0.0811829253618887
26258,0.15464528181438153
26259,0.27202540958831994
26260,0.11272060810841639
26261,0.13990464044223955
26262,0.10766107237544958
26263,0.13824919578112468
26264,0.11875269135924081
26265,0.1250320774835674
26266,0.10896320666704633
26267,0.14555962992472302
26268,0.12330005881518093
26269,0.09227354721708053
26270,0.08773314194816448
26271,0.15452085505007987
26272,0.20370645726328962
26273,0.13055227461869265
26274,0.10079142017774223
26275,0.10738090733866641
26276,0.10303908608938976
26277,0.141216050151421
26278,0.10254137046730545
26279,0.08805983419483585
26280,0.1253937947619245
26281,0.06641867274048802
26282,0.13524037573245032
26283,0.19929911411756382
26284,0.11792593208250474
26285,0.15355742988095344
26286,0.051225776786274387
26287,0.12110099313232921
26288,0.1843218362454214
26289,0.09820200526362634
26290,0.104671776959322
26291,0.11865143737298268
26292,0.1463891581155116
26293,0.12031539263983976
26294,0.3013396673849093
26295,0.057385469567955004
26296,0.11034679614658877
26297,0.07954089064841789
26298,0.07220530657358172
26299,0.07865376552593645
26300,0.10441057778094177
26301,0.1736215571053567
26302,0.12185371959069465
26303,0.12201347688289103
26304,0.11098061488338722
26305,0.15745473421063078
26306,0.10257936374268464
26307,0.1028059296362128
26308,0.1987176730164256
26309,0.18682015456451195
26310,0.14070874492451957
26311,0.32929706110352713
26312,0.1195851578860817
26313,0.05352748044922417
26314,0.08782896914353028
26315,0.11928557434074767
26316,0.09835692111902362
26317,0.32917921344759443
26318,0.1765785270053584
26319,0.13413183345436477
26320,0.11678729567114651
26321,0.13720330182219037
26322,0.10520764977097193
26323,0.15234659759154376
26324,0.09600851777598736
26325,0.15707594037780992
26326,0.05603555630130739
26327,0.052675271497427775
26328,0.11299437695532269
26329,0.10347262529875717
26330,0.1419094224084766
26331,0.34396911708876743
26332,0.11380428595460497
26333,0.06908248607201478
26334,0.09519848829156445
26335,0.15987588851042994
26336,0.15053216271949943
26337,0.09671563123179669
26338,0.10390782887956608
26339,0.11507305067334712
26340,0.05238372036645858
26341,0.050171339020985896
26342,0.3146029553783929
26343,0.10466686804034962
26344,0.11508804418626897
26345,0.13736445648413936
26346,0.13954931188777253
26347,0.1075080391791878
26348,0.09885377829957741
26349,0.09786400282898754
26350,0.17740320775646667
26351,0.11829788537966061
26352,0.14761823141201452
26353,0.05590351697626363
26354,0.059739203265344015
26355,0.1378295488541163
26356,0.1146738065380107
26357,0.08668257241342943
26358,0.11066938483478095
26359,0.04605054725470882
26360,0.1792153512849798
26361,0.11997355938374948
26362,0.1058985327434182
26363,0.056683247648950864
26364,0.1356468291052152
26365,0.10721784908306962
26366,0.10386489043878802
26367,0.1497826619777143
26368,0.3204042259248854
26369,0.111591109242501
26370,0.1162064935552617
26371,0.05991309219469132
26372,0.19594433604174294
26373,0.08080127371135665
26374,0.11488773859345211
26375,0.11481566918616679
26376,0.10202333158873017
26377,0.06193864706086141
26378,0.08246487790728745
26379,0.09842006503751656
26380,0.10334330999839977
26381,0.19694179630734285
26382,0.14025527476450345
26383,0.20783247370970492
26384,0.05769396687248392
26385,0.22153028682426182
26386,0.1436026741154389
26387,0.1877609944224215
26388,0.0937236100381454
26389,0.10455792616912285
26390,0.11482572789789029
26391,0.053065749112967436
26392,0.09777126414980657
26393,0.10850204472161025
26394,0.10030260607161255
26395,0.10622883421682182
26396,0.11321244705872686
26397,0.09728745246008046
26398,0.09575817978603976
26399,0.16658050985098735
26400,0.04923942260730527
26401,0.09875104999968477
26402,0.20958205213260891
26403,0.11610646053071794
26404,0.1287830189062752
26405,0.05743871980126965
26406,0.14155057634490398
26407,0.11543488567599354
26408,0.10950500658397536
26409,0.12920825002868133
26410,0.09118873987140902
26411,0.12397726182103905
26412,0.060951902154605664
26413,0.130598450513032
26414,0.21215331055125064
26415,0.09320336119252506
26416,0.1504717634856422
26417,0.17217687639796314
26418,0.13277240583301064
26419,0.3148153715021168
26420,0.12975731404751972
26421,0.23346563437242046
26422,0.08314973829157157
26423,0.11363251167919634
26424,0.2265501501379342
26425,0.11618185967176921
26426,0.1009250813398937
26427,0.1518465041077936
26428,0.09887330390645416
26429,0.09366244086334247
26430,0.12718224581380663
26431,0.0846597934291559
26432,0.0909061701204274
26433,0.1254573809769121
26434,0.09150364907322278
26435,0.05815442830810251
26436,0.13147039710590547
26437,0.12544038994610238
26438,0.13254197349038968
26439,0.12762197931777697
26440,0.07655847460374306
26441,0.12186841633269743
26442,0.1417753663060425
26443,0.11877408156038935
26444,0.09549856451003066
26445,0.09090226928163621
26446,0.13289802275914733
26447,0.13000334984860967
26448,0.1062850745787429
26449,0.10019527228214396
26450,0.051428577611399365
26451,0.17395647096925393
26452,0.11440464313334975
26453,0.27831912055455615
26454,0.09897047007036494
26455,0.04546911575536411
26456,0.17158163097083978
26457,0.08981207841264889
26458,0.13127175258371507
26459,0.17599753466913132
26460,0.10361407924324141
26461,0.20839225173637257
26462,0.108705670354153
26463,0.2661188834795003
26464,0.1013719280009803
26465,0.10464924937505474
26466,0.21522824736223525
26467,0.22128994980319497
