id_cliente,prediccion
2,0.14446095630815675
3,0.1487300701520468
7,0.1481641250109831
10,0.15168193613333497
11,0.14866432342108415
12,0.14828381306973176
14,0.15985424512073657
16,0.14878720299439
25,0.14586592508774812
32,0.14692473849962742
38,0.14664692829731413
42,0.16823411847351274
63,0.146917798315856
65,0.14906387195328893
70,0.14887580169811218
74,0.17464537363443675
76,0.14875002099323736
83,0.15308260749306446
90,0.1435114242085833
98,0.17827544322216066
104,0.14655702159567677
121,0.14645546660645556
124,0.15633587416539652
125,0.17381994863997655
137,0.16644982018830715
143,0.14747664918889025
144,0.1693123071031595
157,0.16288031794974925
163,0.14511817937078614
197,0.15486255588280684
203,0.16983127521818878
205,0.15078490220674512
209,0.1479042960836193
228,0.17563246582046813
231,0.15951595983726102
237,0.15520670883630164
243,0.1485200661546556
247,0.16773339180522925
249,0.15080419491672153
253,0.17209029523767888
261,0.1464265654090992
263,0.14316100633656434
275,0.14583500439789673
279,0.1724414497131793
280,0.14791758205324815
292,0.14510021776909082
297,0.15216083567133246
299,0.14954433426379807
302,0.1473419194736105
304,0.1484669099175345
308,0.1485641220612271
318,0.16611755336939335
319,0.18402799046930843
323,0.15321246983701478
325,0.15000293584937596
339,0.15362710165232943
340,0.15205644516765526
355,0.1567952949508003
359,0.1500434012011348
368,0.1688299802155305
371,0.15859834483370097
378,0.16094279460516095
390,0.16305311655616453
392,0.16668915502173756
409,0.14655294995848822
412,0.15087102205281241
420,0.16551320378981865
422,0.16233758702875314
428,0.15146203354951712
429,0.1492207266513096
430,0.16029635444779605
434,0.1481609879083353
437,0.15998595387555717
447,0.15028205964971292
464,0.14627638619064465
466,0.16077655600842847
468,0.1610724241093304
470,0.16188436503682574
473,0.14791645500342962
475,0.148292888911647
476,0.16635404915095778
480,0.15652976010319816
483,0.1528235766778854
487,0.17609360275158462
495,0.17034067874260095
496,0.17559087254631942
499,0.14901219188040812
502,0.15531690893602176
504,0.15494547398677724
508,0.14897029953584917
514,0.14679849108544482
515,0.14809506453248397
538,0.14616796395387432
548,0.15472929481334022
551,0.158730373755751
553,0.14779677394564344
560,0.14865033058681013
564,0.1561892489630611
572,0.15137972817005674
577,0.14767125881912346
578,0.1667528855145826
591,0.14752990843903777
593,0.166859525412872
604,0.15904885840608876
606,0.14758421956358425
614,0.1741664725846106
616,0.14683978592979516
622,0.15108607089609788
626,0.14822549306122693
632,0.14880489524043855
637,0.1473624811058327
640,0.14595719315826883
647,0.14814127709859182
648,0.14808501576110758
653,0.1478462432487139
654,0.1479050676844551
659,0.1606899488833365
661,0.1469883447566254
670,0.14722082539561218
671,0.1472505263612254
673,0.1492410413667956
674,0.1542587583321487
682,0.1505715391707437
683,0.1503709844554035
687,0.15160713997822328
688,0.15391765249315206
689,0.1660254358166723
701,0.17014590404984864
705,0.1473657873290032
707,0.14594474019073841
710,0.16691875231292905
714,0.14541690431093882
716,0.1562156210157833
717,0.1498300857153307
729,0.15231382999198248
732,0.14795205053505692
734,0.17394080001180565
736,0.14717922532144254
742,0.1472957926013544
750,0.14928510110214918
764,0.16185031403527833
767,0.14635298516134104
768,0.16803377767101857
774,0.16839210346710926
777,0.14583180894229222
784,0.14886661835766452
785,0.15858609506991753
786,0.14773805183741562
787,0.14928137529941643
788,0.15320637846466773
790,0.17672002801498787
794,0.14864168060639013
796,0.14582660978616457
802,0.1489506782299586
812,0.16902739193261362
814,0.14818745884396112
816,0.14684888548252392
817,0.14941633589075476
834,0.14828377956158625
835,0.15123278557481276
836,0.14942613901188553
837,0.14863013005597422
840,0.15420732440530296
841,0.15114014022326822
854,0.1509173368381735
858,0.14956467030948936
859,0.14822340873036194
883,0.16145495889155512
887,0.14841075813143847
902,0.1575942619118162
913,0.1495668814598967
915,0.14620083533979047
916,0.17195482888211922
917,0.14927886656012596
924,0.14578044395971185
929,0.16273559074509358
933,0.17299359254069005
936,0.1696494742227645
941,0.14643643938756615
946,0.15061462889859734
948,0.14781163104351058
952,0.14802059162670245
959,0.1627179862827569
963,0.15888355765483916
965,0.14534784289832023
970,0.16714490232064938
975,0.17464146286873783
979,0.15113551254395582
982,0.15802473748681467
986,0.14861972847405894
992,0.16666738762838476
1003,0.1442623515822294
1004,0.16865694295980294
1007,0.17025469931123907
1014,0.14256444513522462
1017,0.14677908224402994
1018,0.14645623654712206
1043,0.14643626181960262
1046,0.14929926793413384
1052,0.17183124316105314
1061,0.14750448187571014
1063,0.16154205775398864
1064,0.15064883332029338
1067,0.14686619516821373
1070,0.15556468579408908
1075,0.1482852264488983
1105,0.14911532334625002
1116,0.1529667799823012
1117,0.18024501742300725
1123,0.15256200285635768
1125,0.14803141789563198
1132,0.14652341158690058
1160,0.14777721175497957
1161,0.17197298605370648
1165,0.15121773283716888
1171,0.14964919063353224
1181,0.15408663344540915
1185,0.14870244245790204
1197,0.16897253054203207
1202,0.16170410021402234
1205,0.14711739178511607
1206,0.16543207556262537
1213,0.14874933294357837
1216,0.14960023870097244
1228,0.16191174733847158
1232,0.17405552439939798
1238,0.14566032629823075
1241,0.15055852762790187
1246,0.14568622327020567
1258,0.1526204636553959
1263,0.1463811897286806
1289,0.15275273000174777
1301,0.19066355053765568
1302,0.14973826412276184
1303,0.17267475528507592
1312,0.14863499831593113
1314,0.15016426096882712
1322,0.1451753671429537
1326,0.14768114772471366
1328,0.1500105451745018
1334,0.14960774233614857
1336,0.16932674925290722
1337,0.14760771096562642
1338,0.16132846101922108
1340,0.15184262473568763
1361,0.17096267489106126
1365,0.17647423234523663
1368,0.18606287548095954
1370,0.14516788772282277
1378,0.17580378631689866
1381,0.1690981661201999
1388,0.17017757304646117
1393,0.14752351041570358
1395,0.14923186649023018
1400,0.1527701764804994
1404,0.150546551957908
1405,0.15577282260317604
1411,0.15636005635689904
1414,0.19439926232445404
1415,0.14844941277647317
1420,0.15224866746510315
1425,0.1477254006096182
1434,0.17898675159430977
1453,0.1623122126925989
1455,0.1489655530217909
1460,0.16787955700482934
1465,0.1706083463786158
1474,0.17303401161525955
1475,0.1512150063893316
1476,0.15083196926226844
1477,0.14862513251404716
1489,0.14602091451680535
1495,0.14864485267860245
1496,0.14773988905432253
1501,0.15240982571137346
1504,0.1443873880361051
1506,0.16715169697902543
1516,0.161557252744562
1535,0.15375956125458534
1541,0.15022007668529733
1546,0.14636215672355155
1552,0.14777601776420685
1558,0.14923603958859202
1559,0.15884905036436628
1564,0.14926009859646702
1566,0.1510829770538169
1567,0.17566490005629057
1573,0.16689480230800896
1576,0.15134654812445397
1577,0.14619438881796826
1578,0.16391572710853658
1586,0.14587212300757563
1587,0.15480666937416032
1589,0.16693863153881863
1591,0.14995156733090476
1592,0.15427883714127283
1598,0.14820271752664996
1602,0.17143277488658035
1604,0.14940582467484564
1606,0.14746511502853807
1614,0.14588519835674038
1615,0.14983230834622208
1619,0.14549588925803125
1623,0.15246414436222075
1631,0.16773694066177292
1639,0.14754707835586348
1648,0.14729110346195673
1659,0.16438599627330477
1669,0.15157402015913174
1673,0.1552872443624494
1678,0.16215130716467277
1682,0.16939709373224093
1683,0.14734656560876366
1692,0.1498039411725718
1693,0.1730748860499309
1695,0.1669434445066613
1698,0.16780009494558987
1706,0.16486026447419347
1709,0.15053154907440944
1710,0.171983458217948
1719,0.15953758158720846
1720,0.15316328886071054
1726,0.15052416784265954
1730,0.14853636944107626
1732,0.1484195091154852
1733,0.1487831069575469
1736,0.14579010063975792
1743,0.1497957362102661
1751,0.15476236011177902
1752,0.14861762872891088
1754,0.1715298205459798
1756,0.14908329311837687
1760,0.148683739650157
1765,0.14851266155054393
1776,0.15728256920060657
1778,0.15125800169385806
1779,0.15070050473734578
1781,0.14733557860805027
1795,0.16806308636606068
1808,0.14528915568218206
1809,0.16490638426927226
1814,0.16324450004619762
1821,0.14734248881651246
1822,0.15350039293289028
1824,0.1619945264460557
1827,0.14898998377659728
1834,0.1487670694116532
1844,0.1762673385130845
1851,0.16851590823488555
1867,0.1593937422300479
1869,0.14887890675091944
1875,0.17451353370432354
1882,0.14671820161028282
1897,0.17752916708701363
1910,0.16734035235108782
1917,0.15104208667867183
1918,0.16265475315385408
1935,0.1508577707604549
1936,0.16176255507188936
1937,0.14654338663869254
1949,0.1526678556046504
1952,0.14600709688654587
1956,0.16408596985673032
1969,0.1495229779572417
1970,0.14822161906863784
1971,0.1479546368623042
1977,0.16927560627530477
1982,0.1629046750512826
1995,0.14454797417292412
2002,0.15637986042904176
2004,0.15115707768419154
2011,0.1800982424220363
2013,0.16612392236727425
2014,0.14613073822761177
2026,0.14587032079751047
2040,0.14907806895688183
2043,0.1489700696725957
2060,0.14472325531839667
2069,0.14485698024756802
2073,0.14311962566890107
2076,0.14676600473939655
2082,0.1631487754103964
2089,0.14647663852655127
2091,0.16127999699348497
2103,0.15102284422008472
2109,0.14830291290692058
2112,0.16901408556992345
2113,0.1732736921121254
2119,0.14757404210914546
2121,0.15177299025673385
2125,0.14875422333691882
2127,0.16021791774220276
2128,0.14952980539875926
2132,0.16589300494304693
2146,0.1706732576852049
2148,0.14736155501052092
2149,0.17183853375455652
2156,0.14841659389805004
2157,0.14804807840687326
2159,0.16340026888370698
2160,0.1483822745587964
2169,0.1524781842373438
2170,0.15174881700368276
2186,0.14799162361004542
2188,0.14636988897447933
2190,0.14777205929407847
2203,0.1558249842091194
2204,0.16342300987548528
2205,0.17495665087403614
2207,0.1669757422190167
2209,0.14693183600913523
2211,0.14554245496164758
2220,0.1470150670112212
2226,0.16962229223495867
2229,0.1464140505655148
2234,0.14748749917100198
2237,0.15633725694988088
2240,0.14777791367958953
2249,0.1486508726786617
2252,0.16703145211186743
2264,0.1755785189049349
2269,0.148019346847779
2272,0.1458318591939017
2283,0.14823092799508994
2284,0.15203095667278393
2287,0.17119589272864144
2290,0.14838108002272965
2298,0.1483380983788386
2328,0.1601600168210408
2329,0.159449752652355
2330,0.1746910520805338
2336,0.15866114141971946
2338,0.14994283877518463
2341,0.1476955924635981
2353,0.17385749636303044
2356,0.15382177240875108
2366,0.1487386770708469
2401,0.1500289817978646
2404,0.1501323070288119
2408,0.14926666388051105
2409,0.1466703448158258
2410,0.14740096690421656
2421,0.14968967723463636
2425,0.17560411662941494
2427,0.1778156964371212
2429,0.16443014019378627
2432,0.16352495479713208
2435,0.15735932965828794
2436,0.1470675356057567
2447,0.1463647809216177
2449,0.1470552942188423
2454,0.15266345450033061
2460,0.1501459185278018
2472,0.1602355758674019
2479,0.1566914158675966
2483,0.1691175726992051
2484,0.1472407239911342
2492,0.17207158313247
2493,0.14795405075350598
2495,0.1467100929884609
2498,0.17416723230622885
2501,0.14751012789542436
2510,0.14665018550530992
2512,0.1456349731128122
2516,0.15018133742570294
2517,0.15045104392404166
2538,0.14699333823566157
2561,0.14810873025244464
2563,0.14867004368628137
2567,0.16263612412243253
2569,0.14527877156355637
2576,0.15693918799740142
2588,0.14845387535765212
2592,0.14667917446751413
2593,0.1730398851324971
2604,0.14831656350400443
2613,0.14942831467675713
2620,0.14851791311709542
2626,0.150788165399495
2629,0.15341631269038863
2634,0.14785139544138517
2637,0.1482349126534614
2649,0.1664614584381289
2653,0.17493177554436914
2661,0.148386776921591
2662,0.159828387305194
2668,0.1502053582142613
2684,0.15274845138851803
2686,0.1492822604896832
2706,0.14938978903980932
2709,0.14692831056146186
2710,0.14806892982033326
2712,0.14374797357774013
2717,0.15207596273873328
2718,0.16435640961515569
2720,0.16207587288950656
2726,0.1620097434137945
2732,0.16602354744158287
2735,0.1589131638896222
2736,0.1583361403035853
2754,0.14600429835935105
2755,0.14696828478346438
2758,0.15816367780104704
2759,0.1493546640465421
2768,0.17102436012706967
2769,0.16777706738358353
2770,0.15347865499218263
2776,0.14722928199392374
2779,0.14824246218197687
2790,0.15295239900198065
2794,0.1481298969242913
2796,0.14922617357471896
2801,0.1647482387307386
2810,0.15661000149375182
2813,0.14997694082241597
2820,0.16296725914046797
2822,0.17632290243878124
2830,0.171586944302123
2831,0.16176347398787017
2835,0.15533317459890694
2837,0.16819433240486925
2852,0.16541502873553865
2861,0.14915854500746734
2864,0.14889838917268314
2869,0.14604420785332278
2870,0.14898449975239778
2883,0.147078836673309
2890,0.14471912274931198
2892,0.15254418428610164
2895,0.16015790307559594
2908,0.15537593726072238
2911,0.14762440631351376
2918,0.16508102898555976
2931,0.16810466446935723
2936,0.1517729904013743
2938,0.1528834260659728
2940,0.17545608393690018
2942,0.14816221170574026
2943,0.14718330738972513
2945,0.1704887689094397
2949,0.14989150311122088
2959,0.14941568513079748
2966,0.1657947500200004
2969,0.16752528676565412
2970,0.15287524137725486
2975,0.1469452005126062
2976,0.14941377608813522
2987,0.1468809556827755
2993,0.1496222924161608
2995,0.15178054562354718
2998,0.14721682164852562
3002,0.14907452289737413
3004,0.14959600014934724
3008,0.14702130382928222
3010,0.16622642755107436
3019,0.15230714465808012
3027,0.14948702944521164
3030,0.1761978652001047
3031,0.17577075075449125
3037,0.15042530908319637
3038,0.14703521232174374
3039,0.15205466794330247
3043,0.15678449561076022
3048,0.1472722096601752
3049,0.15063510498127444
3053,0.15081372943113663
3054,0.1488701860606539
3056,0.14588887224725583
3069,0.14959445101942523
3071,0.16000557051898698
3072,0.17028582686914542
3075,0.14954341007310573
3078,0.16135069943600946
3080,0.14626230905239365
3104,0.1694081528628468
3109,0.15959068181357908
3126,0.1572751074056461
3137,0.14791920446652118
3139,0.14604787940293928
3142,0.15106027713115047
3147,0.15202270709871052
3168,0.147369817187944
3169,0.17480805118903497
3172,0.16076801927170684
3174,0.1500396972628288
3178,0.17237089213783882
3179,0.14913991691986359
3181,0.14735780726097997
3190,0.16046413464605297
3192,0.16591492545076167
3196,0.15327867763883118
3197,0.17177223279303164
3206,0.17334654767174082
3208,0.14977988640985643
3210,0.14652819967087377
3214,0.14548998192180734
3220,0.14423945522161716
3228,0.14535698860226148
3232,0.15468715168541863
3247,0.14707905802545987
3253,0.15228711385883134
3256,0.15055574702396965
3257,0.14826224768339885
3262,0.1564651691865909
3269,0.14505200714233218
3276,0.1507088841715631
3279,0.16712825373416546
3282,0.1481558391910817
3284,0.15074449771413537
3285,0.16707138958675252
3295,0.1463466161488774
3297,0.15557724660177494
3298,0.16075940916080272
3311,0.1495777906228936
3313,0.14658791287145734
3321,0.1454646893855826
3325,0.15599367360054434
3329,0.14615210100837978
3345,0.17951427617090948
3347,0.14650845229342233
3349,0.14796206868223324
3350,0.1467828843091348
3354,0.16751331210435716
3356,0.1624689601092291
3363,0.14723274953631163
3372,0.1587360395436624
3376,0.14558500749295022
3380,0.14794514521242835
3383,0.15877318648372948
3385,0.16430416271149498
3387,0.16587611953528722
3395,0.1505885575091333
3396,0.14672875001345764
3397,0.15051324834420363
3411,0.1519446482683235
3413,0.14700313903001694
3415,0.14531086036358737
3444,0.17138732553724456
3446,0.14792683555468047
3447,0.1462268412737649
3448,0.15062725710837285
3454,0.15022627844352593
3466,0.1480820606516828
3471,0.16426405542153025
3474,0.148042766616107
3488,0.1586972479146503
3496,0.1492253762064126
3498,0.15690509068134795
3508,0.14891756534097353
3511,0.151126227575046
3514,0.14936342772422065
3524,0.15431926768596635
3526,0.15858490117722723
3529,0.1506973921124057
3552,0.1501753669130128
3561,0.15083709289273528
3564,0.14666931459878024
3566,0.14794147023479862
3576,0.17811390058904303
3581,0.14700200674869632
3582,0.14616096219610444
3583,0.1498866643411625
3587,0.14674164537170692
3589,0.15705817004792036
3590,0.16333591175002327
3592,0.150624634326613
3594,0.14852009590039228
3598,0.14730317064378745
3605,0.15390772737527353
3608,0.17087228498955284
3610,0.1740543526335335
3619,0.14779478666076115
3622,0.1494730517137612
3623,0.17238532640653004
3628,0.15119932728103616
3629,0.1482212119954716
3647,0.1462060605992051
3653,0.14543391393510477
3657,0.16910554031582342
3658,0.1547706484718031
3661,0.14724783456120868
3665,0.16085470520496564
3668,0.1468611524747678
3670,0.1452843612412822
3672,0.1459519988133287
3675,0.16137885673728333
3680,0.14808019232042535
3697,0.15112891403831688
3698,0.14724955190594488
3699,0.15799250348992458
3703,0.14468217001744904
3711,0.16025558729457623
3712,0.17768504963229345
3716,0.14709954436764203
3717,0.1690196244703428
3721,0.1689706530642468
3726,0.16340844906152607
3735,0.17172959806578347
3736,0.17247985732453613
3740,0.1471675664447891
3748,0.1649097440367158
3751,0.1565106951614436
3753,0.14518693466923793
3754,0.14648021994735727
3755,0.1524579643523854
3764,0.14692873057219363
3768,0.1518560374312952
3781,0.14919842844931047
3782,0.16717673264753558
3787,0.15613409298614858
3800,0.14926056777816496
3804,0.15091524098542103
3820,0.15130112575294183
3821,0.1720216149569427
3824,0.14431439106188104
3825,0.16521467933849168
3826,0.17292455471445362
3831,0.14588946636600422
3834,0.16638785564029035
3835,0.1583142247401864
3836,0.14859757579942343
3840,0.14846311732563075
3841,0.17389238382593214
3848,0.176552884818147
3863,0.16451231475699468
3869,0.1491412719078162
3875,0.16651635481246077
3877,0.1612786090405961
3878,0.16988254603857775
3879,0.16473164367181073
3881,0.15985217915753344
3882,0.14664050002995155
3887,0.1524501918652726
3890,0.1477618291456258
3904,0.14857189431669354
3905,0.1709575537018187
3908,0.16272734167224404
3917,0.17386398901068517
3927,0.1605002221926058
3931,0.16984962844194773
3938,0.1623869398575454
3944,0.17584682770993626
3947,0.15006617023532565
3950,0.15111418096375212
3971,0.14636464144200872
3982,0.14928055096463133
3991,0.1505107684889523
3992,0.14675070179144076
3997,0.14523603802253957
4005,0.14695356481125485
4008,0.15019621166062472
4016,0.15424011775372004
4018,0.1468264913426871
4020,0.18274131974549085
4027,0.14992276309968186
4038,0.15884113192452085
4045,0.15931857215684614
4048,0.14812503469999247
4051,0.1461273736351279
4054,0.1661933315897697
4055,0.17392519598371825
4065,0.14762192389508255
4066,0.17557801103856266
4073,0.15800906890933256
4079,0.14744001608430343
4084,0.14844677358120437
4087,0.1775416686267724
4089,0.14793602213544696
4091,0.16014421972090168
4092,0.15211366464084528
4102,0.1565529101869311
4108,0.17036952758270518
4113,0.17495318841626237
4116,0.1657182899355279
4117,0.15185572150873947
4124,0.15046684444811073
4125,0.14778557547007604
4128,0.15073515276958938
4129,0.1490525986629889
4130,0.1678814761646815
4134,0.1494915247047472
4144,0.1501848231610512
4147,0.14989296251312548
4150,0.1492350995679432
4158,0.16033810899269424
4162,0.14625607151627681
4163,0.14785711603686408
4166,0.14815670204613426
4167,0.15347642930191135
4168,0.1570472016036213
4175,0.146625624138993
4179,0.154293937313892
4180,0.1684236585061459
4189,0.14990724606398542
4192,0.16476453169177993
4195,0.14939839452955167
4197,0.15130936701791683
4198,0.14792202711871777
4202,0.1458553027176127
4208,0.157781691692731
4222,0.1616783525540164
4225,0.14992575228412872
4227,0.15306062308648014
4229,0.14883802828794382
4230,0.15800631311032592
4244,0.15893516962401846
4247,0.14717726369901002
4249,0.16490474437858438
4258,0.14919409921498994
4266,0.1668087508876313
4283,0.14703931393581104
4286,0.16206326065838095
4287,0.14588323499216152
4289,0.1451208651141479
4291,0.16800780294149145
4292,0.16386118389551824
4296,0.1459584336330493
4309,0.1500061459672399
4323,0.166237394460042
4324,0.16453485214188301
4327,0.16238080404579536
4328,0.15334246976277377
4330,0.15019015498899999
4334,0.14942692504737803
4338,0.15140822296632508
4341,0.1679204062785122
4343,0.1463869708511348
4349,0.14680348219971487
4366,0.1593470182171783
4367,0.15588984462163838
4373,0.14675396591272433
4374,0.18226934252844076
4384,0.16686752611298483
4390,0.16573638914242594
4403,0.1690262639768617
4409,0.14572345986542765
4419,0.1697874702513184
4427,0.15982531948776385
4428,0.16707399548011445
4429,0.14726055205977942
4430,0.14697639981312835
4431,0.16353958758125292
4433,0.14782680013819927
4434,0.14796226703676335
4442,0.144815446847342
4444,0.16005017229698537
4456,0.15216418318367997
4457,0.1495862860000114
4459,0.1603425407329353
4463,0.16865962931036727
4465,0.16935544998250854
4466,0.1512873106183942
4469,0.15580243639066377
4486,0.1473615915121846
4488,0.1497044386654513
4490,0.16931079085404976
4492,0.14908840814270274
4500,0.1488862460239831
4502,0.15292274396152541
4507,0.1479825942895141
4511,0.14786247928394494
4512,0.147419014871704
4516,0.14552869899445559
4520,0.16154831136155107
4536,0.1463820994539296
4538,0.1468700858016577
4549,0.1473076036027764
4554,0.14703205562881172
4561,0.1620613680558842
4564,0.14511188338424824
4566,0.1581867921231038
4568,0.16835222794463764
4580,0.1578575336655203
4586,0.14878675215254217
4594,0.17842825438529084
4598,0.1469646602055921
4602,0.15168055243624368
4609,0.16631317684882144
4610,0.14969043243441932
4611,0.14778245712021965
4619,0.16658890088468378
4624,0.18182311158089676
4627,0.14831384094510408
4631,0.16075980263163223
4632,0.15371764240342486
4635,0.14915436581369007
4637,0.1626479238689791
4641,0.15634727666416237
4643,0.14850268757809276
4660,0.1468713269
4665,0.15750720511089994
4667,0.15161538260221688
4668,0.1637562291039415
4670,0.14756159884084935
4674,0.14643118316885878
4676,0.1476928536253516
4683,0.17291047546787564
4684,0.14704004809841736
4687,0.1479245003226308
4704,0.15114052496574704
4706,0.14794644712188573
4732,0.15989061650077077
4734,0.1520149649760536
4735,0.14580485012389546
4744,0.150615772937143
4755,0.14518785133739862
4759,0.14824993010427104
4762,0.1514192510559338
4765,0.1688348350245173
4767,0.15112517234605027
4775,0.16255824027128896
4780,0.15305844818810121
4789,0.1693476732610851
4794,0.17253542524719573
4795,0.149074700833437
4797,0.1605584382070386
4803,0.14627603251908786
4810,0.16918762832460027
4812,0.17541907559767475
4814,0.14798396292847424
4818,0.15003887102289837
4820,0.14786342809311473
4822,0.1488805496014224
4827,0.1455907383126002
4828,0.149034757374436
4831,0.1507696758403064
4839,0.15141093022866087
4841,0.15682461584526253
4842,0.15272696292486007
4844,0.1525952445138217
4852,0.14573157934193404
4861,0.150239251454157
4863,0.16368573111641366
4878,0.15947341620038524
4881,0.1689105748120052
4883,0.17033824213882723
4884,0.14595675031442865
4890,0.15350772423573775
4894,0.14945818227845417
4895,0.19633123944473568
4898,0.16461132743639664
4899,0.1492573378076291
4901,0.15649172724522728
4902,0.1436053278692807
4919,0.1488336551302986
4934,0.14837217321770801
4937,0.14692473351574442
4939,0.14883680130138371
4945,0.15103270909957622
4952,0.1584321157702721
4953,0.17306773503886083
4954,0.14657745397596408
4955,0.14592225099687955
4967,0.1472261576823731
4970,0.15992737184510414
4979,0.17015739781493364
4983,0.14911781706009497
4989,0.1614930802215769
4995,0.1543524437551054
5004,0.17138024093705628
5007,0.1635215797759092
5009,0.14695494040342355
5010,0.14787875696235997
5016,0.1502527097037309
5033,0.1498835817438652
5038,0.14669101863389594
5045,0.14462753021347644
5049,0.15126340173862826
5051,0.14886598107327745
5055,0.1734486722253196
5058,0.1493660920982172
5059,0.1515779338130237
5073,0.15317231826886724
5074,0.1613666110163644
5076,0.16747383857887432
5078,0.14916636934142177
5081,0.14853482026503828
5082,0.14561775756048914
5084,0.14934885436431777
5105,0.14705896121060186
5107,0.15163269687820777
5111,0.15323416746540616
5120,0.14650484285337456
5121,0.15080056849022327
5123,0.1496051320360207
5141,0.1460358054627936
5144,0.14871239336861547
5147,0.17306125041952974
5149,0.14564865617522088
5152,0.15196373922904677
5160,0.14893946974761
5170,0.1504446020411566
5171,0.1642390617774918
5176,0.1728514794167351
5178,0.16808896187842143
5192,0.15019054670014065
5195,0.1528903482852541
5204,0.14940640456462745
5208,0.16453517017935176
5211,0.14502625544431758
5216,0.15967410327634515
5217,0.1678639687115921
5225,0.15292361169364987
5228,0.17525892285897576
5239,0.1462001531730933
5241,0.15093550931212
5243,0.165429985110932
5246,0.17192616232564945
5247,0.1697901429380242
5249,0.1485316266032419
5251,0.17336350869022377
5255,0.1638874977587349
5257,0.16853891109542896
5259,0.15311763812438012
5260,0.14833613222007927
5269,0.16154039616822746
5281,0.15090460758025295
5284,0.16978627948655628
5286,0.150953467668491
5292,0.15117491374761807
5293,0.16053641572786892
5299,0.14755242026404689
5301,0.14966579318576972
5303,0.1473375903264646
5305,0.1512888313477209
5319,0.15893424001653042
5325,0.14813023331753236
5331,0.14737158472016137
5333,0.1443668309465369
5335,0.15089121004132386
5339,0.1634441351481977
5340,0.14834239937709182
5341,0.15873200242206678
5343,0.1457690780026949
5347,0.1805544507071173
5353,0.1661253518294273
5355,0.14567457197594075
5363,0.14779476128909047
5365,0.17169006599983508
5373,0.15715080568757034
5377,0.15760652607858242
5379,0.15088321592264553
5385,0.15932220332764427
5386,0.15017638864496105
5387,0.15481739623404805
5389,0.14887141559353148
5390,0.1566870287787855
5396,0.14942163323396657
5397,0.14529569308393295
5404,0.149194088414778
5407,0.1512835902330597
5410,0.14721887443578507
5411,0.14762782709056452
5412,0.1508652591764068
5413,0.14575837349158105
5418,0.15959013498368138
5424,0.1474094876334669
5427,0.1758888290805981
5428,0.15415126058707934
5433,0.15144621324016433
5441,0.17294067907285596
5448,0.14816059633041184
5456,0.16912512172419197
5460,0.1453486920434087
5465,0.1718061995121143
5468,0.14838782611595383
5470,0.17166154438429815
5475,0.14655869397273666
5487,0.17074462682985012
5501,0.1517425627503784
5504,0.14738181636159473
5508,0.1621078235224702
5510,0.15096379795794443
5514,0.148351294562803
5528,0.15992370340858053
5540,0.14638708492547547
5543,0.14916084091879353
5545,0.16856985139797598
5546,0.1739363278532634
5548,0.14983930072380083
5551,0.17126984837770118
5553,0.1538615809815135
5556,0.14705653040059485
5560,0.1667982487362189
5563,0.14856698466686688
5569,0.1517018713363999
5572,0.14798635026977433
5576,0.14870868852552796
5582,0.15332962320040525
5586,0.14991438018916436
5598,0.14524687468763592
5605,0.14610510808806995
5608,0.14726399078525082
5610,0.14562373414113752
5622,0.14409499269008882
5628,0.18299016964211914
5632,0.15029039237941025
5640,0.14856050677906132
5641,0.15370749890660632
5647,0.1473875157489997
5654,0.16458850252982132
5665,0.1471058193921749
5667,0.17481278460392055
5674,0.14957911231934917
5691,0.14691072949186004
5694,0.15165462392188875
5706,0.1484455082879705
5716,0.15355855611001976
5722,0.14689285678983569
5738,0.17670771858329076
5745,0.158820511293481
5746,0.142853332410748
5755,0.15041263364098742
5756,0.14653827060067232
5760,0.16188859097599217
5761,0.17344975868586812
5762,0.15248944259229488
5763,0.14738009876190455
5765,0.16678516860953196
5773,0.15355264826753898
5781,0.1603465800731919
5786,0.1497377951350646
5789,0.15046946655321522
5802,0.1508498351829935
5808,0.15821783508740636
5811,0.1470862383238467
5812,0.16504907027851365
5813,0.15771008927072408
5821,0.15025561504488003
5829,0.17946301528325656
5838,0.15949751886616115
5842,0.16873634790061648
5861,0.1470921136185268
5864,0.1458020460810358
5871,0.16442288675109812
5875,0.16029520248165896
5879,0.152052486712698
5881,0.14785371519935941
5891,0.14744319540552767
5903,0.14584505276831713
5909,0.14992006691818033
5914,0.18237711454614028
5918,0.14838428745058102
5933,0.14814053077288694
5945,0.1475784390047705
5948,0.14895043402088023
5949,0.1501634445763529
5950,0.146067473500567
5952,0.15546268254596776
5955,0.15814857321371698
5959,0.19012366491935276
5961,0.14685526541388202
5964,0.15308595821427504
5966,0.1774469057611757
5978,0.16298455859177652
5980,0.14637332456132066
5983,0.1663977764999448
5985,0.15087362335820392
5995,0.15047657536730338
6009,0.1649578270165136
6016,0.1448584291025292
6021,0.14934839589853952
6023,0.14655024788099474
6029,0.1591714356305939
6033,0.1572452057565199
6036,0.1534338290790406
6039,0.15118222003621484
6046,0.14650357782634774
6047,0.14538181966129604
6051,0.14650380846871824
6054,0.14950357757127886
6061,0.16727811623101
6065,0.15070942423572256
6068,0.15766039584306873
6069,0.1492050725582137
6070,0.16512153824090153
6072,0.15368923697393613
6076,0.15803622586778096
6082,0.15030030902542993
6104,0.1615104340398544
6110,0.15377831351299384
6122,0.14601796624741128
6123,0.16896005330946637
6126,0.14734222069731018
6128,0.15914216870388978
6131,0.14800468445038797
6139,0.14626166958792247
6140,0.16714349920242128
6142,0.1579525015391484
6143,0.14738732569299218
6147,0.1578732869820427
6152,0.16677535189906229
6164,0.14850075329705104
6171,0.18642334041997655
6173,0.16893190378926154
6175,0.17977710097079486
6176,0.14751362373386312
6179,0.16114587555338317
6181,0.15373716250570654
6191,0.15134083831953724
6200,0.14978769231680175
6201,0.16835236458845151
6208,0.1620896554220593
6219,0.14944615217215934
6223,0.15009060188842974
6224,0.16712787676737026
6237,0.15778716306639934
6255,0.15707455570045775
6265,0.16912255604914192
6273,0.15958358911089754
6279,0.14871193087563814
6284,0.16091167611772075
6295,0.1601250343086345
6306,0.14817683428645123
6311,0.1482174366320764
6327,0.14950139633514908
6330,0.1498462821181597
6338,0.15005249483045535
6343,0.17221856624320142
6345,0.1512916123157822
6351,0.15195048170129907
6357,0.14786973937972653
6360,0.1564378720649167
6389,0.14802466462539393
6392,0.16155554690428472
6404,0.14582737543490143
6406,0.14988447438287286
6407,0.16914646789825755
6414,0.15269184612114842
6419,0.1471890329666806
6425,0.14865653550940103
6428,0.14840655167522393
6431,0.1450864156513649
6435,0.16081286788851862
6436,0.14899661817167245
6440,0.1463626117175081
6446,0.14639311909980213
6465,0.15182100370764418
6473,0.14952185951186722
6476,0.14910795282702016
6477,0.14699158237107585
6478,0.17156667903697703
6494,0.16677721748882154
6501,0.1775654915683788
6502,0.15468940613691287
6503,0.14725350695490277
6514,0.14419244502417242
6516,0.14774525040192832
6534,0.16855922400911616
6541,0.15103706364780417
6553,0.15010831889145465
6557,0.14816883489272353
6559,0.15166137228441817
6560,0.17505606087148484
6562,0.14664876659448278
6575,0.1689827335285018
6583,0.1462060542971129
6588,0.1613999895947807
6590,0.14661006801039073
6594,0.14816183707171549
6602,0.15030002494393122
6603,0.1700751261489454
6606,0.1512329152000399
6614,0.17141231734721118
6618,0.14779880101069137
6628,0.15891204101055204
6633,0.14758625228386188
6639,0.16009825014569784
6648,0.1528746148609565
6654,0.14700418508092086
6656,0.14710350878671768
6657,0.17533951020721994
6663,0.1465481606936209
6664,0.16109251366701038
6666,0.1508317233587631
6670,0.14585194728159112
6671,0.1635655507844005
6683,0.15029106748647456
6694,0.14815689700898999
6695,0.16610159273988373
6699,0.14582922198747705
6701,0.16918167505896292
6706,0.14657145330896057
6707,0.1489415929786865
6720,0.14712707100066955
6721,0.15283375642761954
6726,0.15174008314495926
6735,0.14907338245818197
6745,0.14894565975660606
6746,0.14915433575692422
6751,0.14823849332191097
6759,0.1729640093729469
6760,0.16402876239666445
6765,0.1583696657904084
6774,0.14969327296902737
6776,0.16208976327327157
6779,0.1630549997642444
6789,0.14748722642772225
6792,0.15011086139308605
6797,0.14944126648556835
6807,0.1617534494707414
6808,0.15030321323478582
6811,0.1633471389664902
6813,0.151457577682893
6814,0.14708871808359852
6817,0.1513170782073192
6826,0.15220910052924425
6830,0.14874042682841745
6832,0.17921245948131148
6838,0.1831190228184864
6840,0.14898048471472658
6850,0.15181050338953728
6851,0.14620612789060922
6854,0.14680968341141604
6856,0.18105515137153302
6858,0.15850704673084384
6866,0.1484307943383734
6871,0.1708542155529514
6872,0.14939381090405549
6879,0.17214640947288704
6881,0.14602466377368234
6882,0.15594064289793297
6883,0.16345236965150242
6894,0.1682209557591081
6899,0.14882658327445186
6903,0.15086254362650756
6908,0.16929817032497768
6914,0.17001944385270282
6915,0.17148918002241165
6917,0.1514309687807746
6922,0.1530771719512419
6933,0.147820436645185
6944,0.1605788052318498
6948,0.16518909050998876
6957,0.15871346956044716
6964,0.1492521135577191
6987,0.14720975563362423
6989,0.14500100693245394
6991,0.1481315026065838
6992,0.16095577434582348
7019,0.14864470517640954
7021,0.14999109047683304
7023,0.16084266113207557
7033,0.14829513396792865
7034,0.14766473219944354
7043,0.14776171914294298
7047,0.14822031486991397
7050,0.1585830933971082
7057,0.14671092821576626
7069,0.14940462772403387
7070,0.15091666051287356
7072,0.15829941420634655
7081,0.15737245209020342
7082,0.1503181323368495
7088,0.17550067062497504
7093,0.15489608129338367
7100,0.15947994132775278
7104,0.14386656057270536
7109,0.14598091796886434
7111,0.1500079396415401
7113,0.14679860375802947
7119,0.14821752384769538
7122,0.14846236493249254
7134,0.16491389247571472
7147,0.14948121941716078
7155,0.14916922219517
7156,0.1468380615120574
7163,0.15465185812016516
7173,0.14237376412205147
7177,0.1457693787780606
7179,0.17104467036753707
7191,0.16905069184574942
7196,0.17648155517961356
7197,0.1501342397037078
7205,0.14658046940111788
7209,0.1494812984950802
7215,0.15273575488073576
7216,0.1458871051309839
7217,0.14825784798851815
7224,0.1496074658079502
7230,0.15237334208339876
7235,0.17472889882032502
7237,0.17514942402705674
7245,0.15270552228442189
7246,0.146290437929135
7252,0.1532488849902158
7257,0.1446173670304011
7258,0.14809847560451855
7261,0.15864344016484153
7269,0.15253315926280642
7270,0.1491703947065658
7283,0.16455077270701854
7299,0.14524759796949585
7301,0.14793476907406333
7304,0.15490207787668908
7311,0.14727949825954037
7314,0.1533164002476644
7332,0.1474996438336395
7333,0.1756815162301822
7335,0.16266375400933486
7336,0.14725392243678784
7337,0.1629677806241074
7344,0.15242972440861222
7348,0.16922892021818844
7351,0.1478525251235295
7352,0.15197448670809646
7371,0.1701260780946568
7373,0.15383709497761433
7376,0.14399362780073685
7383,0.15247945931774698
7390,0.15176544941134282
7391,0.14886688621719546
7392,0.1596033497720315
7395,0.14749668830185583
7400,0.15927792349460046
7403,0.14735662471086572
7404,0.14487496744980924
7414,0.14912606840204895
7429,0.1510624129770129
7435,0.1625197764827988
7436,0.14798385178389492
7438,0.14660290689381134
7441,0.14582952762060347
7443,0.16155216883364024
7444,0.17422493608304984
7452,0.14413023228397454
7456,0.15172565609343736
7462,0.14476575835586694
7483,0.14999011965696482
7490,0.16768834640976568
7492,0.1719477930066183
7504,0.1483557026004161
7507,0.14986887388418138
7511,0.14963939465934373
7519,0.16672364376034826
7520,0.1732086940485464
7522,0.14958915647893464
7530,0.1469980531159578
7536,0.17147033096113112
7541,0.165645974689553
7543,0.15667457235986462
7545,0.16779399173292137
7558,0.17187747759210656
7560,0.15637162260342086
7561,0.14804720199846721
7571,0.15174929459641845
7579,0.14823158626799102
7580,0.16707513765801837
7581,0.15083342614504036
7586,0.14933628846680455
7590,0.17821604035817745
7592,0.14773668693247255
7594,0.1481139249173944
7595,0.17852160608550663
7601,0.15006562898991105
7602,0.14799999807430184
7603,0.15012133067794184
7611,0.16997843278506086
7617,0.14456896328867075
7618,0.17224683305597638
7619,0.17165395136845427
7625,0.15294185561571758
7628,0.1485947515573757
7630,0.14310159330692154
7631,0.14624279196341206
7633,0.15575877174802236
7634,0.14927796354169726
7641,0.16224058463876878
7642,0.17731803165946056
7646,0.145407792232168
7662,0.162516064328223
7666,0.17320078992285218
7674,0.14948465031587574
7676,0.1457424744964026
7679,0.17041224310086944
7681,0.14969269784418504
7686,0.14860926636457653
7696,0.17215570590944784
7707,0.14793406192661518
7708,0.14763292094604952
7712,0.1506999652034022
7715,0.14940250262254642
7716,0.15445914068195338
7717,0.17125347513511407
7719,0.14698143939439112
7723,0.15441949985959508
7726,0.16251167643564202
7734,0.17502719963145227
7739,0.1454595360214985
7743,0.14834765783274045
7751,0.14765648508615523
7752,0.1644360841508623
7755,0.16834909369580844
7758,0.1481777605445348
7761,0.14875971469702187
7767,0.14604349307315823
7773,0.1611812925676511
7779,0.15389375636403696
7785,0.1524814560326464
7792,0.1511249227385111
7800,0.1606665095949124
7801,0.1638940747074434
7802,0.1647197551951315
7808,0.18054858488501335
7811,0.14711546914521598
7816,0.1511010333229534
7822,0.15182075589795907
7823,0.1536078297372452
7832,0.14698946993101855
7833,0.14896599703809915
7838,0.1478136827687899
7840,0.14928848290574373
7857,0.147980809603301
7877,0.14868969187294248
7885,0.14763324881030812
7900,0.1715403600009937
7907,0.14444245183533314
7910,0.14532783418329348
7918,0.17920859450690133
7919,0.15546184668752575
7928,0.14943734856901533
7933,0.17443121050854704
7941,0.1613465088273079
7947,0.15249184084303521
7955,0.15131536480721602
7956,0.16681146989140075
7957,0.15069005978307706
7964,0.16538038610403885
7968,0.14831486155731746
7980,0.15007070009369647
8004,0.15485211702402066
8016,0.1481724720461226
8017,0.154494418566901
8024,0.17418621438330792
8031,0.16715315721207705
8032,0.15169499257173938
8035,0.1486654815794083
8036,0.15175167132638442
8037,0.1477637929026444
8052,0.14741601028469903
8055,0.15067354222802515
8059,0.14998287182009046
8063,0.1639417474187312
8064,0.1516373189893288
8068,0.14758667956436045
8070,0.14901559473898757
8072,0.16295454682296384
8085,0.16407099959484298
8089,0.14902062112472209
8097,0.14781658874057516
8100,0.1690464335197943
8102,0.16767135849824105
8105,0.14694885147628414
8114,0.14940102993241453
8117,0.15683409758988845
8120,0.1470515686385993
8126,0.14638481002764542
8128,0.14927285318174383
8135,0.14756419168630203
8137,0.1469223207723726
8148,0.14822836074995724
8169,0.14614396184323433
8173,0.14636711290117255
8178,0.1477634685542507
8179,0.16205378056185182
8182,0.15045120379773072
8184,0.1466023564233648
8186,0.15872972003260297
8189,0.16618404332888073
8196,0.15092808253408416
8216,0.17373076931102854
8219,0.1502184583207061
8221,0.15879582583370222
8227,0.15418267912553896
8232,0.1575228530972941
8245,0.1520615314130278
8248,0.1466059058779319
8249,0.16895551364090108
8250,0.14857717593880512
8256,0.1443728885982753
8258,0.16324241765600098
8259,0.14538910752977674
8268,0.14800339551339028
8271,0.167094430725379
8273,0.1646854713589067
8275,0.16642278296870494
8277,0.16752492807939354
8283,0.1473361536603229
8288,0.14959013056863077
8299,0.1472526959988168
8300,0.14570492129349213
8301,0.1473598932697945
8307,0.16919878343071793
8315,0.15259933570926407
8324,0.16000275918753676
8326,0.14604310862380246
8351,0.1500526076773033
8367,0.1514832910725958
8368,0.15976390077325153
8371,0.17874887275948032
8383,0.14668599676646218
8386,0.15288007163267736
8402,0.14695345842393162
8404,0.16701859351187381
8421,0.1681840435869652
8422,0.15416515937490635
8425,0.156484810060835
8429,0.15866376224628587
8433,0.16722002884213696
8437,0.16191595279020982
8440,0.1461623400372955
8455,0.16777675819143612
8479,0.16989021459756887
8482,0.14895936669001794
8485,0.158979907880413
8489,0.14957426645867014
8490,0.14661315950891948
8492,0.1490194599268375
8496,0.14938904194752006
8497,0.17451063527076907
8498,0.15165895348564276
8500,0.1526831887716115
8501,0.14913500546841446
8508,0.1563744037979313
8512,0.18675280911226488
8522,0.17831246439364248
8536,0.14968613496818897
8545,0.1487832784920396
8546,0.1475807183801237
8554,0.16780311086300373
8556,0.15648882870864786
8557,0.15261174473055358
8559,0.15839561061554283
8560,0.14929545728648458
8563,0.14890827794134945
8565,0.15361435487308847
8574,0.1458570297388695
8578,0.14819780296944157
8585,0.14574645946349893
8602,0.15124694112175707
8605,0.14650555068845278
8609,0.1481478520036832
8614,0.15874024001864878
8619,0.16439469161784867
8629,0.1474807426788411
8632,0.16423460531647024
8635,0.1486110478926973
8639,0.14801539635312302
8642,0.1615477811158659
8643,0.16377736876498367
8655,0.14842757136862872
8657,0.14718089772072648
8662,0.16420571801271652
8666,0.15305732672117128
8674,0.1478268087303705
8676,0.16938978791115744
8686,0.1598842471892407
8691,0.15021764922201772
8702,0.15967318933558808
8714,0.15118026382743074
8718,0.16485296471936198
8731,0.14844406932847187
8738,0.15316405058610755
8745,0.1519246568458005
8749,0.14738242132963858
8754,0.15227094919928336
8760,0.14699971077806265
8762,0.1488555029326935
8767,0.14576118969571983
8768,0.16446201009512
8769,0.1463847252626745
8771,0.1635744779331618
8795,0.14688590801841178
8796,0.1459564820343661
8811,0.16158673090619566
8815,0.16942503607040868
8820,0.15800929484281462
8825,0.16723815728996086
8832,0.1510334576301817
8839,0.14926158607169665
8841,0.17240920477605576
8848,0.1472546372669761
8849,0.14755953313719827
8856,0.15835005643255992
8875,0.15167526270656428
8879,0.15096391043374466
8882,0.1483300738893649
8885,0.1487151682927438
8892,0.15071759876994928
8897,0.16595400632521762
8905,0.1503661485592839
8921,0.14893610476599645
8928,0.1470262682870426
8935,0.1450033354298226
8939,0.14775203475330914
8941,0.16317820788163995
8942,0.1457852928160652
8949,0.15982923136549043
8951,0.1477275325093299
8958,0.16757507326814514
8964,0.14750636258877567
8972,0.148681455724841
8978,0.1791717326987823
8979,0.1530558621689337
8988,0.17007833689280755
8997,0.1483184257737813
8998,0.14894769421926468
8999,0.1641836256169637
9006,0.1523706222123262
9012,0.18183427080578798
9024,0.1465419430576432
9026,0.1473946129711316
9030,0.15056818237791034
9034,0.14627227529675368
9036,0.17089060655345756
9038,0.1477077380918816
9040,0.17161563823276815
9041,0.14356236171231607
9042,0.14751450437270341
9046,0.14702368530059368
9051,0.16746194920499985
9054,0.18099014938122823
9057,0.14767339455731077
9062,0.14782008612489933
9072,0.1583938765724527
9075,0.14599946364700658
9079,0.15012004691003042
9081,0.1498159239189793
9091,0.16100527640370593
9110,0.14878226016607887
9113,0.1516799291143518
9116,0.16030828440387118
9120,0.1500093030463485
9126,0.18587070854770185
9133,0.16236168543251003
9135,0.15912584623042703
9144,0.1489927959864559
9146,0.1561212599783977
9153,0.15220991581588797
9155,0.148237859021943
9160,0.14546127333013706
9165,0.16916038165873834
9172,0.16997532744476404
9174,0.14876578454595546
9179,0.14315797374197542
9180,0.14713634395271474
9195,0.15180718050373307
9199,0.14467919253208456
9204,0.15797649848941306
9205,0.14980870737947663
9210,0.16631186545980844
9228,0.14547443649291023
9233,0.17012241519380905
9235,0.15175920202684914
9237,0.14875899985526175
9239,0.14768077881656405
9240,0.14718031652125638
9241,0.15116923395622894
9242,0.14754650056772398
9246,0.1496845471295762
9248,0.15490503824037832
9253,0.1475333266565084
9254,0.14865246501513338
9260,0.14788955191705722
9261,0.14759385466799005
9262,0.1569700313509696
9263,0.16745544452277478
9268,0.14762094593645214
9275,0.1523617005588261
9278,0.1461866770151387
9287,0.14720030273599058
9292,0.16647328948195417
9308,0.16802601328102162
9309,0.14656616575614279
9310,0.16692362003430716
9312,0.14482954222154756
9314,0.15118646921597603
9316,0.14554771079119966
9318,0.16287982162434864
9322,0.16754030085867347
9325,0.1480269415765778
9327,0.1649435910514493
9336,0.14774451171482386
9340,0.1591107214207598
9342,0.17163173759490116
9346,0.14902839497020795
9351,0.16514443738077805
9357,0.14780278229269286
9372,0.1506662611336842
9374,0.15094571371320512
9378,0.1480014655159214
9385,0.15715691230025264
9413,0.14821029644556505
9418,0.15049409878522235
9420,0.1670276639375937
9422,0.1504149616538521
9423,0.16157979977416226
9425,0.14717271660505668
9426,0.15851500287812725
9434,0.1496298345706776
9436,0.16170549824459177
9439,0.1512234467431126
9446,0.1502812707207865
9460,0.15417360471966077
9461,0.16365460698420414
9467,0.1492800252830057
9472,0.17766259017077315
9483,0.1462428782374346
9485,0.1581772735828115
9492,0.1515884701498561
9500,0.14793062901592427
9507,0.1670757077595088
9514,0.16793609363446751
9516,0.16834276704861392
9520,0.1535439577158342
9542,0.1475982274727154
9544,0.1683583082778423
9548,0.1769585862962663
9556,0.14918755375570722
9558,0.15091212518464783
9565,0.1569896803810144
9571,0.171693191142756
9575,0.16232342640910472
9587,0.14757151846856947
9602,0.17509013360248862
9609,0.1515607535802183
9618,0.14439315385870852
9622,0.17030599467625648
9624,0.14765749994263253
9648,0.1638400938553123
9658,0.17190734762706295
9668,0.14729067018535302
9702,0.14671347927836215
9705,0.14937426689790004
9706,0.15002519906089468
9707,0.16160583427389452
9708,0.1514795124502369
9710,0.17273591359716428
9726,0.16532931322013047
9753,0.15111772179060487
9757,0.1453787920378354
9761,0.14738021357049816
9765,0.14659421244512205
9768,0.17146545767841087
9769,0.14788335890661042
9775,0.14494427102853283
9778,0.16036987462117236
9788,0.14619269074655175
9789,0.16846294750670385
9792,0.1592066894099271
9815,0.1460921336303213
9816,0.15192857145885988
9822,0.1499892315231944
9823,0.15593058012994468
9827,0.14945212935968097
9835,0.1592721657940687
9840,0.15291368383448967
9841,0.14747553551730855
9849,0.1644950447742029
9853,0.14821432352354852
9869,0.15896995854259385
9873,0.14688473364718413
9881,0.14346003050553136
9892,0.16852859735985154
9898,0.14952619069508805
9899,0.14872777170367285
9915,0.14640741685678696
9936,0.16344313650265033
9940,0.14887012190867693
9941,0.14691848786604866
9947,0.14709482784928293
9957,0.15761655386011666
9962,0.14882239445976958
9963,0.15022801787153717
9964,0.15511605372088924
9965,0.17184362925183994
9968,0.16614911706609392
9971,0.15814903677919656
9973,0.1700401566839854
9980,0.14810761890895685
10002,0.17551306718426196
10005,0.14944079759638235
10007,0.14853647615240367
10010,0.17524784488224726
10013,0.16735073525137914
10014,0.15234414570889096
10017,0.15878667085434228
10024,0.16357090206053287
10030,0.14724720981312112
10037,0.14792467539580675
10046,0.14582134992855608
10051,0.14490756045494094
10063,0.14805439502101253
10067,0.14730426478955413
10073,0.15209125016370212
10096,0.14747727381208528
10099,0.15160471599374684
10100,0.14941246072636682
10101,0.15854208916336202
10103,0.1534523421720836
10110,0.16565442613271267
10113,0.15875426824432307
10116,0.1509663458545235
10124,0.16916515509117175
10127,0.1478453641488006
10129,0.17708321669072946
10139,0.15235191970992723
10140,0.1809248585419087
10145,0.16568406683878636
10149,0.14944429817992372
10151,0.1703620065060826
10165,0.14868729330951616
10166,0.14836222712938898
10168,0.1680267673220505
10174,0.14253832564421276
10186,0.15366237464070323
10189,0.14472852453347285
10193,0.1592604872871393
10197,0.1479690044240717
10201,0.14925184080365111
10206,0.14739822425454938
10211,0.14814401691062143
10216,0.15052503109324594
10224,0.16651130805525874
10234,0.17385002129428995
10236,0.15660777500902934
10239,0.16992353093402884
10247,0.15060088251441636
10250,0.14724709730026941
10253,0.16900195237946541
10254,0.1524202426240247
10263,0.15978488545242378
10264,0.1667521526503573
10265,0.14915918179155704
10275,0.14806223775780172
10280,0.15007473784822628
10286,0.16913384100658907
10287,0.1640330766718318
10293,0.15006778619115657
10294,0.1483454146140545
10303,0.14727723274901464
10308,0.1767309655188178
10311,0.14945449678584083
10318,0.15304276844069128
10323,0.17806701562364213
10324,0.1673759959891149
10327,0.14741457226467364
10330,0.15293539532654235
10331,0.15029130457857257
10333,0.14983888647618968
10334,0.1682911487525026
10335,0.1738171589339869
10338,0.16345327010435426
10339,0.16728398775867287
10348,0.1482103347478528
10354,0.16495818071570909
10356,0.1480292150841517
10367,0.1506118547008254
10375,0.14848343610588452
10384,0.1736828826302492
10386,0.14652299403535088
10389,0.14698249632029586
10393,0.1470384828019891
10404,0.16240438991192585
10408,0.14784658728144465
10416,0.16154554072223995
10434,0.16704756901509046
10448,0.18161328478091976
10449,0.14928944931142968
10452,0.14653916725753374
10453,0.14942076639468432
10454,0.1580400562349985
10461,0.14756304345057172
10462,0.1469376544877857
10472,0.15346097316481452
10474,0.1671674561229987
10476,0.16070437654287723
10478,0.14789004606450007
10483,0.1452723725446513
10492,0.15159354407194967
10493,0.17967718909837044
10499,0.15048524498095164
10501,0.14750897083754305
10509,0.15522829404366542
10512,0.14638180879282967
10513,0.14819785504487418
10516,0.14775765467771856
10517,0.14783163916013525
10525,0.14682600650951722
10529,0.14935800442168118
10532,0.14794860384072497
10537,0.1527375439639312
10541,0.1656418530542635
10545,0.1516626822848082
10548,0.14756818297731916
10552,0.14935817599661727
10554,0.17978600257289137
10557,0.15252523450710198
10564,0.17298054301746849
10574,0.14713700315006376
10591,0.1490973347723441
10596,0.16433008288272746
10600,0.18413943071578862
10606,0.1476763080233155
10611,0.1601279111542782
10622,0.1461152815167814
10626,0.1507017116531072
10629,0.15029987564274416
10630,0.14682218802751482
10631,0.1752058849025188
10633,0.14814113403390622
10638,0.14801699116508638
10639,0.18083018432616169
10640,0.15386752504959572
10657,0.16844256799145857
10663,0.1626184843985717
10664,0.14807229917848572
10667,0.15247936895783903
10671,0.14914740562066175
10672,0.14788193244205236
10675,0.15075800776123047
10679,0.17144488605261463
10681,0.14881296707184377
10683,0.14889578236244608
10688,0.1466961283881415
10701,0.16694728354727367
10704,0.16612930485437782
10709,0.17229744283167248
10715,0.14919054955976344
10718,0.14697879078599194
10724,0.14979498007829106
10731,0.15175184592556124
10733,0.14855312458663825
10737,0.1792115018193071
10744,0.14296771019445573
10750,0.15772403304519633
10770,0.14850451792195157
10776,0.1498876780807949
10780,0.1502126418901375
10782,0.17223716049362778
10789,0.1503524270236007
10793,0.16795181331294068
10795,0.1677658254697394
10807,0.14790300679384377
10813,0.1529741390635299
10815,0.14850887887786865
10817,0.14752066913464143
10819,0.14483864382739725
10824,0.14822666879835605
10828,0.15390055558035218
10830,0.14899857935424457
10832,0.1473403689060741
10836,0.16722767562287738
10839,0.16346324316253405
10843,0.14764150054170716
10844,0.16536105416756738
10866,0.15484226074517662
10872,0.14777753639172214
10873,0.14637454515300197
10878,0.15246367454225856
10889,0.14825671764695272
10899,0.17588255779594553
10901,0.16121796163517346
10904,0.16769918076464174
10910,0.15037390566315045
10911,0.1629040957789214
10917,0.14656683416241684
10920,0.14927523381368313
10921,0.1462314159920711
10922,0.15144239406522983
10929,0.1486715974049149
10930,0.14720670946135095
10933,0.1536786914359151
10934,0.1474643094476812
10939,0.17501476404624447
10942,0.1476177668109147
10943,0.14757617335602774
10945,0.17382242864134195
10946,0.15381236803560183
10949,0.15515124432108685
10951,0.14974258287339534
10952,0.17087030329068567
10953,0.1472966529984798
10955,0.14686698099871048
10956,0.168250310281601
10959,0.1713916717458683
10963,0.14398103155751743
10965,0.14646857516149
10971,0.15048458266495554
10975,0.1592225172654052
10979,0.14647531685756732
10983,0.15756094801966244
10984,0.1462821963660415
10989,0.15108712281719128
10992,0.147815842907579
11001,0.1472865567138832
11003,0.14674688113724246
11004,0.1523213778537213
11008,0.14648359030258584
11016,0.15233458882980874
11017,0.14971356652309278
11021,0.18486301410438616
11028,0.1459665125034803
11034,0.16867851090873578
11035,0.14727547288094334
11036,0.14504147154747302
11041,0.14675660610805655
11047,0.1802987621515727
11056,0.17972172841072778
11058,0.15084281932778218
11059,0.1556742627768159
11060,0.16008696526518454
11064,0.16686476299264522
11066,0.1481158851923947
11069,0.16855391291001084
11071,0.146901839634799
11072,0.1588867454502922
11077,0.16007961758648095
11080,0.14568008327457677
11092,0.1481985969808058
11097,0.15088303930705335
11098,0.15036366183767697
11114,0.14470692324529544
11121,0.15131572968151838
11124,0.1584074745503104
11131,0.14973537492790215
11143,0.15110408394026995
11146,0.14348164932108523
11154,0.15197630512660698
11164,0.1662168875636577
11172,0.1589853246713859
11173,0.14863278965955662
11174,0.14628354751550154
11175,0.15110193239365602
11180,0.14846254118035696
11184,0.1489388205047526
11188,0.14872912782869896
11189,0.1510935004419563
11190,0.1446001766343497
11197,0.15537239154328114
11201,0.17819668370647412
11204,0.17529841699704285
11211,0.1480865315942776
11212,0.14830774543390662
11218,0.14687233584663822
11219,0.1467337861785347
11227,0.1457797371004659
11241,0.15309028277284858
11251,0.15381133424073276
11254,0.14935649089816397
11260,0.15049011049414115
11264,0.14676768347411165
11273,0.14999568582202438
11276,0.14746580353424668
11278,0.14764069477532024
11282,0.1522496245719776
11283,0.14758724526167516
11291,0.1719703346388759
11293,0.14903091380762065
11302,0.17133610697369098
11304,0.15312055343277284
11305,0.162480521826972
11315,0.1646637647054425
11321,0.1436695449203749
11325,0.14926243301847428
11335,0.15062048967470515
11341,0.15247344525755804
11343,0.15024021180583566
11344,0.17973989961926576
11361,0.14648479398834624
11375,0.1729911920147495
11377,0.15780941779588592
11379,0.18350977078927222
11380,0.1673520355139291
11391,0.16000446177312813
11393,0.17654275325395824
11394,0.16632007247041586
11398,0.15165963161304238
11399,0.16410935413574473
11408,0.15084812569321568
11412,0.14991988105208837
11420,0.16170886105141283
11421,0.16769298139026328
11430,0.14809089095471675
11437,0.14846986795533595
11446,0.14830048566903242
11471,0.1478394315432875
11472,0.15962051266001395
11475,0.15185281628746963
11483,0.1472787809453772
11492,0.15041430729279537
11497,0.152689577131462
11498,0.15335406438253546
11502,0.16231510452827955
11504,0.15355525822664412
11511,0.1471531854611978
11512,0.14642639707580007
11514,0.1475442577611107
11522,0.158705697777732
11524,0.15475245114980565
11533,0.1769415832516467
11534,0.1423227898223405
11541,0.15345226373126739
11542,0.14945107786970005
11547,0.1474911103375062
11548,0.1442395915337349
11566,0.17037105075712666
11572,0.14927301178710303
11574,0.1597892078945567
11576,0.15241718355124204
11577,0.1460722436917845
11580,0.14724409939534364
11598,0.15153634870401061
11603,0.14801255087969736
11613,0.16524521413345827
11614,0.15161472821846714
11620,0.15180484751764506
11621,0.17287259501587282
11622,0.1473443186484481
11626,0.15233374211972744
11630,0.1468150330950201
11636,0.14920163715301318
11637,0.1521242674550203
11639,0.14445574895060648
11647,0.14880660393056772
11653,0.15231269775734047
11654,0.15690495718157615
11660,0.14878573764674471
11664,0.17271097085904155
11667,0.16844840074337827
11679,0.16030448319670162
11687,0.16917088116529194
11691,0.1479253944596303
11696,0.1578920929295942
11702,0.16992851793040523
11703,0.1508071177590073
11705,0.16777464236408263
11711,0.16340663345988596
11716,0.15023675283777627
11717,0.17583831915368958
11722,0.15279411580298644
11724,0.15167631659457545
11728,0.1575571502986626
11737,0.14489033812887367
11738,0.1482705158497684
11744,0.14655472276454853
11747,0.1491143301418965
11753,0.15205236170439462
11757,0.16228605593509113
11758,0.151382994863043
11760,0.15380564586193698
11762,0.14865351424537132
11764,0.1468654822466578
11768,0.14689139756291783
11773,0.1572656794351242
11774,0.17477931777851646
11783,0.16017047450123675
11785,0.16345693230462638
11787,0.16717369692057926
11791,0.16189586495300484
11796,0.15489789850302177
11797,0.14493365903881747
11798,0.1481230495696369
11803,0.14814779693868083
11808,0.1499621928919933
11810,0.14744519057762465
11814,0.1654197113947073
11822,0.16914249233339682
11824,0.14803966445222422
11829,0.17131479168886773
11846,0.14652714079758217
11847,0.1596633954774725
11850,0.166778198776744
11853,0.14814250486012417
11854,0.15548989138323976
11857,0.15496201549976396
11862,0.14598986828803157
11883,0.1498627812042617
11890,0.1460276422896414
11909,0.14576775383182047
11913,0.1600541528602571
11917,0.1564148564020937
11919,0.14745798556464518
11920,0.1487596876876774
11921,0.15422837406418405
11928,0.1461189777022829
11929,0.1485033334042364
11935,0.1523859014636499
11936,0.14483763463509583
11939,0.15059467701110824
11942,0.1454620263475053
11943,0.14880221419325618
11946,0.1479429328185534
11947,0.14591821715616127
11952,0.16882939331340904
11956,0.15136961628085246
11959,0.14770505078915422
11969,0.1484418795879272
11973,0.16436768735262713
11974,0.1869174582735107
11975,0.16702822124326536
11993,0.16015682011918592
11994,0.16103445226083968
11995,0.15313071776771905
12002,0.16371755541429175
12006,0.1445317928335729
12007,0.14815930128891186
12014,0.14864941568341966
12017,0.17709604287153732
12021,0.16814153828425818
12023,0.17948481316975762
12024,0.14769974916221243
12027,0.1786215028856212
12034,0.1531452058702828
12040,0.14737820164794788
12048,0.1588125623038941
12052,0.15402883674671797
12057,0.18460453804557608
12058,0.18796293521461674
12061,0.1481640590107509
12062,0.14930245099061112
12064,0.15079369888754493
12071,0.16581534351156507
12080,0.17534979807999973
12085,0.1497604602114958
12090,0.1729686253159844
12100,0.17213107153392837
12103,0.1531296366563878
12104,0.1522821995232157
12109,0.1480791432838596
12114,0.15826904543401987
12123,0.15378753882138987
12124,0.149164578055314
12128,0.14815705012840635
12132,0.15679127249515626
12135,0.14549542094886567
12140,0.18275625078020677
12149,0.14729083963511613
12155,0.14610635805817113
12158,0.15203789521319885
12161,0.17129985022788538
12163,0.17239082165206165
12164,0.16469885142725355
12174,0.14851340779588285
12175,0.14607753576749943
12179,0.16222229916202002
12183,0.14605769468439458
12184,0.16099507268947463
12186,0.148946784521733
12190,0.1462311841438874
12193,0.17347196555278455
12195,0.15051321493692332
12196,0.1462553989304805
12205,0.15149360122818653
12213,0.15846291544744368
12220,0.14846245235795635
12221,0.15064411870985306
12222,0.14930106991227798
12224,0.14813467316721432
12230,0.16503045663142113
12239,0.16051895907823938
12242,0.1462960321171793
12244,0.1487564998843861
12245,0.16288805928701788
12247,0.1495183821532717
12254,0.16588961678019004
12258,0.14600912470966812
12266,0.15378191065938854
12267,0.18249853439623098
12272,0.16833494570257937
12273,0.14739565438926605
12276,0.14848468465764986
12277,0.14880897661074277
12283,0.1497420822690684
12289,0.15024774086454362
12297,0.15668476563950665
12300,0.19577019523500322
12302,0.15096086114291155
12310,0.1579552552037872
12312,0.16544250392755674
12314,0.14807088942130153
12315,0.14936525548858784
12327,0.15105203180568416
12329,0.1479559402860505
12332,0.15597314283052596
12342,0.15779917365193852
12346,0.15249329941890927
12347,0.15853503349650366
12349,0.15005031384518247
12350,0.14943989943326463
12354,0.15960872955178912
12356,0.14376415390051817
12359,0.147300801022593
12360,0.15331146646322102
12369,0.14814455981655733
12372,0.14449120500569465
12373,0.14689484682378245
12375,0.17390217958063356
12376,0.1519524254217827
12379,0.15208906265434882
12382,0.14886507005232016
12387,0.15339299956848063
12389,0.1489384287103913
12394,0.1767206155940731
12395,0.15168173476061333
12396,0.16957768319683128
12404,0.1866183775175477
12405,0.14996954498899423
12412,0.16782025779805726
12419,0.15973538007646546
12431,0.1605520620114328
12440,0.16014786109845108
12444,0.17887826651425795
12447,0.1508377429745656
12452,0.16655887416703186
12454,0.14748670358734853
12456,0.16266575623848772
12461,0.1474769140283513
12469,0.14807270146459808
12472,0.1559697958467207
12473,0.1475371804066382
12474,0.14634496073693365
12476,0.15300885636545164
12479,0.14616017012838736
12481,0.1495694222646615
12487,0.15216848677600542
12493,0.15867436461306014
12501,0.15562828553398242
12504,0.1661027314745402
12507,0.16166295082115129
12510,0.1560103276452939
12512,0.16310311649834883
12520,0.16733070342042408
12526,0.15263153297717497
12529,0.15083908618383565
12532,0.1481590823123263
12533,0.15225493131461143
12544,0.14940760144948356
12546,0.15197867703030818
12551,0.1494177892927134
12555,0.17179307773892796
12576,0.15963359239084793
12581,0.16811354116659966
12588,0.17512240031404086
12593,0.14569277847027495
12594,0.1475272035543739
12598,0.16027621975350664
12599,0.1625351832406499
12601,0.15011690768784738
12610,0.17573832943742987
12622,0.1471579538047031
12624,0.14762822338480994
12625,0.16445789355112647
12629,0.14753273684767365
12632,0.14946655480874316
12634,0.14624038918854787
12635,0.1480276409981654
12638,0.1528463811838072
12640,0.14914230260889835
12641,0.15529659375075539
12643,0.14895946949497718
12644,0.15570948382828562
12647,0.14850489860920751
12651,0.17347282943838432
12657,0.15708884086906805
12658,0.17016428383088097
12660,0.1589993066442889
12661,0.14983494702282796
12666,0.14639491654704576
12673,0.1483611147341659
12678,0.157592607390608
12681,0.1530648977197997
12682,0.14868860638303263
12684,0.14932273172328406
12689,0.17217395332173077
12699,0.1695885423527702
12701,0.16235456898469983
12710,0.14748045472100899
12712,0.15626755279447907
12713,0.16519504724671547
12715,0.15014479394333052
12716,0.14741862295909813
12717,0.16534065738833947
12718,0.14761489222517538
12720,0.14783780429996105
12724,0.14750311947383737
12725,0.16226751518396282
12726,0.1552529983964518
12741,0.1655788683395048
12742,0.17894016264494905
12743,0.16762276522190764
12748,0.1477980354512411
12749,0.15372204307218867
12751,0.17071543459468647
12752,0.14972809066126752
12756,0.16806326114065623
12760,0.147746000256094
12761,0.149009428006753
12764,0.16371633462111948
12767,0.15050250189192382
12774,0.16846228901032445
12782,0.15226414728066312
12783,0.14832575846692556
12784,0.15704037776183447
12785,0.15791622079902587
12787,0.1731917693926949
12798,0.14704206719465737
12805,0.15860442855922804
12806,0.1637103894374301
12809,0.1574133075495906
12815,0.15223411033684633
12820,0.14683660332614076
12824,0.16149377718507105
12829,0.15414868623576627
12833,0.1599871742048184
12841,0.16882528853506013
12843,0.1609344449796925
12847,0.15106808840222982
12848,0.14935819918077092
12849,0.14678964314310805
12852,0.1476893211383999
12855,0.1672190338216913
12864,0.1677554495653067
12872,0.15127681230681844
12873,0.1702571195511632
12874,0.16931290066098195
12877,0.15034431930713188
12879,0.14678981480613174
12885,0.14972706474555275
12893,0.14678158868958752
12894,0.15533413410316935
12895,0.15017005217413817
12901,0.147848258140513
12912,0.14693396361775288
12919,0.1653678904307523
12924,0.1499536748990015
12929,0.14898166224211054
12931,0.1486903645239651
12945,0.1476874647614403
12958,0.15553623851216467
12962,0.16793693937644782
12964,0.17682833975082746
12974,0.16987457108254939
12976,0.14728948995517058
12980,0.15308374841932548
12984,0.1516802594466891
12987,0.14779756668787436
12991,0.1626395385048883
12995,0.16050625436593224
13001,0.1484905704443935
13005,0.16893346058922817
13006,0.17500598819957486
13015,0.14747308011078575
13017,0.15113738764904888
13033,0.16868926296068285
13034,0.1668845395221375
13035,0.16144052257689484
13038,0.14850004619405607
13044,0.1495778047491792
13045,0.1489688465751465
13052,0.15065222880370094
13059,0.15884609750619333
13060,0.14624141112055758
13061,0.17116990224973802
13066,0.15364799115403172
13080,0.16077015902202588
13082,0.17233650504782935
13105,0.15557387579651194
13106,0.168443538017854
13121,0.17988609754014817
13123,0.16153228740276457
13125,0.1524301724441414
13129,0.14707341748443942
13130,0.14592817820237194
13132,0.17032205565870143
13133,0.15575827845200535
13135,0.17217908416314545
13141,0.1541307417466801
13145,0.16188774906097694
13149,0.15217226119065955
13153,0.17284699915044688
13158,0.1574228060109221
13159,0.14692190866430563
13169,0.14976454064345665
13170,0.14970943500408077
13178,0.1645777245924283
13179,0.15147596367581384
13180,0.15887694511098405
13181,0.1478300112424721
13183,0.15141227125204781
13196,0.14814593305382767
13200,0.16131836642231218
13202,0.1469289111226469
13204,0.14903117625675835
13208,0.16697380894831468
13212,0.149677366631146
13213,0.14711935756348132
13218,0.1590781236182077
13225,0.14996124790850462
13229,0.1597226004614853
13232,0.14830900867446886
13233,0.14942155396953513
13234,0.1461753555751409
13249,0.15229504178660774
13253,0.14813685479379676
13255,0.16698587472265256
13257,0.16111057992630987
13266,0.14788301002950166
13269,0.15054161269625124
13270,0.16854641892069058
13274,0.1577568425911906
13281,0.1543654704206327
13287,0.14454643540531162
13305,0.16308209832799359
13308,0.148153990539888
13309,0.14914663105132098
13310,0.18517006190670846
13314,0.16740453793673168
13315,0.15222042603318867
13324,0.14558759175906816
13326,0.14868624986100792
13333,0.14961666774899288
13336,0.15041456882264098
13345,0.14812510810486393
13348,0.17521787203630143
13350,0.14870448077416226
13354,0.1506232118626379
13360,0.16155125345719304
13364,0.15852724691158254
13366,0.14881477773156992
13368,0.17130272299152213
13375,0.15874907950006645
13376,0.14767384921710336
13380,0.1565211302733108
13382,0.14643091937878686
13384,0.1713494221340701
13387,0.1482003042493643
13390,0.14574856433235503
13398,0.1678034582928662
13403,0.14730186134819434
13404,0.1537599470781632
13405,0.14780189484395687
13409,0.1693483203143593
13411,0.1460266880645201
13414,0.16205387593897055
13416,0.15849320197796077
13417,0.147449470909137
13418,0.1660104705731466
13422,0.14926848933931175
13430,0.14964778057669342
13435,0.1463765185801623
13439,0.14889883185972635
13446,0.15137363031421214
13448,0.15489125702026046
13449,0.14615275504997055
13451,0.159080911545947
13455,0.15127920237868692
13468,0.15832176917133395
13470,0.1472110426375322
13474,0.14767133291753126
13478,0.16625974399554577
13485,0.1478103016632327
13488,0.18186404631159422
13489,0.1594985041020495
13500,0.14864195749759576
13505,0.15090876303829473
13506,0.15913179244298106
13517,0.14850023734284828
13518,0.1452589425948881
13523,0.1508574385051196
13529,0.1466106273487854
13532,0.15120836881527847
13534,0.14606252282154505
13539,0.16146920395106382
13547,0.1525409902315526
13548,0.1524631522943863
13550,0.1520626972823586
13554,0.18386114977587875
13555,0.18370184958045446
13556,0.15024199452946632
13558,0.15386474178762985
13562,0.14935438592675326
13566,0.15072916089971405
13574,0.1543073806168543
13576,0.15668173840180538
13577,0.16765989747961227
13580,0.15679005100424528
13586,0.150776456940417
13598,0.15585813586433458
13600,0.14648784513515561
13602,0.14786054530459408
13604,0.15009393303678045
13616,0.15104762959909648
13623,0.15093660061909814
13627,0.17522315226063087
13630,0.1524180599686935
13633,0.16696499172962972
13635,0.15199640922705424
13636,0.1675500977156212
13640,0.1467002386988003
13642,0.1479215206101913
13647,0.1584800489007672
13648,0.1686251298550543
13652,0.14786113916006846
13659,0.15156337597575084
13660,0.1471129509473387
13666,0.16847111957499822
13667,0.15320593771843172
13672,0.16101278981388495
13673,0.14808207779828547
13675,0.16030616984000706
13678,0.16073093471146047
13682,0.14349757052301615
13684,0.16818315804608117
13689,0.14664268461671948
13690,0.148465959604821
13696,0.14868804089467078
13706,0.15759831194805757
13710,0.1633083750114482
13711,0.15941635177013652
13712,0.15478754744847
13717,0.1472633368742161
13718,0.16483835977672967
13719,0.1573556829843071
13720,0.14363982772059047
13722,0.15631278285832553
13723,0.1694410524652343
13726,0.1499420937204951
13733,0.14961857946731438
13739,0.1528599452903553
13743,0.17688746813472564
13750,0.16446911757054755
13751,0.14541970837462367
13754,0.17770156644635846
13756,0.15172219407008913
13760,0.14967394679539742
13762,0.15761967858493856
13763,0.14971823919991617
13766,0.1531439365706651
13767,0.14665228182350526
13769,0.14462689222059924
13770,0.14865591256080118
13774,0.16784514699237105
13776,0.15167275049887557
13780,0.15653911483499794
13784,0.14752160792520633
13789,0.15567954985099225
13790,0.15212305103648308
13792,0.15575182802306198
13795,0.14921377802088415
13797,0.14725053478781147
13800,0.14662313108347078
13804,0.15756374632487535
13815,0.15014829033731175
13816,0.1489747697658779
13817,0.17061060020052543
13820,0.14854266081426257
13824,0.1692948296308486
13830,0.1939229048928551
13838,0.14979800417652037
13840,0.1468495024506198
13841,0.14692339548904826
13842,0.16081752576752895
13843,0.14708312673157742
13849,0.14901270652852547
13852,0.1491546268760254
13855,0.1508505227403036
13858,0.14642257038599996
13863,0.14680340781061904
13871,0.1478456230812807
13872,0.1591414277795214
13873,0.14678085499545782
13874,0.1520181609523957
13877,0.16871291775948163
13879,0.14923641110327687
13885,0.1579868671171339
13886,0.16725223706790857
13892,0.1602024535849741
13895,0.15413404737898123
13906,0.17233330556021262
13907,0.16554715425624458
13908,0.1468357170492887
13909,0.1500905305282036
13911,0.14778680845292125
13918,0.1748129199005177
13919,0.1495020182377749
13927,0.18236096856608563
13930,0.1466368891820864
13931,0.16871859135589393
13933,0.16430875931757938
13938,0.1602940190464736
13943,0.14910791007309956
13944,0.14970819574201447
13946,0.14842803443174285
13949,0.14434989912508878
13952,0.17821742763934142
13957,0.155181109659556
13958,0.1505613430304897
13965,0.155023744505131
13970,0.14504466218617143
13972,0.15167254186613113
13981,0.1500927774782035
13983,0.14441132150167962
13985,0.14776583677050673
13986,0.14793843025197412
13993,0.1714201049065098
13995,0.15068378987789963
13998,0.14759882066648533
14000,0.14727199541013836
14002,0.15046420311428482
14003,0.15111511407179093
14019,0.163535200734224
14021,0.16699581464782576
14026,0.17019762659012563
14031,0.15181547198332046
14032,0.1592958497087289
14034,0.1471016471503542
14035,0.15013404566250166
14043,0.14810792226460476
14046,0.17346674775668058
14048,0.15042895032125758
14057,0.17091830270292832
14065,0.1491352815092815
14067,0.15095857866482817
14082,0.14944073211897885
14086,0.16790833436481695
14103,0.16713721363205677
14104,0.1685746157747805
14106,0.1824960764124333
14107,0.14905371953068197
14111,0.14721368421636113
14116,0.15130588360342878
14118,0.149499341237167
14119,0.150436475439328
14122,0.1453941020323542
14123,0.15460510962894006
14124,0.15233978532579256
14125,0.16804559284393178
14126,0.16239192345348508
14127,0.15849673691843644
14133,0.168843462817947
14137,0.15089407420558162
14139,0.1677493199166721
14143,0.15149221253641595
14148,0.14802055206857195
14149,0.1480223506809454
14150,0.15358753420270332
14162,0.15177947494873836
14163,0.15003071831742779
14164,0.1482496229743035
14173,0.16779525328009548
14174,0.1657107353204646
14178,0.15051587693332424
14181,0.1525604435118235
14186,0.15940082305312275
14187,0.16895996379436
14188,0.1471960574359377
14192,0.17525336349073664
14193,0.15161974915248097
14198,0.16463772778577868
14200,0.16285957604786194
14201,0.15674154929015968
14208,0.14828706773895992
14214,0.16633982020998425
14220,0.14802046076286435
14224,0.1463974391835677
14229,0.14927678423320667
14233,0.15692905497787715
14241,0.14816104692991186
14242,0.16228814676350442
14246,0.14679790755119126
14247,0.15007269067952625
14250,0.14965882318270696
14251,0.14699158690965575
14254,0.16957470903186125
14257,0.15239800190816363
14259,0.16836592822123023
14261,0.16078951180052592
14281,0.158987274425491
14282,0.1613593697480913
14285,0.1472474604084618
14286,0.15856341963830342
14293,0.1465703192415803
14297,0.1470361655832202
14298,0.1470453240485864
14301,0.14691415521257611
14308,0.15028151954437352
14311,0.1567963449968105
14313,0.15291462038425913
14314,0.15445190872130402
14315,0.1471024154670717
14320,0.14845877723175296
14325,0.15084874636048676
14333,0.1484812148134458
14336,0.16971155306157223
14338,0.1565176159293912
14354,0.16698476511653693
14359,0.16609292011971383
14361,0.16795994779351328
14362,0.14738200176791175
14363,0.16538024919018018
14369,0.1528785733434925
14370,0.16218024026657907
14376,0.15380147318940363
14382,0.14886142708440797
14387,0.1486689798830284
14389,0.1760644830869873
14390,0.1476892957845541
14392,0.1605286209556413
14393,0.14800317325261472
14396,0.16462895792399354
14407,0.15936519533754576
14412,0.14784951535164192
14413,0.17369535487511975
14414,0.14748304957021613
14416,0.15997541570440513
14417,0.1514088810677059
14423,0.17190777252923123
14427,0.16442406752121103
14430,0.1691884372739614
14433,0.14931088120009461
14434,0.15065226568634896
14435,0.1764114564874971
14436,0.15083629655498276
14438,0.14816361788900287
14439,0.14861823187240958
14442,0.16235452430411573
14444,0.1566017790493319
14446,0.14809974819115293
14449,0.148871560668163
14451,0.14497895713433936
14459,0.16056858995009438
14464,0.16749323610762923
14467,0.1768510961019577
14469,0.17249613198266306
14470,0.14883509027891575
14471,0.16268447174072903
14476,0.1455097702998759
14477,0.14770488588644812
14479,0.14737265977849118
14480,0.1504539163169975
14481,0.1473797364391393
14485,0.16587490984059775
14486,0.14881455000964583
14493,0.14789856375148355
14504,0.16679583690887953
14508,0.16765425285266325
14509,0.17036064989597646
14516,0.15856753311637595
14520,0.1463166948350968
14522,0.15654398885923032
14523,0.1512261949142506
14529,0.16635558280711057
14532,0.15396549745824215
14537,0.14786324749967938
14540,0.15823683798911087
14541,0.14694789532829505
14544,0.15242359817401652
14548,0.15399375916158786
14550,0.17083862464248847
14554,0.14686941525305192
14555,0.14715979746228655
14564,0.15949005455310794
14571,0.1481394391562584
14572,0.15065927299088647
14576,0.16431483164778968
14580,0.15396371114868632
14581,0.1532063235590513
14582,0.16854406298284452
14583,0.16436861645324563
14586,0.14891471881152793
14591,0.1480749508582294
14593,0.16063366911632232
14594,0.15030316118625556
14601,0.16370078646600417
14602,0.15953416414926647
14604,0.1680088123226428
14610,0.1785491836476379
14620,0.1468947498367297
14622,0.18443452029385407
14628,0.14956167846905816
14629,0.15258686164086685
14630,0.14690455682144182
14632,0.15784945550369447
14634,0.1498268080963515
14646,0.14700680397869098
14648,0.1814893772559963
14651,0.148068491120939
14658,0.1502321428869601
14661,0.14676059223093146
14666,0.14893868928472134
14672,0.17196833212660764
14673,0.14705545311781748
14680,0.14891357908066757
14685,0.17706671650609276
14688,0.17475420249518753
14694,0.15910560792476097
14695,0.17741501678214439
14702,0.17340880570872488
14705,0.14563774482273134
14706,0.15481860366747024
14707,0.17145305411588457
14711,0.1514628270253638
14713,0.14744553887480755
14714,0.14538037668241796
14717,0.14847343087897222
14722,0.1480530794171821
14726,0.1493071024557773
14735,0.14648279322093002
14736,0.1481302348397496
14742,0.17154960331210853
14744,0.18347062570854705
14746,0.1481129909084468
14748,0.16298876359360354
14751,0.1736505267188902
14753,0.1782415514358717
14754,0.1734945875341198
14759,0.17642265935786786
14764,0.16088500543424492
14766,0.1488725244095538
14767,0.1449070856747131
14768,0.16490354591407433
14770,0.14608886307401195
14773,0.16862709660206482
14777,0.16022850849815423
14778,0.1481680923102892
14779,0.14690816225883263
14782,0.15757568744645883
14783,0.17264129916652735
14784,0.15343920524096866
14793,0.14803355463777906
14795,0.14945722571229192
14797,0.16482578560182598
14800,0.14672258152772874
14802,0.1484928065509141
14803,0.1478255291462106
14805,0.16824499906541426
14808,0.15750322749454543
14809,0.149510160156004
14812,0.16897021344237104
14813,0.1731628688914257
14814,0.17247852432763383
14818,0.16715278148552795
14819,0.14680295789379788
14820,0.14523794511033838
14821,0.16836345354345508
14822,0.1523253860857915
14826,0.15690213681882084
14827,0.14768303349615203
14831,0.16001723895981454
14832,0.148685209880786
14839,0.15515214918818027
14842,0.1507900048600249
14848,0.15843998198350495
14849,0.1468177810073401
14855,0.1465142851790287
14856,0.17652008297597868
14865,0.15134130834010168
14866,0.1508491529692472
14869,0.14741406897154577
14873,0.16716533418881893
14877,0.14750767197851025
14881,0.15076807447944904
14882,0.16947673839743288
14883,0.17270859457486065
14885,0.15014580664727703
14889,0.1643073694134
14890,0.1677695853706016
14892,0.166556628589533
14893,0.14723382759925044
14894,0.14953407688393255
14897,0.17308529169894
14901,0.16912698853699926
14904,0.14606021773785138
14908,0.16502322696400337
14914,0.14919385578970182
14916,0.1477102590552452
14917,0.14837821042392685
14918,0.14796793905805108
14923,0.14966822039971342
14927,0.16318344089505732
14929,0.16717462434145272
14931,0.14592539498414706
14935,0.14850599601591216
14948,0.16284610601813151
14950,0.14877072395137708
14951,0.1522622041562496
14952,0.1478256632992603
14954,0.15160802795681474
14960,0.1515291503757395
14962,0.14804324516949446
14970,0.15435800625957827
14973,0.14881415418887126
14976,0.15772895386939734
14978,0.17204843061943356
14982,0.15243940215815058
14985,0.15090694078232528
14986,0.15466675601806112
14987,0.1506935380780992
14988,0.1764656121093011
14991,0.16205309111171695
14997,0.14968842690715226
14998,0.15160368542550284
14999,0.14642925387364883
15000,0.14496501262218073
15005,0.17142346394370853
15006,0.14982727059938922
15009,0.16905569911009352
15015,0.17236726297833294
15018,0.14784578040831525
15029,0.1513814728359562
15037,0.16211109856926734
15041,0.1689079682102408
15042,0.15100728500615362
15047,0.14402861239667586
15050,0.14846732650180608
15053,0.1822125546710626
15056,0.17753503796652412
15057,0.16060923402384758
15058,0.14803991689467655
15060,0.15618294185582846
15062,0.15217257701901618
15066,0.15121579118780332
15067,0.16564959186315162
15068,0.1493930310971546
15069,0.15456243824845087
15072,0.16512353985386458
15077,0.16140579229384272
15089,0.1528620485595642
15093,0.1475015527317577
15099,0.14594331470900385
15101,0.17251746597362427
15103,0.15964044996968998
15104,0.15958563301586678
15105,0.14926331235859525
15108,0.14691606036479404
15109,0.16650863821004336
15112,0.16671993691265982
15114,0.17438685619401426
15117,0.14685530703045707
15122,0.14605458774737592
15130,0.1485661424579528
15132,0.1506869650520989
15133,0.15710622695284
15134,0.14640894263377335
15136,0.15214969274650186
15137,0.1477976497426239
15142,0.1515255990509053
15145,0.148088226528353
15146,0.14741935206126608
15147,0.14822481253932387
15150,0.14973219944237612
15163,0.16855395692173245
15165,0.15287006259545133
15167,0.14754995371143964
15168,0.14484892748047215
15173,0.15831631551779055
15181,0.1483494183913553
15183,0.17226536804437517
15185,0.16556318966667372
15186,0.168860231312102
15189,0.16686455447067358
15190,0.14834891245790716
15191,0.14598657468993265
15193,0.17120062423721208
15196,0.16179053014017303
15199,0.15145786381318677
15200,0.17156226113078993
15201,0.1704610671298045
15204,0.15578278141994015
15207,0.14684799429400405
15209,0.16037458613676192
15212,0.1683586654331125
15213,0.16044643829716568
15214,0.16413985199581638
15215,0.16698525703325406
15216,0.16409790643278982
15222,0.14992855786022508
15223,0.158030963579747
15231,0.15009634358482649
15236,0.17443348129083763
15240,0.16894490417879213
15241,0.17248462068588374
15242,0.17348998916276825
15243,0.16480792534548716
15247,0.1621937467734676
15250,0.14719851161492553
15253,0.1607256545368329
15254,0.15907792989067038
15255,0.1764954584763395
15260,0.1521112789252182
15265,0.15109324228550433
15275,0.15162762695612686
15280,0.15949520304419998
15281,0.16696700878195744
15282,0.181013610117712
15283,0.16053765529255
15284,0.18199842533267163
15292,0.1578233688688811
15293,0.147315036348771
15300,0.18001598538831104
15301,0.16003334152681173
15302,0.15353749393265909
15303,0.15016305977736513
15306,0.14823130499659817
15311,0.1609586876762138
15313,0.1482439326323052
15320,0.16227406695234814
15322,0.14907864277112623
15324,0.14954002898667745
15327,0.16897977962014157
15329,0.1514352499382041
15340,0.1506623838648804
15349,0.16259430160211935
15355,0.16015280888827052
15356,0.14988089208760746
15359,0.14873367347955924
15360,0.16341477627781134
15361,0.1534074958399829
15364,0.1503416091797759
15367,0.15764014351449077
15368,0.14954881453428978
15372,0.16067014956649542
15374,0.14651227565321853
15377,0.1508805168792062
15383,0.1651870447088832
15386,0.151526479452588
15391,0.15190570183912974
15394,0.14911168901435048
15395,0.16436250778988484
15396,0.1532191402743269
15397,0.15825677772001562
15400,0.14298820315773356
15404,0.15832234307243478
15408,0.1498745645888853
15409,0.14798482751650718
15411,0.14829508089380583
15414,0.16749832173212614
15416,0.1493354526996167
15421,0.14664395561405116
15423,0.15173484580303492
15425,0.14694681992819786
15426,0.15646004014780962
15428,0.17061265623666913
15429,0.14982861646933493
15437,0.1643845417319882
15438,0.14777767701423766
15449,0.14926170794683602
15456,0.16120654831356337
15459,0.16990194590159402
15460,0.1691266504092886
15465,0.17307145631080487
15466,0.17267419550956642
15468,0.17089551159787503
15469,0.15025915118448194
15470,0.15936724704223348
15473,0.14862871748314158
15474,0.16841699846139882
15484,0.1510908571023228
15486,0.14759125284263672
15488,0.16322920133713328
15489,0.1485681065697902
15493,0.1509764642539259
15494,0.14997091354888922
15511,0.15222715543294427
15512,0.17007566912643465
15517,0.16677420956732472
15518,0.14671527399816572
15522,0.14730066873964304
15524,0.1711245649312386
15526,0.14865198685356368
15527,0.14749999828926438
15528,0.1614660876840881
15534,0.15674622112273787
15537,0.17210000930240069
15538,0.15413572589674998
15541,0.14906323102777347
15544,0.17455547009511227
15545,0.16151110228180648
15546,0.14777523499628836
15547,0.14826471564958366
15548,0.16490603487109476
15549,0.18313267531862965
15550,0.1507043567629113
15551,0.1500311340097911
15552,0.14935967636349703
15553,0.17111435548603218
15562,0.15652533145417327
15563,0.15182436225022786
15564,0.17766882315364482
15567,0.14721825019885934
15568,0.15169866606394214
15569,0.14702818815376825
15573,0.1524061212099919
15574,0.14373386758491896
15579,0.15073316162286832
15581,0.148762092500312
15582,0.16830118951916764
15586,0.15645690664278084
15589,0.16562479686189235
15591,0.1510319174607418
15594,0.14681915650578628
15596,0.16731088760691348
15598,0.17045315581595102
15600,0.14751185521421298
15603,0.17923213485902265
15617,0.14852967461931632
15619,0.16164788906025368
15625,0.15270010137459467
15633,0.14996029597958763
15636,0.17332036205007675
15637,0.14829348837356768
15640,0.1495906445958899
15641,0.14516360765294323
15642,0.16228332630405454
15643,0.14544970355422546
15650,0.14959798490229145
15653,0.14936343116877665
15655,0.16839878960298113
15661,0.16818144272243016
15663,0.16200404075280428
15665,0.14904851985161663
15667,0.16215317570716214
15671,0.1483056930467569
15673,0.1636582008205401
15676,0.14797723422802864
15679,0.14907810671197938
15684,0.14873933809585044
15685,0.1468177422096358
15690,0.15253166062735
15695,0.14528765744871222
15699,0.1944627422118885
15701,0.15725449574532385
15705,0.152050343368544
15709,0.15063206934225348
15717,0.14795365275918307
15718,0.17504713903487518
15724,0.1714093007406078
15725,0.15660963430653824
15728,0.16814783922050086
15729,0.15872634795603166
15731,0.15542709756727321
15732,0.15622926252271235
15733,0.166584416420515
15739,0.15543952442826153
15742,0.14570974772941658
15743,0.148628633113832
15744,0.1457393143633081
15745,0.1529118986192618
15748,0.14828082574229856
15751,0.1733424565769445
15752,0.1591186218263329
15760,0.1497151909549791
15761,0.15144550591811823
15764,0.1637690585597059
15766,0.17509349781335512
15770,0.15201743132389423
15773,0.15047863940001296
15777,0.1739717036499386
15778,0.17765585842741116
15780,0.15439011190290017
15782,0.15605774285591825
15783,0.1620782403502357
15785,0.16551530016078508
15787,0.16933700253194758
15788,0.1694137008751413
15793,0.14945566560926252
15795,0.16363582846953997
15798,0.18162181327091592
15801,0.1742699540167273
15809,0.15789562965279158
15810,0.14814124068118345
15814,0.15065663815580613
15833,0.17650088550957754
15835,0.17227637078362312
15837,0.14652247673580254
15841,0.14517578965957562
15842,0.15101273851222038
15845,0.1501502473778589
15849,0.1482760334304311
15850,0.14921515692306256
15851,0.14565067067718357
15853,0.1493330880802027
15854,0.15458100656115917
15857,0.15050235376353546
15861,0.17723128991141576
15868,0.1467642507002855
15871,0.1550785411188716
15873,0.14595449041668523
15876,0.14662382908545066
15883,0.1475895443413402
15884,0.15983817365840994
15887,0.14477341681390116
15888,0.15030893783357033
15890,0.1489999042892595
15891,0.1660615709984822
15892,0.14623816996971956
15893,0.14876533587185825
15897,0.16521179388628088
15898,0.16161067825615175
15902,0.17467138851256167
15903,0.15001078318656627
15905,0.1483942707264809
15910,0.16037444285580058
15911,0.16289609734703242
15912,0.1657746055297566
15916,0.15060669777633837
15917,0.14583661090483568
15924,0.16997666509581627
15930,0.17323196260481769
15932,0.17531156698926328
15937,0.15512508666232785
15940,0.15192178856667776
15942,0.15703937278124785
15943,0.1717070664163607
15946,0.16035090132580598
15948,0.14678245378879445
15949,0.1485609428037383
15952,0.1490025507307584
15954,0.1487638230390269
15956,0.15023602285730192
15957,0.1593010998947318
15960,0.1498035407435773
15962,0.14827602886385655
15965,0.14949397348547658
15968,0.1590956605527138
15969,0.17086424465954728
15975,0.14934730826246806
15977,0.16940005564848382
15982,0.15170846403519492
15988,0.17204588357561665
15990,0.15842655499361
15991,0.14806170659847961
15992,0.1526267329731043
15993,0.18128852460977712
15997,0.16293487818103466
16003,0.14674517037148047
16009,0.14799840442215986
16014,0.1560486334257709
16015,0.15498668715992728
16016,0.1492647544510467
16019,0.14779409176761973
16026,0.1489630645594282
16029,0.16456890633172697
16030,0.17291071950930512
16031,0.14622653447302592
16032,0.15953527030359335
16037,0.145548912786712
16045,0.1730993307251631
16049,0.16867099823775378
16051,0.1475985077456116
16055,0.17442569285920906
16061,0.1696535883517907
16064,0.18172124380830543
16065,0.15188976547906496
16076,0.15732879326897423
16078,0.14909347085611233
16085,0.14730749580729388
16087,0.1478910644053329
16088,0.18134693587807257
16091,0.17294573182196754
16092,0.1484543525484172
16093,0.15716925913184232
16095,0.1684539403566164
16101,0.1481004655927676
16102,0.15432438397872703
16110,0.16566266324507142
16111,0.15979429085513086
16113,0.14541470352863922
16118,0.17565840413241687
16121,0.1502463760748016
16123,0.14703541218276128
16127,0.16681851377915452
16129,0.14677496432876885
16130,0.1618744886501821
16133,0.14847909028174566
16135,0.14646962358601984
16136,0.1478591226928752
16137,0.16441330226521655
16138,0.1516587889922204
16140,0.17455921243992395
16141,0.16336532058567588
16142,0.1503131304272402
16145,0.15920193879623734
16147,0.17240947836693976
16148,0.1756635000969266
16149,0.15996299274862705
16163,0.162029875701918
16166,0.14889113427177683
16169,0.15276644362003539
16172,0.15374927851917258
16173,0.17379592975488345
16176,0.17763464700352727
16177,0.17126657544414767
16179,0.15891180644608258
16181,0.14830591766129295
16182,0.17816236134503322
16197,0.17155011066001677
16198,0.15134137909183953
16199,0.14616734990118338
16203,0.16099028868705795
16204,0.15396893798574127
16218,0.14409439580343825
16219,0.18438198237819312
16226,0.15006526577610152
16227,0.14962507298059727
16228,0.14988916565075458
16229,0.17679520781440197
16230,0.1701326570311677
16235,0.1481851449220624
16237,0.14898874826251482
16240,0.1444284743045699
16242,0.1733084994976423
16246,0.15797113099693497
16247,0.16755934617110174
16248,0.14877038853445132
16254,0.17973852846013053
16256,0.1785959343508637
16258,0.1534125264119283
16260,0.14611165585410435
16266,0.15257696071792018
16270,0.14802488488671428
16271,0.14881063864668892
16272,0.1525585695058802
16274,0.15530164839835317
16275,0.17158867508859751
16276,0.14731608630178558
16277,0.15329306873614726
16278,0.15316403262450895
16279,0.16461339317751567
16280,0.17397354447915675
16284,0.1601055140064751
16286,0.1494046706901755
16288,0.17363346056535087
16293,0.14956773744457372
16299,0.1632083648436289
16300,0.15092006177003903
16307,0.1490879393828243
16314,0.1694446176769056
16315,0.1463468745075726
16319,0.1687184953273644
16320,0.17468322744883272
16321,0.15175287379400185
16325,0.1498323293967858
16329,0.1483047193207436
16333,0.1541885242189804
16335,0.16098315012317546
16336,0.17063739762283775
16342,0.15828635657037993
16343,0.15464682435887644
16346,0.16091269031730235
16347,0.1477723475619374
16348,0.17423635377195956
16350,0.1520627419310513
16352,0.1505611783052074
16354,0.16917563574045763
16356,0.15289561890328388
16357,0.16871575842390632
16358,0.15357085553021743
16362,0.14797162545808698
16364,0.14786274424804197
16367,0.15069789594649624
16371,0.14862770907528183
16374,0.17542376226828887
16376,0.16681009380511364
16377,0.17714481902412327
16378,0.17444549751244373
16381,0.1477261559190968
16384,0.1485556989445928
16386,0.16358551088073542
16388,0.14748351785519553
16391,0.17399919219246843
16394,0.1676580540517385
16397,0.15088953657862678
16398,0.1682659854553657
16400,0.1516248566681803
16404,0.17272130610805572
16409,0.14784943671722747
16411,0.14627353876144808
16418,0.1683126170742447
16420,0.14675988143900212
16421,0.16848825343891669
16425,0.14750926501882275
16426,0.1485788933771934
16429,0.1739001254615697
16430,0.1682311272476872
16431,0.14789440685804264
16437,0.15199446629690744
16438,0.14933795147677034
16439,0.15295937490159092
16440,0.1496135560313197
16441,0.16459488477694337
16451,0.14881909365825297
16461,0.1597193342103872
16464,0.15811041306863524
16466,0.14728595278887627
16467,0.15809951162649988
16468,0.17872971041102856
16469,0.14637884723088554
16470,0.17213908433988015
16483,0.1760796622132193
16488,0.15481063224543543
16490,0.14926160388828863
16496,0.18796788409741705
16502,0.14919093937191022
16511,0.14612943617944701
16512,0.16615055806036777
16513,0.172072644978436
16514,0.1467640493792247
16515,0.1447743313379942
16517,0.1668409029189327
16520,0.14865788040884612
16525,0.1733356886295335
16529,0.15081263307786527
16532,0.14966372509406378
16536,0.16150877196973784
16540,0.15058619717312546
16542,0.151512655861127
16548,0.1501295949227138
16549,0.1484587231912519
16551,0.17925036837577862
16552,0.14792547007363355
16557,0.16472378912646538
16558,0.1471335626519879
16559,0.17350418984961702
16561,0.14794051850421375
16562,0.1603223810624333
16564,0.14930525839212458
16566,0.14913476202858092
16572,0.17483327425593684
16573,0.1493220980296228
16574,0.16965711182872048
16575,0.1515846693660098
16579,0.17901644429991403
16582,0.14774214710669503
16584,0.17222783790633053
16586,0.15805122990340226
16588,0.15283712432145574
16595,0.15093462344322847
16597,0.14835485484535182
16600,0.15106362147501906
16601,0.17340435464833126
16606,0.15061174767151006
16608,0.15073051479150157
16611,0.1627734399425824
16613,0.17374837273237123
16619,0.1650502661238961
16622,0.15213446347703932
16624,0.1624329887009426
16626,0.16635650484561648
16628,0.15314233559142776
16630,0.14769139237981932
16631,0.1521546615938424
16634,0.170038933168563
16638,0.14642841198561443
16643,0.16184361265631642
16645,0.14689900636572106
16649,0.16964578755457788
16651,0.15600504214893915
16652,0.15221026799293433
16653,0.14415887446733225
16669,0.17384505596905703
16672,0.17292930592409098
16677,0.15173977029440647
16679,0.15393390788272263
16680,0.17159019667453343
16681,0.147780213802879
16684,0.14492716883855383
16685,0.14836183967727848
16686,0.17620125857403152
16689,0.14485396736311396
16690,0.14341260641927023
16692,0.16736221805482066
16693,0.14804786089844116
16696,0.1545523953778197
16703,0.1517819388119233
16704,0.1506425654985077
16707,0.1613769495803315
16711,0.15154671790195542
16713,0.1470718705419314
16714,0.17418007693507295
16716,0.14741218353920954
16717,0.17166061948702882
16718,0.15696673195845126
16720,0.14863471539007686
16723,0.14815743598970627
16724,0.15961640196376975
16728,0.17857522400461717
16730,0.1629331104265926
16743,0.15625223193438018
16744,0.14979622826723332
16748,0.1591681509695402
16750,0.15856515467589602
16752,0.16913896661778505
16753,0.1530337739468899
16755,0.17733635804599018
16756,0.14782435866784424
16760,0.14843508210817608
16764,0.14817330900604725
16771,0.14847958873151987
16772,0.18161985282284454
16776,0.16070390690915282
16777,0.15183309168217113
16780,0.16928443708366323
16781,0.15404892089739086
16788,0.1556027152133245
16792,0.14972926105234385
16794,0.16678485029247908
16795,0.14832466235807143
16796,0.15118145874544137
16798,0.1482047996267613
16801,0.1492250160022091
16802,0.1636508253531028
16803,0.16665981462476917
16815,0.14992894608173063
16816,0.15737657378777797
16818,0.17351138666027346
16819,0.17881261047047164
16824,0.16552985405179368
16829,0.1628631603679351
16833,0.14955812366085455
16834,0.15971507291808335
16846,0.1464798185328451
16847,0.16008165552459622
16848,0.14684593905467572
16852,0.16365806032983143
16853,0.1497117133096008
16857,0.14899080238003476
16858,0.17167144429565506
16861,0.1576589887414759
16862,0.17390117762596788
16867,0.1519715135717525
16869,0.14869220200676816
16870,0.15924555312838926
16872,0.16247839380496468
16877,0.14456442092409116
16883,0.14640398763025772
16890,0.15348348288615116
16893,0.16431476479243595
16894,0.15088696457253406
16897,0.16143349697316117
16901,0.15100294212555473
16902,0.1469834606129703
16906,0.1460183767321473
16910,0.14825657167616832
16911,0.175718380356612
16921,0.15774674556803395
16926,0.1645161315195317
16928,0.14776331330531733
16932,0.17554812918338014
16933,0.16103957617843254
16935,0.1479226660970901
16943,0.17026438999468838
16947,0.1508419623040065
16948,0.16655778267138735
16949,0.15001556934126134
16953,0.17314080216357677
16954,0.1478306042872947
16956,0.14802430823246543
16958,0.15153568138497148
16962,0.15079358650643424
16969,0.14806144874167412
16970,0.14951546411185804
16979,0.1511483531903624
16981,0.14820945328426896
16983,0.15045577658895487
16984,0.14678449826362167
16985,0.14738809186302612
16987,0.17674081486299167
16989,0.16311086383639964
16990,0.1723437362854973
16992,0.15912040094717753
16995,0.15836420184009134
16997,0.15045595483345747
17000,0.16683880435827447
17002,0.16543111480039793
17003,0.14377782773026992
17006,0.16443787477035243
17007,0.16239171948406436
17008,0.1445586016047204
17014,0.14867386251106204
17015,0.16711341898378168
17018,0.17081247718335968
17020,0.14489084343088726
17024,0.16935632768017417
17026,0.148164626180375
17028,0.16287101111260174
17035,0.14625832216066864
17038,0.1510006621493226
17041,0.16323490882611408
17046,0.17325138199181928
17052,0.15241584699861505
17053,0.15537512706023682
17056,0.14778368147623283
17063,0.16782865193420052
17068,0.1480558855249801
17073,0.1481223178370904
17077,0.16770485914858987
17078,0.1487502394026526
17081,0.1531116192146479
17083,0.15047252457458724
17085,0.14843033707769457
17086,0.16802990835666723
17087,0.14834933368131853
17088,0.1559227502645187
17090,0.16546303431245019
17093,0.1479627338585984
17094,0.14841702442000754
17095,0.14766740401883063
17096,0.15260186277213192
17099,0.18729022177889731
17101,0.15027336143833483
17102,0.16822771086131655
17104,0.14817892602274724
17105,0.14748759347981785
17115,0.14704662193863138
17116,0.15413549009418043
17122,0.14798833646682785
17123,0.14906083912587748
17127,0.14768319374815855
17128,0.17241117793477248
17131,0.16370237223132894
17136,0.16274335011263225
17140,0.15449315125204988
17141,0.18056900669237888
17146,0.14849953549290798
17147,0.1500234255383473
17149,0.18095668617692792
17155,0.1534901460164123
17158,0.14655134471241119
17159,0.1508969611440217
17163,0.1675855796833873
17164,0.1472933697693748
17165,0.16911235278806877
17169,0.1450182974385079
17170,0.14775841417721805
17171,0.17153318749902718
17172,0.14390453315043708
17175,0.14962814476261485
17177,0.1473685120071493
17181,0.16675855599057518
17183,0.14630125873509578
17188,0.14607839570054346
17189,0.15909039233540942
17191,0.14929126376806548
17192,0.14863190530164302
17194,0.15391831020251406
17210,0.14573727934672193
17212,0.17615007763820867
17219,0.15131779818527166
17220,0.16686673528012935
17225,0.14981997918388437
17227,0.1697089131065268
17228,0.14865980758229264
17229,0.14724781058220124
17231,0.1529353563487103
17232,0.16931257926507054
17233,0.1489430237889451
17237,0.14787933117389043
17240,0.1509339320174978
17241,0.16069761317072254
17243,0.14558140337428097
17246,0.18366180187118827
17247,0.15969825433690185
17251,0.16950442627779808
17253,0.1610771172314351
17254,0.14889720282816526
17256,0.15146289091754825
17257,0.1571292156285877
17262,0.1451423297695644
17267,0.1511777499132236
17268,0.14850317738564434
17269,0.1600114892418535
17270,0.1699964078504047
17275,0.18152276940845344
17276,0.18289187846156124
17277,0.17178814164081335
17279,0.17510359420702137
17283,0.1505456247749748
17287,0.15077016778170285
17288,0.14916099418364898
17294,0.15173533016162682
17295,0.15121088799001536
17298,0.14832746746198705
17300,0.14781979768742265
17302,0.171972545237608
17303,0.14793215188547965
17305,0.14907334213211273
17307,0.17072133331672767
17310,0.14654599391298415
17312,0.15659797695080455
17316,0.17148509899693337
17317,0.14631842764927663
17318,0.1501127046349519
17320,0.14793026690682243
17323,0.15143341027420978
17324,0.14672002964330963
17328,0.14851538640697567
17332,0.15375546652549404
17333,0.15020426862969566
17335,0.15477734225428277
17338,0.1488557470618864
17340,0.15554665816165972
17344,0.1854374993860075
17345,0.17226981167876299
17349,0.16386312049286006
17351,0.15921395338513006
17352,0.14721106806023246
17354,0.15442044832681256
17356,0.14813680698658707
17357,0.16074383657441269
17361,0.15621854969744553
17362,0.17439133510099622
17363,0.17103233324028821
17366,0.1528721518944193
17367,0.1692954059662371
17369,0.15190036755507788
17371,0.17442967646656843
17373,0.167622342669783
17378,0.17770770871337063
17380,0.16473871214624602
17382,0.16907124862410636
17383,0.16842354390828504
17387,0.14634281777903413
17389,0.17303559822146053
17391,0.1441636669453224
17398,0.1843206367391001
17402,0.15974209365954434
17405,0.1588793731189716
17407,0.14856430007066487
17409,0.1477224620756916
17411,0.15152439739998627
17412,0.14925308592554207
17413,0.15029959759103478
17415,0.15330685551004736
17420,0.14800568023557503
17421,0.1510902620993294
17422,0.17891702395507803
17428,0.17014045767891764
17430,0.1442300444090323
17433,0.1487969663181916
17435,0.17054727808432876
17438,0.15251643563454703
17440,0.14839898119567516
17442,0.1504071513294069
17444,0.14948565982303408
17448,0.14881678778523888
17449,0.14712727749704999
17462,0.16760017934957652
17464,0.15506626871739487
17466,0.154159048726915
17468,0.18011321455112064
17469,0.17639289887320567
17472,0.16263945967471555
17473,0.1488821843018308
17475,0.14868172994832715
17479,0.14754427819284122
17481,0.14670042610018436
17482,0.15076814869167804
17485,0.1468017021824131
17486,0.14745094451014065
17488,0.1667861142807175
17489,0.15040832994162237
17490,0.14446638885214397
17491,0.15100839808132757
17492,0.15215244948989218
17494,0.1574210063342884
17497,0.14904074379729046
17500,0.1617677398990279
17506,0.15726405711185412
17507,0.15616236312167467
17508,0.15252619944932724
17510,0.16090349431817283
17512,0.15012147034054182
17513,0.15975253818346716
17515,0.15749173484661294
17520,0.15591218957084024
17521,0.1496912368041967
17522,0.1722488812779196
17523,0.14692598020402944
17524,0.15158526293097738
17530,0.16698622334153373
17535,0.1672805375179947
17536,0.16423030122291346
17545,0.16804649784682318
17548,0.16855978205267852
17549,0.16799716484622937
17553,0.15722125327647635
17555,0.16798325006922404
17557,0.16954698213357827
17558,0.15039616380540075
17559,0.15282008971729313
17562,0.17322869027444912
17564,0.15121332231269755
17565,0.1526351912805806
17566,0.17241142381669508
17567,0.16923939361349072
17568,0.15274662529509792
17569,0.16958923510104446
17572,0.16626716860083154
17573,0.17328300495518334
17575,0.1636212806856073
17577,0.17184938730580399
17578,0.15125965087336882
17580,0.14792122927382517
17581,0.17691304695934287
17585,0.1584614172726525
17586,0.17538585127683684
17591,0.16352340731844478
17594,0.15084032264060232
17596,0.1479865935487218
17599,0.16250155644192368
17602,0.15130065977831642
17603,0.15671543442381064
17606,0.14871329387823398
17614,0.18330408431486536
17621,0.17881641552091332
17624,0.17084563450893528
17626,0.16818003806071535
17628,0.14880405225362975
17629,0.15696677943090118
17630,0.16681096596894504
17631,0.16122356031034765
17633,0.15952103589876718
17636,0.1674207287423655
17641,0.16158873828740755
17642,0.1610632632431531
17645,0.1793083586960903
17646,0.1466324170192963
17650,0.160263524912607
17655,0.17106984663015373
17659,0.1655697532107754
17660,0.15902678670046702
17662,0.16598499427043778
17664,0.15168719728736402
17671,0.1483653144722586
17673,0.14845866910431882
17676,0.16158977070854383
17679,0.14764791943524713
17685,0.1674027539025208
17705,0.17602127987556346
17708,0.14985421169838475
17711,0.15312031239908366
17714,0.15954687677275106
17715,0.1478109769691344
17721,0.1505479794435218
17724,0.17214856031585188
17726,0.1597869896454419
17728,0.16866204122108863
17730,0.14801045003780816
17732,0.14740210272930376
17735,0.17652669389302805
17737,0.1467249218016071
17738,0.16545371675298165
17739,0.1608037697730585
17747,0.14714246190674923
17749,0.16574634360252227
17752,0.1623021898940112
17753,0.16752990120943181
17756,0.1633603744696534
17758,0.1427235621375466
17760,0.1457851736634274
17762,0.17134491558845985
17763,0.1601170049540714
17769,0.14971487954127627
17775,0.16237070741510792
17776,0.14668524246622094
17781,0.17259439751528596
17782,0.1476933376098776
17783,0.14499423475323378
17784,0.18282259902730913
17785,0.1562413370535863
17798,0.15108035771276668
17799,0.1608566250286671
17800,0.16847866848679938
17803,0.14805167237503072
17804,0.15028438617483622
17805,0.16519540285183557
17808,0.1714827344649583
17817,0.1487151200945954
17823,0.19343207269656018
17824,0.15928848684838134
17825,0.1500682180165562
17827,0.15291565157683476
17828,0.1624376346905296
17831,0.16637799552263371
17834,0.14795411665378808
17835,0.17862048278796888
17837,0.15052966125148584
17838,0.17191779817751962
17839,0.15371291940314136
17843,0.17928148117118442
17846,0.167613286473763
17847,0.1609461958077129
17848,0.16554604253342192
17853,0.1522303172755259
17856,0.16022484011955435
17859,0.14874672710482614
17863,0.14790239546864026
17868,0.14906053625459348
17869,0.15006404590844208
17870,0.14631292112108535
17875,0.15169058821833467
17876,0.1497070394926503
17877,0.16220531367859564
17879,0.17671519084754572
17884,0.14794458152099096
17885,0.15332654791627556
17886,0.1514416838036728
17890,0.1751988332982067
17897,0.1455882324890123
17900,0.14355107419091548
17902,0.15045123785059558
17903,0.14955701509331984
17908,0.15411247537918532
17914,0.17144776422449293
17915,0.1719836568734171
17916,0.15093484655490383
17920,0.14922762466569664
17921,0.18794719042148492
17924,0.177454188832144
17925,0.1658122895789222
17926,0.14474713191686203
17928,0.15183081406276625
17930,0.14743871484981955
17932,0.14794981568698404
17933,0.14692500624501173
17939,0.17191881112567986
17941,0.16595444701067705
17943,0.14963806539686958
17947,0.14817873471139012
17948,0.16019164236574196
17950,0.14938679950124656
17956,0.14748570900613145
17959,0.14852122514124844
17970,0.16731568678450304
17973,0.14823777876334387
17974,0.1719052455704612
17975,0.15811521816841567
17976,0.15977032059638768
17980,0.144918074449748
17986,0.1748223626689747
17987,0.15111293719300403
17990,0.14729261913873187
17994,0.1581375583122017
17999,0.1502438682706361
18002,0.15237082814263417
18003,0.1458143694688022
18005,0.14630088868130917
18007,0.14718620240846375
18013,0.15786109764014927
18015,0.15174204935223648
18016,0.14845910350895342
18018,0.1489700919129485
18019,0.149313089705014
18026,0.17563732370125593
18030,0.17588824624430538
18032,0.17396900967179973
18035,0.17419625801503894
18039,0.16900752823357798
18042,0.14782282997546214
18044,0.17105254715733853
18045,0.14588270398386072
18046,0.16790489049034274
18052,0.15956224018799192
18054,0.152277613508309
18055,0.1824130213838921
18059,0.14805358169918792
18066,0.16897800067721233
18072,0.1716841912806412
18073,0.1488525689009518
18077,0.15945066674627936
18081,0.14841564748495958
18083,0.147615580218453
18084,0.16684969481752923
18085,0.15106666868984717
18086,0.1549513634442587
18087,0.16956821035401343
18092,0.15326715700031524
18093,0.14355839661355374
18095,0.14699745884084095
18097,0.1516799445310539
18100,0.15011653625483884
18101,0.1597654787234119
18103,0.17186719691477215
18104,0.16932155064103704
18105,0.14895721869036094
18109,0.1487622618757225
18110,0.16918036989677032
18113,0.1662470434944763
18117,0.15156241141968188
18119,0.15124384470771954
18126,0.18753911730613387
18127,0.14516085704933798
18128,0.15290353002772658
18129,0.16636542664066448
18130,0.1537035500579187
18137,0.16750999396486518
18142,0.16383506730647493
18144,0.14554228947336909
18145,0.15684432288232614
18146,0.15145545626625206
18149,0.1806096170589465
18152,0.14973616512943758
18153,0.1489998124649123
18154,0.14953323358420367
18155,0.1643050899941465
18156,0.1761605757546637
18161,0.17073033809781335
18163,0.1483354566561224
18165,0.14694460803675155
18166,0.16279685370789004
18168,0.16243113612180732
18172,0.1477049124389563
18174,0.1518094339900619
18176,0.1500934729776521
18177,0.15262757748854255
18179,0.16689684360472615
18181,0.1855287097708893
18182,0.14836086509959662
18183,0.1693076484304566
18187,0.15768005618853936
18188,0.149452471630402
18189,0.1662277664626525
18194,0.16040566543206988
18196,0.16878817325996576
18197,0.1580077411245672
18198,0.15159282728350745
18199,0.161088150595298
18201,0.16545407587589642
18205,0.17171391635652164
18206,0.1492482145684342
18207,0.1690129115517544
18210,0.14818725668089444
18212,0.14712630774311755
18214,0.15067402063375676
18215,0.1458804169734599
18216,0.15101811560589928
18220,0.15060125006587424
18221,0.16036775210752066
18222,0.14680450179138413
18223,0.18423535227892268
18227,0.15128771956315765
18228,0.18163817931867168
18229,0.14899412369164391
18232,0.16922275672513973
18234,0.16881744658131884
18239,0.14658422090575005
18243,0.17471940127098626
18244,0.1486680196059667
18245,0.17175727796817464
18246,0.14575061807578327
18248,0.17101046491448085
18250,0.18621603373893816
18253,0.1740975543157522
18254,0.14601684851006042
18256,0.14950693063350082
18257,0.1510035149383245
18263,0.14766952687218526
18264,0.1479680597670127
18266,0.14733085314033403
18267,0.15137058795218306
18268,0.14880196064929013
18269,0.1527439607674393
18270,0.15444496652754916
18271,0.1514985595136414
18272,0.14764033791124329
18276,0.16794163004929732
18277,0.14986277512265142
18280,0.15432150299288533
18282,0.15042829124997648
18285,0.15535434475449605
18288,0.15014109107190143
18295,0.1472274335192044
18298,0.16201944436958596
18300,0.15119424868511394
18301,0.14830501187551415
18302,0.14676029341455638
18304,0.15412241640703658
18305,0.1518078457917621
18306,0.14695053640625083
18307,0.1471692081393986
18308,0.14892899815222257
18309,0.15298856105985412
18311,0.1557696441000226
18313,0.16897642145348857
18314,0.1684994964638909
18318,0.17687240870519838
18320,0.14807128147135457
18321,0.1650744267329344
18330,0.1719704005097556
18334,0.15117471927587195
18336,0.14738495778727004
18337,0.1657456854504232
18338,0.14708767068989112
18339,0.1481834048834283
18341,0.14903714102235116
18347,0.15362388933255244
18354,0.14871885893899248
18355,0.14686906311387046
18356,0.1699172575316622
18358,0.14710295974209645
18360,0.17602344560886388
18361,0.15421842239105865
18363,0.1497877831726819
18364,0.15288323075192364
18367,0.14732932157473805
18380,0.1469561177799167
18383,0.15437213931247834
18384,0.16073957774828607
18385,0.17005176301786987
18387,0.15287233865295655
18390,0.1498768427101134
18391,0.17897399534240468
18392,0.1541898339624354
18395,0.1535648223793973
18396,0.16856545949614618
18397,0.163333116910442
18399,0.1643375844974614
18400,0.1483206412713044
18403,0.17246494972439114
18404,0.1580696107432034
18406,0.1499097429087337
18407,0.1544396272111905
18413,0.1459104395680028
18415,0.15705265132372143
18417,0.1752019306458526
18420,0.1474482435688819
18422,0.15933969142998358
18425,0.14905603578532725
18426,0.16994183024723772
18427,0.14495433486525489
18428,0.156296908708807
18429,0.17739435470892237
18430,0.14511071532604194
18431,0.16021657412085374
18432,0.1650791004106296
18433,0.1719816046518508
18435,0.14750024992456204
18436,0.1500708119395025
18437,0.14589536636686673
18439,0.1446987595026659
18444,0.15111702634739838
18446,0.15432544062020795
18448,0.16577732109954316
18455,0.14403098227615344
18457,0.14797190066726212
18459,0.16385577686807618
18463,0.17897550317325903
18464,0.14720764256599841
18467,0.1483284677346604
18469,0.15565080767208977
18471,0.15400221597129893
18475,0.14852508134049103
18476,0.1477766559881658
18477,0.1475184907094513
18483,0.1739536839549205
18488,0.1542707132592011
18489,0.15347943685860285
18490,0.14552900836819394
18492,0.1786872772311317
18493,0.14580095265650944
18494,0.14907010079181315
18498,0.16106920635520847
18502,0.1728989930525961
18503,0.1532044596074226
18504,0.14998386761376767
18506,0.16606632677008204
18507,0.1649734139841589
18508,0.14949433454688485
18512,0.15248595215508312
18515,0.14647377724989707
18517,0.17461865998292056
18518,0.15228170462730334
18520,0.16135493983549803
18521,0.14848225899259335
18522,0.14639687065879275
18523,0.15950398636271976
18524,0.15279849119710207
18530,0.1514456884207468
18531,0.15573235183940903
18532,0.14642247313292261
18533,0.14720984202700074
18534,0.17536510642280076
18540,0.15956816044522354
18542,0.14847933913851097
18543,0.14739587132168214
18544,0.16794740872466987
18547,0.15206444154133325
18549,0.14847794373862308
18552,0.177533743687368
18553,0.1767601806636265
18555,0.16386144007665157
18558,0.16792597010053553
18565,0.15046414373679082
18568,0.16240355685938676
18572,0.14843759287725727
18575,0.16790059390800577
18576,0.17272344858530356
18579,0.14953134578048097
18581,0.17488157126255877
18583,0.14485712819087992
18584,0.14898226000031387
18585,0.14750626555531043
18590,0.14867477196044804
18594,0.15660705833770938
18595,0.14881267951355687
18598,0.1463148122014015
18600,0.14674430274845002
18601,0.15295223782319117
18602,0.1463087344697242
18603,0.16800868540349076
18604,0.14929239493204904
18610,0.15898178372943142
18611,0.1674733051781902
18615,0.16316872932118653
18617,0.1490159849925225
18619,0.1788794435647408
18623,0.14700895688751334
18630,0.14902799470086817
18631,0.17939929751039
18632,0.15065065623183557
18633,0.16728585069021498
18638,0.16304688762101863
18639,0.14803588587086997
18640,0.14671892832024022
18641,0.14958447597777783
18645,0.16740479689105053
18648,0.14483843993922862
18649,0.14734686201884997
18651,0.16118416256682772
18653,0.15160426216238324
18656,0.17666541919983617
18657,0.16195829456443508
18658,0.14753044095164483
18659,0.17303084374123925
18661,0.14543687002806252
18663,0.16718918758069468
18668,0.18199208273547496
18669,0.1477760818655921
18671,0.1694745047569637
18672,0.14457014270201063
18673,0.15111939684448752
18679,0.17662779587803926
18689,0.17286020768591684
18690,0.1612967343933619
18692,0.15014709391292214
18694,0.15082718744141121
18695,0.17895306638214906
18698,0.16846101364330437
18699,0.16845267162944805
18704,0.17732601651129754
18706,0.15262206436131645
18709,0.18243553877641092
18712,0.17577146716654257
18713,0.1752440225143289
18717,0.17412622371962397
18719,0.1800394277646955
18724,0.14694055807939752
18725,0.14829769513962446
18728,0.1630706250231387
18729,0.15065162330887902
18732,0.15091794549336418
18733,0.1478457292528426
18734,0.15052820958855614
18735,0.16780697246709764
18736,0.17353878538112505
18739,0.16029643151860232
18740,0.17254816835592773
18742,0.16189854438441875
18743,0.16655142884044624
18749,0.14893180241905213
18750,0.17264827975732877
18751,0.15729722857090989
18755,0.1488101650513245
18756,0.15061505449529192
18759,0.16278172295695303
18760,0.15391299615177195
18762,0.16865122471945815
18765,0.15433429230736875
18766,0.16721839547107212
18769,0.14822012643159319
18772,0.14993959084396524
18773,0.151820950632507
18774,0.1555884622036631
18778,0.16535905024313732
18780,0.14880471962257338
18782,0.159117170936275
18784,0.1610190510136027
18785,0.17276886646635664
18786,0.16123324194503721
18801,0.14530186879883691
18804,0.14659750943120703
18807,0.16787611413320616
18810,0.1478687292639544
18811,0.15817512043358178
18815,0.14723477959069425
18816,0.17314207511229657
18818,0.17666298719616827
18819,0.16824436054251302
18820,0.16797953906105503
18821,0.15169714753315583
18822,0.17142027611552377
18825,0.14981932117887117
18827,0.14937799799985435
18831,0.1489687086262562
18832,0.1688962007136454
18834,0.14982385589635044
18836,0.17578274321657678
18837,0.1451107598167915
18840,0.15367827602097028
18842,0.15699748566058896
18847,0.16031109996834472
18849,0.1493940938411197
18852,0.1635386176288822
18854,0.169311245056357
18855,0.14808169016579348
18857,0.1478035282333499
18859,0.16844108901154353
18860,0.14363396042222484
18861,0.16823473401462116
18862,0.14730670777438987
18864,0.17082237532624586
18868,0.1566638845048752
18870,0.1828069123563275
18871,0.14748254501626426
18874,0.15232752225256796
18880,0.17148529190157674
18882,0.1694283591554354
18884,0.1600512309912402
18889,0.16792348978404348
18892,0.17409348084510423
18894,0.16272386500864644
18895,0.17142445058065534
18897,0.18377860517945646
18898,0.14736526353715002
18900,0.1849321192160332
18902,0.15907482230156983
18907,0.17893019066938967
18909,0.183001535231511
18910,0.15156071162309268
18914,0.16395467566371155
18917,0.14725871070909807
18918,0.1498302593140477
18921,0.16959728294662926
18924,0.15422084503988187
18925,0.1480226355703651
18927,0.17096683649518948
18928,0.14793198322689569
18929,0.14758155432198083
18930,0.1488986727190733
18932,0.17225065577343074
18935,0.14665263833080294
18938,0.15145970414102214
18940,0.1592854723397648
18941,0.16133713403268987
18942,0.1699506134330344
18944,0.15061446485225205
18946,0.17181777804806725
18949,0.15558460747825004
18954,0.14808254300942778
18956,0.16786664139017052
18957,0.14719870253628028
18959,0.16127845277731745
18960,0.1425626675867184
18962,0.14749829710821516
18963,0.17347407254091693
18964,0.1666470552717608
18965,0.16581561985070536
18967,0.14812644018344742
18969,0.1661028556878483
18971,0.14509038391173418
18973,0.15325648390555516
18977,0.14891883382977944
18978,0.1613454330796004
18981,0.1673367839280591
18982,0.14797878309971815
18983,0.15683088361247632
18984,0.15246784433288998
18985,0.15763066975544263
18986,0.17058914887612656
18987,0.14668816934421877
18988,0.1601773958312427
18991,0.1520621315044375
18992,0.1659512261593888
18993,0.14854709980982145
18994,0.1699500517280574
18995,0.14986744048555126
18997,0.1531366654380277
18999,0.1445600850008045
19002,0.14784134927176418
19004,0.15150093640112125
19005,0.15929035533674735
19007,0.15843193688449095
19010,0.17079172775484894
19012,0.1606772106754968
19014,0.160978539930487
19016,0.1484651163478723
19017,0.18216477505901132
19018,0.14893826381361677
19019,0.1669938384755861
19022,0.1487425212835678
19023,0.1687042227729553
19024,0.1506385399648154
19028,0.17195248592028298
19029,0.14503770268864136
19030,0.14796958438073254
19031,0.1901719469696495
19034,0.16200078496726472
19035,0.1468126684120144
19036,0.17372173615866887
19037,0.16065531480231962
19038,0.16524225675477888
19040,0.15393365029906528
19042,0.1495070926160568
19043,0.14782870037736304
19044,0.16084085807383516
19047,0.1651168750507238
19048,0.16956905061116326
19049,0.16512649510369165
19051,0.1611738344691825
19053,0.15808058611388975
19054,0.16884333486650946
19056,0.14746305925616968
19057,0.17455051088258458
19058,0.15989162025714132
19059,0.1584052421167494
19060,0.16381713935484996
19062,0.14915780760542513
19064,0.17390418987055656
19071,0.1672728495525132
19078,0.14897497206545984
19079,0.15263001068245807
19080,0.15864670743780135
19081,0.1517511391975239
19085,0.14922173511251619
19088,0.17810733560739278
19089,0.1665371115743554
19090,0.1569703751444638
19091,0.16859678012996268
19092,0.15659374744235616
19094,0.14784837150752397
19099,0.16523079711411398
19100,0.15373278857393458
19101,0.15029154962475264
19103,0.14598989981650906
19104,0.17077092971676258
19106,0.16197866182230145
19107,0.17422777756875865
19108,0.16351552771604927
19109,0.14816133341639098
19111,0.16935279672721396
19112,0.16179681168746868
19113,0.16425966203237596
19114,0.1475697650634357
19116,0.16815829349842976
19117,0.16616642928204078
19121,0.15835129714864332
19125,0.14965215531748394
19127,0.18380879071767134
19128,0.14840896343337662
19136,0.14819937647905018
19137,0.14607542716363728
19142,0.16675449839907822
19143,0.14688424113142848
19144,0.15845738185239738
19146,0.14840703680899966
19147,0.14807453358160444
19152,0.14988753080408407
19154,0.1490183088160731
19157,0.1921312863235183
19160,0.17102831284684122
19161,0.15082316504412213
19162,0.1469076603045681
19165,0.1499189205153885
19167,0.14674910228090826
19168,0.16020065823103977
19171,0.15641729426847903
19172,0.1498566108454043
19173,0.1473526555290275
19174,0.14608207854115798
19176,0.1576563967987812
19177,0.1724998677177156
19178,0.1463171081630144
19179,0.14804716222542813
19180,0.14908754406579003
19182,0.16877305546183752
19184,0.15279998867692393
19185,0.14937184958850064
19187,0.15198861865286883
19189,0.15880829806811775
19191,0.1464533685753263
19193,0.17899139277008036
19194,0.17367421495407245
19197,0.1838789003482544
19198,0.1533938425844126
19200,0.16940418300905882
19202,0.14856070671032456
19204,0.15769904548593733
19205,0.14490195363827288
19206,0.15134279395288822
19212,0.1484285811076438
19213,0.14952903870985235
19214,0.1707280211444247
19222,0.15201704860185392
19223,0.17462352885430799
19225,0.15012425736439694
19228,0.15238392115767438
19230,0.15492882360262847
19236,0.14832731732404128
19240,0.16751284568120098
19241,0.17038146330526152
19242,0.16858737997145934
19243,0.15276908166477327
19244,0.15478747437462057
19248,0.15098323734618668
19249,0.18710040015286977
19250,0.17506535873281584
19251,0.16893902127351518
19254,0.17387316574506279
19255,0.16859862202650835
19258,0.166066833190163
19259,0.15278413128930324
19260,0.17839821697455346
19261,0.1474178911401353
19262,0.14778693032171522
19264,0.15826152388526127
19265,0.18633431442113546
19266,0.15901163018088837
19270,0.1522592681956543
19271,0.1463832955600581
19274,0.14783945957573133
19275,0.1467260680720252
19276,0.1457032284578349
19278,0.1474592314114699
19280,0.15175126712229436
19282,0.16834401233626703
19287,0.18211681545424177
19288,0.15142891411690645
19290,0.16847195168267393
19293,0.17749302618297486
19295,0.1462286585522664
19298,0.14717205683913578
19299,0.14955567163352337
19300,0.14748029948468214
19301,0.14883577207342033
19304,0.14702670798087167
19305,0.15892269095611408
19306,0.14753509080138064
19309,0.16966909171454314
19310,0.14925508979019156
19311,0.16806300107552016
19313,0.17469858414238407
19317,0.1681568400714002
19320,0.16823816775056416
19322,0.1476440722495893
19324,0.1662498621560649
19325,0.1590036317923147
19326,0.16660654813308193
19328,0.1631337111028505
19330,0.17469222557194716
19331,0.18400544805845462
19332,0.15515559141481144
19334,0.15336287616043076
19337,0.14715548027121397
19338,0.17715434627504512
19340,0.14874335493435908
19341,0.14648685985346183
19342,0.16229846717633495
19343,0.1754088959188299
19347,0.15038623941196733
19348,0.19135187702544212
19349,0.1494595438608181
19354,0.15889127794980312
19356,0.14989878957863803
19357,0.1463294113478118
19358,0.14602869621280082
19361,0.16229792186733136
19362,0.14835970689018488
19365,0.17236191456272917
19366,0.14796316045997218
19367,0.17086667077557793
19369,0.15017066487704775
19372,0.14912304678430144
19376,0.14640074701831302
19377,0.14922843616758358
19382,0.14802369688896627
19383,0.16266333951569475
19384,0.17824498349458973
19385,0.151839606935785
19386,0.18184487705890387
19388,0.15248142386296984
19392,0.15949151452483104
19393,0.17534602923842846
19394,0.1693898826008499
19395,0.1643782434005161
19396,0.16128455272774858
19397,0.1498299378187871
19399,0.17282803159846846
19400,0.17416600299797597
19402,0.1575573087051532
19403,0.17012069339526648
19404,0.1476346641226973
19405,0.14793322553671953
19406,0.15038631240033845
19408,0.15966407259035764
19412,0.17898402697908428
19414,0.1509843244834119
19419,0.14957830127583127
19421,0.16638536947994045
19424,0.14910570396265754
19429,0.1712834683987206
19431,0.1714497908000775
19432,0.16276050173484263
19434,0.1495382597972278
19435,0.14572423983880906
19436,0.1652311148920329
19438,0.1655483387344444
19439,0.16624639243257155
19441,0.14816014938357439
19442,0.15013710841192834
19443,0.16037277884221768
19447,0.147072456238099
19448,0.1492784302232274
19449,0.15944678174569732
19450,0.1670791162169527
19452,0.14797725745086435
19455,0.17598311413862666
19458,0.14529011259267458
19459,0.166271446754363
19460,0.1670510193252371
19461,0.14739501600735525
19462,0.14933367350155635
19463,0.15011079166004915
19468,0.1571398293740924
19469,0.1480181037076656
19470,0.17410207957783005
19471,0.14942477594179668
19472,0.14647302483138955
19474,0.16938823955916477
19475,0.1472331792791535
19477,0.16961190360191086
19478,0.16331906915164104
19479,0.16878034750216056
19482,0.17416867066533503
19484,0.1719407350626186
19487,0.1622491755069643
19492,0.16123046398356544
19495,0.1591130875618927
19502,0.16146106152275344
19505,0.15868616419808695
19506,0.15474003300574501
19507,0.15111841954865746
19510,0.1484734739637031
19511,0.17763550459769337
19512,0.15123579887576805
19515,0.15609740232393343
19520,0.15044008109578097
19521,0.1485061714754266
19526,0.17097445686198964
19527,0.14974401369521428
19531,0.14996698443090964
19532,0.1474839016298539
19534,0.1662724126530094
19538,0.16915671377040845
19539,0.1485601769588299
19542,0.14843957375629802
19543,0.14605758590897433
19545,0.16319239933540333
19546,0.17212042779730802
19548,0.1711562669563264
19550,0.1752085830455074
19552,0.16237285186863307
19553,0.14333932219330403
19554,0.14855019552601087
19555,0.16318231380496268
19556,0.16757463686940638
19557,0.14876992654597454
19561,0.17015186834167634
19563,0.16619206125124328
19570,0.15968510814745146
19572,0.1506011866815331
19574,0.16333085324241503
19578,0.1488362160553469
19579,0.18063620706602096
19582,0.174595229209047
19586,0.14852146422780715
19587,0.15816831956448005
19589,0.14732442911241828
19590,0.150772706226727
19592,0.14924592546781384
19594,0.15235517158861753
19596,0.147398838470068
19599,0.14573965281361634
19600,0.15120404218144534
19603,0.14652659996384806
19604,0.1583447472039167
19605,0.17668598882462477
19607,0.15823729673409553
19616,0.14818573889612188
19618,0.1482365991387484
19619,0.14749422398333434
19620,0.14740995206707885
19623,0.15868877010357912
19624,0.16938616144616686
19625,0.16093385913475483
19626,0.1490053946469369
19628,0.15579276132673472
19629,0.17009970108022043
19631,0.1479901977645254
19633,0.15855772360039136
19634,0.15043384706647975
19635,0.16887304370512624
19636,0.17142825781972013
19637,0.14781926087151306
19639,0.16825030511867436
19643,0.17203871916887298
19644,0.16548981960691955
19645,0.17435922762971323
19647,0.17335655549106543
19649,0.17900837376318496
19650,0.17128694973279485
19652,0.17201756664104761
19653,0.1700418299846516
19656,0.14701483957299638
19660,0.17078682013858812
19663,0.1529643991757385
19664,0.17616340541164022
19666,0.16027552143224982
19668,0.15040777113943135
19671,0.16726875674312822
19672,0.16852732958184674
19674,0.14742417049690112
19675,0.14874086446720622
19676,0.14998052842860973
19678,0.16020289737005275
19679,0.14935884498913832
19680,0.18074838988397754
19681,0.17937602897533342
19682,0.15631743287088434
19683,0.17374350523403986
19684,0.14570120005245057
19686,0.1644983308005456
19687,0.15105342145410514
19691,0.14857010988400443
19692,0.1473028909306539
19698,0.14461778288945565
19699,0.14899353925977807
19700,0.1492492146673261
19702,0.1457808666506628
19706,0.1471685332966907
19707,0.1699692480362789
19708,0.14853428467957827
19709,0.17658117382940777
19710,0.16432815706525689
19711,0.16121997433971946
19713,0.15101374654670924
19714,0.14755027692856085
19716,0.17214648580655076
19718,0.14891178162077634
19719,0.17052264431796407
19720,0.1472385187060663
19724,0.14819926330614724
19726,0.14791925332739148
19727,0.14876884501370882
19728,0.14677284911633992
19729,0.16220683261336208
19731,0.14759823483880208
19733,0.17734709562258244
19735,0.1473456834537292
19736,0.17285086749290365
19743,0.17733159507346222
19744,0.15047068286430845
19746,0.14794346883045348
19748,0.17437371520749
19750,0.1645887968085596
19751,0.16129747887276502
19753,0.14951039384983209
19754,0.1497324429878944
19758,0.1605536323561528
19760,0.16386750779892828
19766,0.14792166067351392
19769,0.14998691395058578
19770,0.15038137557663592
19775,0.1670688741298918
19778,0.14743858511334162
19779,0.14377787424275948
19781,0.16331239878105336
19782,0.15538843785638384
19783,0.14724086577287585
19784,0.14734508306526167
19785,0.17693970414383706
19788,0.17258201143983837
19790,0.16927635415844391
19791,0.14933475459600717
19792,0.1477359865715283
19793,0.14724460382089638
19795,0.1659846471790008
19797,0.16536439447047047
19802,0.1527376887252877
19803,0.16556397490368724
19805,0.16878474751106537
19806,0.15171496687850053
19810,0.17561205297242333
19813,0.14973087769563842
19818,0.16721352996496577
19819,0.15593639267562975
19820,0.17019902099097514
19824,0.17627447972787594
19828,0.16041790306484865
19830,0.14803260449224595
19831,0.15254234123057636
19832,0.15027931214027904
19833,0.17180353512376736
19834,0.1601494664971767
19835,0.14603439529078713
19836,0.1599133162919119
19838,0.148723167861195
19839,0.17124759421976873
19841,0.16768813563403287
19843,0.16797044972404612
19844,0.16002192699338977
19845,0.16165271884781873
19847,0.1592494388658957
19848,0.17629686837328104
19851,0.14723887621168538
19853,0.17726167662956804
19855,0.16162879463405472
19857,0.17528539301454252
19858,0.15381022058925795
19861,0.1482333715006367
19867,0.16812481990602082
19868,0.1656951840043775
19871,0.14652078121927298
19875,0.14929345322022033
19878,0.15251390793814373
19879,0.15292157458356542
19881,0.1743474233428303
19882,0.15033823406013883
19883,0.1647810065966585
19884,0.173093410279016
19887,0.1624051466986859
19889,0.14828268559062138
19890,0.1704481289455566
19893,0.15200233815008007
19894,0.17692060581993413
19896,0.1596386433322594
19898,0.18004246907922083
19900,0.19147562070827776
19901,0.16861382202722083
19904,0.1703437349972494
19906,0.1790433800354607
19914,0.1468757292398589
19916,0.1505273943089115
19920,0.16838554442744258
19921,0.15008650006924346
19922,0.15452214938723258
19924,0.16710118056742707
19925,0.15072005862299462
19926,0.17509373763646582
19935,0.1487940306998787
19937,0.17168742854858815
19938,0.15905272543117444
19941,0.16881498662113875
19943,0.14672930291420816
19946,0.17224214280951247
19949,0.15070544057170232
19953,0.16093764693011348
19955,0.1728165938227656
19957,0.15322940519251013
19958,0.17246578029036122
19959,0.17996443781514843
19960,0.17765912173549964
19963,0.14789482238610102
19964,0.1556310630901614
19965,0.17390842740716245
19966,0.17330690430503187
19967,0.1488994111691769
19968,0.17375103917051643
19969,0.15024025003632535
19970,0.14921671319228566
19972,0.1516258293832428
19973,0.14920407399847005
19974,0.1469270245670107
19975,0.1567481425746562
19977,0.17088364322179198
19983,0.147161739434867
19984,0.1423579582645452
19986,0.15163548502651553
19987,0.1535070614877179
19988,0.17369353855332365
19989,0.1603382432471166
19993,0.14546017152219565
19995,0.1603213047877764
19996,0.1761201585187133
20001,0.16364453307620766
20003,0.14749915321623852
20004,0.17028649317221872
20011,0.17357099457573685
20016,0.14519754728295564
20019,0.17001521493043245
20020,0.1602176561780555
20024,0.15317828521505553
20025,0.15128434191117596
20027,0.17130899874790695
20030,0.16889491784633434
20031,0.14691595917677722
20032,0.14909648305346274
20034,0.15031003837787713
20035,0.14596582639128108
20037,0.1503157489326928
20039,0.14555819827378397
20040,0.17449570076478477
20041,0.15138810343588918
20042,0.16234331895169185
20043,0.16130919111961367
20045,0.14725033379618815
20047,0.18118482919839707
20048,0.15408402398067042
20049,0.15802986167798408
20051,0.163212845179895
20053,0.14869315551421056
20055,0.16219558278501126
20057,0.17088876230178957
20058,0.16615515148970436
20061,0.1739737566228295
20065,0.17943484855804998
20066,0.1539476813439148
20067,0.1621449787687622
20068,0.15015137235403095
20070,0.1740793274796783
20072,0.14748054182971904
20073,0.1736039404303459
20075,0.17166053741833495
20077,0.14969477663245115
20078,0.14905479216525433
20079,0.14864140463475345
20083,0.14897441116802743
20084,0.1469355631870866
20085,0.16550441775789407
20086,0.14861761825657674
20088,0.15014191624912612
20089,0.16494562503041874
20090,0.15064173269480846
20091,0.17392381169347396
20094,0.18569434465478396
20096,0.16939691918967958
20098,0.1476010341799917
20100,0.1655395409492025
20102,0.1823096953063864
20103,0.1640705119781779
20104,0.1566540317287089
20106,0.15082430314423034
20108,0.17318108998024154
20110,0.17864574636009978
20117,0.17736618150729083
20118,0.16352063361186286
20119,0.16835981272189268
20120,0.17280843519538852
20126,0.14757285459337227
20127,0.14704874276702368
20133,0.15903633666504688
20138,0.14941191166627624
20141,0.16482350691875647
20145,0.18699896207511307
20146,0.1504842755287494
20148,0.14770345312071106
20150,0.15081347725146219
20151,0.15648840122072064
20152,0.1679216352034217
20156,0.14935764537398608
20158,0.16917118801606562
20160,0.1502365633340035
20161,0.15109758844304794
20162,0.1679039132014066
20164,0.17109796913512565
20167,0.14892893647853445
20169,0.1716006485652344
20170,0.15213807204428645
20171,0.17157490966008124
20172,0.15027281081930416
20174,0.1452873086974205
20175,0.1474828123965089
20178,0.14785854916875815
20181,0.15627418465484905
20184,0.14906080395221943
20187,0.1506809920585991
20189,0.14991861210772892
20190,0.14881522871231032
20191,0.14844499448713822
20192,0.15958642189345773
20193,0.15289514169844715
20197,0.18359624721972145
20198,0.15957502106009774
20199,0.1487229312866354
20201,0.1633785249082134
20202,0.15698264158782882
20203,0.14894482084353136
20204,0.18370297834598953
20205,0.17059328029749105
20208,0.14641129673467226
20210,0.1472586263087257
20211,0.15874299280937146
20212,0.15055632406055303
20213,0.1651750405665417
20214,0.15852325819156748
20217,0.15768296709467797
20218,0.16861346609902506
20220,0.14736922253487292
20221,0.14635768471984198
20225,0.15058235160495512
20226,0.17049333246957013
20229,0.1613746236346446
20234,0.14536664840491725
20238,0.15846583466706401
20241,0.1492769297250095
20242,0.16256331458437842
20243,0.17271642087673478
20245,0.16248712585153643
20248,0.18958225367306553
20250,0.14456412113833167
20251,0.1596849918184344
20252,0.16323484156094428
20255,0.15046406193752787
20256,0.14527948232091994
20259,0.14859792156860369
20260,0.15195565486344717
20261,0.16643031214138368
20262,0.14970318103360303
20263,0.146853877268777
20265,0.15111470796964127
20266,0.16389367770739025
20269,0.14700873225918323
20270,0.1652720493291286
20274,0.14695977110868455
20276,0.15007667932857197
20277,0.1654678398962208
20278,0.14729678265186893
20282,0.15099577795513158
20285,0.14592666045888902
20286,0.18465650443911735
20287,0.15421267240430694
20288,0.1568819117227911
20291,0.16281844805114712
20292,0.1534891205988557
20293,0.16185383577189671
20296,0.15289568720550092
20300,0.14974332288053224
20302,0.14937232142267112
20303,0.15345379132696152
20305,0.16999806617599642
20306,0.16956511593099338
20309,0.14848136345480392
20314,0.1514686653471488
20315,0.16195187927722343
20316,0.15205291988131503
20317,0.1631489061832453
20318,0.16934503539590165
20319,0.14660767489532636
20320,0.17835618349951537
20323,0.1511524153663811
20324,0.14816448897435167
20325,0.14923928352239338
20326,0.14922558467632682
20327,0.15080508530340692
20330,0.14682757036560767
20331,0.1535811549183105
20342,0.15518157728097878
20343,0.1503087158028581
20345,0.14786316378935702
20347,0.14996839044129157
20348,0.1508919524288268
20352,0.14997093188054236
20354,0.14685851804174765
20355,0.16610343857791068
20356,0.1713048151632744
20357,0.1463623964612773
20359,0.14630501255694095
20361,0.151213080839416
20363,0.14769569564262217
20365,0.1665373851749263
20367,0.15094299962221325
20370,0.14866373888815262
20372,0.14839024404764753
20373,0.15805028127193618
20375,0.1498206192645363
20376,0.16150834872770609
20379,0.15165835951597628
20380,0.1483155810954182
20383,0.16001065740382656
20384,0.18019463185662704
20385,0.14778944552731907
20386,0.14678537910548753
20387,0.17526562199248658
20389,0.15814562996284098
20391,0.17253719056274872
20392,0.15530439360059287
20395,0.15655777224949685
20396,0.15310360368355472
20398,0.17750471437898996
20401,0.16193575950077171
20403,0.17259002949666635
20404,0.16735111698793279
20406,0.15366061821403126
20407,0.1714887937511532
20409,0.15065768055775733
20411,0.1500585910741504
20412,0.17692639655154052
20418,0.17182218295233834
20419,0.17356007774946308
20420,0.14681627294928312
20423,0.1493452360137699
20430,0.168298475576783
20432,0.14837520384726488
20433,0.15338400728937682
20434,0.17965815699201962
20437,0.14883925648450988
20438,0.1691296885457622
20439,0.1485359202889207
20440,0.14775439197676657
20442,0.14945476364262958
20444,0.1705794009033541
20446,0.16095178061030857
20449,0.173651443358585
20452,0.157249058718602
20454,0.15135184993937514
20455,0.1474793503633373
20456,0.14666666278482848
20458,0.16943629402200777
20462,0.16713563248514005
20464,0.16311339479064935
20465,0.15643825553654872
20467,0.17782273880199456
20468,0.14737929733179717
20472,0.16755965602257086
20473,0.1464907869833063
20475,0.15135392726699995
20477,0.16393090627214113
20482,0.16682585757041374
20483,0.15345822230392736
20486,0.17108658517665398
20487,0.17032823171888814
20490,0.15277792529151998
20491,0.16216983812439423
20494,0.15202797008016122
20495,0.1656102992754507
20496,0.1481220273025506
20497,0.14823702097496624
20498,0.14851307997633273
20499,0.1465899309431511
20507,0.14759530451643557
20508,0.15192024034263368
20509,0.15201624116522316
20510,0.15119474770092697
20511,0.16254776896067535
20512,0.1503827135521165
20513,0.16670903680493024
20517,0.17008948294347911
20518,0.1801518525688572
20522,0.17005921383881573
20525,0.1731088077947658
20526,0.15934893202022637
20531,0.14567523178409394
20534,0.17603319918152294
20536,0.16018462956445748
20540,0.1631374836295692
20544,0.15473796941683646
20546,0.1731075908966612
20548,0.1454327898909427
20549,0.16523646853385252
20550,0.1482718812768794
20551,0.14748760167192504
20552,0.15851335271232786
20553,0.1446209365935939
20555,0.14691293990953805
20559,0.17385598923813708
20560,0.1492033240052951
20561,0.16076730763156252
20562,0.15130227622897877
20563,0.16012591934065473
20565,0.16059357521194417
20567,0.14845610677776613
20568,0.191411372358064
20569,0.1643397505014241
20572,0.14740326686605815
20580,0.16808633265474024
20582,0.1637107110909914
20584,0.1724409763836426
20585,0.16416093145814453
20588,0.14395780370364336
20591,0.14823864348209842
20596,0.17035871918459036
20597,0.14805565515994792
20600,0.14896109375818256
20602,0.16604439414687003
20606,0.15057013627618213
20609,0.16791681742006037
20610,0.1794422874867536
20611,0.17095157293433666
20613,0.14747501315067865
20616,0.14682613274845757
20619,0.14900907350157652
20622,0.1499024924495671
20627,0.15110334644518258
20630,0.16533606545201976
20631,0.14824631834218624
20637,0.14622873874548012
20641,0.14839592972800741
20643,0.151891911408431
20645,0.1522042437436158
20647,0.14900330240420048
20650,0.17418618175859718
20651,0.14857391567536374
20653,0.17006793651349347
20654,0.15228987876227393
20655,0.151141830058502
20656,0.1776034274078482
20657,0.14574991783557134
20659,0.14908791410185404
20661,0.1527780024426114
20662,0.14789718806728883
20663,0.16191858208136356
20666,0.14770998627766418
20667,0.1602618166273601
20668,0.16435300530778743
20669,0.17066528468829087
20673,0.14957529745462428
20675,0.1686977499524326
20676,0.17084594928645025
20677,0.15925730152712805
20681,0.15227539484605063
20684,0.14689091434315968
20686,0.15857035213408574
20687,0.16008080866395072
20689,0.14634564903688485
20690,0.1622787741449276
20691,0.17970939563052357
20692,0.14936910572607576
20694,0.1457687440475653
20695,0.1735711106834228
20696,0.14930770873154658
20698,0.149176706685968
20700,0.1749163761291125
20703,0.17778354284351477
20704,0.17380699093465402
20705,0.1512123504935488
20706,0.15528886540279996
20707,0.16761800661515283
20710,0.1744857342108844
20711,0.1638538660280415
20712,0.15158853913923634
20713,0.16919030332837337
20714,0.17044754503405826
20715,0.14778124904761802
20716,0.17729412879093978
20722,0.17213433584387655
20724,0.178805287514148
20726,0.15336001761010512
20728,0.16816620329394116
20729,0.15115937367513674
20730,0.1464250709231227
20734,0.1748858278709597
20735,0.14901794710755709
20736,0.1480539775819707
20737,0.16253956472121076
20738,0.16541934095868283
20742,0.17614350887613422
20743,0.1509432187941234
20744,0.1480750935833897
20745,0.15798810817798387
20746,0.15867523308072498
20751,0.15075549555756312
20754,0.1734421885042867
20756,0.1485959337989534
20758,0.1663729902738747
20759,0.17804209575450483
20760,0.17938037435732065
20761,0.1511925755308222
20762,0.14731532001353612
20763,0.1444234810076512
20764,0.14751448203961157
20767,0.1615050283517819
20769,0.15056443311958428
20770,0.1601252540722632
20773,0.16799954980771312
20775,0.1501555891940278
20776,0.14498100380253776
20777,0.14944334772744325
20778,0.1486800011985251
20782,0.15345660521238935
20783,0.1478172668179489
20784,0.15498535293088378
20786,0.14433126229704923
20787,0.1674909807294316
20788,0.1485456765645559
20789,0.15322426295942496
20790,0.14828242317842233
20791,0.17902397143849433
20800,0.17880243215486238
20801,0.14701749778118298
20804,0.167415923156961
20807,0.17998702472056766
20809,0.14862896583593968
20810,0.16273711997678467
20812,0.16816730178757378
20814,0.15027641880328402
20815,0.14605566246547189
20818,0.14661080947536628
20819,0.1575114606040648
20820,0.14892450893686274
20821,0.1729166270399031
20823,0.15200404926879693
20826,0.16947010161111523
20827,0.18324461488988314
20828,0.1631349776237452
20829,0.15837683700715557
20830,0.1715614452952814
20831,0.14679177324753873
20833,0.14819468168533995
20835,0.14942137480330767
20836,0.15505473059047778
20837,0.1846468304851685
20838,0.15782551671641043
20841,0.15070327223941782
20842,0.17868799696999615
20843,0.17267794461993755
20844,0.14708943127777852
20845,0.1497487357958745
20849,0.16096971027153487
20850,0.14551749740967315
20851,0.14638872136936285
20852,0.1695411067121485
20853,0.15849534949369412
20854,0.14683728989795167
20855,0.16701255767063383
20857,0.1484783396335866
20859,0.1765683123925313
20861,0.1503364975173483
20863,0.17646181093449032
20864,0.1779729627727354
20865,0.15123644844322934
20866,0.15539892881665138
20867,0.15933820848524777
20868,0.148710506741135
20869,0.16450675210389573
20872,0.1629115012329789
20874,0.14591501658767014
20875,0.1685654597585928
20876,0.15466176260237782
20878,0.15606170652988646
20879,0.16928711329299956
20880,0.14756683565746856
20882,0.17175472216610377
20883,0.14825104076458082
20885,0.15634179030301965
20886,0.149775564373903
20887,0.15015427504613615
20888,0.17354914907076976
20889,0.14725119718968394
20891,0.1475410280591878
20892,0.16965518245441139
20893,0.15012382678187816
20896,0.14907222240306128
20897,0.14974692573382176
20899,0.17267010326558538
20900,0.1771196060180053
20901,0.19228771295741723
20902,0.14804633380725155
20903,0.15956170691766097
20905,0.14814721053461619
20906,0.16402554601751734
20911,0.15314185654765167
20912,0.17605488755552165
20913,0.16858954840945964
20915,0.1514025159558652
20916,0.18848322244860358
20917,0.15658995518303953
20921,0.14782059021193003
20924,0.15456090757959978
20925,0.16525847682408198
20926,0.1763433915851235
20930,0.16743186793111053
20932,0.161051768320132
20933,0.14701343121107924
20935,0.17683140335261877
20937,0.14850305164554778
20940,0.1670615272642409
20941,0.15273400032916074
20943,0.14657686169758427
20944,0.1501755656429124
20946,0.14471849054607122
20947,0.14705412272743532
20949,0.1684507791436036
20950,0.14626853862367534
20955,0.14956574480402676
20957,0.14958617336668315
20958,0.1672432186685269
20960,0.1659698676189849
20965,0.14947503895026337
20973,0.15667660194870656
20975,0.14525812999843027
20976,0.1743016238270973
20984,0.16214130626376397
20985,0.14840600995261877
20991,0.16188501240437805
20994,0.16054712828832335
20997,0.15502256493507538
20998,0.14732302862279636
21003,0.1493242765188358
21004,0.16683082880160638
21006,0.1467678743749794
21008,0.147197741928819
21009,0.15086607237572897
21010,0.1648556259242245
21013,0.16242002422067411
21014,0.16856393114942333
21016,0.1688852742007703
21017,0.14912567002016497
21021,0.15036791456399495
21023,0.14825404431764558
21024,0.15646757832010624
21025,0.15937907308299146
21027,0.1666107419503087
21029,0.15242221304974216
21030,0.15418465964120606
21031,0.14463543694570824
21032,0.17325419837405995
21033,0.1725728418096378
21034,0.14750865994937926
21035,0.14700275677643623
21038,0.15304249920834978
21039,0.145767363731884
21042,0.18266124632947744
21046,0.16987656459885145
21047,0.14685224708262537
21050,0.15312430227645724
21051,0.16154492791037356
21052,0.16734836905368036
21054,0.1464902382942354
21056,0.15468029631487307
21057,0.14702597405914858
21058,0.14937436908266122
21059,0.16038745302981477
21060,0.14666109389106277
21063,0.14969652020067226
21066,0.15193870623473144
21074,0.16865377865140946
21076,0.1516156884017481
21077,0.15801585331293677
21078,0.14682368819474778
21080,0.1632096630232936
21084,0.14685237844037774
21090,0.14787766205445385
21093,0.17266682957711355
21094,0.15973074453994007
21095,0.15005746318608676
21096,0.1616669458441158
21097,0.14833711000750413
21098,0.15017250285492928
21099,0.16208020799790218
21102,0.1739879820266403
21103,0.17690256563436998
21104,0.1488556517506611
21105,0.14811056053470012
21106,0.14867648319970705
21107,0.1741195533936039
21108,0.1676550157839415
21109,0.15009843457710165
21114,0.15052525714152276
21119,0.1622197881757892
21120,0.14943928125244116
21121,0.15031349942815164
21125,0.17249237140632673
21128,0.1744359028721349
21129,0.14912134367224436
21130,0.15003797669816155
21131,0.15023697970404365
21133,0.14895812710305606
21134,0.1474390701067986
21135,0.16049240218936509
21137,0.14730440624566654
21138,0.17239874534196642
21139,0.15058848024405025
21140,0.1506604993324757
21141,0.15884428162306624
21142,0.16635202194882304
21143,0.1476287782365433
21144,0.14511751373200693
21146,0.1435108795969165
21147,0.1871221621014921
21149,0.15139889640374118
21150,0.17906488889795988
21152,0.1727324944779558
21153,0.1591889383422005
21155,0.15367064314717885
21158,0.14895423727116539
21159,0.14889535409078522
21161,0.1651478694272699
21162,0.14887079698916833
21163,0.1741424031879728
21166,0.1698302724832471
21167,0.1753133316172366
21173,0.1483632525438914
21174,0.14840028186253668
21177,0.14870010978748446
21178,0.1491419056551248
21180,0.16424367855276686
21181,0.15083800164434955
21182,0.15132794837176236
21183,0.1823776127420149
21184,0.14914845069244465
21186,0.1466209673446973
21187,0.14689632396434316
21188,0.1627656318358454
21189,0.16369383658618916
21192,0.16166093751632685
21193,0.17507509366673116
21196,0.15108415153468358
21198,0.16348355294494527
21199,0.16327734897049143
21200,0.17405327892461236
21204,0.17299741189204149
21206,0.15845269352752842
21207,0.1463324780938913
21208,0.17329187967303927
21210,0.15037443335123685
21211,0.14671412070422873
21212,0.14724406063972573
21213,0.14568606782011664
21214,0.14800606315593628
21216,0.1492530903749469
21217,0.14833278078863368
21218,0.17465808499271426
21219,0.14966126786720238
21220,0.1644758355210683
21223,0.14928109638374526
21224,0.1802481766917708
21226,0.17779169626089464
21227,0.14979411367886947
21229,0.14915511519703387
21231,0.1672617068578108
21232,0.1747469409494211
21233,0.16347409481092706
21237,0.1716258413719398
21240,0.14611334406954202
21245,0.15113423944331225
21246,0.16058495032830442
21248,0.1699956708022249
21251,0.14690029934222196
21252,0.1510030985195009
21254,0.15992280673588988
21256,0.1717661468984169
21257,0.16271212216998546
21258,0.1744383034855845
21259,0.18095988438303276
21260,0.16435113718887137
21262,0.1485127239113268
21263,0.17828490508775155
21264,0.16555822264298986
21265,0.1724840499711732
21268,0.14766066715945214
21269,0.15244631473043513
21271,0.17262933316199286
21272,0.15729082429885546
21274,0.16972931341087574
21276,0.14754408839271096
21279,0.15278119856865857
21281,0.14580348322469117
21283,0.14791163346883157
21285,0.15816009410335385
21288,0.15243824627173455
21289,0.14673831181348104
21291,0.16867283541923672
21292,0.14720561472883092
21294,0.17976836233048546
21296,0.14885783985645412
21299,0.15686792744052785
21300,0.1566190051842415
21304,0.14976289684058816
21306,0.14885224226027452
21307,0.1610343120646581
21309,0.16470458439267166
21312,0.1669706057033243
21314,0.16273885093162854
21315,0.1532475612211014
21316,0.16828779662952686
21317,0.16043711606964964
21318,0.14418652682529448
21319,0.1766665470812716
21320,0.14994756399837203
21321,0.17259539703613294
21322,0.1487283342895255
21323,0.17313876221477034
21324,0.14788990114272277
21326,0.17264233771999718
21327,0.15946407722595468
21328,0.18105593221804667
21330,0.1495041736375861
21331,0.15079616085861394
21332,0.15233392894465744
21333,0.1511797783399518
21334,0.16962681921704706
21339,0.14815744073893697
21340,0.14835997834799394
21342,0.14921043510952842
21344,0.16913112103605207
21345,0.18017781679820233
21346,0.17064732454768608
21347,0.15092819970949004
21348,0.14520914810462543
21349,0.16944956361156444
21350,0.16878005934403464
21352,0.14873852915418587
21355,0.14830513573307194
21359,0.1697581806540422
21361,0.1469597450857087
21362,0.1584218921750233
21364,0.1493302056640248
21366,0.14497183881997433
21367,0.16590021832254206
21368,0.17612349681911946
21374,0.154349840496315
21379,0.16240160239444645
21380,0.14264598573178464
21382,0.14941430987714419
21383,0.14402761319725696
21385,0.15097291440196742
21388,0.17269364857725042
21391,0.17885844260662215
21393,0.14683048117994824
21394,0.15071757546451517
21395,0.1692091588135536
21398,0.1714858411623255
21399,0.1549164514486499
21400,0.16401272022000715
21401,0.16419360591579538
21402,0.1526573184339347
21403,0.16313402548787526
21404,0.1457084093476542
21406,0.14748644712782777
21409,0.1465743167471693
21410,0.15532641630085886
21412,0.14578323331128112
21413,0.14824870715577948
21414,0.16342990063254317
21415,0.181099994141015
21417,0.14602931134427866
21418,0.1841525156095908
21419,0.160723563772847
21420,0.15996957446446236
21421,0.16439789673648142
21422,0.14940995813129743
21423,0.14670119118645217
21426,0.17685676296638744
21429,0.1457706679454874
21432,0.14853349791968132
21433,0.16070112731978514
21434,0.15172431137016568
21435,0.15205037325202675
21436,0.14782543888156952
21437,0.1485163121100938
21438,0.15060907974355137
21443,0.17891744288658984
21445,0.17073008984288476
21446,0.14706654578959005
21448,0.17881378462655334
21450,0.147542625754029
21451,0.14830395438560137
21452,0.15097225867206182
21453,0.17684954597891253
21455,0.17949804756899757
21456,0.17818266534950997
21458,0.14583757522141938
21459,0.14898171117228276
21463,0.15271018911712414
21464,0.1798653119812416
21466,0.15125151135159523
21468,0.15705472177312044
21470,0.14837522437219253
21473,0.16445277629055804
21474,0.14665664071304826
21476,0.14799374528830714
21478,0.1430907473636285
21479,0.17100898901761916
21482,0.1524211979785239
21486,0.15514965618874293
21487,0.16024890484766097
21488,0.15421971829342856
21489,0.15210901870425375
21490,0.16055553925554986
21492,0.17616946515881257
21493,0.17387562441780158
21495,0.17254795008492668
21499,0.17897326295515645
21500,0.14538349711638007
21503,0.14995027266667293
21504,0.16833475477059065
21511,0.14982789325472515
21513,0.17377584621478165
21514,0.14734286355493273
21515,0.15159637033400655
21516,0.14847875087345871
21517,0.14814709052314565
21519,0.16925587800283723
21521,0.16309064028812548
21522,0.1723188250444362
21525,0.15478471724497891
21526,0.1476953148163888
21527,0.1548440106707448
21529,0.16321214015413185
21530,0.15975252560939066
21531,0.1622736056083941
21532,0.15173499091413042
21533,0.1539262229931946
21534,0.17773508235007576
21538,0.14410947795060539
21540,0.1512142418645863
21542,0.16445343177669397
21544,0.15060685295232545
21545,0.14993999411452444
21547,0.14668357760053527
21548,0.14704643903429976
21551,0.148422470994377
21552,0.19703097660836927
21556,0.14899744833325107
21557,0.15666344635138468
21558,0.16609558547448025
21559,0.16144012835579358
21560,0.1454346062500309
21563,0.15205069459239204
21567,0.16866032878626427
21568,0.15122541542872944
21570,0.16225170693972335
21575,0.14599488496523513
21576,0.1488370254273964
21577,0.15568525677869294
21579,0.14990425177877828
21580,0.14732757544906316
21581,0.14991884620095994
21582,0.14943646875651043
21586,0.15341682109598556
21588,0.1496970481674662
21589,0.1733106587992424
21590,0.14991438633485255
21592,0.16958460647336102
21593,0.1520553636169704
21594,0.17418425353587613
21595,0.14407307486199772
21596,0.17103631838050506
21597,0.16900941211551018
21599,0.1514142730904293
21600,0.14793258723428496
21604,0.15169178833573652
21605,0.1476397802787144
21606,0.15063399407722317
21607,0.16819990500899135
21608,0.15025547199611777
21611,0.14967275188451104
21612,0.17116230702337562
21613,0.17086078956886944
21614,0.1678160677179421
21617,0.14769240220179583
21618,0.1484244425995866
21621,0.16502524186585327
21623,0.17176912361293106
21624,0.15474027858116787
21625,0.17739251693662422
21626,0.1721024154201242
21634,0.15333588746547472
21636,0.164237192974581
21638,0.16549702246948364
21641,0.1471519228514147
21643,0.16854902548237816
21645,0.14683564773412996
21646,0.14998544780762563
21649,0.14626937001535742
21650,0.14890652659332212
21651,0.14848018934809512
21652,0.1703142241155782
21653,0.17369581892702696
21654,0.17914325122339436
21659,0.14609743115418036
21660,0.1481989719357585
21661,0.15429361208932987
21664,0.1616307244362998
21665,0.14872992752499345
21666,0.17309681170863464
21669,0.1516925043587804
21671,0.15281539754280138
21673,0.16100295407682094
21675,0.15253534992709075
21676,0.15604430845058323
21677,0.16100903900531705
21678,0.15362902242507012
21680,0.1473035025149994
21681,0.160881871761038
21683,0.1624556599992983
21684,0.15111982807084545
21685,0.14914919949937694
21686,0.14795042128044752
21688,0.15534233223830193
21689,0.17583743784296105
21690,0.16593902342926897
21692,0.16941208276351757
21693,0.15044407229443238
21694,0.1509567761961024
21695,0.14885160821868995
21696,0.14992709578956057
21697,0.15961035274427743
21698,0.15172906782238096
21699,0.14862814363797633
21705,0.15080351572738412
21709,0.1682406513478846
21710,0.16922022657160868
21711,0.1742247885048503
21714,0.15870720524456586
21715,0.1797770118170665
21716,0.15038525396623562
21719,0.1471556393111498
21721,0.16601249901288756
21723,0.1735043037290127
21727,0.14963009290046403
21728,0.16154263355167403
21729,0.14858288334446246
21730,0.14853278813874443
21731,0.16920370637964893
21732,0.14574090721372998
21733,0.14873683149787484
21734,0.15581618580549086
21736,0.15001127837224706
21737,0.1572896191373315
21738,0.16939052421610445
21739,0.17350178260556812
21741,0.16800236032732666
21742,0.1748446940136452
21745,0.15405314165703932
21746,0.14912509432564117
21747,0.17166110973402754
21750,0.1628251448222248
21751,0.15066854614779848
21754,0.16171444827795123
21756,0.1596593660248788
21757,0.16010556938759127
21758,0.15082909546980489
21760,0.14595935661942688
21765,0.16313537929616817
21767,0.15831219149222547
21768,0.16435113931446144
21769,0.18011877457834083
21770,0.14839121603946706
21771,0.14963621002180022
21772,0.17296553717526506
21773,0.16194335485712613
21774,0.17996122411826096
21775,0.16239060937243222
21780,0.16073010652621442
21781,0.15165015296858952
21782,0.17040373941267695
21790,0.17355410588531905
21791,0.1652000761258365
21792,0.16167810861381363
21793,0.15965174971998058
21794,0.14394928876981458
21796,0.14985080298273817
21798,0.17212392711687557
21799,0.1470228324639937
21800,0.14985608227051567
21802,0.15213412221830164
21803,0.1593973987401994
21804,0.1728000397891613
21805,0.1481490569160093
21806,0.16970076727679723
21807,0.15134091220003382
21808,0.15150985449975166
21812,0.14698721689507688
21813,0.15146179870240484
21816,0.1717574314286405
21817,0.14734970387705876
21819,0.16839833085997186
21821,0.1497492599776788
21823,0.1621118664044055
21826,0.15264627798823815
21827,0.14724318610265336
21828,0.1522247152207456
21829,0.15547313947370564
21831,0.15170896838872308
21833,0.15215087002608665
21836,0.1571324425985539
21837,0.17400496935801996
21838,0.17390744607461017
21839,0.17259520678449794
21840,0.1487475518600418
21844,0.14825874650138157
21846,0.16747025920484285
21847,0.17404085072230602
21848,0.14949183714836756
21851,0.1812074214911239
21852,0.14804075432110128
21853,0.1868049141889931
21855,0.14520839873116353
21856,0.14643271557822135
21859,0.17177343543829762
21862,0.1454139326952319
21864,0.15474625344221893
21866,0.15841430314908408
21867,0.1496485533836825
21868,0.14831009845013762
21869,0.15829560007384455
21870,0.17052430879964733
21871,0.1714981512158977
21872,0.15183785518413187
21873,0.14724586607727358
21874,0.14893906452563693
21876,0.1615192162895571
21877,0.1468102985139015
21879,0.1791776187941759
21882,0.16945739836833285
21885,0.14866363928283036
21886,0.15902156564209607
21887,0.1555804741271027
21888,0.1709245231618654
21889,0.1490378575921085
21890,0.15190417927091796
21893,0.15044322837275065
21894,0.14524539662044092
21895,0.14663703348854637
21896,0.1665158023065677
21899,0.16291829410598999
21900,0.16375447176011088
21901,0.1472837575339539
21903,0.14608492368351333
21905,0.15237637762608702
21906,0.14983870331289265
21908,0.1455820137314255
21910,0.14923635625625487
21911,0.14802308320758203
21913,0.16698304722060195
21914,0.1508908771036613
21916,0.14865042745669788
21918,0.14987790969375697
21919,0.14648332413185483
21921,0.16797067496828214
21923,0.1490686342216002
21925,0.14785161255783089
21926,0.16738475381693294
21927,0.16753903205012413
21928,0.15473457696345574
21930,0.1738039397159861
21931,0.15282076959383137
21934,0.17741268195098456
21935,0.17374791227663552
21936,0.17470317866156285
21937,0.14751284368843323
21938,0.17323721052913155
21939,0.1685377835566168
21941,0.15032806351303413
21942,0.17476089990021582
21945,0.18036085147503825
21946,0.14892689570187215
21947,0.166243577368758
21948,0.1730753842209251
21952,0.14784477864660253
21953,0.17055449979108947
21957,0.17110891778099843
21958,0.1490888035620686
21959,0.16199063018816182
21961,0.15847743517209242
21962,0.14935119355725815
21963,0.1495818041907457
21964,0.15429727593141784
21967,0.16164106961726957
21969,0.14827521039720976
21970,0.15257332174244004
21971,0.14591673894614535
21973,0.17441024583205358
21974,0.1458206179598261
21980,0.14956836552059488
21981,0.14752237787837666
21983,0.15867517856866648
21984,0.15887271879070153
21985,0.14693525326802415
21986,0.17064304561713325
21990,0.1665793562906444
21991,0.16209591525237105
21992,0.14560946358742008
21994,0.1754643268468557
21995,0.15080714884135243
21996,0.1510798007344758
21997,0.15209711444507773
21998,0.163462269130067
21999,0.14632092162045335
22002,0.1481730935954091
22004,0.14738957240273476
22005,0.17609501611574388
22007,0.1574424200888835
22008,0.16060804923731656
22009,0.1479915835637799
22012,0.1518171418421365
22013,0.15094483095075206
22015,0.14840773217036896
22016,0.17217228820908048
22017,0.14815756024245824
22019,0.15402906592817597
22020,0.172660525879964
22021,0.14664057455484492
22022,0.1649842876483852
22023,0.16311800457583794
22025,0.17328469608097308
22027,0.165316194541181
22028,0.1498500173231263
22033,0.1639094533644005
22034,0.17156093606641767
22035,0.14848847803749976
22036,0.15206262225059045
22038,0.14452133776848045
22039,0.17849235116560813
22042,0.1470231233027989
22044,0.14846805345015895
22045,0.15162275509494993
22048,0.17174888414729786
22049,0.16636686492155237
22051,0.1475121700955879
22052,0.15331671314447748
22053,0.15068827088797085
22054,0.16896986862364155
22055,0.16641361538534302
22056,0.17359735334506443
22058,0.14887075088015334
22059,0.15532829965044456
22061,0.1510630516456266
22062,0.16112866935347525
22065,0.17057112030267435
22066,0.15469246699803005
22068,0.14896305375844635
22069,0.15966816252601165
22074,0.17759175848788564
22076,0.16330440047944114
22077,0.15656083875381369
22078,0.17370684386396706
22079,0.16174096208762573
22080,0.1703351716076637
22082,0.14728981400082705
22084,0.16606422839518079
22085,0.16134153973040744
22086,0.14770772502192828
22090,0.158963385202848
22091,0.15974454917346553
22093,0.14967701232419506
22095,0.15129827519704103
22098,0.1465588169783511
22099,0.14799609554750107
22100,0.14875916190081653
22101,0.17145554033489308
22102,0.17949540908311784
22103,0.14854650128369376
22106,0.1696374152539559
22107,0.14938047631110163
22111,0.17119809691024448
22112,0.14699624259160168
22116,0.1489039234771226
22121,0.1542264526064889
22123,0.14712459955896182
22124,0.15155082891038874
22125,0.1506228088225041
22126,0.16668687472123817
22127,0.14325496174616012
22130,0.14619009068335287
22131,0.17486159650564373
22132,0.14954972960296659
22134,0.16825454313453805
22135,0.16531703290605115
22136,0.14837203766157964
22137,0.14975854697347749
22141,0.17410425930377665
22143,0.1468057023849585
22146,0.17779718319806848
22147,0.1482581938693684
22148,0.1699170817547655
22149,0.15058797074095157
22151,0.16586242502118587
22152,0.16106256707704852
22153,0.15389350954396688
22154,0.14956287553180328
22156,0.17456299376616943
22158,0.16330538272168577
22159,0.15620138023329852
22160,0.14745717607885137
22161,0.14845101840025723
22163,0.14502334914549198
22164,0.14903030556768956
22166,0.17081257109739098
22167,0.1487642266151156
22168,0.17835422237179574
22169,0.17853886190677407
22172,0.16608703034953873
22175,0.1606593259744241
22176,0.15124210715048625
22177,0.14907691168574191
22178,0.18305292936304254
22181,0.1516829282387051
22182,0.15038251407702655
22183,0.14993851772388792
22184,0.16779921719839164
22186,0.16379924774417504
22187,0.15251383519076334
22190,0.17578289501776181
22193,0.16172724798996369
22194,0.1601707173328662
22195,0.16671317253802181
22196,0.14943368312683122
22197,0.1486262311407754
22198,0.15186179385745327
22199,0.17705858408262443
22200,0.14885621337949756
22202,0.17487477676143995
22203,0.1504275400323543
22204,0.15210222164407688
22205,0.1464623427442148
22206,0.16417065692435992
22208,0.14718877530218918
22210,0.14688068659917883
22212,0.16717852192397956
22214,0.16076253106860025
22216,0.14971069430445805
22219,0.14898990681163474
22222,0.16726916047759421
22223,0.1844522602210768
22224,0.1493944064436801
22225,0.15840089952969394
22226,0.1492373584071028
22227,0.16085166015235206
22229,0.16304723815652086
22231,0.14855563582128017
22233,0.15294133731137188
22234,0.17636803316056665
22235,0.1666225750181957
22236,0.16031264202791257
22237,0.15810991119922815
22240,0.1453037731653987
22241,0.17359119563369943
22242,0.16719358038595084
22243,0.16601325344172463
22245,0.15447325055421782
22248,0.16739545992904312
22249,0.14882094455789635
22250,0.1821235212731213
22251,0.16502505437124595
22252,0.14764824765426546
22253,0.15595096608627768
22254,0.14639585888850573
22255,0.15883329889509587
22257,0.15824728209787503
22260,0.1714547102324242
22262,0.14952468228918508
22263,0.16133610089531344
22264,0.169760103759022
22265,0.17074971335303787
22267,0.1744653985415059
22268,0.1785590504183202
22269,0.14937998214695178
22271,0.14885371105719225
22272,0.1493402756569557
22273,0.14875672787336183
22274,0.17080097384857687
22275,0.1553781648189662
22277,0.18711117477214856
22282,0.17105452332945914
22283,0.1547244629706734
22284,0.14701592644351302
22286,0.17310148191241143
22287,0.14849164768434187
22288,0.169290075593795
22289,0.1473507900613865
22290,0.15054517706054937
22291,0.16341440504157786
22292,0.14676869313824648
22293,0.17474098305915303
22295,0.1516321852001755
22296,0.1719193562146205
22297,0.17172361062146022
22298,0.1484053288454246
22299,0.14944011584710354
22300,0.14643201771160755
22302,0.148125037331698
22303,0.14677291731682546
22305,0.14668662386171052
22306,0.16405771396611196
22307,0.15341869963332674
22308,0.14987016453041202
22309,0.1843809148275177
22312,0.16638300044719434
22313,0.1481342868451588
22314,0.17414574274468667
22315,0.15917680536273685
22316,0.14742118686323444
22317,0.15146590064840795
22318,0.16656302311490348
22319,0.1539573797610867
22320,0.17569736194771288
22322,0.16226037958866799
22323,0.1642437455873758
22324,0.17084921876929193
22328,0.17641105964315656
22329,0.14928657078379434
22330,0.15826880846631497
22331,0.1750473632728253
22332,0.1482770274119287
22333,0.15011307364892013
22334,0.16464108471086353
22335,0.16432191564206458
22336,0.17216903150095236
22338,0.1488145747980835
22339,0.15956686645322085
22341,0.15768222936036744
22342,0.16724888102918356
22343,0.17637908791283802
22344,0.15158962833578962
22345,0.18142654188731838
22346,0.1586884980962842
22350,0.14926129105386618
22351,0.14727390446051308
22353,0.14875777619131964
22354,0.1731639892330603
22355,0.1700250722024149
22358,0.16129967982371246
22362,0.14686626432968433
22365,0.15107091629014924
22366,0.1838570761111831
22368,0.14813291734248563
22369,0.1626972824799121
22370,0.14953584145422716
22371,0.16740238081264802
22372,0.16113783520647978
22373,0.14716525923699594
22374,0.14635734258037658
22375,0.16218501214905215
22376,0.18227591498272644
22377,0.16318874902748817
22378,0.14948310108796303
22379,0.15422919100852106
22382,0.16805965075077806
22386,0.17268190601081446
22387,0.1486057342961201
22388,0.14882961106329148
22390,0.16330272919664024
22391,0.1658171607859805
22392,0.15041807461947165
22393,0.14972268878022216
22394,0.1476788804935363
22395,0.1941032026756384
22397,0.17092321188560236
22399,0.18028852998008496
22401,0.1513732080730852
22402,0.16818411252644505
22403,0.14880565517622224
22405,0.14880916278789383
22406,0.14759221710664217
22407,0.1727874541576761
22408,0.16760147546965465
22409,0.1488287375506572
22410,0.14931633040559514
22411,0.18450520773721663
22413,0.1650230205327215
22415,0.16904529791820955
22416,0.17016670217690838
22419,0.18000564494162236
22422,0.1738869861088725
22424,0.16447978746712477
22425,0.18260601584033612
22426,0.15994272026311623
22427,0.17140054479571787
22428,0.15527707528140702
22429,0.1751890773846467
22430,0.15084185167488945
22431,0.16332523534713067
22432,0.15252157696783816
22433,0.1470922834632033
22436,0.14434601393135987
22437,0.1512176309726617
22438,0.14729695376871174
22439,0.14856032469618044
22440,0.1605460227989038
22441,0.1508229170631442
22442,0.14921143918792557
22443,0.15161634307403488
22444,0.15060935450413335
22446,0.14674403120497306
22447,0.17425554935397336
22448,0.16971939274070033
22449,0.16125405716338848
22450,0.17645762598933515
22451,0.17008424700276364
22452,0.15091112085478148
22454,0.14914980686146562
22455,0.18075172587980776
22457,0.15746506012676548
22459,0.16145487630154032
22460,0.1522492348826684
22461,0.16138552488751456
22462,0.19097381618663115
22464,0.14737953881227858
22465,0.14935298898213784
22466,0.1495538357017344
22470,0.1654893502686307
22474,0.18308878294557623
22476,0.14764076862815628
22477,0.1750765089068516
22479,0.17000594613938821
22480,0.17996355464942257
22482,0.1559612459730952
22485,0.1463128616676614
22486,0.1749579710002701
22487,0.15548830493489987
22488,0.1555565773579119
22489,0.14534498285889688
22492,0.1679952942877434
22493,0.179783865932848
22495,0.16632176585965774
22497,0.17142218675910634
22499,0.1654563304422233
22500,0.1471032354201429
22502,0.16749470603104155
22507,0.1682642105256148
22508,0.14739340318756372
22510,0.14668693542887495
22512,0.169482035237177
22513,0.14944691938570326
22515,0.15325980530921476
22518,0.1707696081984509
22519,0.1513828165139504
22520,0.17256307284557063
22521,0.15909423949076318
22523,0.17007516206637846
22524,0.17821061145887376
22525,0.1709664444008201
22526,0.17549723594821287
22527,0.14700957406773493
22528,0.14996697486440458
22529,0.14595538973655015
22530,0.18111510758165805
22531,0.1470514651307417
22533,0.1694379413675405
22538,0.15309172285309122
22540,0.14902575288961512
22542,0.1651747508258035
22544,0.15096244421417834
22546,0.15417619904962138
22547,0.1744795049729445
22549,0.14890036141812577
22550,0.14934230329929055
22551,0.16894697724676885
22552,0.1810804843114106
22553,0.14702123697315347
22554,0.15886195268266773
22558,0.15059575491480298
22560,0.14851284724221117
22561,0.14508981830032736
22562,0.17604758847637245
22563,0.1722739758633171
22564,0.14991094987060996
22565,0.1538757682540132
22566,0.15061620166643186
22567,0.16227913332093155
22570,0.1498533744216708
22573,0.1690123464213406
22577,0.17234435603113474
22580,0.14900900935390815
22581,0.1772141967068046
22583,0.1462609045052523
22584,0.1725869516856811
22585,0.14752863597439503
22587,0.14450206766394946
22588,0.14781979131509937
22591,0.15481763788461092
22592,0.148409493401816
22593,0.1643785998143038
22595,0.14986134475337617
22596,0.1574765928976622
22597,0.16101360705433349
22598,0.1681059980978661
22599,0.14794485771304322
22600,0.1713325756265344
22601,0.18117652898834147
22602,0.17026876486965084
22603,0.1480872770007345
22604,0.16990460739635418
22605,0.16607979944029058
22606,0.15089308418586497
22607,0.14889720981110158
22608,0.1490442011870697
22609,0.15033121641576594
22610,0.16762288918190457
22611,0.16268944622296463
22612,0.17660965390612307
22613,0.17119730401963146
22614,0.15087412036267123
22615,0.15248153961928385
22618,0.14891197896039096
22621,0.15186783400137055
22622,0.1481095296788944
22624,0.16871990996550967
22626,0.16365341102562103
22627,0.17865336450566244
22628,0.14758382334334688
22629,0.16505771748109924
22630,0.16304706839590588
22631,0.14995291568200683
22633,0.15002192546303544
22634,0.14722129350373667
22635,0.15673502944222373
22637,0.14965496205626871
22639,0.17896504214796966
22641,0.14658850432071563
22642,0.17012621976231795
22643,0.17596061204408703
22644,0.18181604228650186
22646,0.16353906727413528
22647,0.1480050987657379
22648,0.152064101338905
22650,0.150732117115955
22652,0.15670489133167903
22653,0.15111249166023524
22655,0.17807510298264514
22657,0.15012297978983202
22658,0.14860197843988587
22662,0.17599962319532442
22663,0.1645224885492074
22664,0.1627460635429146
22665,0.17186804736741945
22666,0.19129194781217124
22668,0.17858834936273277
22669,0.15090093211013775
22670,0.17415444264866145
22671,0.17024362084306918
22672,0.1469409586367687
22673,0.15335775707075672
22676,0.1645224338407664
22678,0.17699501217962801
22682,0.15047853470570324
22683,0.14712503867968701
22684,0.1489075918351909
22685,0.15145670455971738
22686,0.17326974755885413
22687,0.15578673539196036
22688,0.14780400844313243
22690,0.17937695420041758
22691,0.16956875176214367
22692,0.14577647133559948
22694,0.16784778706278228
22695,0.1478277475535351
22696,0.14887445640412503
22697,0.17842763520172
22699,0.16841952922370576
22702,0.17119901780131377
22704,0.1473685390920312
22705,0.17820282261080825
22706,0.18573987723985252
22709,0.14733917570508032
22711,0.151791609230824
22712,0.14705869686451942
22714,0.15114400880859347
22715,0.17203153750302183
22716,0.14918008947671452
22717,0.14876420302259344
22718,0.146672896621045
22720,0.1523147556473664
22721,0.148081862424435
22724,0.1471825401126515
22725,0.14822385085867312
22726,0.17896183210373118
22728,0.15466613391791675
22729,0.15700887222132945
22730,0.16449178662700234
22732,0.17139133275365986
22733,0.14820987699336072
22734,0.161972454749847
22735,0.1569998212804696
22736,0.1617385217959396
22737,0.1670708573464935
22738,0.14882360217249974
22739,0.19790092289550698
22740,0.15340633816748056
22742,0.15106056628157868
22743,0.17733557575284511
22745,0.1519897315062696
22746,0.1492540121609048
22748,0.18351128048206533
22749,0.14831599985601196
22751,0.1452444836699476
22752,0.1719872543552976
22753,0.15486799164356385
22756,0.1648854131062436
22757,0.14739245267887915
22758,0.1479971654897719
22759,0.15604356425356095
22762,0.17018525388892874
22763,0.14903143075289513
22764,0.1485083700837202
22766,0.14932827917278502
22768,0.15017929788602746
22769,0.14797023060744646
22770,0.14688213346124307
22772,0.16125198025495482
22773,0.15099740148344537
22775,0.1697240688528907
22776,0.14727849371552812
22777,0.155229419481666
22779,0.15287647178370145
22780,0.16675872066901773
22781,0.17491127304140672
22783,0.1485557275226072
22784,0.16327477882503025
22786,0.16848758065935324
22789,0.16363977932525736
22791,0.14866299799374721
22793,0.17352579063691975
22794,0.16760963384159017
22795,0.15354307961034178
22796,0.1493271740355604
22798,0.17431344664840198
22800,0.14925392293854894
22801,0.18286650217236303
22802,0.173944669564864
22804,0.15278612655945537
22808,0.1472853809893226
22810,0.1506639434003725
22811,0.14852863718342163
22812,0.15284308987856257
22813,0.1462956726339221
22814,0.16503483743740285
22816,0.16001386162672937
22818,0.15001417350568708
22820,0.16586274790410735
22821,0.14914454520603332
22823,0.16769548026385378
22824,0.16926313441480625
22825,0.16996227810805611
22826,0.17654749907211512
22828,0.1659296837690541
22829,0.16071910722148727
22830,0.1930735253574018
22831,0.17161552750279413
22832,0.16330840067514565
22833,0.14688630747756434
22836,0.15503973078269068
22839,0.14754773561300802
22840,0.15379128764103842
22841,0.16996825564222579
22842,0.1536978953919596
22845,0.1490381761252954
22846,0.14967787761747411
22847,0.17262493503011853
22848,0.15140498832445107
22851,0.1466757666011018
22853,0.14632787600312008
22855,0.1615026304783571
22859,0.1492523229321564
22860,0.17105350006866857
22861,0.14838637333876215
22862,0.15264529274847724
22864,0.15101655877805542
22865,0.14843128780170753
22870,0.16181944527747316
22871,0.15966884928475106
22873,0.14948085044485357
22874,0.16880367439090835
22875,0.1620755164324713
22876,0.16845629944276422
22877,0.15467453085541918
22878,0.14805139557234187
22879,0.15843480677029992
22880,0.17456359151638534
22882,0.1477621842088334
22883,0.1913378023252157
22884,0.14824252846183938
22886,0.14827955387739322
22887,0.14772656379318277
22888,0.1675890870955981
22889,0.16768557019500557
22890,0.15075448805095532
22891,0.15136812281738257
22894,0.14838544575698417
22897,0.15596568052339074
22898,0.1503426744533278
22899,0.15187544218728644
22900,0.14856957361899184
22901,0.14747891134794536
22904,0.16205006562087054
22905,0.18119331186603202
22906,0.1751841553042211
22907,0.18169137398823512
22908,0.14941669297870358
22909,0.14918002676972772
22910,0.1639340766605088
22911,0.1740966473289753
22913,0.18247637531917343
22915,0.1586041851975011
22918,0.14667863292055036
22919,0.17007662426569192
22921,0.18496452812477038
22922,0.1505207389528869
22923,0.14894697712181248
22925,0.16347567678675548
22926,0.1491189268700134
22927,0.1660552083610455
22928,0.1602161570618147
22929,0.15255255512730814
22930,0.15709074741455395
22933,0.1470702564592889
22934,0.17235493670686958
22935,0.14656588267016218
22936,0.18028847629141306
22937,0.1641197961488194
22938,0.17233422681722974
22940,0.14762199879195512
22941,0.1812072893342256
22943,0.14844629890519503
22945,0.15120182177474356
22946,0.14753007489640843
22947,0.15168032277902707
22948,0.1892537927283878
22949,0.16937240659901703
22950,0.17114781598014567
22951,0.1646383094337315
22952,0.15549188819978305
22953,0.17270418496120238
22954,0.16599324879619307
22955,0.16648333505593071
22957,0.19521795985021131
22958,0.16478095792867475
22959,0.15083603293027203
22961,0.15348801076488083
22962,0.14753567457656303
22963,0.1518247576187032
22964,0.1696339234708079
22965,0.1685747755267885
22966,0.16999636037909097
22967,0.1630482204839279
22968,0.17175753134920374
22969,0.14826603242549916
22970,0.15298839889260316
22971,0.15856284501171752
22972,0.16346100911959385
22973,0.18018324679337552
22974,0.15148182559249365
22976,0.1523450680907755
22977,0.16687513539899265
22978,0.15155250445206167
22980,0.14953601113065648
22981,0.14604702784468826
22983,0.15326693948308673
22986,0.14898223174408348
22988,0.18393438325584932
22989,0.15033823021232356
22990,0.16291488296171047
22992,0.15070440486970282
22993,0.15204230086708742
22995,0.15133574176173806
22996,0.16256755899272776
22997,0.15257153273887397
22998,0.16130884198985598
23002,0.1754941803218437
23003,0.14584153496907085
23005,0.14813537477797725
23006,0.1503792997400635
23007,0.14668774618322988
23008,0.16181608299589334
23010,0.17391216346913355
23011,0.14526237777474518
23012,0.16881141710330744
23013,0.1526013650209354
23014,0.14598106494405091
23015,0.15191815377541845
23020,0.16571525314482008
23021,0.16589948785707334
23022,0.15197807653831052
23023,0.1530499742061049
23025,0.14789126459369706
23028,0.17286350824897867
23031,0.18068022488516494
23032,0.1498199375363765
23033,0.1458518928255188
23034,0.1822697995013893
23035,0.17314437866765672
23036,0.17596918220430202
23037,0.1506423452914684
23039,0.15354888568913322
23040,0.15037275556073834
23041,0.14825089999652885
23043,0.14830666773435017
23046,0.15961258995497438
23048,0.1516084398576857
23051,0.16693756653617942
23052,0.15374072540571412
23053,0.17196032077200285
23055,0.1690396884940725
23056,0.14682046122712475
23059,0.1739708652916634
23060,0.16295241684438294
23062,0.16518362393422414
23063,0.14797283087354887
23065,0.14750070559019463
23066,0.14892232927487736
23067,0.1651485563989586
23070,0.1704694166506317
23072,0.14867199073777568
23073,0.14634882218637826
23074,0.14721221641431198
23075,0.14967923471138778
23078,0.14937337045987248
23079,0.16992090292347614
23080,0.16767189604582863
23081,0.14592199834478214
23082,0.16654201573086733
23084,0.14822620649801566
23087,0.1468349991226699
23088,0.1505437329480648
23089,0.17987921981373303
23090,0.17498938641916317
23095,0.1478089347412649
23097,0.16844999127958057
23098,0.1475024066133875
23099,0.15260367895583374
23100,0.15905112883056763
23101,0.18348444325939517
23102,0.17435467583214295
23103,0.15545107485430876
23105,0.14645760251625364
23106,0.1575796577939906
23108,0.1482483251207982
23109,0.17381356234775813
23110,0.14995930155100543
23111,0.14619844657460535
23112,0.14546709195494043
23113,0.15271009977237365
23114,0.16936777941484002
23115,0.17877276924072844
23116,0.15213684902364663
23118,0.1485890641191994
23119,0.14797957430191516
23120,0.15943438161420495
23122,0.175294775045745
23123,0.16690050756270056
23124,0.1477991045692461
23125,0.14636655600157736
23126,0.17040956900892942
23128,0.1523523553012339
23129,0.17522178925395238
23131,0.14875811796180574
23132,0.16943994567221835
23133,0.16384882334407683
23134,0.1635392804938798
23135,0.1504023532197899
23136,0.14644696019913456
23137,0.15218872840153858
23139,0.1586963986889506
23142,0.1516128457647315
23143,0.1500487649324878
23146,0.16621046764821507
23147,0.1627600414048384
23148,0.1577683874544437
23149,0.14487912252070412
23151,0.1505181985235389
23152,0.15937983044595785
23153,0.14913497409897172
23154,0.17306803714046817
23156,0.16185018239860255
23157,0.14636946758444827
23158,0.15065631484116018
23161,0.1779094702640563
23162,0.153979708512149
23163,0.14846500584800923
23164,0.15245017717355072
23166,0.15440926188074225
23167,0.1748608867195819
23168,0.1518898162273094
23169,0.1558885934615084
23170,0.14816269747534921
23171,0.16071410593796961
23172,0.14962784320174716
23173,0.15037755881181888
23174,0.15048444031970926
23176,0.17311125331853358
23177,0.1551908213350959
23178,0.14669019217588217
23179,0.15082041747517413
23180,0.17008887335923087
23181,0.15465748056744888
23182,0.16654207276462354
23183,0.16652867102394467
23184,0.15068314862792298
23185,0.1720011248615725
23186,0.14685245911578182
23187,0.14888588871396993
23188,0.1485322349786619
23191,0.15178401631629396
23192,0.14968666134364828
23193,0.16201497523948738
23194,0.17034916749008056
23196,0.1500411700955143
23197,0.15180313183380584
23198,0.16518317137058866
23199,0.1482440858332081
23201,0.1582017983542635
23202,0.16876895220229246
23203,0.15685821070384734
23204,0.1500801522700846
23205,0.16525096019825078
23206,0.15039939906396918
23207,0.14715672865522791
23209,0.16192418004931478
23211,0.1784331069529798
23212,0.15068753099769353
23214,0.15820843133674772
23215,0.14659242719742938
23216,0.17741393205896844
23218,0.1535701214729978
23219,0.14810744047753446
23220,0.16042434386346285
23221,0.1497929394891368
23222,0.17404242039962609
23224,0.1611129751970701
23225,0.16425381147613957
23227,0.1570591310064915
23228,0.1694978557721095
23229,0.17196650696032287
23230,0.14856215866925893
23231,0.14971731441454258
23233,0.16422884157530906
23234,0.16082107565452758
23236,0.17289307559329056
23238,0.14580319700412087
23239,0.1435987691162742
23240,0.1455678512074904
23241,0.15235593296835417
23242,0.17033734696470537
23245,0.17279867557521805
23246,0.1475760428920438
23248,0.15479705229561352
23249,0.1601104674769583
23250,0.16980687604274686
23251,0.17012406025398533
23254,0.17774952990277915
23255,0.17271163738113834
23257,0.15301145070022115
23258,0.1658294963068644
23259,0.17247444496216707
23260,0.16042894351867065
23262,0.16081297105404355
23264,0.15699868527727603
23267,0.17487512998568053
23270,0.17723697822444093
23271,0.1661551720225312
23273,0.17164268022897788
23274,0.14830507105721882
23275,0.15132795703731353
23276,0.1721223801583548
23277,0.1665794309357111
23278,0.1580448101873346
23280,0.17616698217054752
23282,0.17064654747018765
23283,0.16759828073528732
23284,0.16692356977110095
23286,0.1491665376042987
23287,0.1676817714729082
23288,0.1470224612673468
23289,0.17518390725429048
23291,0.14695982036999278
23293,0.15348383386938974
23294,0.16261592916125703
23295,0.15803188476452487
23297,0.15009670023606558
23298,0.16553543876622928
23299,0.16477986411158302
23304,0.14926631150932534
23305,0.16055210490703972
23306,0.14596627110066906
23307,0.15681180813880344
23309,0.1520713013883084
23310,0.18047523823305692
23311,0.17523486365008686
23313,0.14778665709914726
23314,0.1649534349838045
23315,0.15355655020223993
23318,0.1480095704047142
23319,0.14554124405155772
23320,0.14817807834775376
23321,0.15597185519623094
23322,0.16225380563156466
23323,0.16784577705820222
23325,0.14960020892406817
23326,0.16710484703040537
23328,0.1565226901320719
23332,0.1461907885624002
23333,0.1488834976603758
23334,0.17859424975610608
23335,0.14852531334988325
23336,0.16440861344857374
23338,0.15400417866262386
23339,0.1639897754418098
23340,0.16689171659233337
23343,0.14733334637283058
23344,0.1650488309760172
23346,0.16369524634625307
23347,0.17179060082671285
23348,0.14695312536003605
23349,0.15840022326270076
23351,0.1685138767020248
23352,0.14988435418045096
23353,0.18031304788658625
23354,0.14900569385839876
23356,0.17894134979127801
23357,0.1682635954019451
23359,0.1504825072942867
23361,0.17381242199913574
23364,0.1717984826523553
23365,0.14765915073206168
23366,0.17670320189209104
23367,0.1484021772306457
23368,0.17035104799708445
23369,0.14646513705447303
23371,0.17579795713657834
23372,0.15842382937960803
23373,0.16728448509132499
23377,0.1654985209788415
23378,0.14770555936193638
23385,0.15123049906481856
23387,0.1486281457041045
23388,0.15227881297866788
23392,0.1476759310615472
23394,0.14983976387294476
23395,0.17105811740741778
23397,0.17281619470665135
23398,0.1518368591783462
23399,0.1682547478820094
23401,0.15633611215084078
23402,0.16826466716132096
23404,0.15996250712449886
23407,0.1667744976519654
23409,0.14798444176808442
23410,0.1541106916424681
23411,0.14463306015214097
23412,0.1679143442460764
23413,0.15891748352896032
23415,0.17088217516469842
23416,0.16830380331518244
23417,0.1490139882461101
23419,0.153588712714298
23421,0.14926527423628558
23422,0.1471036892579805
23423,0.17227539422379826
23426,0.1677486902546116
23427,0.15008130416008464
23428,0.14834358223215766
23430,0.17397958998686935
23431,0.15861142383426166
23432,0.1705157845868696
23433,0.1489253368695461
23435,0.1489041911617457
23436,0.16549945652205642
23438,0.1740295387996704
23439,0.15108240835658682
23440,0.15666934108899386
23441,0.14864913518410647
23442,0.14671488619905035
23443,0.1747585918315513
23444,0.16142092561055588
23447,0.14806743747815965
23450,0.15224144560106656
23452,0.14897523480913488
23453,0.16423293397445132
23454,0.15313300665532342
23455,0.1470856775637302
23456,0.15459104376062505
23457,0.17331188973494985
23459,0.1722402066521311
23462,0.17705203923407728
23463,0.14678661380018992
23466,0.15066164061348497
23468,0.16963429716827325
23469,0.1614136822427866
23470,0.15104157211638317
23471,0.14979637680294233
23472,0.16473502325185188
23473,0.16871154015455567
23474,0.1518172319634066
23476,0.17493143766744643
23477,0.16211403012547915
23478,0.17585824872899428
23479,0.15441950985381123
23480,0.1799390903070944
23481,0.15112786692144406
23482,0.14696450246657508
23483,0.1554417473411795
23484,0.16084071825116075
23486,0.1458335698901023
23487,0.1503505944943865
23488,0.14778652299161052
23489,0.15396876518549474
23490,0.16524043644603753
23492,0.1470976848249094
23493,0.1526285335623831
23494,0.1814487317349782
23495,0.15487957146799752
23496,0.1584517182013941
23497,0.14932378069658342
23498,0.14443961959911225
23499,0.14822207999925757
23500,0.15306471988541775
23501,0.15478995526914704
23504,0.18134211033876796
23505,0.14573883434994458
23506,0.15696945809643487
23507,0.15208960132187707
23508,0.1620994663483489
23509,0.16769637475215174
23514,0.16134824226083141
23515,0.15009096885904766
23516,0.1494353301186269
23517,0.1806095582882696
23519,0.14768990890986408
23520,0.14995943401526568
23521,0.14706879128570619
23523,0.1486003474938173
23524,0.15196561265322642
23525,0.17350660390860034
23526,0.1667513145327077
23528,0.1626743382704873
23529,0.1665691368665077
23530,0.159050320120753
23531,0.16965309033549378
23532,0.1495386759090864
23533,0.15357913291879868
23534,0.1478305112769828
23535,0.15204577104056197
23538,0.15183878084190075
23540,0.14744632749656256
23542,0.14785034423302473
23544,0.16945870791490966
23550,0.15455666809207028
23551,0.16138593587699135
23552,0.14720879684609187
23553,0.15705913450206826
23554,0.1582351799312346
23556,0.16376342698569984
23557,0.1746340347423164
23560,0.1713198416443296
23561,0.1489741534401142
23564,0.16583061032546537
23565,0.18256269056758637
23566,0.1670071563658439
23568,0.17674651141903294
23569,0.14962840307185238
23571,0.171115688617095
23572,0.14566107564969996
23573,0.15355876531891022
23574,0.1711720309662002
23575,0.1604702355449367
23576,0.1789423211527551
23577,0.17748573692156727
23578,0.14937630571028487
23581,0.16592228597379047
23582,0.15004323551251597
23583,0.16941019951963182
23584,0.15061420582544846
23585,0.1640115616947513
23586,0.17094308173372225
23590,0.14648146874521548
23592,0.15310762192832705
23593,0.15058247932317112
23596,0.16399029981493324
23598,0.17057766908623967
23599,0.14850596581889328
23602,0.17139796456021403
23603,0.1679850757210179
23604,0.16252630417884964
23606,0.15970511533501122
23607,0.14750744853841613
23608,0.15965612948469032
23609,0.15029981152270988
23610,0.17011966244611185
23611,0.14636306557567574
23612,0.14824726346530018
23614,0.14982525293290633
23615,0.15107715204083486
23616,0.14911848521466126
23618,0.18252295774051894
23619,0.16624682588757192
23621,0.16149314132476522
23622,0.14941489026135552
23625,0.16127493884528143
23626,0.1618393079775149
23629,0.17192065224579925
23632,0.16989398091211913
23633,0.15080552515936416
23634,0.14776834789667917
23636,0.1594417658244231
23642,0.17112075036689986
23643,0.14795240266491577
23645,0.1582340423438115
23646,0.17052528178586296
23647,0.14993862407264286
23649,0.16738893478948466
23651,0.16136654701237582
23652,0.14743607697288252
23653,0.1446095095081376
23654,0.1668236141163258
23655,0.1499453525964811
23656,0.16819652515106379
23659,0.16855748367335205
23661,0.1486380146098497
23662,0.16538306473257744
23663,0.18071133967376332
23664,0.16217492354400517
23665,0.15512159855031404
23666,0.17833387370042172
23667,0.16124775560898982
23668,0.14549903241732806
23669,0.18593726602829339
23670,0.15227183744185985
23671,0.15020509351203895
23673,0.14762173435156398
23674,0.148628333150159
23675,0.1591608229604845
23676,0.15102102088440983
23679,0.14649914016584697
23680,0.15445497724455384
23681,0.16476318480257765
23684,0.16451986442525535
23686,0.16580326429508668
23687,0.15025726043365523
23688,0.15291262226880864
23689,0.1758064495586104
23692,0.16632845765305435
23693,0.1497988539913438
23694,0.1766210016942087
23696,0.14718043225696603
23697,0.14897571516949026
23698,0.1718623078398737
23700,0.15071433859554384
23701,0.16719875732370795
23703,0.18287240445755087
23704,0.14791083686870704
23706,0.15243776676122492
23707,0.16324255406348617
23711,0.17559467238434293
23713,0.15213339518684316
23714,0.14832069280167123
23716,0.15869058324885252
23719,0.14814452801747616
23721,0.15283065698135315
23722,0.14886085173124505
23723,0.1696945031591289
23724,0.15073266809861835
23726,0.15237867073935543
23728,0.14643530376510863
23729,0.15737666432011593
23730,0.17888076268601238
23731,0.14604550749331147
23733,0.14663044588580224
23735,0.16351928900245427
23736,0.1439757292015267
23737,0.14438379363633683
23738,0.1675262017115968
23740,0.1777881017118647
23742,0.18042051071823198
23743,0.15096131570777324
23744,0.15069685855473383
23745,0.16255180658935137
23748,0.1708574779151767
23749,0.1518032303835204
23751,0.1618882655061364
23752,0.1662135721892066
23753,0.1491206590378668
23754,0.167310047022224
23755,0.1448151084091707
23756,0.1511837256508888
23758,0.146580951140696
23759,0.15684775801332326
23760,0.1762519373844136
23761,0.1775812888537684
23763,0.1499503319562772
23764,0.1673738430986708
23765,0.1589969296077923
23767,0.14948677032316868
23768,0.17065936178474672
23769,0.15652339513828942
23771,0.1689172236268685
23772,0.15299356419192348
23773,0.15106190390986868
23774,0.17813149106322415
23775,0.1464715460177959
23776,0.15656460455241938
23777,0.14894738839461713
23779,0.14481539461668028
23780,0.15719216802201733
23782,0.14790724806508462
23783,0.150824727588165
23785,0.15336170697669765
23788,0.16229174251729528
23790,0.1813203902475618
23791,0.14769894372237583
23793,0.17160326468547324
23794,0.1781652905243383
23795,0.16169263413933854
23796,0.15232415834242174
23797,0.16930904021061427
23798,0.14909939204662795
23799,0.15483995623415037
23800,0.1483705030735933
23801,0.15006642306919982
23803,0.15878922399200662
23804,0.15127602488965983
23806,0.1499628697147122
23807,0.17393804715936606
23808,0.14797923951986294
23809,0.16324142509048517
23810,0.1499366324948307
23815,0.18161527510329684
23816,0.17189947767310504
23818,0.14546773555625528
23819,0.15107907886883007
23821,0.16223385019267847
23823,0.1503744209464081
23824,0.17306645418222508
23825,0.17799844683939328
23829,0.1481108264047537
23830,0.17402079082137373
23831,0.15355798446059007
23832,0.15936182799935397
23833,0.16985742772463183
23835,0.15878846210239514
23836,0.14734248420488905
23837,0.15176238817704174
23839,0.15011709168922252
23843,0.15531773055097944
23844,0.16658601507321522
23846,0.17062897758895665
23847,0.14621594456047013
23848,0.15611517106352282
23852,0.17801196760378293
23853,0.1474646647695973
23854,0.14856461215005162
23856,0.15076760731377295
23858,0.1609803259579793
23859,0.1742123563782056
23861,0.15515041933312343
23863,0.17185838374146742
23864,0.1517018277855127
23865,0.1595290677656004
23866,0.15899125105841364
23867,0.14805298337698328
23868,0.14926962701591429
23869,0.14621333868025055
23872,0.16126089741773922
23875,0.1483733321295657
23876,0.16208053350524249
23878,0.14667098831029118
23879,0.14669252198685895
23880,0.16661904268788783
23881,0.16377056711531815
23883,0.1704240116525986
23884,0.15620509936111615
23885,0.17342064570018045
23889,0.15480142814724093
23890,0.1730227475817667
23891,0.1574833848441644
23892,0.17800509938737713
23893,0.18288625547584628
23894,0.1777564060694587
23895,0.1496565153532258
23896,0.16049024787764704
23897,0.15129141652611414
23898,0.17176435544864954
23899,0.15052194173089034
23900,0.1474345367751637
23901,0.1679652462314531
23904,0.1690350845586062
23906,0.1657810906711975
23908,0.1716612320765943
23909,0.15165914150762871
23910,0.1478930609724741
23911,0.1705236028356631
23912,0.16361945706011588
23913,0.17151214901719247
23914,0.17013109619828415
23915,0.1622100261092183
23916,0.14668947570726162
23917,0.15552947229085273
23918,0.14979543265997752
23919,0.15282039865924701
23920,0.15052812953413608
23921,0.1590927599330796
23922,0.16089728400303727
23923,0.15426368210718347
23924,0.16182329175316568
23926,0.14736650421520406
23928,0.16729501693209634
23929,0.15547657379664226
23930,0.14834690672796932
23931,0.14810020044580474
23932,0.14540835044656183
23933,0.14835548861029932
23935,0.1649542512104255
23936,0.14691336929793225
23937,0.15291295079873815
23938,0.1673720085039348
23939,0.15886180260786825
23940,0.1538466103975947
23941,0.15623636332904983
23942,0.17543684799027004
23943,0.15021939033293386
23945,0.16872816058967677
23946,0.1499563440272428
23947,0.1592271120714085
23948,0.15604279323272932
23949,0.18180829855924016
23950,0.1491250590380938
23951,0.15185575286537445
23953,0.1590560701836488
23955,0.15085152593844164
23956,0.16342767291630922
23957,0.15500070803601146
23958,0.15161933615249312
23959,0.15043376820560989
23960,0.14877792569607262
23961,0.14743640554959622
23962,0.16049193463333714
23963,0.163379572166878
23965,0.15053294190018732
23966,0.1486601948010324
23967,0.17513589953243358
23968,0.14535660148942986
23969,0.14579339756109833
23970,0.18781371918362177
23971,0.14613346755740972
23972,0.17298139335489737
23973,0.16290199253702164
23974,0.17460578463753892
23975,0.14716313954452695
23977,0.14851820316440528
23978,0.1491707651151789
23979,0.1560306018859903
23980,0.16993315974097475
23981,0.15201546206295638
23982,0.16800728157362263
23983,0.14628279721678109
23984,0.1463466563141824
23985,0.17669166418087678
23987,0.17567312275568092
23989,0.1559190483742088
23990,0.1751709520273343
23991,0.15986370918226087
23992,0.15389935038391916
23993,0.16215161367349235
23994,0.15253589384736427
23995,0.17845679783780738
23996,0.1492502018210363
23998,0.17942122352581816
23999,0.1436067690342499
24000,0.15059737034540494
24001,0.16374964780041004
24002,0.1784345209215362
24003,0.14977010244755048
24004,0.14528884628461
24005,0.16511722168702925
24006,0.15078901565726446
24007,0.1468761108990505
24008,0.16623838381730338
24010,0.15253243571479333
24012,0.14783207448295543
24014,0.14862835954392675
24015,0.14937495376053778
24016,0.15288219865867975
24018,0.15224168168188662
24019,0.16694003510155042
24020,0.1468493214331839
24021,0.14898392848724434
24022,0.1703991527444902
24024,0.17467225416997492
24026,0.17825021847852393
24028,0.14729747967319023
24029,0.15099219044329354
24030,0.17903444041367844
24031,0.1803833149550945
24033,0.14576292971677693
24034,0.17548678539635146
24035,0.1533170852277443
24036,0.16040125345137365
24038,0.16371159566046609
24039,0.15274410158072152
24040,0.14966588710624595
24041,0.16653445719316248
24043,0.15629430315296605
24045,0.18818212658340888
24046,0.16883228554678922
24047,0.14928010836450137
24048,0.16536292108900363
24049,0.16890179555833107
24050,0.18602206777408806
24053,0.14833566210667137
24054,0.14698636001124227
24055,0.1710262745875642
24057,0.14864619451958172
24059,0.1554070267195636
24060,0.1701577688065124
24061,0.16380216145604262
24062,0.14673113587432374
24063,0.17833845994565878
24064,0.15605118277492291
24065,0.14972877308236515
24066,0.1488840896518134
24067,0.14965724696883953
24068,0.173380309337721
24070,0.1843856673935765
24071,0.14694226387753873
24072,0.15922269316971988
24073,0.1475065543220383
24076,0.14548336874481613
24077,0.16060767073808774
24078,0.14542688673906554
24079,0.15245454467270791
24080,0.16292618625457772
24081,0.17268770255592067
24082,0.14820563762700428
24083,0.14732516199936616
24085,0.152527639066263
24086,0.1707492391588664
24087,0.16335837842902784
24088,0.15673819471769673
24089,0.15162362674997015
24090,0.17741142565446688
24092,0.1516142703042969
24093,0.17204306759340043
24094,0.15099467122929522
24096,0.15116267688861584
24097,0.17904255790855594
24098,0.16811905785569764
24099,0.14791528430495726
24100,0.15470814525034915
24101,0.1651325006073687
24102,0.15664933570122608
24103,0.14675460746904898
24104,0.1478152052861722
24105,0.14628064856445888
24106,0.17321579846714655
24107,0.1730706667180389
24108,0.14656298053203723
24109,0.17373223022696663
24110,0.1496255588301742
24111,0.15998791187335118
24112,0.14844724648547347
24113,0.1539866930340335
24114,0.15433498648961363
24115,0.17289880501526986
24116,0.1593757231259429
24117,0.17800202197866058
24118,0.15082872907742922
24119,0.15096537641585853
24120,0.1450771071841676
24122,0.1484832468934801
24123,0.16191929998057128
24124,0.14717159468363397
24126,0.18606711270410745
24127,0.17047491080140312
24128,0.1540989721470058
24129,0.14977054940163903
24130,0.16045950000631215
24131,0.1509262031750797
24132,0.16344223670393168
24133,0.15186514703075552
24135,0.1664931819345795
24136,0.1444819295673507
24137,0.16052065701285775
24138,0.17024909457237541
24139,0.16419899886301428
24140,0.1513631732668076
24141,0.15232867818961257
24143,0.1591096125648914
24144,0.14785240371125968
24145,0.1726070773206697
24146,0.1484885075782923
24147,0.16379128754709096
24148,0.16934442504007682
24149,0.1472156579741472
24150,0.18544541782251459
24151,0.1485718710534798
24152,0.17664377529507488
24153,0.14852099382101266
24154,0.16647668394696113
24155,0.15720291565623767
24156,0.14647920729378047
24157,0.16852172326440387
24158,0.15251445788067636
24159,0.166598561650412
24160,0.14841808564329534
24161,0.14936664270924285
24162,0.15048010352248622
24163,0.15996047032760174
24166,0.17688253626229358
24167,0.16033368560584593
24168,0.16723413050218142
24169,0.19207085728064982
24172,0.16919433673478057
24173,0.15349992954980293
24174,0.14994832436974564
24177,0.1500465256694698
24178,0.18515401805941525
24180,0.15881161158895266
24181,0.15148211771660652
24182,0.15386119006912605
24183,0.17320861073682056
24184,0.1671829084626476
24185,0.16040434014335886
24187,0.18483737473108866
24189,0.18064435065606
24190,0.1548713554199131
24191,0.1754982451444491
24193,0.15074268176527145
24195,0.16826591255445966
24196,0.16838798170909047
24198,0.16940753331245015
24200,0.17124111258614372
24201,0.15189595611390264
24203,0.15084156425417583
24204,0.17169900545561526
24206,0.14780630089379798
24207,0.1761343413705473
24208,0.14971001041936574
24209,0.1491673328001035
24210,0.1483668627654474
24212,0.14544871988397237
24213,0.18506447346029947
24214,0.15568542457432977
24215,0.17532829311267872
24216,0.14990904063128926
24219,0.1488561506965399
24220,0.17496930758125173
24223,0.15031907283745777
24224,0.14913437349389067
24225,0.1625875608940762
24226,0.15726711793256506
24227,0.14855140415619308
24228,0.14907953919262798
24229,0.16050453327487602
24230,0.14770029150004516
24231,0.15992733336161766
24232,0.1503301766878528
24233,0.15126887387850202
24234,0.14900883038793838
24235,0.14360746449399306
24236,0.15157484202069313
24237,0.16240986525450204
24239,0.15108351891073935
24241,0.16057355318144326
24242,0.1503125586727495
24244,0.16946178732825373
24245,0.16722047423138084
24246,0.17368923763237748
24248,0.16811920712854395
24249,0.14980896311403627
24250,0.1478011654762007
24251,0.14812924111278475
24252,0.16024133357009243
24253,0.1476276475751834
24255,0.17614021844820085
24257,0.1515823761109259
24259,0.14758757601075193
24260,0.147575110508039
24261,0.16361175764118902
24263,0.1642245640178184
24264,0.15175452119672778
24265,0.15596329680738213
24266,0.16486227262033665
24267,0.1630768398467061
24268,0.15421933492306866
24270,0.17188467413411235
24271,0.1713608832024515
24272,0.15182413981738863
24274,0.147568427528235
24275,0.14869799343902865
24277,0.17122538497707582
24278,0.15121066892536075
24280,0.14994872878895027
24281,0.16916858186673245
24283,0.16063583624329683
24286,0.1708088074917325
24287,0.14950582469438542
24288,0.17087121544256223
24289,0.16619243626725727
24291,0.1467735600667257
24292,0.18817949761924488
24293,0.14341731146295644
24295,0.149017140719658
24296,0.17223079201434632
24297,0.150053027400076
24298,0.15115473623493939
24299,0.1758846372631579
24300,0.167321379316806
24301,0.15566022092596968
24302,0.15175249188634587
24303,0.18301191065321887
24304,0.15621219082907342
24305,0.15786618677777767
24306,0.17299357783843852
24307,0.14860049032678557
24308,0.17328238086113043
24309,0.1486431036272437
24310,0.16095357213148703
24311,0.15513426894400584
24312,0.1619229254623782
24313,0.14717398917970462
24314,0.14746796884898086
24315,0.1549662169916803
24316,0.14467187164538492
24318,0.14903762215282382
24319,0.16290442302450095
24320,0.1511755953733636
24321,0.14905047159615326
24322,0.17837517368050965
24323,0.17807804428694898
24324,0.14937128910611705
24325,0.17013672030623667
24327,0.16282397407368748
24329,0.1758004404827056
24330,0.17565518357040702
24331,0.16274333124281454
24332,0.154666935234948
24333,0.15345862800087282
24334,0.14745845162134605
24335,0.1479623011964885
24338,0.17305010052463046
24339,0.1459668466749494
24340,0.14798477269743907
24343,0.16041717218319967
24344,0.1478109387568991
24345,0.1682431426823887
24346,0.16076287016946217
24348,0.1506556402476559
24349,0.14960404993148574
24351,0.1639315597615901
24352,0.1488088815235802
24353,0.1471489449498786
24354,0.16813909682420686
24355,0.15925814713969483
24356,0.16868848286402519
24357,0.15532257243438288
24358,0.17027031530156095
24359,0.14882492031668276
24361,0.16961718774967396
24362,0.1692193296736716
24363,0.14999429991967353
24364,0.15778834877020234
24365,0.17007105212485524
24367,0.16330537408026527
24368,0.15080361726085484
24369,0.14908656198490267
24372,0.15202275618951602
24373,0.15183568494823477
24374,0.15087296779446793
24375,0.16568796415528897
24377,0.16120223464244599
24378,0.15551961536734024
24379,0.17352759847622226
24380,0.14947202242636212
24381,0.1744536068149153
24382,0.15175816745240947
24383,0.1582181391022312
24384,0.1508173694336591
24385,0.1614033341730249
24386,0.1553743543421977
24387,0.15636337319026414
24388,0.15922375238100436
24389,0.1462886524473618
24390,0.15035559143117663
24392,0.14936592099815515
24394,0.1519570737709199
24395,0.1796348201267934
24396,0.18459398129617216
24398,0.17888281902256617
24399,0.14569449134285822
24400,0.1500482199708556
24401,0.14860385860703582
24402,0.15075641350595947
24403,0.1495475054404056
24404,0.15280372701351258
24405,0.17361824315359226
24406,0.1638811832012395
24407,0.1643288979727951
24408,0.15711733518943344
24409,0.17113256621954276
24410,0.1487795932870691
24411,0.1499659907420856
24412,0.14911581614924513
24413,0.15035761216905622
24414,0.1632126120100052
24416,0.16823211628539714
24417,0.1642654839986937
24419,0.15458574985026174
24420,0.14976195064299805
24421,0.15727565143889774
24422,0.15422684203673187
24425,0.1700013662203956
24426,0.15172171482893743
24427,0.14924088839028213
24429,0.16502963929899891
24432,0.14667287551911065
24433,0.1728769474501303
24434,0.16941473947017568
24435,0.1782011036153007
24436,0.14875529689648245
24437,0.1448095879800814
24439,0.14814088064001651
24440,0.1700773788500246
24441,0.16288901773554856
24442,0.1819013186075426
24443,0.15281934728249194
24444,0.15281200542289575
24445,0.16002940062854557
24446,0.17128687379128082
24447,0.1694460403247437
24449,0.1654489281929471
24450,0.14788002054729646
24451,0.17003517325885725
24452,0.16028250268345706
24453,0.14997863096168135
24454,0.15253348273324022
24456,0.1703436045829865
24457,0.1509544067947171
24458,0.14520826721320798
24459,0.14709802674869224
24460,0.14659261676153645
24461,0.15090368004429827
24462,0.16967699363814945
24464,0.16891748578101168
24465,0.15442681367489558
24466,0.1562680705584331
24467,0.14763165272788828
24468,0.16596050886928645
24469,0.14913392008571752
24474,0.16697281233908393
24475,0.1512914925410938
24476,0.16825530388472099
24477,0.17367798837779405
24478,0.17592440285630342
24480,0.17569943473652738
24481,0.15226060826535626
24483,0.16762868943338605
24484,0.14707954672612708
24485,0.17478018702189832
24486,0.16930519875219693
24487,0.16176955442376129
24488,0.1527603464794758
24489,0.1462612067086524
24491,0.15072917736410185
24492,0.14907032634821452
24494,0.14964461684750205
24496,0.1493999328357327
24497,0.1756081056808811
24499,0.15495206039372164
24501,0.14851703603562408
24502,0.16121681323737375
24503,0.1663393846654085
24504,0.16921402600492935
24505,0.1540889461837109
24506,0.17609423631738763
24507,0.16269482554189293
24508,0.15036250294033918
24509,0.17606705192285585
24510,0.17014076639452624
24511,0.14912085379588336
24512,0.14944100980737218
24513,0.16981293105572112
24514,0.1720520784807314
24515,0.15222548466631433
24517,0.17561026896313117
24518,0.14734806175578444
24520,0.14744414863242306
24521,0.15566377050654243
24523,0.17692983721028271
24524,0.14748823377025533
24526,0.16331475655787295
24527,0.15851613806086443
24528,0.14857919703286923
24530,0.14854558094093365
24531,0.1829637753482008
24532,0.1784716319438427
24533,0.18100173554987314
24534,0.15681109182414477
24535,0.14919851980080748
24536,0.1773212055549958
24538,0.1609401731475589
24539,0.14801292019159343
24540,0.17196180337073844
24541,0.1675879088182354
24543,0.17362158730488
24544,0.1472535513170453
24546,0.1560997505814794
24547,0.1461032443125967
24548,0.14956027232260682
24549,0.17095877653097738
24550,0.1705424198095439
24551,0.14956290838778308
24552,0.17630191370971318
24554,0.17144516262760556
24555,0.16303373427793422
24556,0.1477343893106016
24558,0.14866350660180774
24559,0.17564400464402807
24560,0.15051451963529736
24561,0.1476578912881902
24562,0.16706050511144618
24563,0.14580135687894225
24564,0.1628873247727211
24567,0.151274792545102
24568,0.1466873014402108
24569,0.18397755407242541
24570,0.14869030269953046
24571,0.1627658990945307
24572,0.14957180373860443
24573,0.1504061519055756
24575,0.1764913784280417
24576,0.15182278470369148
24577,0.16863470196091476
24578,0.1784478904265805
24579,0.14690450995962892
24581,0.14508257921172651
24582,0.1696943984861801
24583,0.16073856495570538
24587,0.1496813146110048
24588,0.16225727036906976
24589,0.17635226837260876
24591,0.15009377399073193
24592,0.14945081306181723
24593,0.1509795740631346
24594,0.16872251066845728
24595,0.1488860279964493
24596,0.16103782311232714
24597,0.1460330573985424
24599,0.14607282921955309
24600,0.18023423918922482
24601,0.1480328823001195
24603,0.17159426680012826
24604,0.15906277144166267
24605,0.14826170413233736
24608,0.14836077990520644
24609,0.17316793265341068
24610,0.14638424836783334
24613,0.18210857874640807
24614,0.17188455730913868
24615,0.15007088721983458
24616,0.151144829341678
24618,0.14882365597577116
24619,0.16378140932790136
24620,0.16959849986454634
24621,0.14766593508665396
24622,0.15962692243674928
24623,0.1676314657001427
24624,0.18476032531879694
24625,0.16477891343926762
24628,0.15949449102598243
24629,0.14825865433034652
24630,0.14799757856580018
24631,0.1655910090336419
24632,0.15456146452463576
24633,0.15028796872133107
24634,0.18125255661651604
24635,0.1648116766082546
24636,0.174849255568089
24637,0.16279923718320882
24638,0.14733455983933053
24639,0.16180910288103673
24640,0.1814605301296591
24641,0.1606336594455797
24642,0.14759965085298088
24643,0.1499092428590526
24644,0.16300679246490435
24645,0.164050230095589
24646,0.14935663070583274
24647,0.14831117511500921
24648,0.15420296521806745
24649,0.14928622717224077
24650,0.16976392027259038
24651,0.1536054719384943
24652,0.14628528625720977
24653,0.18433730289447856
24654,0.16992944469694415
24655,0.18396691500964132
24656,0.14833481289030181
24657,0.16938140073699634
24658,0.14917476816025457
24659,0.16002327566996397
24660,0.17138654361804556
24661,0.14866122473844656
24662,0.1493644212402331
24663,0.1765577737702419
24664,0.1724878372031763
24665,0.14983552452119875
24666,0.14925428927055384
24667,0.1486587806809373
24668,0.17608915348487736
24669,0.16085302499593918
24670,0.17250632985753134
24671,0.15274542908741914
24672,0.18899943740001673
24673,0.15812472610157816
24674,0.14572632146877063
24675,0.14950040355637065
24676,0.15225952178010202
24677,0.1826375515499624
24678,0.14805066782286616
24679,0.17043735399042198
24680,0.14748696321549912
24681,0.14716557919535192
24682,0.14588114708427447
24683,0.16583871305089887
24684,0.17121801566426237
24685,0.16539398247090573
24686,0.1533390799626484
24687,0.16583380369022532
24688,0.14754201473944673
24689,0.1471095636561246
24690,0.17213430691329276
24691,0.14882883545183603
24692,0.14492658011971488
24693,0.15648121395573525
24694,0.14831201565640104
24695,0.14783778706762954
24696,0.17042768135325398
24697,0.14951496473227
24698,0.1630014516973251
24699,0.14629906123406622
24700,0.146627512380259
24701,0.1727603441942907
24702,0.16854030414192228
24703,0.1488089501305589
24704,0.1516417900665092
24705,0.15407228128566178
24706,0.16999146012074917
24707,0.14712580767040348
24708,0.16378831676672972
24709,0.14665298944511304
24710,0.1604204431107742
24711,0.17399289427069195
24712,0.1518221398482563
24713,0.16615116197927596
24714,0.151779015298148
24715,0.146166899016927
24716,0.15151140194226806
24717,0.15446223232860962
24718,0.16893688294885797
24719,0.14707328384951696
24720,0.15481866897785487
24721,0.17715998796010615
24722,0.17348834919267556
24723,0.14844543140081579
24724,0.14316401914805843
24725,0.17062203439627768
24726,0.15826700929859716
24727,0.15240823560299696
24728,0.14574019995207316
24729,0.15258558659793636
24730,0.16819258064543757
24731,0.14836028915869587
24732,0.15878674506707013
24733,0.1468037677054736
24734,0.14699099683877
24735,0.1553342762283754
24736,0.16933693926976814
24737,0.15319357112889243
24738,0.15104650003337078
24739,0.18678995750715743
24740,0.16777636604596083
24741,0.17135454445603704
24742,0.17978786826487195
24743,0.15037346050915393
24744,0.14850499130602474
24745,0.14891225496521138
24746,0.18773802247096683
24747,0.14904769550395272
24748,0.18865648638698773
24749,0.1778202992743772
24750,0.1516111586386278
24751,0.1482527461180719
24752,0.15329263070760582
24753,0.15327970297742038
24754,0.1686188968047175
24755,0.17071685982506196
24756,0.1855543763415732
24757,0.15230246856902158
24758,0.14902332773757418
24759,0.15172532578114767
24760,0.17278562286809562
24761,0.16839303263536876
24762,0.1462659370331352
24763,0.1516128534620544
24764,0.15776564543419078
24765,0.147507221931766
24766,0.16253607931743833
24767,0.16955038565259203
24768,0.17245924425355916
24769,0.14716669287342557
24770,0.17275317370995075
24771,0.17471724779223283
24772,0.1831050362690338
24773,0.1501641334718357
24774,0.17565509469937984
24775,0.15165793602286878
24776,0.16972231169610594
24777,0.14395664509502418
24778,0.17167123448470734
24779,0.14573445414390282
24780,0.18778133515563578
24781,0.15903317830227257
24782,0.1605979650240104
24783,0.16819273361445944
24784,0.18009647191639072
24785,0.16995172090230068
24786,0.17873754965816122
24787,0.14742433102292915
24788,0.16795569928244955
24789,0.14789464867451227
24790,0.17665573234942186
24791,0.16913848664663433
24792,0.1799128726362812
24793,0.16269907883194673
24794,0.1531412971902721
24795,0.15504573820439732
24796,0.1663179346797366
24797,0.15273234158259927
24798,0.1471443763476772
24799,0.16073278932628404
24800,0.15154710527065798
24801,0.16542748258221507
24802,0.16346807806132277
24803,0.15060717066701396
24804,0.15061038184700656
24805,0.15313084291135715
24806,0.1522670066281136
24807,0.14892768677861284
24808,0.16020529445535478
24809,0.1720671287076619
24810,0.17327472861345178
24811,0.17765109185758704
24812,0.14790750205638117
24813,0.14692439229249607
24814,0.1526645456757696
24815,0.17314933403606142
24816,0.1621101723302736
24817,0.16429005995849394
24818,0.16231141706257712
24819,0.14822618442282123
24820,0.14760706343111504
24821,0.17545551272657792
24822,0.14971900015381143
24823,0.17420265701593315
24824,0.147635560396895
24825,0.14995192064823926
24826,0.1500671929793578
24827,0.17439403687674573
24828,0.1760127435288636
24829,0.14881506780427167
24830,0.1670109332560758
24831,0.18349241604704644
24832,0.14755368586742246
24833,0.15008749085378845
24834,0.1894244480138282
24835,0.16557408875815977
24836,0.1719806116911502
24837,0.15110298572281575
24838,0.1566804605274021
24839,0.15433579715201104
24840,0.1582648820863015
24841,0.16617992210049184
24842,0.1563744591927362
24843,0.15987296425625513
24844,0.16350586347183302
24845,0.1476005672053873
24846,0.167561522864323
24847,0.17470973242902385
24848,0.17587569072213735
24849,0.17273638524517917
24850,0.14620533529552046
24851,0.169264935766264
24852,0.17406248908031416
24853,0.16816717214687282
24854,0.15167879499803885
24855,0.1492662308019172
24856,0.1466821293486842
24857,0.15388357426605181
24858,0.14982929295062983
24859,0.17162509531025338
24860,0.15359960867398373
24861,0.1666105011346562
24862,0.1706235557171593
24863,0.1506139224499581
24864,0.18284316698216235
24865,0.14776310774925513
24866,0.15577624741710622
24867,0.1511246884998099
24868,0.1490071961684726
24869,0.19030199022886163
24870,0.15011616442220257
24871,0.16042409974316102
24872,0.1652174364084886
24873,0.18725999391529302
24874,0.16513976953621654
24875,0.14819343602192922
24876,0.17078483697694163
24877,0.15034402523764573
24878,0.15324012609869747
24879,0.1473687185205484
24880,0.1486110322755671
24881,0.1698211722481398
24882,0.17289783269053957
24883,0.14969972589892971
24884,0.1666984769588875
24885,0.15553353986021856
24886,0.17080021190573347
24887,0.14982230357135953
24888,0.14795530397673126
24889,0.14921111097931083
24890,0.15039361478911092
24891,0.15121909451436902
24892,0.16749582279880187
24893,0.1526244022017909
24894,0.17295315159502314
24895,0.14801145434204674
24896,0.1538443376789575
24897,0.14850168131361943
24898,0.1535968678531177
24899,0.1719174780341014
24900,0.14912154533868943
24901,0.1776705933087103
24902,0.14739952296309883
24903,0.17373283744400578
24904,0.15070445122970508
24905,0.17145136187617463
24906,0.14687432282658103
24907,0.15462233429027858
24908,0.14994576956838643
24909,0.14692670277159955
24910,0.14891257643102843
24911,0.16956595007253616
24912,0.15126654602115588
24913,0.14811597055151796
24914,0.14676945471981295
24915,0.1534381867835949
24916,0.14542091961338324
24917,0.16950539147923385
24918,0.14389894739443354
24919,0.17728478735835457
24920,0.15018580178758123
24921,0.1627650057417545
24922,0.1476384475736525
24923,0.1843914895987983
24924,0.14793026391684036
24925,0.15777705143882195
24926,0.1461469153899865
24927,0.16962101586829398
24928,0.17259322179905887
24929,0.16392873761677265
24930,0.17276525549782829
24931,0.15343794774634503
24932,0.16182964866605853
24933,0.17559604192922867
24934,0.16201986436647617
24935,0.14938554015467814
24936,0.1784035163006018
24937,0.17212827316776208
24938,0.1491626731504813
24939,0.15184350730270524
24940,0.17295444212882222
24941,0.17396718145949602
24942,0.18462209694636475
24943,0.14952449129425957
24944,0.1737357773930073
24945,0.16083720746665334
24946,0.1502113573217545
24947,0.17188080251381313
24948,0.14811706872096794
24949,0.14759858420388675
24950,0.14900479339767278
24951,0.15316717737244287
24952,0.14905247003015548
24953,0.18919967531228576
24954,0.18102323872876647
24955,0.17223208306524349
24956,0.17620375258556267
24957,0.15858575743280298
24958,0.14688553715899308
24959,0.14912636901152732
24960,0.17491495041107316
24961,0.14986816377032008
24962,0.15263564031064591
24963,0.15791130796386255
24964,0.15081202173529362
24965,0.17346572493717138
24966,0.16321558045552295
24967,0.1466182147285802
24968,0.1514553659757031
24969,0.16855693794421656
24970,0.1699731535086633
24971,0.1704083513048336
24972,0.14634540849062444
24973,0.16842207190443564
24974,0.1652665892752286
24975,0.1610345792511888
24976,0.15085624892980268
24977,0.16258072325878464
24978,0.16782107468713642
24979,0.1495720400994637
24980,0.14501528721070012
24981,0.15036368066292366
24982,0.17433596400050347
24983,0.14853922495250374
24984,0.1592588030699404
24985,0.16390216684967235
24986,0.14943383921204423
24987,0.15382603186121793
24988,0.1507895853607517
24989,0.15038927750288078
24990,0.18162779954162123
24991,0.16889568404536087
24992,0.14916978697474154
24993,0.16579446791557637
24994,0.16912318630907403
24995,0.16015227450187342
24996,0.14977154912241275
24997,0.14745342381103346
24998,0.17822205355352524
24999,0.15934877925595198
25000,0.16295780091346482
25001,0.15109531428431763
25002,0.16200658428637704
25003,0.16058899070665925
25004,0.16704371854404207
25005,0.1492583223560113
25006,0.17501205552390692
25007,0.15037880856917488
25008,0.14625409861104025
25009,0.16377167694228803
25010,0.16252740106920627
25011,0.16919875847563406
25012,0.14637205209583815
25013,0.17603115749989298
25014,0.14938683595727187
25015,0.15412797228035213
25016,0.1525391469912246
25017,0.168673984262784
25018,0.16705127714823853
25019,0.16075693855013257
25020,0.1467189044859032
25021,0.16733823559207633
25022,0.15452034679087584
25023,0.14939684994703312
25024,0.17097330610977962
25025,0.17356622312504244
25026,0.15090149866350294
25027,0.15952404283537144
25028,0.15112769497484624
25029,0.16875148959535397
25030,0.16732885480950352
25031,0.1809416902522899
25032,0.15191790569801816
25033,0.14837979682909722
25034,0.14731860555633214
25035,0.1511012655661786
25036,0.16142083741099483
25037,0.17383680982136285
25038,0.16648575022550258
25039,0.15613682659890046
25040,0.1440258322110309
25041,0.17574728752172505
25042,0.17027018144197953
25043,0.15002113978140671
25044,0.17649961193595343
25045,0.16324051172599033
25046,0.1468292452165644
25047,0.1511341223217667
25048,0.1501354384499674
25049,0.16679625616949742
25050,0.14998576691912327
25051,0.14723718723847504
25052,0.16673361426467462
25053,0.14722940922531283
25054,0.17531414912648519
25055,0.1614607928955551
25056,0.17154390432185393
25057,0.17014485162228632
25058,0.16227127512065706
25059,0.1531249285369634
25060,0.17968968223719892
25061,0.14839659964086427
25062,0.1584276474730146
25063,0.15791544921599351
25064,0.16723229326537706
25065,0.14680421998887766
25066,0.16871916888112443
25067,0.14769409190540791
25068,0.18889842640627189
25069,0.170789131988101
25070,0.1498299905007192
25071,0.14942362969362274
25072,0.1639731154321515
25073,0.14907418166947553
25074,0.14790746676641903
25075,0.17019605217958597
25076,0.14819601643080232
25077,0.17311451715579204
25078,0.1438162683898307
25079,0.17071049968656102
25080,0.18056855806791597
25081,0.1586198323402781
25082,0.14703888627899464
25083,0.15001658585693814
25084,0.16662836149677193
25085,0.14839542273990636
25086,0.16648694216395424
25087,0.15526350529796218
25088,0.16224460497790605
25089,0.14856923328721744
25090,0.15811782557578688
25091,0.15853029810180647
25092,0.15195380722258803
25093,0.15246340718215717
25094,0.17195834123109827
25095,0.17564917713940256
25096,0.16047371453817594
25097,0.15953002071455502
25098,0.18301418845424863
25099,0.14942470822640697
25100,0.1689589431694727
25101,0.16445009189111898
25102,0.15316849762742354
25103,0.17794293975478587
25104,0.15872333385410084
25105,0.15231436418340186
25106,0.15803439998902596
25107,0.1478690186069488
25108,0.15293048166235973
25109,0.15622536605734752
25110,0.16632025034130626
25111,0.14813903768222092
25112,0.17253408218385094
25113,0.151627722088541
25114,0.16756376125007127
25115,0.17176101748892925
25116,0.16085643674094138
25117,0.1630916658633608
25118,0.15081380044761405
25119,0.1595295268520321
25120,0.15125405553037258
25121,0.15945386240685763
25122,0.1654048245913451
25123,0.17010916872993784
25124,0.16538815432760665
25125,0.18048094677691523
25126,0.1814404575746247
25127,0.1482021862858694
25128,0.18787241023877543
25129,0.17102125888592729
25130,0.15878847080875946
25131,0.15019783819357316
25132,0.1524830754461398
25133,0.16995992799011206
25134,0.1511516503222111
25135,0.15177381075471827
25136,0.17065707758197382
25137,0.14675567870562795
25138,0.1720625050582306
25139,0.1513057214097864
25140,0.15909820948998782
25141,0.17881412284667178
25142,0.1485125880364323
25143,0.14562768576649565
25144,0.14838172406144168
25145,0.1613967309338021
25146,0.14918518728410846
25147,0.1759586423594342
25148,0.15097991068858505
25149,0.17271075611990658
25150,0.14720102958099054
25151,0.1500101615412255
25152,0.152019874615269
25153,0.1548279241582129
25154,0.15489174684029555
25155,0.1650188453214282
25156,0.16761623637336442
25157,0.15117013756336464
25158,0.15281422112138135
25159,0.150576937224968
25160,0.15983414453413305
25161,0.17978038842053254
25162,0.16150270328483382
25163,0.16596870526052043
25164,0.14950791807859926
25165,0.15022329369886242
25166,0.14806434122016418
25167,0.15021997731504905
25168,0.17671459483739796
25169,0.15162283343438496
25170,0.1740351858328408
25171,0.17547428311227267
25172,0.15281147589380054
25173,0.14878030837072248
25174,0.18523613846531561
25175,0.15187505617963576
25176,0.14939124711733334
25177,0.16112297717715152
25178,0.14957284230710916
25179,0.16968949965317312
25180,0.17306100938165067
25181,0.14953126076620857
25182,0.1536785136746803
25183,0.15414568063410872
25184,0.16802089735975326
25185,0.17083044614731874
25186,0.17027726452823602
25187,0.14930796604717175
25188,0.16811550353412585
25189,0.14576056087171652
25190,0.1746446095759194
25191,0.17833029866315164
25192,0.19284872321098517
25193,0.17197767647405018
25194,0.1492960276655328
25195,0.1508455217356698
25196,0.15898668888782755
25197,0.1478584136884695
25198,0.1474859764417215
25199,0.17116845578568854
25200,0.1478257306510638
25201,0.15081293722738529
25202,0.14938543970258208
25203,0.1467157021715482
25204,0.1482162084032523
25205,0.17124389183802216
25206,0.14665751920563463
25207,0.16199057516259263
25208,0.15711953385629762
25209,0.15020138404490116
25210,0.1709106037549672
25211,0.16300832979554955
25212,0.15092092943708246
25213,0.1502722388314823
25214,0.16291960407103287
25215,0.1542992801983315
25216,0.14798420446319763
25217,0.14842334533241733
25218,0.1672100333813435
25219,0.1719603702840749
25220,0.17286423020885394
25221,0.16663015877366447
25222,0.17587097942513522
25223,0.17188865977090417
25224,0.14840206895476246
25225,0.17091978664411325
25226,0.15340219343134814
25227,0.14883517615848718
25228,0.17018633704360384
25229,0.1585488053073155
25230,0.17654998005991032
25231,0.1478708981309048
25232,0.1602031076437838
25233,0.16772486337479542
25234,0.15033099734783645
25235,0.1697051047295358
25236,0.17589000816503458
25237,0.15073930703830027
25238,0.15174386774117907
25239,0.17000134968368377
25240,0.15908129132305024
25241,0.14879041309202679
25242,0.1704222949256816
25243,0.165276619301712
25244,0.1816055840789547
25245,0.16440729508940422
25246,0.1691395370509975
25247,0.17455724372585749
25248,0.14982297152120863
25249,0.17351027848805867
25250,0.14730616361385548
25251,0.1619463093321829
25252,0.16258584674215204
25253,0.14916469944940772
25254,0.16844774570032447
25255,0.16128804523153298
25256,0.14742494574281995
25257,0.16713451083523378
25258,0.15821263199623783
25259,0.16596493604492865
25260,0.16079832265007749
25261,0.1501216955839668
25262,0.18173287599076252
25263,0.15890179553822106
25264,0.14896441985588207
25265,0.15663172186927873
25266,0.15259958886619535
25267,0.15023426017250638
25268,0.14840933999069586
25269,0.15235620308858336
25270,0.15024845902646936
25271,0.1488986155661864
25272,0.14866524182568205
25273,0.15335432780339525
25274,0.15760094927775667
25275,0.15175405718641385
25276,0.15127691531552687
25277,0.1534389884600432
25278,0.15009981564969066
25279,0.17392572047713983
25280,0.15288184306556019
25281,0.15227160298269493
25282,0.17505068956296216
25283,0.1841890700288755
25284,0.14971312754817012
25285,0.15027621960020957
25286,0.15909331513430028
25287,0.15512022119820995
25288,0.16764436783356781
25289,0.17653374214207915
25290,0.14719087923879418
25291,0.1494296762459519
25292,0.1676577283424405
25293,0.164159570509421
25294,0.17634368243011084
25295,0.16875168238366317
25296,0.15207430733971314
25297,0.17096427125092148
25298,0.1485863098614221
25299,0.172642787773622
25300,0.15235068768217258
25301,0.1647176251263166
25302,0.16435900139802456
25303,0.17449295842550258
25304,0.1657911815387412
25305,0.17426348131278357
25306,0.17384774502867129
25307,0.148998905986515
25308,0.14955419029451772
25309,0.14755997894325903
25310,0.1576577431414252
25311,0.18222684148292476
25312,0.15954363199629906
25313,0.17148579130675115
25314,0.1696570133581214
25315,0.17988690180189482
25316,0.14876579921617153
25317,0.14486426593640914
25318,0.1468501908980245
25319,0.14961738867055652
25320,0.14588896088038456
25321,0.18610067114733442
25322,0.16237543027062157
25323,0.18008100216243106
25324,0.17225990998546123
25325,0.14898494250743544
25326,0.15584519984352446
25327,0.15326372789356135
25328,0.1877134806352502
25329,0.14804604506271868
25330,0.16759746637741443
25331,0.14740285702497902
25332,0.17552479537784943
25333,0.15735597680749724
25334,0.16602077820835387
25335,0.15046637507626187
25336,0.15635338774382818
25337,0.16955438249264787
25338,0.14917418400911012
25339,0.1451349638241987
25340,0.14766432252281214
25341,0.17598177194842315
25342,0.14692747914296556
25343,0.15568331920135375
25344,0.16010963113153637
25345,0.17383334245560794
25346,0.17442670528716908
25347,0.17885301767165088
25348,0.16111207936709274
25349,0.14801221096783607
25350,0.17511156176196346
25351,0.14753194700758537
25352,0.15116256903359082
25353,0.17702302607523182
25354,0.15156684087854078
25355,0.17925246082338758
25356,0.1584770327894741
25357,0.14784566340894711
25358,0.16279684367695307
25359,0.1667855310751183
25360,0.1493706783257123
25361,0.15220030066208726
25362,0.14891202053120028
25363,0.14927234715487667
25364,0.1473012593237532
25365,0.14915010611506666
25366,0.1510858470279918
25367,0.1740447169681799
25368,0.15035133686756474
25369,0.15024607966042453
25370,0.1724706253973456
25371,0.16630765232308303
25372,0.15003365270317015
25373,0.16442092883096635
25374,0.16745948587156181
25375,0.17388917054165842
25376,0.17029321248688423
25377,0.178349920883647
25378,0.14903247433698888
25379,0.15107066716356937
25380,0.1683796339960311
25381,0.15917787171700054
25382,0.16220153001536064
25383,0.1616604665993882
25384,0.15947447690851996
25385,0.14864870226885252
25386,0.15225533267910082
25387,0.14749466889520724
25388,0.1746985728968028
25389,0.14703083030244274
25390,0.17204625720302333
25391,0.14610135840667893
25392,0.16541478740642432
25393,0.15971825604103324
25394,0.1617334682262928
25395,0.15243117634160597
25396,0.15303701857121502
25397,0.1553379986543813
25398,0.17019595909587648
25399,0.16022546586162673
25400,0.16117677757456564
25401,0.16513989103349216
25402,0.16114967447731093
25403,0.16366783168086127
25404,0.15494278525191568
25405,0.14970463302057369
25406,0.1448694701303573
25407,0.15319465516416375
25408,0.18282020483605896
25409,0.16093566574247567
25410,0.17433927513996972
25411,0.15369176151443203
25412,0.1714978838620998
25413,0.15059741184143088
25414,0.1663959515260313
25415,0.17732474264503123
25416,0.15354277450191364
25417,0.16215436807054665
25418,0.15127641492207475
25419,0.16734684596211544
25420,0.14618887633629363
25421,0.14693550986883402
25422,0.1833902804276204
25423,0.18507858231364402
25424,0.17532788633964425
25425,0.14629299383688454
25426,0.17628599266305203
25427,0.17039963399260902
25428,0.16927361654402062
25429,0.15200683700087772
25430,0.14832350611165587
25431,0.18542691876919917
25432,0.16851467410799192
25433,0.18116288591872806
25434,0.15217839332295752
25435,0.1515926358896465
25436,0.17868707013096502
25437,0.18000492996165368
25438,0.1483605800007655
25439,0.14763965555473216
25440,0.15351869224582051
25441,0.14887906189558076
25442,0.16666211278350285
25443,0.14736248355342255
25444,0.16765004505614417
25445,0.15234767734388396
25446,0.17578501603085905
25447,0.14783033841052362
25448,0.1592036567579789
25449,0.16399611559636898
25450,0.1653501962303985
25451,0.1504866087017574
25452,0.14952557868816843
25453,0.14556177658277164
25454,0.15865272722937176
25455,0.16103796720837377
25456,0.16641193271368365
25457,0.14879050459203091
25458,0.14639536406318385
25459,0.16383197083922585
25460,0.15114724769535934
25461,0.1445295085027819
25462,0.155356806469505
25463,0.1479655747515806
25464,0.1511114893884837
25465,0.1554034003849381
25466,0.15015707210540177
25467,0.17082839958636345
25468,0.1703842987498021
25469,0.17233782716392518
25470,0.15346024783670761
25471,0.17297839039766139
25472,0.14864776133020208
25473,0.1697635769644591
25474,0.14578752709615925
25475,0.14821307594080552
25476,0.14978335244739951
25477,0.15734798706578412
25478,0.1489707542548261
25479,0.16837979557311436
25480,0.18207322892598454
25481,0.16704463643366235
25482,0.15750073706313963
25483,0.15278903921158707
25484,0.1620926655540425
25485,0.17964867967404666
25486,0.14754342481667881
25487,0.1616422581043564
25488,0.16330959452184865
25489,0.14473313324185286
25490,0.1468342845354811
25491,0.15224336054570412
25492,0.14901391359535782
25493,0.17882054298551092
25494,0.1603005015568502
25495,0.14577235926058343
25496,0.1497062600911413
25497,0.16934973750635038
25498,0.14852979244955963
25499,0.17295374124168114
25500,0.17070893783506272
25501,0.15610267972608186
25502,0.16963573627632914
25503,0.15831726170325486
25504,0.15720413679791076
25505,0.1493842037682671
25506,0.17820036098133643
25507,0.14883389140842093
25508,0.16063636480028942
25509,0.1655208250617355
25510,0.1752934684303677
25511,0.17019179956616015
25512,0.15472124348444824
25513,0.15000451129282844
25514,0.1477222083278833
25515,0.16279378040419162
25516,0.16677602489404864
25517,0.14777117808927226
25518,0.1737017478669183
25519,0.17521474830168673
25520,0.16336555858486834
25521,0.15896471516289132
25522,0.1701155925630854
25523,0.1577455468232703
25524,0.14704451884588865
25525,0.14761796677259656
25526,0.15063341425817345
25527,0.14805706581653694
25528,0.1494740098447365
25529,0.1695863821800584
25530,0.14802355012029658
25531,0.16052153666086455
25532,0.14760255607340478
25533,0.14914764145130063
25534,0.16688865018652144
25535,0.1490648656915803
25536,0.1503711868326682
25537,0.15222399597534203
25538,0.14718828768027117
25539,0.1767207445813511
25540,0.17872661993835842
25541,0.1475821330840914
25542,0.17153041123054003
25543,0.14973478397820317
25544,0.1496299115879129
25545,0.17048968533300277
25546,0.15332986076766567
25547,0.1619110623177633
25548,0.14811875564108853
25549,0.1515747632309505
25550,0.17435005326419975
25551,0.14700833219637297
25552,0.16500364276387924
25553,0.17459169208336048
25554,0.1480911138198733
25555,0.14497412666205245
25556,0.1716484823714508
25557,0.18279498613220968
25558,0.1496379199901762
25559,0.17919253310372557
25560,0.15655052825576474
25561,0.15659098590002285
25562,0.17485849271245033
25563,0.14819533550244118
25564,0.14921147395021583
25565,0.15339042959404775
25566,0.16160756368374413
25567,0.15695626815803765
25568,0.148278919437881
25569,0.17802943364331272
25570,0.14937266823636922
25571,0.17333405979007918
25572,0.15164533102960165
25573,0.14635570009109866
25574,0.14874849853865396
25575,0.18665916778546507
25576,0.16646598715230604
25577,0.14815643842012713
25578,0.18371387764190217
25579,0.148803128765773
25580,0.14793078662404469
25581,0.15114741527457776
25582,0.14833408662750933
25583,0.1487901526020181
25584,0.17006611660869497
25585,0.1666810983775854
25586,0.1469588918976023
25587,0.14747476464000436
25588,0.1803288706086887
25589,0.15770620907612729
25590,0.1517012752779773
25591,0.14855754474394958
25592,0.14687474294181543
25593,0.16846820806481963
25594,0.15085405996438264
25595,0.1533606815975277
25596,0.14950192567794368
25597,0.1510403115280555
25598,0.16984851369718024
25599,0.14663639365915093
25600,0.16703194526784584
25601,0.14854960867326902
25602,0.16413156378272292
25603,0.14883314967189976
25604,0.1704729863728688
25605,0.14466697704644993
25606,0.15797903000060706
25607,0.1460991993745409
25608,0.1497693963057535
25609,0.14633831052962526
25610,0.15092023292217432
25611,0.166408676964352
25612,0.15071446357991258
25613,0.16723845804513277
25614,0.18604603060695948
25615,0.14582457868650642
25616,0.15462553549426736
25617,0.16949120110419963
25618,0.1522568838858391
25619,0.14863903601847864
25620,0.16967714767077396
25621,0.14687491361766505
25622,0.17693640311483053
25623,0.15946901277261658
25624,0.16752418333348487
25625,0.17441303057928023
25626,0.1513297309481164
25627,0.157689360403798
25628,0.14917373305739462
25629,0.14555147153266182
25630,0.15128654423464488
25631,0.16939336147275055
25632,0.1510050428431094
25633,0.14579460637151473
25634,0.1500936101666315
25635,0.14714703326602013
25636,0.17087258978187395
25637,0.15332364644835556
25638,0.1512382494244557
25639,0.14591454661270847
25640,0.17127748062736325
25641,0.1705611925018251
25642,0.16924466153384762
25643,0.1692503150707238
25644,0.15311405913541568
25645,0.15968981765850612
25646,0.1760491649869504
25647,0.16912185947460018
25648,0.1686135739652281
25649,0.1468070634751451
25650,0.1732994180122697
25651,0.17775242661395235
25652,0.1769245791537755
25653,0.14923117928594218
25654,0.16634196114919933
25655,0.15133024617643556
25656,0.180174899515397
25657,0.1531462073343666
25658,0.15176058338761184
25659,0.14966957474951456
25660,0.15014360974250637
25661,0.15204278516182823
25662,0.14933868583465462
25663,0.14783399935823546
25664,0.1518364532626439
25665,0.14763083978043176
25666,0.14900391378209976
25667,0.17229881903882557
25668,0.16851116880409717
25669,0.15517013817509487
25670,0.1646895872098546
25671,0.14881489475534962
25672,0.18047976381332548
25673,0.14796335337263491
25674,0.14982946874648184
25675,0.14680673900438848
25676,0.15064162828146727
25677,0.15678442776406623
25678,0.18330380369627608
25679,0.16065777615872479
25680,0.14817314654008004
25681,0.15047508271800256
25682,0.16918954323029597
25683,0.1810134323698315
25684,0.16124218224376757
25685,0.15149232043177652
25686,0.17892829939332758
25687,0.14684294707753529
25688,0.18224804384963889
25689,0.1672609074498246
25690,0.1503395267449378
25691,0.1464188746946123
25692,0.16927720901922685
25693,0.16344135424957443
25694,0.15049949094346649
25695,0.16568480666640129
25696,0.1512814397977824
25697,0.15595488298617632
25698,0.1482082441422604
25699,0.15003991557230134
25700,0.15617136230856588
25701,0.15633937673437967
25702,0.16056582738701783
25703,0.15887054667705136
25704,0.14969939279864178
25705,0.17008790631420853
25706,0.15919760467568694
25707,0.1482687723583661
25708,0.1532618007717288
25709,0.15188814512223583
25710,0.15316308749435253
25711,0.16660424621106254
25712,0.163974502914618
25713,0.15394236152857918
25714,0.14984755825737328
25715,0.17312421017129404
25716,0.14916416775266453
25717,0.14700806948082948
25718,0.16382779401549086
25719,0.19147051044918298
25720,0.1704400265750993
25721,0.16743819240174782
25722,0.17430943528644768
25723,0.15506806570875156
25724,0.15518039518302496
25725,0.14775321283522075
25726,0.14782352538140256
25727,0.14785857176839134
25728,0.146789328597132
25729,0.15125581506877486
25730,0.17032700683909463
25731,0.15518525065929997
25732,0.1576063190905478
25733,0.15060719872341297
25734,0.17135655342238404
25735,0.1461519235361856
25736,0.17088172819644926
25737,0.1652641643342766
25738,0.14871810827924184
25739,0.1523482017509091
25740,0.1601913959489251
25741,0.157303702982118
25742,0.15737074640898438
25743,0.15036593476856847
25744,0.16003824159253605
25745,0.14573812839628655
25746,0.17284389771437214
25747,0.15536992995436535
25748,0.1560139095741159
25749,0.17014135301921757
25750,0.16238585275298034
25751,0.16118019949037257
25752,0.16795362283621146
25753,0.15292674572116197
25754,0.1604675332809183
25755,0.15914146584374758
25756,0.17551070150637044
25757,0.16817847074037076
25758,0.14743290399279882
25759,0.1490134674423589
25760,0.14792454485937084
25761,0.15052470614843957
25762,0.15507605503753374
25763,0.15930078901425296
25764,0.15147290033950397
25765,0.16486294020951175
25766,0.168679597638934
25767,0.1773616304167529
25768,0.14737216050520605
25769,0.17530410499684373
25770,0.1508350373079049
25771,0.1492711885823744
25772,0.14833032621800765
25773,0.15917001659430893
25774,0.1551399209039927
25775,0.16542946608202086
25776,0.14743684846273125
25777,0.15255855979203886
25778,0.17836839152486844
25779,0.1783684818603711
25780,0.16269788101573265
25781,0.17241447028668033
25782,0.15054402278604706
25783,0.17939831318899818
25784,0.1724146606371098
25785,0.14866150171883089
25786,0.14865650879682246
25787,0.150080119035224
25788,0.1523570066424252
25789,0.15325399394788328
25790,0.17114585050937903
25791,0.1692243868570801
25792,0.15458742592345745
25793,0.159501196590709
25794,0.14853191057211268
25795,0.18452821843527628
25796,0.14935772806946646
25797,0.18194222441999833
25798,0.14656023208129132
25799,0.1782241008594789
25800,0.16987542339198147
25801,0.16097584862655162
25802,0.1531498156916101
25803,0.16236422939809314
25804,0.15144573949077705
25805,0.1488734567121033
25806,0.16731097253624946
25807,0.16498023281978144
25808,0.16304002291514827
25809,0.1456356600869378
25810,0.172051912893257
25811,0.1448452181602524
25812,0.1560311821627533
25813,0.14879978439403452
25814,0.15102451514387977
25815,0.14896530507467756
25816,0.15115409176839756
25817,0.1663301744639097
25818,0.15452798526890635
25819,0.17363594194510157
25820,0.16441002410660327
25821,0.1483948470001957
25822,0.14998544773441108
25823,0.15565762094303348
25824,0.1511769343617523
25825,0.17529955327229513
25826,0.14964307160966098
25827,0.14538556486049578
25828,0.1527441765446356
25829,0.15644388873332044
25830,0.1595642437472892
25831,0.16930392095797664
25832,0.1675936735837769
25833,0.1576144107840474
25834,0.1490176067249334
25835,0.15341780170723401
25836,0.17017381023952788
25837,0.14673928307921916
25838,0.17016182070352992
25839,0.16101978400593964
25840,0.15155955389416986
25841,0.17220567894999306
25842,0.161570094224993
25843,0.1590763893686634
25844,0.1489800566062426
25845,0.1712556010821231
25846,0.15156162953290114
25847,0.15331958030012258
25848,0.15002514930645092
25849,0.1497889620460986
25850,0.16020803950587642
25851,0.15047901703179103
25852,0.15773006665659106
25853,0.14646295162441114
25854,0.14983952352526048
25855,0.16732583490416322
25856,0.16722766940914277
25857,0.18034557867480483
25858,0.16616705677733107
25859,0.14997503683056831
25860,0.1525402372657847
25861,0.17705828879592408
25862,0.1936693360580198
25863,0.15636464882606926
25864,0.15206337454612667
25865,0.15069317968158738
25866,0.16340859407654276
25867,0.15497875915765297
25868,0.15481641845520966
25869,0.15390292173049736
25870,0.16759131979193748
25871,0.17323292337925422
25872,0.15058713822242528
25873,0.15582412490949343
25874,0.1722677353023509
25875,0.14959011871418515
25876,0.15004829405423603
25877,0.1503348699101482
25878,0.1488423680320053
25879,0.1778025252033321
25880,0.15834077588482187
25881,0.14557482901018876
25882,0.17178583709967202
25883,0.17562954815777054
25884,0.1503852307593378
25885,0.16344973504929408
25886,0.16141330349740737
25887,0.16065786385402808
25888,0.16683641898212173
25889,0.1643831900542728
25890,0.16330103338264446
25891,0.14836234357081507
25892,0.16431682649491255
25893,0.17334919182462194
25894,0.17185465901584027
25895,0.14801988044533854
25896,0.17244379385410938
25897,0.15419036599162728
25898,0.16277378701890968
25899,0.15272707216488737
25900,0.14743238488844718
25901,0.1644877399476132
25902,0.14721204785679115
25903,0.14667826729544184
25904,0.16306843060892198
25905,0.1578140247779883
25906,0.15106226919381835
25907,0.16677182608577865
25908,0.14656455356681766
25909,0.18476249152659396
25910,0.15961894948702382
25911,0.16165935416419938
25912,0.1589660723495946
25913,0.17930730352400606
25914,0.1502006262287548
25915,0.14755945174012275
25916,0.1667897319878734
25917,0.17060699192163664
25918,0.1486545625283623
25919,0.15329099537084911
25920,0.14935572361186727
25921,0.14952022906573262
25922,0.14933652875752756
25923,0.16149261678189672
25924,0.1491796185262605
25925,0.17227832536696594
25926,0.1766310401613201
25927,0.1496499164816257
25928,0.15339622313099321
25929,0.15031157773970963
25930,0.17295007207751104
25931,0.1506444580702205
25932,0.14962909432053254
25933,0.1784503934911502
25934,0.15952497256857445
25935,0.14957286134234954
25936,0.1651510374469545
25937,0.1470124928856851
25938,0.14760825026973987
25939,0.1683870165383483
25940,0.19596148821279402
25941,0.15287045015721903
25942,0.14748479337847964
25943,0.14779961048347867
25944,0.16985143423896573
25945,0.1467142456625981
25946,0.16377507709261913
25947,0.16356485823356362
25948,0.17016762229685978
25949,0.17309451434071815
25950,0.16375281592249916
25951,0.15321432431563506
25952,0.15218959237268379
25953,0.17373882608986882
25954,0.14576966360237123
25955,0.18196619355525187
25956,0.16952842615594788
25957,0.15158212371204496
25958,0.18397856808868907
25959,0.1802629077817696
25960,0.17141073091942757
25961,0.15070882559713483
25962,0.14974580180473865
25963,0.14876740913955586
25964,0.1794661495390211
25965,0.1752783222478795
25966,0.14872827739483854
25967,0.17272312463973494
25968,0.15955544211892872
25969,0.15198886928021008
25970,0.17208019612595618
25971,0.1497068508261623
25972,0.17653002666436313
25973,0.1610577322617241
25974,0.1759191494316409
25975,0.1516797022181314
25976,0.16848206477446567
25977,0.17517388296959505
25978,0.18024352669565227
25979,0.15114268594566518
25980,0.1524168794582529
25981,0.16972983604966638
25982,0.15537553723531294
25983,0.15067393819507804
25984,0.1495992971515895
25985,0.17207658856461247
25986,0.1513796417426388
25987,0.1493291447967217
25988,0.1511644692061126
25989,0.1500617008084034
25990,0.14811431868335795
25991,0.16942921812889428
25992,0.14611520326986918
25993,0.15139480999133614
25994,0.17924751837713834
25995,0.1507980728212973
25996,0.17073900878125225
25997,0.17195914917826663
25998,0.15029855089921562
25999,0.17026218943698454
26000,0.1666521814440683
26001,0.14589516119269752
26002,0.14890021921215496
26003,0.14926289040570065
26004,0.15162276044172382
26005,0.15021371753550927
26006,0.16949159326554142
26007,0.1503158196319207
26008,0.17876902025907873
26009,0.15985471911150392
26010,0.17547521728750395
26011,0.1466287133278925
26012,0.16011597653300552
26013,0.16875087174280276
26014,0.14630283329296062
26015,0.17833768813749787
26016,0.152201925661616
26017,0.15933797905585964
26018,0.1702317828251124
26019,0.14876561736791344
26020,0.16209531878895464
26021,0.15351662104868016
26022,0.17433695716025105
26023,0.1466081044013837
26024,0.14973143594499974
26025,0.15249131101065116
26026,0.1536833055197094
26027,0.15345603101114158
26028,0.14867710422325597
26029,0.14588723983332696
26030,0.1479310452918763
26031,0.1715769102895431
26032,0.18023652252630984
26033,0.15179079811849328
26034,0.1536132593225713
26035,0.14819425353234922
26036,0.15259859396543643
26037,0.14747128945116728
26038,0.14899352171617353
26039,0.1628175360490584
26040,0.1606678603640754
26041,0.1597305151005157
26042,0.14912193492826106
26043,0.151436206353152
26044,0.1493107543612152
26045,0.16001276181715976
26046,0.16875489827655873
26047,0.15302954987547956
26048,0.16486104629548348
26049,0.16900015033666457
26050,0.17173518313342861
26051,0.1506307500612416
26052,0.14826790158915423
26053,0.15763038368097368
26054,0.15110109887388656
26055,0.16357057980546424
26056,0.18481930456691756
26057,0.14830856418338345
26058,0.1569658580353608
26059,0.15089590247444218
26060,0.16318685154879678
26061,0.15010695633745863
26062,0.16458139130484487
26063,0.15808783071946778
26064,0.14877753694137805
26065,0.16847330831454635
26066,0.1487180687123664
26067,0.149265853594938
26068,0.175809260378422
26069,0.16253196730762196
26070,0.15769442100454187
26071,0.14605401364666448
26072,0.1605832060216246
26073,0.1657687218701143
26074,0.17360657874355806
26075,0.14911789097673603
26076,0.1751067091765693
26077,0.17241886299489706
26078,0.15525437611535803
26079,0.17472548214944073
26080,0.18100687572856428
26081,0.15218178271322702
26082,0.16071732067702918
26083,0.1463217939790535
26084,0.16530581262361932
26085,0.14780855254233546
26086,0.16265344675536866
26087,0.16120031082095507
26088,0.14933984257133204
26089,0.1665324482304107
26090,0.16372273563393872
26091,0.15976411433556215
26092,0.16893531884597565
26093,0.14868588572000563
26094,0.17305662514850587
26095,0.15126774933762538
26096,0.1608723384576336
26097,0.16666824553887657
26098,0.20133734746871637
26099,0.17017741029877403
26100,0.14664233549475872
26101,0.15055585489972598
26102,0.1466680316271477
26103,0.14886713676134575
26104,0.15486480158198232
26105,0.15440135013684736
26106,0.14624369169780024
26107,0.17255573242176359
26108,0.15749875132655644
26109,0.1512426753736484
26110,0.17994486639473065
26111,0.14619644269674673
26112,0.15163137207282093
26113,0.14971319529405566
26114,0.17182491903128885
26115,0.1468764440527536
26116,0.15390376894914415
26117,0.16203181991356877
26118,0.16256163742887886
26119,0.17397222515206662
26120,0.20382169471546943
26121,0.14853931337392778
26122,0.1536287060458163
26123,0.14896512549115803
26124,0.16061413079604558
26125,0.16844975512234855
26126,0.14947654828342477
26127,0.14550799622658495
26128,0.14953966800683105
26129,0.14874542057396842
26130,0.14912527889037003
26131,0.17787292607915764
26132,0.1504103488263775
26133,0.17796097668050664
26134,0.17090628239312725
26135,0.1646454503800807
26136,0.1489798403475735
26137,0.1618426746252997
26138,0.15768124534465952
26139,0.14939893462771162
26140,0.17726501651995955
26141,0.14861034168372
26142,0.17500539232516488
26143,0.17372147138083477
26144,0.17866855488334918
26145,0.1570793569092873
26146,0.16470224869524824
26147,0.14988510791849932
26148,0.16477791319831575
26149,0.1683097183598216
26150,0.14934816733146344
26151,0.16476933016660522
26152,0.16097308571774988
26153,0.14802015289393766
26154,0.1474785846952415
26155,0.17167920601196743
26156,0.1507499388464308
26157,0.16499332225736318
26158,0.1525892446103821
26159,0.16765063173686692
26160,0.14733276523677222
26161,0.17518741543392216
26162,0.16262320417339365
26163,0.14822980062373906
26164,0.17287178347064788
26165,0.1723118977784355
26166,0.16527988017642092
26167,0.1469945227161174
26168,0.18418686779818608
26169,0.15325106416513376
26170,0.17120805330984848
26171,0.1683051211706307
26172,0.14808121852939854
26173,0.1595609709857067
26174,0.17982793326059685
26175,0.15837093744134506
26176,0.16982721084360164
26177,0.15105667664173356
26178,0.14360259272474782
26179,0.16475474826156314
26180,0.14890420885014513
26181,0.14622883341432116
26182,0.191238640227407
26183,0.1483319129671723
26184,0.17181306639414018
26185,0.1799922994133373
26186,0.15387028858390106
26187,0.17565567143863295
26188,0.16963256972609825
26189,0.14900947894155522
26190,0.17008789847088823
26191,0.1494702872015234
26192,0.14689086405167917
26193,0.16042683246459458
26194,0.14902695423509277
26195,0.14651255970006968
26196,0.1473823590082079
26197,0.14703320567255335
26198,0.1793123836497643
26199,0.14923852154250314
26200,0.16829095667862476
26201,0.14894797587888314
26202,0.1751730585893037
26203,0.14987142999208022
26204,0.15025884399413217
26205,0.17856361094280454
26206,0.15339959602562167
26207,0.1711908876349475
26208,0.16693851722988365
26209,0.14868521774627516
26210,0.16603523419875324
26211,0.1745908012874566
26212,0.1501591234920441
26213,0.16113645239192767
26214,0.18094282754984706
26215,0.1787095093817015
26216,0.18470871587844467
26217,0.16807703478246705
26218,0.1456952662396543
26219,0.17356297420462005
26220,0.1520181462124308
26221,0.14987179447111826
26222,0.17953954017713594
26223,0.1509144241927707
26224,0.16103460872600986
26225,0.14756021131511912
26226,0.15731809739305255
26227,0.16620892925234526
26228,0.1474384209156239
26229,0.17756379153516919
26230,0.15258687022451314
26231,0.14879890939345541
26232,0.1503777618663372
26233,0.1720714065970232
26234,0.1457224304396785
26235,0.17387601101559397
26236,0.14880848311427222
26237,0.14516234398737526
26238,0.14794132324279036
26239,0.17114191040804272
26240,0.1478782040840572
26241,0.14931554564536942
26242,0.14799266567444452
26243,0.1780624418792475
26244,0.17505546115697357
26245,0.1501420700963776
26246,0.1506009386710871
26247,0.17042476281469088
26248,0.1758662464361372
26249,0.1823835817963737
26250,0.14748031875556117
26251,0.1469028258302857
26252,0.1603719813097563
26253,0.18375882271464503
26254,0.17454596530603894
26255,0.16986673876179856
26256,0.17391642386039274
26257,0.1624456383542336
26258,0.1616850796536171
26259,0.1605515008891127
26260,0.1490086209398451
26261,0.1802319177148261
26262,0.16126799792708785
26263,0.17438834234427397
26264,0.16285105704292738
26265,0.14781206504334168
26266,0.1648232027822676
26267,0.17105470709159357
26268,0.1591880597862381
26269,0.15101534874218828
26270,0.1609466971923129
26271,0.14935317169816084
26272,0.18421877785081142
26273,0.15768141266815594
26274,0.14986637415662718
26275,0.15629199702029672
26276,0.15094348546462338
26277,0.1716148281593069
26278,0.15635525459936134
26279,0.14931784162010456
26280,0.1793693225762223
26281,0.15350283082927307
26282,0.1759527198664536
26283,0.1655972604294684
26284,0.15921076653888555
26285,0.14974274722136957
26286,0.14760952978449735
26287,0.16898738730072946
26288,0.16291173926044702
26289,0.14833035930150612
26290,0.15221161100867972
26291,0.17732667075163513
26292,0.16933387362963487
26293,0.1756483549189305
26294,0.17102529642488953
26295,0.1481818108728307
26296,0.15959025396899262
26297,0.1524103186335485
26298,0.15335626815287276
26299,0.14823116632177954
26300,0.14990035243086158
26301,0.14722767386121494
26302,0.14561576330428733
26303,0.16983515788604125
26304,0.1625933780965393
26305,0.1509246531741098
26306,0.14846336671536328
26307,0.162925284080961
26308,0.1705917667532843
26309,0.14926230544644162
26310,0.17340856238870048
26311,0.19172420533547496
26312,0.14838928314452504
26313,0.15567180396319347
26314,0.1660979517979045
26315,0.17686044171225912
26316,0.14541990579822445
26317,0.1870748594433681
26318,0.1537869899971456
26319,0.15244322504137606
26320,0.1627579718700469
26321,0.16110683033054374
26322,0.1626606595036163
26323,0.18635672857265784
26324,0.15192211622637206
26325,0.18014436924389415
26326,0.1512348821930696
26327,0.1545308645977208
26328,0.14909749247069276
26329,0.15335501552386288
26330,0.16952522954861535
26331,0.1827285005170081
26332,0.15073197780408634
26333,0.15672260253800124
26334,0.14888860345579505
26335,0.1528799380490333
26336,0.17461948578734104
26337,0.15137229669141583
26338,0.15112973246003233
26339,0.16656628329967402
26340,0.14521219415182915
26341,0.14845866632386176
26342,0.15293543065047122
26343,0.16153937150394007
26344,0.1475489998009485
26345,0.16757295043060955
26346,0.17741351284780796
26347,0.17327147212242833
26348,0.15322660749962908
26349,0.16497591836338457
26350,0.15031760679352899
26351,0.16552233427030097
26352,0.1803687737225656
26353,0.15033446159265726
26354,0.1501790411012674
26355,0.18875490722518323
26356,0.16849772338151772
26357,0.14763691478084226
26358,0.16236981827129293
26359,0.1458347982751046
26360,0.17445586960248166
26361,0.1466227538611041
26362,0.14965029869974047
26363,0.14776621398399253
26364,0.18138173906038696
26365,0.15734128457431068
26366,0.16098073037517402
26367,0.1530269835040747
26368,0.15439742372154144
26369,0.16483397357437304
26370,0.14910046254203552
26371,0.14760462040624878
26372,0.17886041281066395
26373,0.14631376007890778
26374,0.16504734867907903
26375,0.15009315120011574
26376,0.14927678191399113
26377,0.15005717241981198
26378,0.14778104546345647
26379,0.1457656395969313
26380,0.15979553210188882
26381,0.15070150638541524
26382,0.1769957606505754
26383,0.17757108230090823
26384,0.14601393371231003
26385,0.17502159965711833
26386,0.16931045984752138
26387,0.17373143121072795
26388,0.14926312774596548
26389,0.162364688036247
26390,0.17044319341589442
26391,0.14911379027720958
26392,0.16191567866388457
26393,0.17250882609830134
26394,0.14686021444342878
26395,0.16643984695361574
26396,0.15000825304497287
26397,0.1513430024958682
26398,0.15474107877088258
26399,0.18299227319563666
26400,0.1480564671325236
26401,0.1532932867507887
26402,0.16970297420921712
26403,0.16678516363134369
26404,0.16393624287055994
26405,0.14561368220323762
26406,0.1553534751111573
26407,0.14815192175687794
26408,0.1686660528695692
26409,0.17254236171884335
26410,0.14867141985671736
26411,0.1669841368794549
26412,0.1496829612939101
26413,0.17507143872847555
26414,0.17899629855540228
26415,0.16810233102801297
26416,0.18085139021815613
26417,0.14781342478100845
26418,0.17433722740712895
26419,0.18171588974735298
26420,0.15110447530726423
26421,0.16028520252972295
26422,0.15602242919044282
26423,0.1617137430254208
26424,0.17247093298788801
26425,0.15769197236614402
26426,0.1611415771575366
26427,0.1472702672087011
26428,0.1482734832827349
26429,0.15345849945159618
26430,0.16245596879911964
26431,0.15015807772986012
26432,0.15019140205068415
26433,0.163743940253091
26434,0.15988599210611362
26435,0.14834456126933485
26436,0.16595523749220892
26437,0.17868424433604416
26438,0.16885340128081633
26439,0.1481460397203829
26440,0.1472701101936659
26441,0.15816391398300372
26442,0.1707215898517192
26443,0.1630660131597756
26444,0.15062605223931436
26445,0.16365292478584603
26446,0.15480633425271695
26447,0.16337212428800785
26448,0.1621522317371509
26449,0.14600650564735684
26450,0.14976158278916774
26451,0.17698560891211504
26452,0.15979452784257897
26453,0.17670660584108086
26454,0.1645215819552118
26455,0.1454699144921437
26456,0.1495753894388787
26457,0.14795534754950224
26458,0.1618873420344279
26459,0.15551531075097275
26460,0.15800695408223991
26461,0.1979785527368702
26462,0.16435565337608266
26463,0.15097861352767133
26464,0.16050031900682532
26465,0.14672430892481736
26466,0.17861222945231045
26467,0.16920852660222366
