id_cliente,prediccion
2,0.29840123092744236
3,0.359200959101351
7,0.3615502029376201
10,0.3369562606960658
11,0.32548071306819715
12,0.29202007501101696
14,0.40102244852253344
16,0.2915851418756892
25,0.34400402163636384
32,0.3605811657699119
38,0.3446230666081834
42,0.4324664140244884
63,0.3292481365840324
65,0.4016901519926604
70,0.29402675484549023
74,0.4175344940775193
76,0.35385332951588544
83,0.29532213690362874
90,0.2971895592675873
98,0.5274811927841654
104,0.3453920555443911
121,0.31798961591370395
124,0.4246844739409406
125,0.44818669152983653
137,0.4877098219551294
143,0.33280730585600665
144,0.4478959833833012
157,0.4212816816426559
163,0.3419485283127389
197,0.4383962229821443
203,0.5380141849877067
205,0.3578277197568688
209,0.3400544039322728
228,0.5088206862817235
231,0.41014555423008303
237,0.4604885016703883
243,0.4357175038098207
247,0.39148574335846803
249,0.38430146886030686
253,0.35838923497232783
261,0.30013990162695997
263,0.34034116402344944
275,0.38096605938436817
279,0.4442342234312616
280,0.3508346411638909
292,0.34921272393870895
297,0.3579289671671226
299,0.332412405789903
302,0.34569208962971393
304,0.32398461601446443
308,0.39503842430910896
318,0.43861526646300314
319,0.5353632682037595
323,0.392752761693788
325,0.46483961478928093
339,0.43180830019625094
340,0.3257861833352378
355,0.369055749928542
359,0.39732255544483996
368,0.4085558506103359
371,0.3742161485579322
378,0.36704537831027984
390,0.37061322816518616
392,0.4256402888175199
409,0.29120559002161794
412,0.3996078529181042
420,0.4208714535760352
422,0.3948573799217852
428,0.3177196540181215
429,0.3256250059594168
430,0.40746697860388664
434,0.32368785444494674
437,0.427462413082163
447,0.40677825470239837
464,0.2995703635632032
466,0.4601641996023222
468,0.4476716354110833
470,0.4367465989350267
473,0.342970436770708
475,0.3447285870860414
476,0.43034777245998507
480,0.33969055175184015
483,0.32667811750643844
487,0.44275677443310457
495,0.5319949739421412
496,0.4362946078265709
499,0.2880419878301599
502,0.39104650005828867
504,0.28839097997459595
508,0.36941164964022827
514,0.29196404620208477
515,0.3762262127783117
538,0.320346045069164
548,0.3651507257489137
551,0.41265176976977935
553,0.41031803789267846
560,0.3465231423053294
564,0.38928335800578057
572,0.3853193575687394
577,0.32963926737002686
578,0.4791173362780801
591,0.3454106159299782
593,0.4123100772982522
604,0.3570823585088461
606,0.3756945744776221
614,0.38586540984247086
616,0.3670100200586734
622,0.34967997883980323
626,0.3298555418858273
632,0.3632325580468389
637,0.30000830882493273
640,0.2964157496221254
647,0.33888505369803923
648,0.34963304515005256
653,0.37980689131103224
654,0.3054764979964505
659,0.42496917483560215
661,0.33281695039508813
670,0.3587181458343763
671,0.3186515315659741
673,0.3163489575575092
674,0.42720211663566493
682,0.28670406259980263
683,0.38968182729058276
687,0.3375755645569477
688,0.3971063998454071
689,0.4227783410572494
701,0.38551601885182474
705,0.31571898868533865
707,0.29887781941919533
710,0.44841343390183275
714,0.3027705379249152
716,0.35865812252961116
717,0.40356134291599566
729,0.4314437079170875
732,0.40939020734391185
734,0.44138927632595915
736,0.33219136683320794
742,0.2793954562998689
750,0.3690178999975038
764,0.4292895407407072
767,0.3562201461629541
768,0.41341803929171334
774,0.49103214954224667
777,0.3290178427863247
784,0.3165244347675074
785,0.331678305837265
786,0.2918547441752205
787,0.39136979369740194
788,0.3425358838959369
790,0.5079783454545901
794,0.3097117649917861
796,0.3720435864712963
802,0.28591448881108333
812,0.5091329254984579
814,0.32175833305518453
816,0.3785269414596615
817,0.35708792535247286
834,0.3590176887406138
835,0.31110479142420716
836,0.33505413916256666
837,0.3458389832413834
840,0.431908459232681
841,0.41341393499688
854,0.4557939371004595
858,0.3404858943096532
859,0.31156081461219454
883,0.4146414935788087
887,0.3666357793515743
902,0.39854327605843054
913,0.35215380927821394
915,0.3004898406286294
916,0.4172875979954442
917,0.3633854739924176
924,0.3418736639366631
929,0.4474977318838152
933,0.39843317331491357
936,0.4421752690028219
941,0.29679926533800777
946,0.37928154360484684
948,0.3707028433093435
952,0.33683256093205793
959,0.3533530082637934
963,0.38050497681494344
965,0.33290125362312173
970,0.4504953883869933
975,0.5454590073367566
979,0.3515447375829476
982,0.3683401763827654
986,0.3244532253562473
992,0.45324686418351207
1003,0.3214397307305454
1004,0.4401011054920256
1007,0.4250918201005559
1014,0.28203030610449326
1017,0.3026968128993224
1018,0.36826389823385336
1043,0.3538584037990679
1046,0.37912403194040545
1052,0.37186439508554614
1061,0.35830060573717604
1063,0.3834500724916051
1064,0.3745792051982589
1067,0.3777008110669734
1070,0.424254905540154
1075,0.3438123907598926
1105,0.3280802209560757
1116,0.3894121603846034
1117,0.5538842041711818
1123,0.3311235949853632
1125,0.3021887097679033
1132,0.35758193182044834
1160,0.30031750763801335
1161,0.3635726700933112
1165,0.38125710333194723
1171,0.4357384078963325
1181,0.4226966666376351
1185,0.3664101909223955
1197,0.44525203225065046
1202,0.4269158584814586
1205,0.3749902649155178
1206,0.40921714900519723
1213,0.340776750099692
1216,0.35046357654146354
1228,0.3884664441470026
1232,0.4171844611057099
1238,0.3648946259497582
1241,0.3505248172560701
1246,0.3619777968142239
1258,0.3647233519696673
1263,0.37228235891950495
1289,0.3252023922754285
1301,0.44333108981929314
1302,0.3340672049571331
1303,0.49814321666104894
1312,0.2784575530143825
1314,0.34108627002194786
1322,0.3272135954518138
1326,0.36083563467677043
1328,0.4034338011307314
1334,0.34447266184441555
1336,0.3860483849028813
1337,0.34710052295803323
1338,0.4166164094182726
1340,0.35944257580913297
1361,0.45603897329772686
1365,0.5417655939195823
1368,0.49148815165271514
1370,0.2892447790569026
1378,0.41218977953710306
1381,0.4900635783148992
1388,0.3890482114616902
1393,0.3712251356179776
1395,0.30160861751055523
1400,0.3519681948092772
1404,0.34935921417419524
1405,0.34907642884779977
1411,0.3841452876750352
1414,0.39162289400013206
1415,0.3384537281002528
1420,0.270484754499023
1425,0.30462780945324164
1434,0.4320838995672019
1453,0.44522087455889353
1455,0.3734754511364273
1460,0.37732866572323
1465,0.49024136993705936
1474,0.3917144180023089
1475,0.27705151349103885
1476,0.41548476515144
1477,0.3788426087426501
1489,0.3399993977735288
1495,0.33881689086522243
1496,0.3237204457421043
1501,0.3224870644857391
1504,0.35222194483201574
1506,0.4179338672162652
1516,0.4313139944194967
1535,0.3259667029954646
1541,0.3550397394065579
1546,0.35509453611850816
1552,0.2997386795167203
1558,0.34954509739580614
1559,0.43742522774472553
1564,0.3368605537159143
1566,0.37151213966957075
1567,0.43971132784662176
1573,0.43581125798625253
1576,0.30347148268682445
1577,0.3426249868351322
1578,0.4076899205318946
1586,0.3132556468521368
1587,0.38331307480192417
1589,0.3796373170209391
1591,0.2854924964657526
1592,0.4483371554680123
1598,0.2914320229091299
1602,0.4834402023062447
1604,0.29853803823595554
1606,0.36680292361367933
1614,0.35744600393705306
1615,0.41201946084835883
1619,0.35268523201843516
1623,0.36093364231710545
1631,0.4124863144027937
1639,0.35796049889651954
1648,0.3691692357345259
1659,0.36758896679608843
1669,0.448768186979541
1673,0.3523257623178523
1678,0.4044243765138961
1682,0.44556877687120183
1683,0.3571245872875463
1692,0.3793115307363545
1693,0.40078613712971145
1695,0.4191844903358956
1698,0.43224962224034014
1706,0.4391277729278923
1709,0.3442542938285904
1710,0.45712092979352514
1719,0.37993674975836034
1720,0.32460516710950366
1726,0.3059871109860497
1730,0.35960505941585025
1732,0.3378004237482017
1733,0.36393488237346505
1736,0.3056336293257016
1743,0.38025630897273216
1751,0.35447724556019516
1752,0.36487377398258203
1754,0.4866134694096809
1756,0.4378409790981981
1760,0.36711195808695846
1765,0.3170334343208385
1776,0.41993127574676875
1778,0.3896350338655349
1779,0.38825097030297223
1781,0.3445420241562194
1795,0.5283535554786066
1808,0.3035996337409102
1809,0.4262614172825447
1814,0.38162246411099915
1821,0.3736889500801567
1822,0.3773225595382389
1824,0.44166791587458826
1827,0.3948277298289324
1834,0.33651079300162834
1844,0.5381065199559691
1851,0.43756387654712064
1867,0.44455279591003566
1869,0.29835779896174336
1875,0.49447608210622734
1882,0.3623469396558512
1897,0.48785504179597117
1910,0.39867348021154336
1917,0.36475863477844217
1918,0.4431516369772217
1935,0.32517278348175194
1936,0.4296034531103083
1937,0.3362998894760985
1949,0.39553208703577
1952,0.3500637792519676
1956,0.33727051403668823
1969,0.3680084034344711
1970,0.35971862246903585
1971,0.299166964028109
1977,0.46581640836215327
1982,0.47438211532366586
1995,0.3428633569745537
2002,0.36158026331395954
2004,0.38412958370452704
2011,0.45319531866746265
2013,0.44146678385273946
2014,0.3093118799279799
2026,0.3301532191339558
2040,0.36658955330954207
2043,0.36684494175053717
2060,0.29538914099515745
2069,0.3461801508358968
2073,0.30553826426179004
2076,0.3381103153069243
2082,0.42830949371863186
2089,0.3386488902549333
2091,0.42067144456995104
2103,0.43358306029656446
2109,0.3316225490913412
2112,0.38298888899029615
2113,0.4371917868378085
2119,0.35485192350859845
2121,0.3873318458733251
2125,0.359521882532901
2127,0.464755602524554
2128,0.3384692979604986
2132,0.38705120910700663
2146,0.40979375825983816
2148,0.41090284836621777
2149,0.5348673574838975
2156,0.3517316787560491
2157,0.35331151413095774
2159,0.48836536961544597
2160,0.3152126651739714
2169,0.4296052346755735
2170,0.4236952963244763
2186,0.35793115018799454
2188,0.3215818407892661
2190,0.335337346074151
2203,0.35420271246708934
2204,0.45695019931089886
2205,0.4554906986279695
2207,0.44651030797367747
2209,0.2875883868342406
2211,0.3096358904525766
2220,0.3570353976071649
2226,0.42428388006649387
2229,0.36496898855103277
2234,0.31183797060273777
2237,0.3907986970039313
2240,0.34536421842745874
2249,0.36676513721040815
2252,0.4371803235978243
2264,0.5077655200069578
2269,0.301104116529789
2272,0.32444768324986334
2283,0.3433499704289486
2284,0.3970986290902351
2287,0.4407153921016176
2290,0.34808216670406944
2298,0.3435259311044475
2328,0.3712538255287561
2329,0.4498100503896392
2330,0.4850658705139911
2336,0.37585586623430145
2338,0.30127415001887
2341,0.35953075957371344
2353,0.4270781301715186
2356,0.36439866219071904
2366,0.3423352197884382
2401,0.3308250582827669
2404,0.3888877952346889
2408,0.29808392378518556
2409,0.35926544404286803
2410,0.29650474691407974
2421,0.42336501970731455
2425,0.3769227919707717
2427,0.5184352961380764
2429,0.40697823136773253
2432,0.3517392848517407
2435,0.3908841292455039
2436,0.2984309194935635
2447,0.30449347579568875
2449,0.35132956126416753
2454,0.34782284988776924
2460,0.3778857957055294
2472,0.4260065564686463
2479,0.40734866930375396
2483,0.43377993597466785
2484,0.32864346984308634
2492,0.4535369536030502
2493,0.3384333820482864
2495,0.32304696654594744
2498,0.45268300346403406
2501,0.31388329896470624
2510,0.326691163369911
2512,0.3190164917015263
2516,0.36590134358173393
2517,0.41956733720681727
2538,0.344732810800023
2561,0.3206635591273016
2563,0.37594943908439377
2567,0.36204943956262214
2569,0.33453086745272415
2576,0.3993441693108333
2588,0.35941741156233414
2592,0.3391331612463656
2593,0.3798309365046591
2604,0.2623614191487271
2613,0.33888675704473614
2620,0.2879564591890785
2626,0.4098276050966613
2629,0.274332682099778
2634,0.3382420924724228
2637,0.3737119257663269
2649,0.4435748722037128
2653,0.5214987376824777
2661,0.37447472083183014
2662,0.40570895013836095
2668,0.3389042043945505
2684,0.37132834978682605
2686,0.40554672835542144
2706,0.2852179682933085
2709,0.29390519895366973
2710,0.33774836973088523
2712,0.31276447375187605
2717,0.34791058241758693
2718,0.46080732589258766
2720,0.37660814594960906
2726,0.40706350098783844
2732,0.5188357709963193
2735,0.4633270631210118
2736,0.4239522682501838
2754,0.3583389932202288
2755,0.29391654881335305
2758,0.3726962771011479
2759,0.3433850468865044
2768,0.425272450541289
2769,0.5002955371834747
2770,0.37519727941362446
2776,0.3074512233244834
2779,0.35586661682977594
2790,0.3317537754206485
2794,0.3268057627854858
2796,0.3783253775305308
2801,0.38160555363452764
2810,0.36794181480093113
2813,0.3265063422522758
2820,0.386455823718437
2822,0.4244291306082761
2830,0.388762367624796
2831,0.39097532485677683
2835,0.34910003703492376
2837,0.4370900793278319
2852,0.46404210863868206
2861,0.2910050957356239
2864,0.36738538577774493
2869,0.32191058863545896
2870,0.4419896060158613
2883,0.33455620455514734
2890,0.31612577498141564
2892,0.39978748614039317
2895,0.4168204804352187
2908,0.4170861928482807
2911,0.29747636863356586
2918,0.41465609362828415
2931,0.5144404777233793
2936,0.45044704986336137
2938,0.39119146439378144
2940,0.4975877526692145
2942,0.2880294609409209
2943,0.3718218552649893
2945,0.4762624213682809
2949,0.3482097405658311
2959,0.3747619308015
2966,0.428102846747809
2969,0.36699698660417357
2970,0.3695130628460324
2975,0.3494063168552122
2976,0.45958551526211217
2987,0.3074500738037031
2993,0.44701740699893155
2995,0.285641235374251
2998,0.31358113082401734
3002,0.40989781180558765
3004,0.32538764428498856
3008,0.36646037341614934
3010,0.431603183740039
3019,0.43851587948470544
3027,0.43615348063886883
3030,0.5352232323612226
3031,0.41677740641872313
3037,0.34485717706121977
3038,0.36650899114878366
3039,0.29417900744591724
3043,0.35252187331628854
3048,0.30997450648895114
3049,0.4102929348709798
3053,0.3229208311279103
3054,0.3235789452373387
3056,0.3015844093474027
3069,0.4301400442143176
3071,0.39518195682223256
3072,0.38231286240622636
3075,0.36123561926901687
3078,0.44325993885766407
3080,0.29737578881732657
3104,0.4617506067654384
3109,0.3915499746706692
3126,0.3479427449804949
3137,0.2922769306767547
3139,0.2807893963854554
3142,0.3597013474290657
3147,0.3541112545203361
3168,0.3356652618963876
3169,0.39804924039256584
3172,0.41983792467654596
3174,0.32716670236065637
3178,0.4535030958040802
3179,0.3173480475552522
3181,0.2830509226341202
3190,0.46826330252106824
3192,0.39220968233110975
3196,0.42426285995303736
3197,0.5030478570482486
3206,0.45110872165326293
3208,0.30090412903076474
3210,0.34255601346480474
3214,0.2932998686927851
3220,0.32821589413611785
3228,0.33437411047156734
3232,0.34722050345400973
3247,0.3183600243289168
3253,0.43888132743887753
3256,0.3366557787286524
3257,0.3136203159179513
3262,0.35892848756648726
3269,0.3054365861360793
3276,0.4198208897823206
3279,0.42683524560481634
3282,0.3421654685530677
3284,0.42624948337580515
3285,0.40634606879702095
3295,0.30621731481531494
3297,0.362141885634631
3298,0.4053356494854453
3311,0.33420938070937545
3313,0.31096175567630724
3321,0.33457301872199285
3325,0.35596065520616527
3329,0.4288381669017338
3345,0.4656971856785546
3347,0.31998239460225153
3349,0.2734720911328923
3350,0.357254526323731
3354,0.42128768180762566
3356,0.45974344016912305
3363,0.30940768168910776
3372,0.40685499815477644
3376,0.31114997842395115
3380,0.3362866665853678
3383,0.3163049971106899
3385,0.4323807567010573
3387,0.44961322331930303
3395,0.3463674471590222
3396,0.3154189896594985
3397,0.3616578974086667
3411,0.37194763650111157
3413,0.2991751313853282
3415,0.3303757345350591
3444,0.5034736311777711
3446,0.3523029238219533
3447,0.3255904113746183
3448,0.3279481865041011
3454,0.3510112988926805
3466,0.32692340688327515
3471,0.37317213734445664
3474,0.36031307137268265
3488,0.3688021447979743
3496,0.359833143734095
3498,0.3627888292165192
3508,0.33400100671959876
3511,0.48335208505256433
3514,0.37646357570477496
3524,0.33469958190512833
3526,0.35557189216432106
3529,0.2916771990837851
3552,0.3800416442401298
3561,0.3615882217513531
3564,0.35183828411235235
3566,0.3471325546665365
3576,0.4211091688688342
3581,0.35802540385225684
3582,0.3043315435641559
3583,0.39407125523929615
3587,0.31419374041793835
3589,0.3582854058606745
3590,0.3925741639547551
3592,0.37565067388810286
3594,0.36267806719498596
3598,0.33355277448066595
3605,0.40366377177213913
3608,0.44025019906163815
3610,0.38967566204689247
3619,0.39568048565464187
3622,0.28560320415717305
3623,0.5271347484771094
3628,0.3598827970985586
3629,0.3310881995978706
3647,0.33895897332442865
3653,0.352630396759601
3657,0.4240389006776021
3658,0.39906910819722863
3661,0.3480843469318453
3665,0.386526159119682
3668,0.3532861700920641
3670,0.2786379139168881
3672,0.33172377412932447
3675,0.38921286269277344
3680,0.3135497168542856
3697,0.4176917963760868
3698,0.33653681308622174
3699,0.35973384305076933
3703,0.3229113921793994
3711,0.3972330092493086
3712,0.5225347866366741
3716,0.3420310811505054
3717,0.3490982163817374
3721,0.4319046934590885
3726,0.3949082883376855
3735,0.44027958666895606
3736,0.5017885192520073
3740,0.3475369606768506
3748,0.4911629537843364
3751,0.3359449451128302
3753,0.326100351475433
3754,0.3014517835590054
3755,0.398536935751585
3764,0.31491115326778446
3768,0.3535661291903371
3781,0.3103033971824086
3782,0.3857292573275053
3787,0.30849847297572186
3800,0.3482498073893634
3804,0.3907976319137197
3820,0.36756789593983896
3821,0.4547912034607269
3824,0.27156145811907867
3825,0.3957274590494191
3826,0.45204544103935257
3831,0.3112887256775511
3834,0.46416931617618545
3835,0.3686455865720243
3836,0.3048003847126413
3840,0.2969872451856112
3841,0.41982119187547484
3848,0.5358589620309334
3863,0.4619914599239734
3869,0.36462275210401374
3875,0.40304770894055714
3877,0.42061832722812786
3878,0.41827423635298516
3879,0.4501121784897619
3881,0.41753035687641116
3882,0.30660819645826826
3887,0.3848108765892287
3890,0.3509146590992139
3904,0.3420660636362774
3905,0.45487151000196285
3908,0.37403033745630976
3917,0.534198648898489
3927,0.36360784139034236
3931,0.4434485316875127
3938,0.4058347784110171
3944,0.32726397899690274
3947,0.3643202766868031
3950,0.37935816145373885
3971,0.344914187979555
3982,0.3803865955401255
3991,0.3367866728154141
3992,0.31930227267876804
3997,0.3388504819835422
4005,0.31981374333504126
4008,0.3684994739688505
4016,0.353778168728934
4018,0.35227236097151066
4020,0.4601250453626253
4027,0.4648098911922638
4038,0.4018731088251812
4045,0.4006741420053537
4048,0.4269589724293285
4051,0.3219260893454608
4054,0.4152132866370475
4055,0.43558029144177657
4065,0.3574861279935546
4066,0.43519433956504877
4073,0.45548553053619273
4079,0.38914164400407286
4084,0.3101866475275206
4087,0.5005309590586593
4089,0.35758066908414926
4091,0.48139923585262534
4092,0.3492857957662302
4102,0.4328672684096388
4108,0.4346954061929394
4113,0.44888975261834324
4116,0.4294510148657123
4117,0.29503734239200896
4124,0.3067648577538486
4125,0.32827297381922366
4128,0.35912850750575104
4129,0.3651683944535333
4130,0.3612311777799801
4134,0.418590358239468
4144,0.31134865809260187
4147,0.3980656313624948
4150,0.34704051498207295
4158,0.4199317831795386
4162,0.3463759947261472
4163,0.3270899764011956
4166,0.26962553248936705
4167,0.34965545190093605
4168,0.3916681322024089
4175,0.3408872883718946
4179,0.43556521150968436
4180,0.48047939406232887
4189,0.3535688147139521
4192,0.48698249767319923
4195,0.36165446969318765
4197,0.301370496533658
4198,0.3706406316014769
4202,0.3560540527453546
4208,0.31086195933940264
4222,0.4349046132655689
4225,0.2850152229110375
4227,0.3382761186978078
4229,0.3762194754419296
4230,0.38937062836857267
4244,0.414097235240396
4247,0.33681049681189007
4249,0.424020498726511
4258,0.2982364146391487
4266,0.5299374902755893
4283,0.29931711254835314
4286,0.45294247428145185
4287,0.34408583034283785
4289,0.35637940300254917
4291,0.4533039545001737
4292,0.4366187903425274
4296,0.28452701942006714
4309,0.2717842760851186
4323,0.40129498154796456
4324,0.4413139354632095
4327,0.5135636348573643
4328,0.35247005495415096
4330,0.38837455644737595
4334,0.3484127528678348
4338,0.3525383664238164
4341,0.39571752059759757
4343,0.33082756784183126
4349,0.354808748840524
4366,0.37105757443562964
4367,0.4112350256660339
4373,0.3389079170871636
4374,0.4957290705327746
4384,0.40858668469185383
4390,0.5228489092599485
4403,0.3906733323743044
4409,0.3341151222922168
4419,0.4059039464927458
4427,0.34669830143772634
4428,0.4034810498844646
4429,0.36165078607104006
4430,0.33491093516055465
4431,0.38118934026296303
4433,0.36992212115035045
4434,0.29276168524978347
4442,0.3404203765679393
4444,0.37720081655318205
4456,0.3516102406663581
4457,0.32970348203630695
4459,0.41638857717014816
4463,0.44201505658592366
4465,0.41188866383298994
4466,0.3907773191831195
4469,0.4390767497762142
4486,0.3361473637531202
4488,0.37436318681684555
4490,0.43844354392976953
4492,0.29864027371093593
4500,0.38376439704286647
4502,0.4209966201476346
4507,0.292435510422553
4511,0.35863942816931454
4512,0.35501157562314184
4516,0.3506827400937248
4520,0.36605119233288314
4536,0.337234995282458
4538,0.3407321810653071
4549,0.4565128600672562
4554,0.3518869189383122
4561,0.4259478118799667
4564,0.3186520502459448
4566,0.3739138966172193
4568,0.3940018776887503
4580,0.4035810513881106
4586,0.33734148750791626
4594,0.3875559480895918
4598,0.3336731162665991
4602,0.360216523287445
4609,0.43207763596809373
4610,0.3502309790805689
4611,0.3676380105002648
4619,0.4376754370151801
4624,0.411621278542957
4627,0.30321914817084045
4631,0.42381466510824817
4632,0.44101350102001646
4635,0.4052128493305734
4637,0.4230490639574674
4641,0.4310572364126397
4643,0.36816330730292696
4660,0.2946098841549237
4665,0.3816045637248942
4667,0.39600817259678167
4668,0.36031195112844594
4670,0.31911624633037705
4674,0.37348861486666224
4676,0.3550257471585674
4683,0.44394992296692576
4684,0.3519721767782237
4687,0.3310545359405453
4704,0.35789105562815365
4706,0.29052036635100065
4732,0.43818960914163474
4734,0.47046256235804973
4735,0.3645064502461133
4744,0.3051255122138927
4755,0.34728865559363775
4759,0.3762966480938887
4762,0.3207687267695787
4765,0.42983642242204906
4767,0.34506085655583957
4775,0.41210293417298915
4780,0.39256598506169255
4789,0.3925482810087811
4794,0.4367568892252016
4795,0.3627715774588634
4797,0.3564456293049154
4803,0.3101019976722514
4810,0.44074447526059324
4812,0.5118329762041982
4814,0.35208760294299296
4818,0.32182018261073464
4820,0.3679400449039122
4822,0.350379290831426
4827,0.2963432194397435
4828,0.3399847789657974
4831,0.33914648076429366
4839,0.3548994177801188
4841,0.42485647953846045
4842,0.36020634600274376
4844,0.30552791049942174
4852,0.31449739965930607
4861,0.312917806188855
4863,0.46732861405707277
4878,0.44083848792159425
4881,0.47074661606961554
4883,0.5121248298477569
4884,0.31740182202682443
4890,0.3553681769156274
4894,0.351817696381975
4895,0.4839896340775016
4898,0.4102735918005295
4899,0.3562275870500031
4901,0.4070323705257717
4902,0.3315612378469977
4919,0.3633121150116003
4934,0.35026615875951195
4937,0.33833796314654274
4939,0.31431060886651085
4945,0.42054929338858604
4952,0.38066910507664525
4953,0.44812483426236305
4954,0.3083184916608314
4955,0.33035108088014503
4967,0.3602731808787139
4970,0.44294910847067437
4979,0.4452922787179686
4983,0.3829084466262842
4989,0.4549731708125719
4995,0.3931122919889527
5004,0.47141275883337747
5007,0.45045311271893596
5009,0.3535630344831355
5010,0.34545101123603317
5016,0.3206514921138879
5033,0.3552564810081131
5038,0.35479246034136885
5045,0.3386252387178618
5049,0.3584836740021937
5051,0.29482769836556594
5055,0.38757453157912813
5058,0.42147186047286916
5059,0.35242018659113
5073,0.40024503837519176
5074,0.3936295473396056
5076,0.38640299725081495
5078,0.3604550228877178
5081,0.3056934221767813
5082,0.31916890614221005
5084,0.3110478340802837
5105,0.33076162590818237
5107,0.3947457629584641
5111,0.34027454965523996
5120,0.31573816996514664
5121,0.32167866365582426
5123,0.36317675553898676
5141,0.33362211877792475
5144,0.3635204196290526
5147,0.44693373169643313
5149,0.3669508302008427
5152,0.42423343369303995
5160,0.3360673729983274
5170,0.38469108847783295
5171,0.4163815405628904
5176,0.5230985667148191
5178,0.4345074104605736
5192,0.32226877402297255
5195,0.4010676123363251
5204,0.36589824232488755
5208,0.42211089933757256
5211,0.3540993928607918
5216,0.4380678067173887
5217,0.40548670869427283
5225,0.43187370212791104
5228,0.49529370163668146
5239,0.320532663018388
5241,0.4017115742387503
5243,0.4229010603608887
5246,0.45413637392225575
5247,0.416895044029686
5249,0.3543397741485523
5251,0.5311734833727788
5255,0.38162113216598575
5257,0.38413076891857334
5259,0.41284249327738365
5260,0.3340531298140007
5269,0.4640798106139263
5281,0.3078858285610944
5284,0.39023727522559887
5286,0.3567796472864489
5292,0.37052133865516645
5293,0.38730256039142236
5299,0.36621349033054484
5301,0.34187794747765193
5303,0.3079483783196949
5305,0.41255079461933003
5319,0.476618735111202
5325,0.3037852155616848
5331,0.30432545341099115
5333,0.36827649341643875
5335,0.3469761650926941
5339,0.47393480476545236
5340,0.36254097740052976
5341,0.3965888411844006
5343,0.29899362912143085
5347,0.5312813325190404
5353,0.4354229541244565
5355,0.29260859269756845
5363,0.3172044592299797
5365,0.4444108395848522
5373,0.3866504505960859
5377,0.38372420978759997
5379,0.4242703021047013
5385,0.35058461832787524
5386,0.34856209795771886
5387,0.32277937605339296
5389,0.4273465602886295
5390,0.40588841325359476
5396,0.3523150549398796
5397,0.2933900045065042
5404,0.3617136808585793
5407,0.39795939761435517
5410,0.3238407627754563
5411,0.3062024178458863
5412,0.3015463728378122
5413,0.2948570611573421
5418,0.4046675627503926
5424,0.315069446764139
5427,0.41302180517305476
5428,0.36722296793788345
5433,0.32329806863255534
5441,0.43903446847312233
5448,0.33618148250625823
5456,0.3653587213400297
5460,0.3324674061293895
5465,0.4057019624279066
5468,0.37630585879561695
5470,0.44297185093972963
5475,0.29109402375683374
5487,0.4584831307435877
5501,0.3447480809451415
5504,0.34026811526394674
5508,0.40144146744093406
5510,0.3127446906926109
5514,0.31398180384746815
5528,0.43716252139740347
5540,0.2892961823839316
5543,0.2815229673455509
5545,0.3893528223918152
5546,0.4492816158618328
5548,0.2977612362374564
5551,0.44797983804753394
5553,0.37709349966988776
5556,0.2937924402396655
5560,0.3895374368952577
5563,0.3553825917214056
5569,0.3607260140246053
5572,0.3431151846963405
5576,0.41112837498615273
5582,0.3086458889189394
5586,0.40226586091915173
5598,0.34203909101652596
5605,0.3505026662446984
5608,0.30709785510182436
5610,0.351742306574641
5622,0.3135474973706886
5628,0.4533442498192187
5632,0.318271232615218
5640,0.37679379463196666
5641,0.44013418288817846
5647,0.37612870534418436
5654,0.48017404447369755
5665,0.34778229629655333
5667,0.5333818530093989
5674,0.41688533043397524
5691,0.3081804978125273
5694,0.4317781224765986
5706,0.359893633664802
5716,0.36583784857297563
5722,0.35723795720123824
5738,0.36850191098920354
5745,0.3659614009507199
5746,0.3385064009590974
5755,0.44152764897834446
5756,0.33296846912474704
5760,0.44979508667693047
5761,0.40566493860224434
5762,0.43047484598220853
5763,0.3618613677547884
5765,0.41825267834512675
5773,0.35900117741978327
5781,0.3766945739274904
5786,0.40299988068635273
5789,0.37009917530336933
5802,0.34599694288090066
5808,0.35201167168915437
5811,0.299048408124679
5812,0.45033577696585103
5813,0.35048744652650937
5821,0.35991000297892717
5829,0.4045787681561184
5838,0.4197518054468539
5842,0.48024634462006366
5861,0.36841828486335515
5864,0.2841674342066426
5871,0.42625198528460645
5875,0.37907037317340353
5879,0.44206796353165834
5881,0.38278391152030283
5891,0.32411568588845646
5903,0.28769868205717886
5909,0.3574181091136873
5914,0.4969751958198275
5918,0.3445078713187684
5933,0.36231415559093605
5945,0.3416958268895724
5948,0.3156311845510709
5949,0.3189759263335161
5950,0.3494182787006779
5952,0.36386186491054884
5955,0.4155247546517682
5959,0.4020120994836615
5961,0.3546917834316954
5964,0.44701223768299464
5966,0.4521874725032764
5978,0.4464856721661534
5980,0.3671708306537282
5983,0.4161620123723755
5985,0.35906464886831485
5995,0.36028298283212357
6009,0.384616655334558
6016,0.3224702714078227
6021,0.4149074782939471
6023,0.3175954812411199
6029,0.4642898215976967
6033,0.4227258184758345
6036,0.45912035625026454
6039,0.32066325027937836
6046,0.3520049902143828
6047,0.35059428941350695
6051,0.3373310248448802
6054,0.31766385778087275
6061,0.44129744026280954
6065,0.28900428446473087
6068,0.38597791459824654
6069,0.3654182593953433
6070,0.45798210738175654
6072,0.34370783188226744
6076,0.37106792061953703
6082,0.396842767030807
6104,0.41230437061684044
6110,0.450175243794391
6122,0.36987964384510974
6123,0.4835296151519122
6126,0.33945232675634573
6128,0.43896636900017216
6131,0.33505771516596544
6139,0.3429948166716131
6140,0.41525182236446795
6142,0.4646739150667599
6143,0.2699079122129366
6147,0.3948952740939808
6152,0.4324354005615482
6164,0.38429432923341605
6171,0.457567577339316
6173,0.4927652225628951
6175,0.4800187443510568
6176,0.35719899851152853
6179,0.3975818965714872
6181,0.36771428363462605
6191,0.3034498585673034
6200,0.3890817333462816
6201,0.4155458884538293
6208,0.4692903516283037
6219,0.3307254746147182
6223,0.310078579130552
6224,0.46737116177077026
6237,0.37167429430721727
6255,0.3895795612107324
6265,0.42534215233068196
6273,0.41700785473242274
6279,0.3387149269702363
6284,0.410130059756132
6295,0.4126207928685037
6306,0.3686769596065872
6311,0.41230095354128093
6327,0.3516123378451674
6330,0.328104853845857
6338,0.45878141246122167
6343,0.47776177190326885
6345,0.35190761455016484
6351,0.2932232219995837
6357,0.31374829964620554
6360,0.39488202218526974
6389,0.31417360514304
6392,0.3665379858507143
6404,0.36362839954347514
6406,0.3333930381767769
6407,0.3989076362165076
6414,0.45195349823634884
6419,0.39187652876234114
6425,0.34815267807611555
6428,0.37562356357668586
6431,0.3197714566160358
6435,0.4015615741251435
6436,0.3215782250827809
6440,0.357277109310919
6446,0.2858912168710489
6465,0.37245539134452266
6473,0.32014405815164493
6476,0.2936791605051809
6477,0.3132629588062164
6478,0.4472016257825353
6494,0.4436796362790488
6501,0.45158689351450476
6502,0.40801870551033537
6503,0.3312202202741655
6514,0.343092989385379
6516,0.343124637185635
6534,0.3937247946024069
6541,0.28919142264555653
6553,0.337807764208692
6557,0.2968741638244428
6559,0.38486259734027284
6560,0.45046083169329476
6562,0.2940622602445789
6575,0.4528913556713596
6583,0.38345024403211525
6588,0.4096037146424426
6590,0.34504631824163434
6594,0.29386391588227967
6602,0.4409797337228678
6603,0.40326663113816585
6606,0.3601082551884434
6614,0.4499829312374868
6618,0.30358520918648635
6628,0.3597703531424605
6633,0.35320360341285484
6639,0.3647862052029891
6648,0.3673692164362556
6654,0.2984663285765453
6656,0.3361626889622429
6657,0.4115876157736458
6663,0.31946885745040055
6664,0.3729360780503448
6666,0.3645968133293719
6670,0.30706260469214086
6671,0.3691702416358986
6683,0.31695462157665105
6694,0.36861663414965595
6695,0.4211190229553182
6699,0.3117416365174965
6701,0.4409948124563028
6706,0.2835527007150548
6707,0.34903038519470647
6720,0.3829293773887637
6721,0.4013452773634998
6726,0.4147973417718378
6735,0.3382583434959497
6745,0.3262678970151482
6746,0.29258429981006706
6751,0.30476443627076216
6759,0.47439691930741645
6760,0.41996632271011436
6765,0.4016003279057398
6774,0.36203444003926705
6776,0.3326066703104908
6779,0.4254954002588778
6789,0.3735934779046273
6792,0.3513372907273471
6797,0.3489788470393678
6807,0.45517358500227084
6808,0.44333707410055545
6811,0.4396319298867954
6813,0.4229321889529532
6814,0.37812181941504375
6817,0.2964806627307655
6826,0.3044202196476814
6830,0.3294267449761337
6832,0.43088290551636743
6838,0.41741423828365953
6840,0.3420084114909273
6850,0.31083614759751854
6851,0.3364796146897694
6854,0.327077891496002
6856,0.5163321259907296
6858,0.36860778685899925
6866,0.3482158718675886
6871,0.4226628901547144
6872,0.3123160508036296
6879,0.44913585588681487
6881,0.3165309908151077
6882,0.41911095638295287
6883,0.43485829018962235
6894,0.3968521225149449
6899,0.3311528600448983
6903,0.3487195850080839
6908,0.5038948773007048
6914,0.45598142924059254
6915,0.508820425779263
6917,0.3259514618223875
6922,0.4593897346045761
6933,0.3560446161833572
6944,0.3742281958194372
6948,0.3733229126405117
6957,0.38295530152412477
6964,0.39220873205520523
6987,0.34700750530884583
6989,0.3362120300078489
6991,0.388588045280789
6992,0.375308290987922
7019,0.2938920937805673
7021,0.3935259104550772
7023,0.3812483009396184
7033,0.39114651973158354
7034,0.3302817819868073
7043,0.3640077205462008
7047,0.3515973924987136
7050,0.37732018687340113
7057,0.30690959681779334
7069,0.3076626511769674
7070,0.4108324567479946
7072,0.40370156853288314
7081,0.4136343415459812
7082,0.37559953698330695
7088,0.49317045015602434
7093,0.4453954972523529
7100,0.39628938550047565
7104,0.32684556658194225
7109,0.30297680399237864
7111,0.4560924864834135
7113,0.32776797361638904
7119,0.2923677881407341
7122,0.33441888488658267
7134,0.4963424877307487
7147,0.38976453094761054
7155,0.35389917162884355
7156,0.37092383888212505
7163,0.40569478408361576
7173,0.2895870011701209
7177,0.37219869153162594
7179,0.4356221428001739
7191,0.4268085204727426
7196,0.4637377975539046
7197,0.343950586013595
7205,0.3306449032870132
7209,0.3560180393726376
7215,0.35201888947775367
7216,0.3280317571445256
7217,0.3665832180383618
7224,0.30544268894154386
7230,0.37360190458253134
7235,0.4131558019074149
7237,0.5124083399250222
7245,0.42161820226310376
7246,0.32218741500402964
7252,0.4462991830431319
7257,0.3065196366373782
7258,0.37485726317241563
7261,0.4338971318485169
7269,0.31696677933170964
7270,0.3498850149980718
7283,0.367830306954375
7299,0.31310781527518355
7301,0.30427453138173705
7304,0.38816579410663493
7311,0.3642488451692822
7314,0.3723863735302283
7332,0.33171091133658903
7333,0.4358415492289872
7335,0.36723602568568986
7336,0.3736249379921206
7337,0.4146286058744282
7344,0.3378115082227747
7348,0.38773703590738307
7351,0.32998159699861596
7352,0.40902592329789217
7371,0.3967401892026596
7373,0.36802535543645926
7376,0.31248380574577445
7383,0.3705520648271235
7390,0.3799719481571464
7391,0.3510699600840419
7392,0.39242056759981225
7395,0.3570233478074398
7400,0.4244420444548493
7403,0.3392262689965852
7404,0.3090749597425148
7414,0.34309650721813
7429,0.3768469667079908
7435,0.4174336515002446
7436,0.3576150528869815
7438,0.301977692905823
7441,0.30088376648114634
7443,0.4771062081740294
7444,0.47826402347369806
7452,0.34541191692437256
7456,0.33480214332884034
7462,0.3370727729194634
7483,0.29368605822065647
7490,0.4523310967593983
7492,0.4426310798070548
7504,0.32212957327866343
7507,0.34963896796281657
7511,0.37164425683631847
7519,0.428357778689095
7520,0.4820315392239119
7522,0.36338023096291766
7530,0.3075959348675669
7536,0.4346390433416871
7541,0.35726789338539255
7543,0.38651191487964487
7545,0.4197967177267886
7558,0.4969754563817095
7560,0.3910718280020673
7561,0.35456451191927024
7571,0.37804139695370786
7579,0.3491962714389555
7580,0.42340231575331855
7581,0.350872409299539
7586,0.31427668929290903
7590,0.38368084706720057
7592,0.3111310617735079
7594,0.3517868828466767
7595,0.5101281773115229
7601,0.36879846702983055
7602,0.33767180622459037
7603,0.34028655576325223
7611,0.391956312116756
7617,0.3284564506943827
7618,0.4610752577655547
7619,0.37785790548201903
7625,0.30662694002229857
7628,0.38453009073054956
7630,0.3355852125178776
7631,0.2904879821125568
7633,0.4158777971099385
7634,0.3422705638729287
7641,0.41101578103611935
7642,0.4454329925041678
7646,0.3269892499665397
7662,0.4744087413285662
7666,0.43880888658491757
7674,0.26687441075717255
7676,0.3119167903541029
7679,0.4635899731771399
7681,0.31925969686922573
7686,0.33410699380307024
7696,0.4548314931407753
7707,0.361425721362117
7708,0.28060505762780613
7712,0.403587905542596
7715,0.3926642933366299
7716,0.42475663921628937
7717,0.5040704279793237
7719,0.30623956542347
7723,0.39322267650058534
7726,0.42305408081796153
7734,0.38926162014941107
7739,0.3333267684735034
7743,0.3404192620211687
7751,0.35510243410160264
7752,0.3819537556157339
7755,0.3862141698003889
7758,0.37046929799421924
7761,0.33649786229818546
7767,0.3688374387105282
7773,0.4132962795930031
7779,0.4197037498927996
7785,0.4416592496652714
7792,0.31954213798455267
7800,0.4775621788132232
7801,0.4337863854949419
7802,0.3781890632234937
7808,0.546835913046581
7811,0.32610377253401296
7816,0.41780947062982493
7822,0.4307983302544369
7823,0.4417321210862444
7832,0.34305896121592605
7833,0.34393291629942885
7838,0.3379281966233388
7840,0.3483293734076473
7857,0.3346968090197801
7877,0.3540707316146309
7885,0.32756139119816063
7900,0.42808781201526763
7907,0.2972874026573276
7910,0.3328207647106446
7918,0.49977667614324234
7919,0.4043906962477455
7928,0.3056166431422797
7933,0.42056046475740305
7941,0.37963620883920496
7947,0.4130246491563363
7955,0.3427744782166913
7956,0.36113882158566546
7957,0.3493149641118149
7964,0.3880384141041654
7968,0.41111969774339635
7980,0.365548366923885
8004,0.4494070017103485
8016,0.3496075415341879
8017,0.3624264849787526
8024,0.4484489054774244
8031,0.39561701109600816
8032,0.37488416900242455
8035,0.3280866651908155
8036,0.3806156247315274
8037,0.34746286293198514
8052,0.34232821473941155
8055,0.2913638921759809
8059,0.29966063440946145
8063,0.4933103197298393
8064,0.42305032756479655
8068,0.40482747700749167
8070,0.33423816158391945
8072,0.43368074263816436
8085,0.3811300866479533
8089,0.3427383855233665
8097,0.3279436058897811
8100,0.37081844768785166
8102,0.4500728769247804
8105,0.38129927228690425
8114,0.38184516572598604
8117,0.37436623300828553
8120,0.29886815928746985
8126,0.3628816621281967
8128,0.30869445971709797
8135,0.34569026088135785
8137,0.2879736507643526
8148,0.3374806374282287
8169,0.34880293897681264
8173,0.2756494430888475
8178,0.332382631076313
8179,0.5147581033465805
8182,0.38385157687824956
8184,0.34127365034670326
8186,0.3915310001090478
8189,0.4273531549753368
8196,0.3030782026022481
8216,0.42496423695548574
8219,0.3284511027592776
8221,0.3533220738596698
8227,0.3200150662381825
8232,0.4052720222045723
8245,0.31855640612891856
8248,0.3338841238983303
8249,0.38172506101090753
8250,0.3407849756254
8256,0.31143240856336585
8258,0.3694206377481034
8259,0.35830729934214767
8268,0.29076676153038666
8271,0.44756128535862333
8273,0.4577213133679563
8275,0.41431668259939053
8277,0.42344519403139913
8283,0.3525732283499404
8288,0.3418132553697828
8299,0.3106975135362456
8300,0.3239539586904934
8301,0.42575662065232445
8307,0.4385585896349986
8315,0.4266362387565343
8324,0.49112028165265265
8326,0.28925462457013795
8351,0.3897092964992195
8367,0.39743741768106344
8368,0.4085229659500438
8371,0.4370312916386899
8383,0.28107096919916025
8386,0.34379035974928857
8402,0.3068544667453725
8404,0.4486228050981068
8421,0.4800433768597167
8422,0.34453242807090845
8425,0.4362539431654885
8429,0.4331743621310663
8433,0.4230686646655709
8437,0.3809184840807883
8440,0.3158612728054754
8455,0.4888614636705452
8479,0.4770946860233263
8482,0.3616491032770454
8485,0.42540957043889904
8489,0.41279203944738474
8490,0.32520218322274874
8492,0.3334505146341305
8496,0.35360857070291074
8497,0.4186451599070178
8498,0.28924839993490453
8500,0.3720771891457033
8501,0.3102447042366971
8508,0.3910382081215106
8512,0.5466922503245354
8522,0.5557613314998555
8536,0.39164848013160536
8545,0.32943648993829094
8546,0.3144596716698329
8554,0.45199138050433346
8556,0.3921917584179135
8557,0.32958533817593094
8559,0.418498776252897
8560,0.3846172267595682
8563,0.3471354293848311
8565,0.3652989954382899
8574,0.2875840489314079
8578,0.33839888722835776
8585,0.32249997757692456
8602,0.4211222630268187
8605,0.3343314518025015
8609,0.32314408267570294
8614,0.35875244980952714
8619,0.4071240728552641
8629,0.3558641564630785
8632,0.44303749899478617
8635,0.397423051507883
8639,0.27965582503080594
8642,0.4261155452351296
8643,0.4986181199121203
8655,0.35376111922601344
8657,0.3501675695097915
8662,0.4658675811697402
8666,0.4607448889712098
8674,0.34545918035663126
8676,0.4512668839052346
8686,0.3482911808356443
8691,0.34416097118754757
8702,0.4091606420070014
8714,0.3168944841260465
8718,0.365013896117498
8731,0.28638135157628425
8738,0.3604199675752492
8745,0.3635813407786093
8749,0.32783350269825723
8754,0.31667271444305006
8760,0.35125480962607974
8762,0.326095853631939
8767,0.3016800075519422
8768,0.40156614415624686
8769,0.34875804537206084
8771,0.3755721492715189
8795,0.3210523602637763
8796,0.3713426014003927
8811,0.3865995499582304
8815,0.4901357104969094
8820,0.4219898589867574
8825,0.44884087933704886
8832,0.3080711163057874
8839,0.46387110627507555
8841,0.43236804623509273
8848,0.3543253025580879
8849,0.3547851151345982
8856,0.35484708049511154
8875,0.32118302132310605
8879,0.4311085447845494
8882,0.3490832581522511
8885,0.35678923092676607
8892,0.33269053060350673
8897,0.3758229070948118
8905,0.3432806603598674
8921,0.38271534695415743
8928,0.34267351311414956
8935,0.31256154434550437
8939,0.35187827564739016
8941,0.3988814585819113
8942,0.3273200049218767
8949,0.42205433279372045
8951,0.2832511287360721
8958,0.4595584563375852
8964,0.29615394614131557
8972,0.35728793905297435
8978,0.5014193257748769
8979,0.39128212954513564
8988,0.46084004458359923
8997,0.3123125704963903
8998,0.3471108559570256
8999,0.42256779119343213
9006,0.42792603697680454
9012,0.42949022036952983
9024,0.41039889886200875
9026,0.2994010619599885
9030,0.3949990815147703
9034,0.33061912685312345
9036,0.4737285540157769
9038,0.3616623207518407
9040,0.4093429628940857
9041,0.2995054991611667
9042,0.3775847488357658
9046,0.36103489864931054
9051,0.38097828070512174
9054,0.5220454606001446
9057,0.34238144970270507
9062,0.3539131985002457
9072,0.3616101322962625
9075,0.33797620220968255
9079,0.31075731996078626
9081,0.333894524103339
9091,0.37734098524198667
9110,0.35645838508297617
9113,0.34301587122622373
9116,0.3644359815504981
9120,0.4321005832453805
9126,0.5330195824035568
9133,0.40003050106569915
9135,0.38217689984930303
9144,0.353166766618423
9146,0.35403348004799967
9153,0.34211630823498657
9155,0.35578428186184097
9160,0.33324556197248534
9165,0.4422246115916845
9172,0.4728358710799313
9174,0.3449724109658404
9179,0.29994870304577087
9180,0.3168183091306174
9195,0.4582377311825806
9199,0.2913914661195537
9204,0.4091112757706461
9205,0.3434805325483504
9210,0.4551555282700058
9228,0.31373922037440816
9233,0.4078292074668039
9235,0.3863036083068264
9237,0.29896349707266745
9239,0.3378184540287563
9240,0.36392588800714315
9241,0.43302437377943365
9242,0.31232701331601115
9246,0.33309439874085767
9248,0.32867458786488224
9253,0.35965135897929623
9254,0.3174278701931156
9260,0.30173645300825686
9261,0.4007966689928773
9262,0.4149015439493611
9263,0.40905728035425765
9268,0.30324148561534636
9275,0.3234404933124069
9278,0.33178033989769723
9287,0.3099585442497072
9292,0.4526523786602987
9308,0.46036499418235766
9309,0.32089757713427597
9310,0.3917853052062785
9312,0.29223714731236927
9314,0.3159993977461734
9316,0.3479240532347873
9318,0.3653121555065206
9322,0.44343051948123424
9325,0.34456593127783364
9327,0.3845287711753511
9336,0.35201018665931044
9340,0.3855235003431022
9342,0.44234973064687017
9346,0.3235498871246047
9351,0.45673562923505573
9357,0.3242254370972892
9372,0.37585511566387503
9374,0.32666229264816027
9378,0.39661502325494646
9385,0.37690269306360413
9413,0.35236303979661954
9418,0.4586005503908672
9420,0.3765905463518757
9422,0.30373955871970254
9423,0.4203481738969287
9425,0.310587904513858
9426,0.41586677856256765
9434,0.2843057068546128
9436,0.3819999188113205
9439,0.42334806653806617
9446,0.3626248799904302
9460,0.37904967772005194
9461,0.46930552834411476
9467,0.3624898888089664
9472,0.3768379027361759
9483,0.348906151328636
9485,0.3982960647123175
9492,0.38371455448299874
9500,0.3051289003938378
9507,0.4533101173993454
9514,0.43872197919977846
9516,0.4463528308650514
9520,0.404716093726049
9542,0.2929831225166468
9544,0.5120807076841358
9548,0.5027881420460233
9556,0.33125498101632017
9558,0.3410587748752216
9565,0.3838866913039268
9571,0.4310823888607208
9575,0.431439868683524
9587,0.3070621933990319
9602,0.5496041649739402
9609,0.3132762636902839
9618,0.3316690029477265
9622,0.4657641584693294
9624,0.34825180720694954
9648,0.4304740254484616
9658,0.5097993019872642
9668,0.40254233834051467
9702,0.29569386449117263
9705,0.29535095732328664
9706,0.36179518944984634
9707,0.4285193789167539
9708,0.3955982627842285
9710,0.4182937915826762
9726,0.38713939390041757
9753,0.3693315558662036
9757,0.33712390089245914
9761,0.36791167122257074
9765,0.3775097573721036
9768,0.3862467000602317
9769,0.3487639767002975
9775,0.3630504137295567
9778,0.3776525434863548
9788,0.31914362419498526
9789,0.4546201679224756
9792,0.37318628160437767
9815,0.33382531959049716
9816,0.3168692026933532
9822,0.42049632089225725
9823,0.4263739790201806
9827,0.34530698354520817
9835,0.3689815877145707
9840,0.3014299869135612
9841,0.3598836511826484
9849,0.4046144361477757
9853,0.29807220828844
9869,0.4211294730118865
9873,0.3120965164373293
9881,0.31901548103495697
9892,0.4330728478759792
9898,0.3471039369572032
9899,0.29866551178426903
9915,0.3150320301744717
9936,0.43050205221373133
9940,0.35136454742040013
9941,0.37418125374687056
9947,0.3090638843731141
9957,0.39004916896596503
9962,0.33150440476152304
9963,0.3153756324350943
9964,0.3498044962453394
9965,0.4650038974864284
9968,0.43190163490846367
9971,0.4114674816384939
9973,0.430516250973098
9980,0.28965706758576565
10002,0.444742898292516
10005,0.4420643281822339
10007,0.3439557767258101
10010,0.4380629858372419
10013,0.41696676864910304
10014,0.3618514902471823
10017,0.36859921123993844
10024,0.3602720793406916
10030,0.3457448475169487
10037,0.2923167568294134
10046,0.3289758710927388
10051,0.3585705645296466
10063,0.4079797479856178
10067,0.34994650131845584
10073,0.35781559394608115
10096,0.33331539642210684
10099,0.4164508210692491
10100,0.33559139538860966
10101,0.3704557992171513
10103,0.45115678841414086
10110,0.4365263269480569
10113,0.4261292780831402
10116,0.36171362372239757
10124,0.408621320767467
10127,0.3137398878086694
10129,0.44552721983740573
10139,0.35699464538633635
10140,0.40452889610997755
10145,0.4654778563897803
10149,0.3194979511691915
10151,0.4447418933749659
10165,0.30721834010333615
10166,0.3538267252836353
10168,0.41891285227200986
10174,0.2870394508199949
10186,0.4065348782561488
10189,0.3073311943774036
10193,0.44809737513706105
10197,0.36421883537594935
10201,0.31565956081803387
10206,0.35234622223543144
10211,0.2913971737182519
10216,0.36075930217333374
10224,0.4457055165262836
10234,0.44657157265375635
10236,0.4075290216940197
10239,0.4483844254636689
10247,0.4402689070885721
10250,0.3362582549981314
10253,0.40041923141512137
10254,0.3395700992924492
10263,0.42116991112189284
10264,0.410067332464228
10265,0.36295725782881627
10275,0.3079241389709532
10280,0.3515157350889126
10286,0.4273186384119528
10287,0.4166759340379035
10293,0.37151329908775366
10294,0.38690022329741497
10303,0.3548047818860657
10308,0.4367840909521412
10311,0.2953836832463767
10318,0.40341095563451196
10323,0.5452050235426248
10324,0.422405003798347
10327,0.2589072268618956
10330,0.3652445864159331
10331,0.30900261835463533
10333,0.3520699705713796
10334,0.40981066757389223
10335,0.4035026888190636
10338,0.36469149103257614
10339,0.49310294985507136
10348,0.36315942461376927
10354,0.43544708201644716
10356,0.34554425340082146
10367,0.3542890968097808
10375,0.3403736011824797
10384,0.3715953383863257
10386,0.3817256812084369
10389,0.35949658844551763
10393,0.33631798074891905
10404,0.43750330709252616
10408,0.3703588504844688
10416,0.3770504110228613
10434,0.39810953956766143
10448,0.4949971096225527
10449,0.3303410080181752
10452,0.2919220491470971
10453,0.3983411166134492
10454,0.42806351877821425
10461,0.2814865527584932
10462,0.3276856240089966
10472,0.34617744210640067
10474,0.45322716541137814
10476,0.39620290336710284
10478,0.36962800686013914
10483,0.33802828187580714
10492,0.28521504086013966
10493,0.39814716019200297
10499,0.31630582154350056
10501,0.33411591405955277
10509,0.34199192385125465
10512,0.3180979432261385
10513,0.30910963884745657
10516,0.3505650345740777
10517,0.2965009648375677
10525,0.30677854877468663
10529,0.2893225621753157
10532,0.34573056816372516
10537,0.3596457370462363
10541,0.45170933980128347
10545,0.37643661102375536
10548,0.3193860944616242
10552,0.3600851668861334
10554,0.48338890542892526
10557,0.29106888971937966
10564,0.39914193955547517
10574,0.3551455641246296
10591,0.35024528863860793
10596,0.3907705333058537
10600,0.4793951259264098
10606,0.30304448463675976
10611,0.38259489627875853
10622,0.3004602231455096
10626,0.3684475653676634
10629,0.37166575208335056
10630,0.3386845207906882
10631,0.3864982663307587
10633,0.35585415874397675
10638,0.3963132137533266
10639,0.4432108164044024
10640,0.365263531324698
10657,0.43608805472835194
10663,0.4247136810486619
10664,0.3161225864887079
10667,0.3749690856737816
10671,0.32652924048040655
10672,0.30574743613324296
10675,0.3393568738238743
10679,0.49040302818553955
10681,0.3283296559517423
10683,0.3427054424619347
10688,0.28377937147199395
10701,0.4234030259178846
10704,0.5169785676878648
10709,0.4015038990507488
10715,0.3387747318714977
10718,0.3000894672334231
10724,0.3434736124607165
10731,0.41751885353949425
10733,0.3375361190652329
10737,0.5133906841642044
10744,0.32512184893720886
10750,0.3615928871555476
10770,0.3514689817912192
10776,0.3979093990106526
10780,0.362678837672194
10782,0.4853784685027599
10789,0.44604134291294584
10793,0.4373982935385407
10795,0.5155472074042596
10807,0.35853973470182715
10813,0.39252840857100435
10815,0.3866131646479269
10817,0.35996109707389634
10819,0.3479529501333549
10824,0.3415463182547586
10828,0.41418620462956973
10830,0.38728591845334065
10832,0.33392091357088105
10836,0.3956873457284491
10839,0.45259398809517676
10843,0.29212961058089926
10844,0.36780127105108273
10866,0.4112618210082965
10872,0.29379166115876215
10873,0.39908160327780834
10878,0.35244771418483806
10889,0.4119505121980715
10899,0.39055394658027104
10901,0.3946352152935493
10904,0.4191305513818566
10910,0.3544794899930157
10911,0.40336157418693763
10917,0.34014706163997
10920,0.42211029175372966
10921,0.33257885768632883
10922,0.4354067109449366
10929,0.3566742778569745
10930,0.37845573607753324
10933,0.396316224289588
10934,0.31213634891785624
10939,0.40167461013165073
10942,0.3457388514852239
10943,0.30466668336770125
10945,0.43488556048793553
10946,0.41248207957842126
10949,0.3410665945628495
10951,0.35463270707964406
10952,0.3839332438349619
10953,0.35284743307179867
10955,0.31289877224114354
10956,0.4341742307032393
10959,0.45953985979851447
10963,0.29615180816641035
10965,0.39512274453557694
10971,0.3602871425613556
10975,0.3723148291321745
10979,0.35336016228472017
10983,0.30523278060700715
10984,0.2931266300423295
10989,0.3728532562729786
10992,0.37032884355766205
11001,0.3362462887716329
11003,0.38682733830836336
11004,0.44180827287239643
11008,0.30627024122981705
11016,0.3650557167760568
11017,0.3441884491795671
11021,0.516004190432457
11028,0.37583844760426216
11034,0.4227988583079087
11035,0.3199907360976814
11036,0.3133369784253397
11041,0.3502008068881419
11047,0.45614713159242876
11056,0.3638932096582893
11058,0.3336404000738178
11059,0.33351434988394396
11060,0.40605619876343496
11064,0.3990711395350012
11066,0.31210708873956294
11069,0.3724032278476107
11071,0.3319112794156618
11072,0.41969556926622253
11077,0.3836477519988638
11080,0.30176580852213264
11092,0.33180150772556666
11097,0.34059263276629936
11098,0.3049770162730571
11114,0.31644409712348553
11121,0.3725333049890625
11124,0.3995144139091515
11131,0.3618673218136614
11143,0.44744885248130273
11146,0.2898848845801896
11154,0.3555344542805078
11164,0.462303834317519
11172,0.4043596421378188
11173,0.35136171148661277
11174,0.29616336049393066
11175,0.3580364476882017
11180,0.3230145673765219
11184,0.33346029587519055
11188,0.34439616255929484
11189,0.44243221610468625
11190,0.3448032789431296
11197,0.32544762459315424
11201,0.505146130233857
11204,0.49486847101526665
11211,0.34234224230452853
11212,0.35499946269874694
11218,0.2983256515314508
11219,0.2947852513173664
11227,0.33893320966882784
11241,0.3500200757743604
11251,0.39660274662377404
11254,0.39849565012027305
11260,0.3237532075392771
11264,0.27774108939879655
11273,0.43876285443067986
11276,0.34716625396992873
11278,0.3579245063969792
11282,0.4129574151776058
11283,0.36717956145584085
11291,0.4203946017391695
11293,0.4031533011446242
11302,0.4386061964401405
11304,0.35842956575289436
11305,0.393069597191402
11315,0.3508293259188405
11321,0.36643102199873995
11325,0.4030507828470459
11335,0.32448754099887184
11341,0.4470394790532333
11343,0.403402454573183
11344,0.5075465275873227
11361,0.3616179858727458
11375,0.4258783171584008
11377,0.3613235782054114
11379,0.4376316516562006
11380,0.47593502800790494
11391,0.3949915563230039
11393,0.45093553520735274
11394,0.43286938352600013
11398,0.33507010537136084
11399,0.36066867119088697
11408,0.3822867204983854
11412,0.37340176152105564
11420,0.42627866278174237
11421,0.44495740550948853
11430,0.3727863661644065
11437,0.33463046388842277
11446,0.3621937299062727
11471,0.3500429902181548
11472,0.4031499316229945
11475,0.4241336949919463
11483,0.4100099248156581
11492,0.36203001026905823
11497,0.36535121215331545
11498,0.325933072361484
11502,0.4114597621462492
11504,0.37153274648369267
11511,0.4089768676911872
11512,0.33423979856744984
11514,0.3467935099882311
11522,0.3969567298175575
11524,0.299990535969703
11533,0.396861029161494
11534,0.2713813990265162
11541,0.3081064418132711
11542,0.3445535588730811
11547,0.3111155198112712
11548,0.28277776764962476
11566,0.5243435550893804
11572,0.4095564887153673
11574,0.392274465213442
11576,0.3767856959134249
11577,0.34857618408467034
11580,0.29594342436291865
11598,0.4046559629335498
11603,0.32322743701853135
11613,0.437678763362357
11614,0.34553505016300123
11620,0.34646556647841753
11621,0.42316104892799283
11622,0.36110431348216965
11626,0.3072756554902592
11630,0.3174447240862663
11636,0.36890246555676187
11637,0.3036991624659255
11639,0.32739520773843706
11647,0.26637024724764813
11653,0.4040219723569112
11654,0.3540854317643099
11660,0.33234506474570774
11664,0.4122039385426106
11667,0.40999176374781093
11679,0.45120738245995645
11687,0.4247633771855251
11691,0.32085325300002027
11696,0.43997629002840377
11702,0.43178612037273795
11703,0.34578232908045003
11705,0.4133214930512807
11711,0.4269452859084309
11716,0.31417194639949114
11717,0.5028893755683049
11722,0.35978160624750954
11724,0.3144281153417499
11728,0.45253374015620873
11737,0.337872341864513
11738,0.34717742783056194
11744,0.35581628938493304
11747,0.3877912701868153
11753,0.4402786343523517
11757,0.47281942846312675
11758,0.40135812643516083
11760,0.41701035620720106
11762,0.31139184167523487
11764,0.2835887156770716
11768,0.35335037772269007
11773,0.42866581140195703
11774,0.45700219443406104
11783,0.4146367392897839
11785,0.37095180010003065
11787,0.39866312050105457
11791,0.3929708084666532
11796,0.36208504465980235
11797,0.25833788934912305
11798,0.27983025059437855
11803,0.4151514963295631
11808,0.39237507666590027
11810,0.37376740488162824
11814,0.44437227338542
11822,0.46647336061000366
11824,0.35293842510761597
11829,0.44525230987698644
11846,0.34089877402380325
11847,0.37189836667559456
11850,0.448765031250571
11853,0.29587394595277466
11854,0.30399731445874495
11857,0.27818668352258796
11862,0.34860445654147637
11883,0.3074541736525488
11890,0.3425208858157597
11909,0.2921933790992732
11913,0.4298289425546292
11917,0.3432200603633648
11919,0.3022145294392649
11920,0.36348678989659045
11921,0.3897212379142932
11928,0.30498260638197916
11929,0.3654620219430065
11935,0.34524434334532844
11936,0.32870991380726394
11939,0.37145995725742487
11942,0.28250653790764707
11943,0.3527893981593475
11946,0.3197374053433777
11947,0.34854517749654623
11952,0.42318643089329333
11956,0.3400163969498627
11959,0.35325645641515613
11969,0.38545921038824515
11973,0.4392370023132927
11974,0.3765715725044017
11975,0.36797047308836306
11993,0.4116020056098621
11994,0.37114567970855034
11995,0.39835941549360243
12002,0.4199974538342911
12006,0.3101870720512567
12007,0.34419675680211265
12014,0.3767163402875213
12017,0.529216523835301
12021,0.4511534155292628
12023,0.4764648302903155
12024,0.3148983720908799
12027,0.4237365586794137
12034,0.3587470361235712
12040,0.2973563095967515
12048,0.3971879086208086
12052,0.35676309106045356
12057,0.39341627245449756
12058,0.5348494962030794
12061,0.3038686234758118
12062,0.28605776240213865
12064,0.38626211595786764
12071,0.4096063476155104
12080,0.45768353409525725
12085,0.35781321605702376
12090,0.43444527745796313
12100,0.4188422449317584
12103,0.4250033140882602
12104,0.3356400808467416
12109,0.4002475191428621
12114,0.3766024129833751
12123,0.3902909616270922
12124,0.4054243528745321
12128,0.41258968624129116
12132,0.3984537683015973
12135,0.29091407057558344
12140,0.47291832095853337
12149,0.3118764486306275
12155,0.3653733611032846
12158,0.34079491073252755
12161,0.4692025880320046
12163,0.5347473172667438
12164,0.39431108316704744
12174,0.3235144190846371
12175,0.3147399378995741
12179,0.4481594736073823
12183,0.3304235393122324
12184,0.4666535987535639
12186,0.3829971748618389
12190,0.2745328290446493
12193,0.40858374475778925
12195,0.4188382930957939
12196,0.3242536409201293
12205,0.293105966112995
12213,0.40878272441484975
12220,0.3779948280596387
12221,0.3465392740508237
12222,0.3315230856187496
12224,0.32930393792416957
12230,0.4373840971577845
12239,0.4302753820110324
12242,0.31946638506530634
12244,0.31006389852305316
12245,0.41568561719679487
12247,0.3691166147828445
12254,0.42823382860532244
12258,0.3324920885721812
12266,0.29560794927167905
12267,0.4053447912284507
12272,0.5281799772047902
12273,0.3469264825290695
12276,0.38854201739524513
12277,0.34029891956108504
12283,0.35607027600941715
12289,0.35292314739613084
12297,0.4034261491715918
12300,0.5329664752227559
12302,0.3493286502912502
12310,0.3684401534481202
12312,0.39950888068153245
12314,0.3228613314547195
12315,0.30109827138470213
12327,0.34283429941711446
12329,0.35774618644280026
12332,0.3185524670847125
12342,0.45757232196947845
12346,0.36783708181609964
12347,0.42012320796235786
12349,0.3394809230118668
12350,0.34398202921352145
12354,0.3702997809090158
12356,0.3049887972579046
12359,0.3130152732030718
12360,0.433948091578937
12369,0.3071800647461501
12372,0.31974684007834575
12373,0.3081434344263276
12375,0.4260122363875019
12376,0.4035022929430734
12379,0.3428715705053599
12382,0.3664202540578389
12387,0.45802648091161813
12389,0.32175007329707284
12394,0.5240515495982002
12395,0.33619666324395875
12396,0.5077150281662839
12404,0.47455778316372593
12405,0.36287093630629363
12412,0.4833294895923683
12419,0.37363786744760574
12431,0.38941004469526014
12440,0.3857909548069269
12444,0.5409066997223507
12447,0.33141099637971316
12452,0.4105188366476562
12454,0.3665793877149007
12456,0.47817263672292093
12461,0.3881547382022626
12469,0.2956819958677888
12472,0.4394822929247246
12473,0.3133603051333017
12474,0.36881913724727733
12476,0.38585110560575225
12479,0.30689267169284623
12481,0.3752227257820786
12487,0.3679190783424918
12493,0.34633572040533056
12501,0.4033266549845901
12504,0.4074252322551187
12507,0.40746922114803447
12510,0.395297178057086
12512,0.47687846006311024
12520,0.4426224455675877
12526,0.3102863454741424
12529,0.297293360253244
12532,0.3036228951638735
12533,0.44511147091820213
12544,0.3705369821800643
12546,0.3690991598777083
12551,0.3912153298108923
12555,0.502316599140356
12576,0.37100076238110397
12581,0.4648575589864636
12588,0.5608099001846402
12593,0.3504677870843052
12594,0.3136650714328205
12598,0.3855318287502321
12599,0.42884434302199
12601,0.3167017500774557
12610,0.4066194456478709
12622,0.30881467787807276
12624,0.28285617923286877
12625,0.3552550698484329
12629,0.4195591456384907
12632,0.3522351238465473
12634,0.363507768599419
12635,0.3125490781224984
12638,0.37879614112166005
12640,0.34406179927618397
12641,0.3577375947913872
12643,0.374442266484961
12644,0.4663499490431867
12647,0.3204354302521263
12651,0.5108847244627509
12657,0.405678569359895
12658,0.38629994122544353
12660,0.4104709289116946
12661,0.3494304356402841
12666,0.322902270100562
12673,0.3121025448239106
12678,0.3830306913466475
12681,0.3491747194193116
12682,0.3549001298029161
12684,0.3075926177952434
12689,0.41914591146422536
12699,0.44685120966026104
12701,0.4185929721435137
12710,0.32975760383485925
12712,0.3696850352255162
12713,0.3742404712246445
12715,0.3580038881992003
12716,0.2932437185954207
12717,0.4805808884304675
12718,0.34165066404632183
12720,0.31180586760591544
12724,0.3484535106997842
12725,0.4088188820355857
12726,0.3087889562853152
12741,0.4215997322677179
12742,0.46291173049699985
12743,0.47253928577165005
12748,0.3366649971251311
12749,0.4368447816314516
12751,0.3806812613370581
12752,0.3593944050977062
12756,0.41118945988563027
12760,0.3291173161037107
12761,0.3500831826945714
12764,0.35955472056903576
12767,0.47304197301058076
12774,0.4059547189602069
12782,0.3611124923341719
12783,0.385958552172351
12784,0.3694219974721372
12785,0.36932661582432
12787,0.5014197890307277
12798,0.3200467830483478
12805,0.3880943525763303
12806,0.4533384275953017
12809,0.33713404883208475
12815,0.3389678685809653
12820,0.32655601300815784
12824,0.3784185351175094
12829,0.3813921282743013
12833,0.38833814481900164
12841,0.35162920966671085
12843,0.4253305676532534
12847,0.3205017201462074
12848,0.3184513854285665
12849,0.3945365112145427
12852,0.3602505169862333
12855,0.4291628027831477
12864,0.4436581931894913
12872,0.4023939939682771
12873,0.4787914473304699
12874,0.4484997620008892
12877,0.45057055952175523
12879,0.37599403698606126
12885,0.3201253806904408
12893,0.34804618787495173
12894,0.468236543193223
12895,0.33331266491079836
12901,0.35111152272839186
12912,0.33104299460279907
12919,0.4063035028892054
12924,0.28513762258008096
12929,0.36875514840284046
12931,0.309821753146129
12945,0.3013601533577712
12958,0.4002382829723754
12962,0.4187145990963809
12964,0.39622426963885987
12974,0.42251288445195057
12976,0.3804906296398365
12980,0.29526692286599365
12984,0.3731722731748639
12987,0.3058106362293659
12991,0.3757991978550673
12995,0.504849083538336
13001,0.3566786834883036
13005,0.44582018627946285
13006,0.46164775579268896
13015,0.3543836699490668
13017,0.36419167960919874
13033,0.5309847973109145
13034,0.40620951586663673
13035,0.4222770922768316
13038,0.3165257134610115
13044,0.3858128795330159
13045,0.30497351408787465
13052,0.33947333828328835
13059,0.40091948508262104
13060,0.2875754119874636
13061,0.46683170161102233
13066,0.3444159120015034
13080,0.4503530143409988
13082,0.43657953418280554
13105,0.316434607102055
13106,0.47740009603988254
13121,0.49220050231189516
13123,0.3889573002243408
13125,0.34900151563465537
13129,0.32620994315334156
13130,0.35313022970667435
13132,0.4626707099588645
13133,0.4007554392975784
13135,0.3890821306055842
13141,0.34025786072402475
13145,0.4443290030614546
13149,0.39144194933944215
13153,0.3733180728661663
13158,0.37320512153522273
13159,0.3115281999288737
13169,0.41183469718694105
13170,0.34077082746558907
13178,0.4279110673654032
13179,0.30676143091871766
13180,0.3742831543429213
13181,0.3265375523476937
13183,0.3379809589638815
13196,0.3663901266052698
13200,0.46808020423405183
13202,0.32763878123925055
13204,0.32918261072790705
13208,0.37308913263283133
13212,0.36861514190558686
13213,0.2985786909999825
13218,0.4223447417150791
13225,0.3509993655789868
13229,0.3760477393509492
13232,0.35381551817810913
13233,0.3415061332647526
13234,0.34406808379911696
13249,0.3620837395347865
13253,0.43335706512484323
13255,0.39769866086673744
13257,0.47784631887179857
13266,0.32176895849715087
13269,0.37389919326935933
13270,0.40854451526755686
13274,0.36826231272665416
13281,0.4407080568166979
13287,0.3568101341568866
13305,0.40089168473615316
13308,0.3541106302836824
13309,0.32604780907444
13310,0.541111527888648
13314,0.4443210481719331
13315,0.46101263519992147
13324,0.3297471408573554
13326,0.3562121591356259
13333,0.3648513596335132
13336,0.3258385986293837
13345,0.33185192325344154
13348,0.38383743978517443
13350,0.32456694902574695
13354,0.41944635259888263
13360,0.3603683855038649
13364,0.4083455252992263
13366,0.33340314037346486
13368,0.4039438165300196
13375,0.353219075167302
13376,0.32875985829855653
13380,0.3315565803504358
13382,0.3472603773311125
13384,0.37650967299877247
13387,0.39201031305786754
13390,0.33166548126418105
13398,0.3682336322092158
13403,0.3082391669256008
13404,0.32003014399536617
13405,0.29154701050536186
13409,0.49735290444835284
13411,0.3277665366366174
13414,0.38749167027022025
13416,0.40747843307450987
13417,0.36532277808896835
13418,0.45011662859058427
13422,0.3646731266209962
13430,0.36539805027555095
13435,0.3278228715888288
13439,0.3366607146402384
13446,0.37311770414639134
13448,0.4496885232036554
13449,0.33613264912994384
13451,0.33719360528134656
13455,0.372476274648769
13468,0.43384929503116076
13470,0.33857046841296595
13474,0.3124479920331537
13478,0.447834922778866
13485,0.341173737622946
13488,0.46910348661053564
13489,0.3852279362252082
13500,0.34338956592650083
13505,0.356237144666745
13506,0.4025705491689816
13517,0.34771882923610387
13518,0.32448129279478033
13523,0.36461006414618097
13529,0.3416618058389757
13532,0.3581727898941275
13534,0.3981083768907617
13539,0.40795472374144864
13547,0.39132549605404016
13548,0.3595678607886611
13550,0.36977179370421065
13554,0.4367058754200832
13555,0.4618030742870466
13556,0.3739049669686777
13558,0.4235806823344841
13562,0.3242167017669949
13566,0.3432229488578876
13574,0.4880318685716605
13576,0.37637728159907247
13577,0.42540598060896273
13580,0.4561422073166369
13586,0.3177313113194518
13598,0.39423294581139723
13600,0.31190957579507567
13602,0.3482772687085066
13604,0.36787956182850146
13616,0.3690833394917611
13623,0.3238893722692145
13627,0.4489562318363366
13630,0.4203451388037069
13633,0.4692782588153976
13635,0.40545911648915306
13636,0.49513893485622057
13640,0.2946244006597438
13642,0.3893358600984027
13647,0.4007839805511275
13648,0.48267277263820196
13652,0.356746894812376
13659,0.42951783796240023
13660,0.29698334956249456
13666,0.4647425157238294
13667,0.41136456979525304
13672,0.3807707527553038
13673,0.319678933107735
13675,0.369786307649391
13678,0.45818463827625844
13682,0.332532805595425
13684,0.4712933402455952
13689,0.299459906350002
13690,0.322892295829916
13696,0.3426290704450289
13706,0.4090449106756347
13710,0.5052208444016141
13711,0.3950969204799645
13712,0.3987281056351209
13717,0.2756190064712689
13718,0.3288652964054002
13719,0.34887340702594327
13720,0.28177489669255956
13722,0.37408840625034145
13723,0.4264385926627663
13726,0.3514752692105826
13733,0.313583289440376
13739,0.4375046044864456
13743,0.43858900402104717
13750,0.41650211757969907
13751,0.36113208204213015
13754,0.5447650959082639
13756,0.28261617349072127
13760,0.32443453591879534
13762,0.38077109673999443
13763,0.3556401233464739
13766,0.3798695459094394
13767,0.3641796808354449
13769,0.3377793155687997
13770,0.28322288822261504
13774,0.4473604772819474
13776,0.30963082982468465
13780,0.4177633319754962
13784,0.3140368047326569
13789,0.4114561466044059
13790,0.3050040344701429
13792,0.4375702613815144
13795,0.36957177678293646
13797,0.3043219654085295
13800,0.3567663214747684
13804,0.45199886197917705
13815,0.3238329341095256
13816,0.39216148862834393
13817,0.3979838560989544
13820,0.41174126237957365
13824,0.4499233036203028
13830,0.4036806900366938
13838,0.3426886701212464
13840,0.3684007556976732
13841,0.3562570043833883
13842,0.38590540222651043
13843,0.3347422863505205
13849,0.3787851704246059
13852,0.36913718755226105
13855,0.3087934467800353
13858,0.28283382584515043
13863,0.3621537825515844
13871,0.36279917193823025
13872,0.39684069112505244
13873,0.3423335091816058
13874,0.37020030759487177
13877,0.4139799265987105
13879,0.3383790531565512
13885,0.3697128494282535
13886,0.424730385846684
13892,0.4213686885036699
13895,0.38716849183668955
13906,0.4122849376500438
13907,0.403186901106425
13908,0.3274816137726577
13909,0.34430306801723787
13911,0.32123937728123464
13918,0.4295967284568645
13919,0.3052876806831506
13927,0.44324853982738543
13930,0.3364165913643704
13931,0.41837128272677204
13933,0.43599325971685504
13938,0.38426022730105963
13943,0.3356737417865514
13944,0.36465619551716777
13946,0.34605676830365967
13949,0.31599767387735567
13952,0.5407481035697516
13957,0.44526630187023125
13958,0.3834116761965381
13965,0.3563208779676804
13970,0.303509136641064
13972,0.3663188695832483
13981,0.3725405796541489
13983,0.3001060268238415
13985,0.36013473072994323
13986,0.35036924818677484
13993,0.40364098815630506
13995,0.3599574510225473
13998,0.32225700157060116
14000,0.3776774527299363
14002,0.3848736077946942
14003,0.3693601871364324
14019,0.43628477872331883
14021,0.4995460396999637
14026,0.40278465359723237
14031,0.3626364861733912
14032,0.4397172987065175
14034,0.30091323196791187
14035,0.4187927832435389
14043,0.38834849125561044
14046,0.47448968845481054
14048,0.3559096840693218
14057,0.44877312612626163
14065,0.3345902781000333
14067,0.461291157094189
14082,0.3351845101553954
14086,0.38361346846274663
14103,0.45751626458339933
14104,0.5340320560447198
14106,0.4105424836179402
14107,0.37931183739218993
14111,0.3436720509510641
14116,0.3621178741893468
14118,0.32155117961272345
14119,0.2827238553538085
14122,0.31905624698519847
14123,0.35303704176238976
14124,0.346562941437724
14125,0.4462707361171087
14126,0.43179022293715297
14127,0.35242565364109707
14133,0.426588200031577
14137,0.37909342221200837
14139,0.3950370423880536
14143,0.3090665777388799
14148,0.406005938950431
14149,0.31903286584562685
14150,0.3579622751021775
14162,0.4040069840377759
14163,0.3788607054917761
14164,0.2804542910462168
14173,0.5104370729723672
14174,0.4641824203805769
14178,0.3065509619606275
14181,0.3631366368666631
14186,0.41278049437466946
14187,0.43359465602829345
14188,0.3118688500496922
14192,0.45961897024103765
14193,0.3189402241107706
14198,0.46876950393175176
14200,0.42828393785889807
14201,0.4039863147310272
14208,0.3580305275874995
14214,0.4775923313025751
14220,0.2924366283889407
14224,0.36665022339408054
14229,0.29983264274940635
14233,0.3713991105116572
14241,0.3374200085383444
14242,0.4175157732306188
14246,0.34611468396341527
14247,0.33593753325975945
14250,0.41885032908136144
14251,0.4006760575543629
14254,0.4034291594351976
14257,0.4327061847001461
14259,0.4430943132206957
14261,0.42000785815265573
14281,0.4122469388213636
14282,0.4214780815463539
14285,0.36577541664725416
14286,0.33908802157507767
14293,0.36290198769123655
14297,0.36217339920854186
14298,0.3027380163227214
14301,0.35704799153930095
14308,0.30950909064930654
14311,0.4599659226926935
14313,0.450603591957305
14314,0.32848301111472333
14315,0.2632288778556496
14320,0.34268482618519774
14325,0.35628356522222837
14333,0.3469154691739654
14336,0.5337545930237797
14338,0.3795586885238988
14354,0.3925880427564647
14359,0.46047770863721005
14361,0.4318950641131496
14362,0.3166089720661673
14363,0.41862297716365005
14369,0.4072664519383956
14370,0.4432051553819975
14376,0.34957487095250356
14382,0.39884566752254974
14387,0.28624608111836475
14389,0.413709572239396
14390,0.3511138852303842
14392,0.42455839976031506
14393,0.37122131346416515
14396,0.3555788416847797
14407,0.3208475172265365
14412,0.31502498612735225
14413,0.4402277892174042
14414,0.341183608601754
14416,0.3828782574739085
14417,0.35377631101172496
14423,0.42034081548299534
14427,0.3654201489014221
14430,0.39609090463246444
14433,0.36877656372297324
14434,0.2956676331002343
14435,0.482529430241561
14436,0.3545538444295186
14438,0.3053030055491102
14439,0.3833346889424126
14442,0.38519801437895185
14444,0.3541743510503322
14446,0.3051842505328967
14449,0.30329857541665517
14451,0.30218680570430345
14459,0.36995298555584005
14464,0.4374865914724473
14467,0.46286341334925607
14469,0.4057263685927023
14470,0.36415396610769873
14471,0.47168863323968857
14476,0.3494178825300732
14477,0.3447628209574921
14479,0.3282792764648532
14480,0.39760626311464486
14481,0.2857811129257107
14485,0.40744123377998887
14486,0.3510909565965104
14493,0.35935085125973004
14504,0.4551289314257152
14508,0.48906988546028424
14509,0.47296102479163105
14516,0.3679488874094479
14520,0.3458468554664468
14522,0.41659817728286447
14523,0.341884686467614
14529,0.3935330150177328
14532,0.3578068446515779
14537,0.2976075301333168
14540,0.3575757891161258
14541,0.33763085974455653
14544,0.3527016437524339
14548,0.36640702590938945
14550,0.44876620757123353
14554,0.35113022630039553
14555,0.37964842442880153
14564,0.3595093160303752
14571,0.3843508678752411
14572,0.3772149760045419
14576,0.4145486487528206
14580,0.4184490674482969
14581,0.3640425960806119
14582,0.43031951471869667
14583,0.3622769093469111
14586,0.30217425249857455
14591,0.36127965186773375
14593,0.4332386651266593
14594,0.3437226316330088
14601,0.397059663539857
14602,0.4160696825789168
14604,0.4490405288867997
14610,0.3953392635895358
14620,0.3038415865595877
14622,0.5643023954880173
14628,0.3383470505620357
14629,0.43766111676926683
14630,0.32110340591663494
14632,0.4365143367982205
14634,0.28378996363652587
14646,0.31754126807420724
14648,0.4190861006402145
14651,0.30490275636972636
14658,0.40887336836144783
14661,0.3479632015857648
14666,0.34182162820762085
14672,0.5120049105130953
14673,0.34092173279697924
14680,0.33404098772135443
14685,0.5403227357377164
14688,0.3883696331579341
14694,0.41219525596175105
14695,0.4545386416740558
14702,0.42381437763207425
14705,0.29146391827858426
14706,0.401233123702999
14707,0.4630611391727917
14711,0.36314198161643774
14713,0.29679839114179324
14714,0.2818109774026479
14717,0.3606350510068889
14722,0.3828775486520183
14726,0.3167943600660561
14735,0.32150986538601517
14736,0.2951069654270523
14742,0.433744594314353
14744,0.5486064530300834
14746,0.2907941251537141
14748,0.36712462962824255
14751,0.547197327641353
14753,0.4996739273719515
14754,0.38130752000586715
14759,0.4452251888759607
14764,0.38331263841481716
14766,0.315279997959467
14767,0.3286827487928237
14768,0.40002657565807703
14770,0.3298318269129384
14773,0.5048665761991232
14777,0.39461385974230145
14778,0.36450533257656054
14779,0.3289443771374833
14782,0.4311454167771865
14783,0.456138193317131
14784,0.349301680507083
14793,0.37843226012384773
14795,0.30897841967141604
14797,0.43911397141176706
14800,0.3409008782083507
14802,0.3569720347470971
14803,0.3586543135161657
14805,0.4989194358708198
14808,0.43119614382723176
14809,0.36652705705746963
14812,0.4836345710181348
14813,0.491952121907417
14814,0.4143716071984964
14818,0.4631740004340779
14819,0.29243762036271864
14820,0.3569158916447257
14821,0.4929966546444484
14822,0.4102253949338974
14826,0.31327337346984097
14827,0.37143165211407925
14831,0.41901834482697464
14832,0.2920355782823975
14839,0.31682217421725684
14842,0.37920637915884603
14848,0.42593411582247875
14849,0.40416130667188854
14855,0.3370483381355466
14856,0.5217522873976326
14865,0.3997548269250258
14866,0.4314319215849224
14869,0.34730179343442225
14873,0.44949496375325565
14877,0.30398587406267547
14881,0.3169325307825542
14882,0.48621035173358473
14883,0.3856017977231261
14885,0.36197593486269086
14889,0.39738004928296883
14890,0.41958005519185093
14892,0.42337884170523177
14893,0.31718084490708454
14894,0.4174630938867609
14897,0.4618124986724924
14901,0.4198649784948968
14904,0.2938925621040821
14908,0.39316249869167536
14914,0.36653573016917484
14916,0.34668323837249576
14917,0.3237481103851085
14918,0.3395655199407409
14923,0.34223514386101095
14927,0.41184478753581855
14929,0.42941676591783706
14931,0.3498318261386084
14935,0.42162777588186245
14948,0.49596705664844337
14950,0.3608245693376088
14951,0.43315731810188185
14952,0.38218765960509593
14954,0.3889098920309374
14960,0.39830401930192927
14962,0.3247072765000894
14970,0.3874084439768237
14973,0.3406214170694482
14976,0.3387799491149166
14978,0.3418112145281837
14982,0.36141765142047133
14985,0.2815978970922482
14986,0.35054181799180584
14987,0.3399279908380357
14988,0.5141981082678347
14991,0.41006556843515257
14997,0.3160636204865879
14998,0.35690625691579503
14999,0.37785266747647844
15000,0.3138913940732116
15005,0.4386928177369061
15006,0.3065169374408251
15009,0.4393974965993164
15015,0.44249531115641383
15018,0.3564000001047212
15029,0.4079190180020549
15037,0.437831819123679
15041,0.3628740425129007
15042,0.3382508508842571
15047,0.2844468738784284
15050,0.3488666358514012
15053,0.41525485310796784
15056,0.4605502366387488
15057,0.393414471877783
15058,0.2952020020324267
15060,0.3727891107034712
15062,0.37474563601129174
15066,0.4358119895701747
15067,0.42442788994773806
15068,0.3841154101589741
15069,0.3747244310413589
15072,0.4244625272681614
15077,0.41489925315956017
15089,0.3827486388185648
15093,0.2910888835034465
15099,0.36115641415061434
15101,0.3945463740545804
15103,0.4010676714207368
15104,0.40221843954940467
15105,0.306005525189208
15108,0.3415213514862117
15109,0.45292497721970576
15112,0.37302407090623674
15114,0.46303564059993724
15117,0.28669560416397444
15122,0.36718809803751495
15130,0.343906726691221
15132,0.2931524311270442
15133,0.4349895265124817
15134,0.3742720738930851
15136,0.41858137267878553
15137,0.3523876170303924
15142,0.4216203704276087
15145,0.3043395132767312
15146,0.36164336278270964
15147,0.36150088545530934
15150,0.37645384057471104
15163,0.47901205307396066
15165,0.36466408562096947
15167,0.3399434680278918
15168,0.2964061629987775
15173,0.4261142724431843
15181,0.34005931672908785
15183,0.4274280210575164
15185,0.4002154234026573
15186,0.4419615816847339
15189,0.37357070485764937
15190,0.38795314719833274
15191,0.36264547026283994
15193,0.4047321738320996
15196,0.41330900079289035
15199,0.34021036139823335
15200,0.48811975017870696
15201,0.4713931516958757
15204,0.47203041212357666
15207,0.3617085898746544
15209,0.32324159513940026
15212,0.4876933489767209
15213,0.4674029045331317
15214,0.3804563993447566
15215,0.4954080220111278
15216,0.4941082416872929
15222,0.3449668974043487
15223,0.4540677349956358
15231,0.34668613871264137
15236,0.4492130028303847
15240,0.4559190679932619
15241,0.3952114984766598
15242,0.5428255042422192
15243,0.39461268196611876
15247,0.4849125617625315
15250,0.3494702231649838
15253,0.3892507406851309
15254,0.3252379522494696
15255,0.4130451657424807
15260,0.3092829514057312
15265,0.3251207532374202
15275,0.30532206770285886
15280,0.40938602242952826
15281,0.4931064381631416
15282,0.5616127811289603
15283,0.45496076881964653
15284,0.43629382097429387
15292,0.3929116088694635
15293,0.3470622029107153
15300,0.5352256785153355
15301,0.36724845999759576
15302,0.4492552487123108
15303,0.29550610624778306
15306,0.312472331942834
15311,0.3697561902351017
15313,0.3344392925278196
15320,0.38818260388383197
15322,0.35263905961342085
15324,0.39619815194036134
15327,0.44292629874963974
15329,0.4400324266912437
15340,0.34674919656174275
15349,0.4035106186436218
15355,0.38461347718504135
15356,0.42387036908517056
15359,0.44657920006805285
15360,0.43170159114544904
15361,0.42423859943870346
15364,0.4115431705423228
15367,0.4205131598441676
15368,0.3877098288526508
15372,0.40929656616767224
15374,0.3661779148477122
15377,0.430172748564046
15383,0.3917876530261982
15386,0.3373168711259232
15391,0.4488957821832693
15394,0.2984502744825045
15395,0.39880170413730504
15396,0.3823840072634541
15397,0.3938615190643649
15400,0.3378073538652545
15404,0.3802397834118098
15408,0.3641887179453118
15409,0.314141586622703
15411,0.3432222743255112
15414,0.4524588956735202
15416,0.29400280715572835
15421,0.3299538078927411
15423,0.3319354204281188
15425,0.36982597513382565
15426,0.3860698265502975
15428,0.4737531138320887
15429,0.2990643538837269
15437,0.4749435482985039
15438,0.35697763702077345
15449,0.31011713892026554
15456,0.3923215404669334
15459,0.4461974869059312
15460,0.43201595493292994
15465,0.44695641425008426
15466,0.37103914867838417
15468,0.4034914454579254
15469,0.39654625906078017
15470,0.3872401487058374
15473,0.3027396941042651
15474,0.38484498061856953
15484,0.3374579934828047
15486,0.3087518264505232
15488,0.46139051884780635
15489,0.30326768096407414
15493,0.3902503637564782
15494,0.3337597302326014
15511,0.37501952696558943
15512,0.5037192524042724
15517,0.39666646626359564
15518,0.3172000749448438
15522,0.2838932056938852
15524,0.4594293539226506
15526,0.3315384082732367
15527,0.3627341542926126
15528,0.4442248112679106
15534,0.3815669503015666
15537,0.48379673916418736
15538,0.3276215916967678
15541,0.36737288178590133
15544,0.40247603714831526
15545,0.37267889029728773
15546,0.31595369023454184
15547,0.33162628201614275
15548,0.3798100711060672
15549,0.5352990846638465
15550,0.3639917441915287
15551,0.41802280536855924
15552,0.3454903781403187
15553,0.39134932087219587
15562,0.40039264691604276
15563,0.39072604908090885
15564,0.39201391483775405
15567,0.4487690234362334
15568,0.36069350104537046
15569,0.3915219843542549
15573,0.38453198138590844
15574,0.3144718496824154
15579,0.34632141077829987
15581,0.31150494764853215
15582,0.3806008489238252
15586,0.3717101174981232
15589,0.3822580374078904
15591,0.34640101462452333
15594,0.28411117873174285
15596,0.3872377750558222
15598,0.4385629578186752
15600,0.3532849579736829
15603,0.49008236392720994
15617,0.3610920582134608
15619,0.4394392331639043
15625,0.292304218782812
15633,0.4432597887138146
15636,0.40603787406237324
15637,0.36173951088328976
15640,0.28817298900181887
15641,0.34496152583168255
15642,0.3999038903724312
15643,0.29009413097558995
15650,0.3470598349652532
15653,0.3550137937094717
15655,0.4348196057005421
15661,0.4690717382466497
15663,0.4270646375529343
15665,0.4107279355585274
15667,0.3660745030115626
15671,0.3753184613147143
15673,0.46481814304388663
15676,0.31674559726077456
15679,0.3864397508473714
15684,0.4276991928272546
15685,0.3275450393987165
15690,0.32047885291145695
15695,0.3731534465681742
15699,0.5521676786643025
15701,0.474885529361624
15705,0.326297806312909
15709,0.37424157755722104
15717,0.3485655145083959
15718,0.47547246970196644
15724,0.43438669609527475
15725,0.4258880449457906
15728,0.4422948978230805
15729,0.39871878209741957
15731,0.3497965747681785
15732,0.38941662931379495
15733,0.3823463151545138
15739,0.41550526799280163
15742,0.3448028994745092
15743,0.3569604604046386
15744,0.360883548090226
15745,0.41477633061001223
15748,0.3910915970260904
15751,0.4573106558848801
15752,0.3381368142808316
15760,0.2957795540069771
15761,0.3659454060064444
15764,0.44313372815703717
15766,0.47751337635784047
15770,0.35471990572364887
15773,0.3709843508351171
15777,0.3982270237877013
15778,0.45832076830728824
15780,0.3799106947347311
15782,0.4331146287009416
15783,0.4359386171880738
15785,0.3176704571196611
15787,0.38476432409434524
15788,0.44414221878497834
15793,0.33068361792357315
15795,0.4276481824510038
15798,0.5773310464433498
15801,0.3944075841205089
15809,0.3887381839814064
15810,0.33526653797736244
15814,0.3749750548474075
15833,0.47788931792711126
15835,0.4468979004319399
15837,0.3433097174332113
15841,0.3072206376788259
15842,0.462063716437657
15845,0.3733346445323732
15849,0.29808614904757047
15850,0.3227357082148472
15851,0.376646985039952
15853,0.3394195927707015
15854,0.3608088111225976
15857,0.3434496537594742
15861,0.5095546712174962
15868,0.38151392541018525
15871,0.3607618109200235
15873,0.3503525873887384
15876,0.3640560011957345
15883,0.3476545427038475
15884,0.4419401758105597
15887,0.3233790937045912
15888,0.3510715794871792
15890,0.30015292043450736
15891,0.422407966837279
15892,0.30420781799107727
15893,0.32467069437665175
15897,0.4182244927392991
15898,0.46886958935985945
15902,0.4484697118878463
15903,0.29325632266261237
15905,0.37275298978280874
15910,0.3808395997881759
15911,0.3896929016078694
15912,0.43326132340014006
15916,0.30977720070667364
15917,0.3338581696789059
15924,0.44379978859469416
15930,0.4585883815622078
15932,0.4028318144777014
15937,0.3696146673978232
15940,0.3574423684782901
15942,0.36460367992454046
15943,0.44209481048536853
15946,0.3456284172789432
15948,0.28903032122568056
15949,0.30089191133254195
15952,0.3489323047361437
15954,0.3031265992818254
15956,0.3667347162227539
15957,0.4954450343111189
15960,0.4319594411435039
15962,0.3140072701690584
15965,0.3849460771916489
15968,0.3796135303193365
15969,0.4040511607748079
15975,0.3334894708062193
15977,0.5091055855083113
15982,0.3716746429154326
15988,0.45235209829128203
15990,0.4569391383464634
15991,0.3448815602272022
15992,0.4552530661711387
15993,0.511543967905107
15997,0.46374760414876376
16003,0.2846572149379035
16009,0.33804681494472333
16014,0.34088079907061636
16015,0.4017557611679679
16016,0.38772157192530154
16019,0.4263119985578111
16026,0.3346504397804242
16029,0.514551257738917
16030,0.4487635326069676
16031,0.34157371468206565
16032,0.39456916287283567
16037,0.33283362596933985
16045,0.41432170312684413
16049,0.43202976396863835
16051,0.3241625160245975
16055,0.5218841798441285
16061,0.3805015288799989
16064,0.46419930802204185
16065,0.3640368752761636
16076,0.4424725688737487
16078,0.3548098518741415
16085,0.3379523555945081
16087,0.39590193605837853
16088,0.5596415534345676
16091,0.44060477877395626
16092,0.34356949357537936
16093,0.39192939378609587
16095,0.4262561950132542
16101,0.3150171638326118
16102,0.4025818361742541
16110,0.4903109702697101
16111,0.3539981086224506
16113,0.342237014741539
16118,0.409391287071904
16121,0.3962350589990752
16123,0.32126187000322476
16127,0.3739995770507546
16129,0.31509349707207296
16130,0.4260841157312125
16133,0.30666374504549787
16135,0.28881282721565577
16136,0.30376650100774166
16137,0.39161860749718824
16138,0.3065410932918138
16140,0.3405455929593451
16141,0.4647817333181844
16142,0.3708836646435434
16145,0.43013128198207823
16147,0.4801934769493447
16148,0.4508791505399205
16149,0.37783016866633773
16163,0.45014536160600704
16166,0.33705156540723996
16169,0.3349811771342725
16172,0.4079353777644391
16173,0.4685695487652679
16176,0.36066339256937063
16177,0.4228931792845848
16179,0.3759681523862472
16181,0.36144308622959564
16182,0.4647811596892925
16197,0.40764457467891235
16198,0.3511935060257248
16199,0.41109959966701515
16203,0.4329627543039731
16204,0.46225722584366913
16218,0.3263860438311814
16219,0.5269333936955864
16226,0.4151294934337257
16227,0.33563362380327816
16228,0.3476928254662019
16229,0.5036912481296119
16230,0.38549923307236106
16235,0.28050527594327734
16237,0.4000537088358728
16240,0.301738701874581
16242,0.39497975991258955
16246,0.36736654026684995
16247,0.4579281683798336
16248,0.34984901552312075
16254,0.525854192254313
16256,0.5334489653321254
16258,0.3654656863968583
16260,0.3426567088758212
16266,0.42000014452567647
16270,0.3692791128832242
16271,0.30802423314875665
16272,0.2960730922002642
16274,0.3640918013797167
16275,0.39335992570966455
16276,0.35002990918221244
16277,0.3880622958126082
16278,0.3860226004832699
16279,0.4367377983928308
16280,0.4422142340499321
16284,0.39966555020192324
16286,0.3399769666330311
16288,0.45297284355476486
16293,0.29296077874289617
16299,0.45016397367825256
16300,0.3328006614904861
16307,0.37114637229835173
16314,0.4522369827845773
16315,0.2996634406850132
16319,0.38463329582595024
16320,0.4622822885813606
16321,0.305783214286741
16325,0.2568022670392024
16329,0.41530519835508256
16333,0.44534450924938895
16335,0.3735626691877222
16336,0.4139684506417795
16342,0.3960667333696514
16343,0.3964437686673727
16346,0.44534244547658547
16347,0.3270456869607585
16348,0.5291466973446426
16350,0.3738769224763642
16352,0.3404728421215833
16354,0.42922227008358665
16356,0.36674344372203893
16357,0.4266265519765007
16358,0.3363045032026833
16362,0.3658518773688701
16364,0.33092588874028755
16367,0.36028052628388063
16371,0.28766376833960033
16374,0.42700310301193
16376,0.4236920012094563
16377,0.49969978291778133
16378,0.41894687087746135
16381,0.33276359153919577
16384,0.3033430717943026
16386,0.37745810022801457
16388,0.2943377266374377
16391,0.4247755383072381
16394,0.4230344253762089
16397,0.3662557192404555
16398,0.43445311404698506
16400,0.3216250441560393
16404,0.4558396135021212
16409,0.3587725382321687
16411,0.33490276312056444
16418,0.5108863071352779
16420,0.33430154296308295
16421,0.4754211458857276
16425,0.34896381316479685
16426,0.2922443052228083
16429,0.5376464216266643
16430,0.41203489635529517
16431,0.3462895270255103
16437,0.373653980223121
16438,0.333414935487724
16439,0.34520378847956656
16440,0.3596335886867529
16441,0.3716949639793817
16451,0.31720972994045044
16461,0.40592488401184035
16464,0.4157210549164095
16466,0.3621811180296827
16467,0.34360225282213286
16468,0.524049409943501
16469,0.3358659439732937
16470,0.41210530241424725
16483,0.42960591155151917
16488,0.38951064274349817
16490,0.34279119817472137
16496,0.5357048139861387
16502,0.3500302591058114
16511,0.3016255449155158
16512,0.3581430855846575
16513,0.38918716612741205
16514,0.2937309361357827
16515,0.2989129895498442
16517,0.4075974860140507
16520,0.3046926118226131
16525,0.3826063493345566
16529,0.3445769171989307
16532,0.34650345660287935
16536,0.4615268365794279
16540,0.39504467000672155
16542,0.4130915196560479
16548,0.3141969235265386
16549,0.3141820532794349
16551,0.49285313478944476
16552,0.3034155313613127
16557,0.42119516439346133
16558,0.3489083452120398
16559,0.3975213843304421
16561,0.3557761908581057
16562,0.4713566309482991
16564,0.29716061030660346
16566,0.3162028689858521
16572,0.4743628057393716
16573,0.3719916710509289
16574,0.4726396463603516
16575,0.3382735089870683
16579,0.5347194621323382
16582,0.30890211673494666
16584,0.39736804370608536
16586,0.37196369358747794
16588,0.3506142724174787
16595,0.4562405196901926
16597,0.3329764766425542
16600,0.3957287854076093
16601,0.43464408976911706
16606,0.3872339715696251
16608,0.3692883607143937
16611,0.367686611422974
16613,0.45273635194320533
16619,0.4162723216336335
16622,0.3949079346034354
16624,0.47792835709090137
16626,0.4325192235185068
16628,0.3630632629317045
16630,0.298591871701291
16631,0.4571028064694688
16634,0.42634049454079587
16638,0.3737621444173746
16643,0.45920954756762866
16645,0.3299339941168381
16649,0.44640912259131355
16651,0.37832896770628044
16652,0.34430560974916147
16653,0.303012832421797
16669,0.4852028219912502
16672,0.4175090596061639
16677,0.4157251276126065
16679,0.3224949357929525
16680,0.5105525743170287
16681,0.28080938967166724
16684,0.31232249593909567
16685,0.28858914104874317
16686,0.4511344281007053
16689,0.316843678580831
16690,0.2817258377776469
16692,0.4127319175592964
16693,0.33616580469189544
16696,0.3990991764487846
16703,0.37105423109116276
16704,0.41140045933148417
16707,0.40362169133228376
16711,0.31444919098787805
16713,0.3064896331920735
16714,0.5392057342539203
16716,0.3497574743934225
16717,0.43351937565476656
16718,0.3426975009214707
16720,0.3625827010042637
16723,0.3777461352483384
16724,0.4483465388217494
16728,0.4629226177847947
16730,0.4248063506217825
16743,0.33982856588223187
16744,0.3596782588638434
16748,0.44155819327544854
16750,0.39857138583625745
16752,0.4259592734134467
16753,0.36799199213890754
16755,0.43272197195766254
16756,0.3750983016165248
16760,0.3710785354526909
16764,0.31139792122644855
16771,0.34275894198041185
16772,0.5516676598944504
16776,0.4018667315156141
16777,0.41662571424934647
16780,0.48500512574641247
16781,0.36538079036573406
16788,0.35121839277408895
16792,0.2993819448788986
16794,0.4242863746207626
16795,0.3692321500032529
16796,0.4140582121850199
16798,0.3354177168410994
16801,0.3199534282565195
16802,0.38575554222087627
16803,0.43746109630217433
16815,0.3591788123150747
16816,0.3829473772154019
16818,0.45721580461373085
16819,0.4269252931245341
16824,0.3903880027125251
16829,0.4230089781628753
16833,0.3523194540001873
16834,0.3473569692064117
16846,0.35318230962848973
16847,0.3492005840154886
16848,0.3578864126672768
16852,0.41025718695250796
16853,0.451536649824393
16857,0.37122197972807286
16858,0.45477899153980966
16861,0.4090391479891808
16862,0.3904467938474589
16867,0.3674135772960549
16869,0.3761291749212656
16870,0.4506282510333007
16872,0.37889344279632353
16877,0.33211382140065326
16883,0.3390670998568045
16890,0.35999528058872565
16893,0.4292864691261283
16894,0.3901597504462938
16897,0.42712276917481723
16901,0.35758435293215285
16902,0.29167849304868104
16906,0.34883328852920287
16910,0.32477390837156667
16911,0.47251622547031025
16921,0.3670438307613403
16926,0.415664645454107
16928,0.37838433199423205
16932,0.4884362267984833
16933,0.3418651154133312
16935,0.35058721255043224
16943,0.44283554777939327
16947,0.3031463858631441
16948,0.4606518968729004
16949,0.33094774143059924
16953,0.40291678205490916
16954,0.32773137032325317
16956,0.3348043772702131
16958,0.39476005262638053
16962,0.3974153762487454
16969,0.36200186160952247
16970,0.3185652379211587
16979,0.3642594138735206
16981,0.3430136548035982
16983,0.3577913475962061
16984,0.2959861057344767
16985,0.3240989183040784
16987,0.37841642580995677
16989,0.4664255994710596
16990,0.4463069195936773
16992,0.3652299658118128
16995,0.41973352203536074
16997,0.4257189778107031
17000,0.520877005635722
17002,0.4045241857601961
17003,0.311969480623889
17006,0.41064679051852127
17007,0.48361015160398024
17008,0.31504404528503693
17014,0.36403454676867364
17015,0.4423817898301072
17018,0.5051301736834304
17020,0.28913987951844544
17024,0.4227596855622446
17026,0.3859399823551734
17028,0.3842414667606665
17035,0.3207792738231186
17038,0.38775772208945625
17041,0.4345875299951837
17046,0.3746723482724263
17052,0.4548673148372641
17053,0.4755248083552283
17056,0.32091261596299964
17063,0.4514697108925181
17068,0.30615239959636786
17073,0.3748780878345297
17077,0.4263809535214296
17078,0.3002175308418285
17081,0.40555951525859085
17083,0.3549017949078872
17085,0.274499838362538
17086,0.39332933228495165
17087,0.37881974691396075
17088,0.37670735336058087
17090,0.44044582815116806
17093,0.3572807194257456
17094,0.3608599077442449
17095,0.34914640193595775
17096,0.4589355835119821
17099,0.38259004453766166
17101,0.4505572976004577
17102,0.40008636851014273
17104,0.40822063456116126
17105,0.3138329651922322
17115,0.36295097805666
17116,0.40496159957024136
17122,0.27255734534100623
17123,0.36216717773637863
17127,0.3589352351416432
17128,0.4531291893101222
17131,0.3703072154783127
17136,0.4279136672715537
17140,0.36432643946240595
17141,0.4391978014372732
17146,0.35404512766690843
17147,0.3798621772506203
17149,0.3996611803194544
17155,0.4366247084212385
17158,0.3614253955947337
17159,0.3455650674810847
17163,0.3884675992662828
17164,0.3085848708156248
17165,0.42916387604954537
17169,0.3428956462101169
17170,0.34579530045271506
17171,0.49569904262876885
17172,0.3088670266660027
17175,0.40086743166696853
17177,0.3535447565240576
17181,0.4684365369903379
17183,0.3155339023079079
17188,0.3609500912197888
17189,0.41350712855191096
17191,0.3585978791152343
17192,0.30496178630204385
17194,0.3213469864844164
17210,0.34240446048494205
17212,0.4818179752126919
17219,0.38429341427127034
17220,0.43812554887360117
17225,0.36931034847571803
17227,0.42847548048491
17228,0.30987364996812206
17229,0.3289896451798829
17231,0.41407092625577313
17232,0.3972335942996601
17233,0.3100045828030067
17237,0.36982761263346153
17240,0.4075433355956779
17241,0.4329648000798963
17243,0.31554556401234807
17246,0.5392392025904023
17247,0.3428704570172044
17251,0.5307439561935716
17253,0.38070719175811535
17254,0.32785004930651257
17256,0.33895930401103896
17257,0.3790128765448767
17262,0.32231850758115144
17267,0.33068839110485926
17268,0.3199787175868578
17269,0.43846477479165097
17270,0.423523586439148
17275,0.5182350525270697
17276,0.43479877446181175
17277,0.488214446086967
17279,0.44926859104325667
17283,0.3490136037775422
17287,0.2981020167016889
17288,0.35947090963145184
17294,0.3565814784757315
17295,0.3528801500219349
17298,0.34429105573050345
17300,0.3678087823847045
17302,0.4565519260347432
17303,0.36393717298054384
17305,0.3156618336828757
17307,0.45020930810524773
17310,0.2796711138937751
17312,0.4368069541804384
17316,0.472985868573573
17317,0.2681291309263273
17318,0.36632034408935654
17320,0.35248307172793436
17323,0.31921375911265426
17324,0.3413032284596567
17328,0.38964279704074484
17332,0.36714498644628896
17333,0.31272839653423834
17335,0.4280436086047675
17338,0.369599639743599
17340,0.38146442602817293
17344,0.4417416686136007
17345,0.4001768322255753
17349,0.4096690103471757
17351,0.41866433473391873
17352,0.2855124075740937
17354,0.43728277178897856
17356,0.3453866799972497
17357,0.3929834571120417
17361,0.42837740878529806
17362,0.45996999592990284
17363,0.3801937645941649
17366,0.4161488732812264
17367,0.4389066281676362
17369,0.43259113507690183
17371,0.38240741573515363
17373,0.37997726335683574
17378,0.45809653814312556
17380,0.3833655066329809
17382,0.4284882330398841
17383,0.42179538073741285
17387,0.29377433810147435
17389,0.5038498145890187
17391,0.27609486715438974
17398,0.3885122258193773
17402,0.43470336776784635
17405,0.4344538849101277
17407,0.3347750177062025
17409,0.38647122653884414
17411,0.3895979748898349
17412,0.3295211645230854
17413,0.342475728019555
17415,0.3717565795500135
17420,0.35253165032504447
17421,0.3827614951327878
17422,0.43948877799869307
17428,0.4314362345935577
17430,0.2975791919585234
17433,0.31927050246550115
17435,0.43758171706046944
17438,0.3391613861782263
17440,0.3893187347148388
17442,0.37666283365219
17444,0.36341486813826107
17448,0.3517698730701303
17449,0.398709682278688
17462,0.4285387274496608
17464,0.3618770158701323
17466,0.3938270887756234
17468,0.4598274478977246
17469,0.5099749628067967
17472,0.4276789343312936
17473,0.31212911984524716
17475,0.363751999755821
17479,0.34852081923908856
17481,0.3863893667398877
17482,0.30806962065501525
17485,0.3496744989170785
17486,0.4591062410711942
17488,0.4934890273664869
17489,0.4000418024917661
17490,0.29557859154149857
17491,0.4381424385255251
17492,0.2912208895402723
17494,0.3618553405091102
17497,0.3955146895428585
17500,0.4363774558956171
17506,0.42674744367988926
17507,0.3936427467429089
17508,0.44790844764493093
17510,0.5012151051459539
17512,0.36326176395373744
17513,0.414120528882254
17515,0.41312837860608115
17520,0.4554966261062394
17521,0.3524683889275603
17522,0.3904039915755097
17523,0.3786001252169561
17524,0.3244500697140754
17530,0.42999491573897536
17535,0.49835714281033255
17536,0.43843227674772406
17545,0.4769948766115324
17548,0.47566872206812716
17549,0.41006145013368467
17553,0.36050379694670215
17555,0.48035151027164824
17557,0.45382609781364197
17558,0.36428605660581376
17559,0.31560258296692245
17562,0.5427217314219208
17564,0.42430715427561144
17565,0.3237528918548127
17566,0.49808843868917063
17567,0.40414991930397237
17568,0.40791978030484555
17569,0.3788950910417806
17572,0.44003525217080963
17573,0.4235747680533068
17575,0.4269102005656933
17577,0.3959519414540271
17578,0.3354893664785525
17580,0.3484884550281353
17581,0.45231177265141254
17585,0.3585327133232052
17586,0.3773896689512118
17591,0.41906589853593734
17594,0.33694490498228696
17596,0.33850893207315025
17599,0.42874843556650555
17602,0.3253906406039804
17603,0.46240833846271256
17606,0.3538702966320622
17614,0.5184576759508537
17621,0.37009890864629297
17624,0.4545061312323631
17626,0.42881968804451226
17628,0.3492135756666974
17629,0.36508904914705914
17630,0.4438013166077907
17631,0.41484005403616536
17633,0.4412417497426175
17636,0.42429973293999856
17641,0.430544339227686
17642,0.444617128979431
17645,0.5301363515432438
17646,0.3655948468562438
17650,0.3563484495813647
17655,0.3970870247273853
17659,0.4224113738059671
17660,0.3816739284504024
17662,0.36676367291143835
17664,0.41578097651659557
17671,0.2771939287812312
17673,0.29108404240050295
17676,0.38101274078063335
17679,0.4004401835982811
17685,0.4090357410241729
17705,0.4328578891967606
17708,0.42057266184441466
17711,0.3403605180557828
17714,0.42726450258773707
17715,0.3444663326625068
17721,0.3364113633718426
17724,0.4425412477126456
17726,0.41567172535120983
17728,0.39994473768161254
17730,0.3651292189730838
17732,0.30186692786716146
17735,0.5202171160993185
17737,0.3197780302787526
17738,0.3659401730720302
17739,0.44574706718154916
17747,0.2926779634799008
17749,0.4953288644190705
17752,0.429617531502207
17753,0.46165044187182014
17756,0.36651423570555913
17758,0.2771392049224679
17760,0.35958242817100744
17762,0.39383921368068253
17763,0.45878883360639855
17769,0.32614969469774907
17775,0.4252710605788195
17776,0.35666437665562783
17781,0.4097014852554148
17782,0.31006686906774117
17783,0.3276290170283005
17784,0.4985334881940965
17785,0.3237071402147061
17798,0.3499030110617552
17799,0.4594348964530523
17800,0.49593010106917645
17803,0.33269690188232887
17804,0.3688356588636751
17805,0.44424086352129705
17808,0.43950559313062354
17817,0.37994624140407596
17823,0.5074132060483607
17824,0.3878164903343271
17825,0.35602402744857464
17827,0.4421068534174459
17828,0.43838507322819
17831,0.37386999740536025
17834,0.4027312031311655
17835,0.5060184626190004
17837,0.335487603485812
17838,0.44999595294019507
17839,0.4210718334033687
17843,0.5043984885569017
17846,0.51544344894932
17847,0.42655432970327
17848,0.42088551932636603
17853,0.42661629392905587
17856,0.4255177684728791
17859,0.32961587022206473
17863,0.3673059243793905
17868,0.30704388435872815
17869,0.32344053068117545
17870,0.2858150449528491
17875,0.3707161487664888
17876,0.3562656727805914
17877,0.3689510412578179
17879,0.45595324872440657
17884,0.32728531546661466
17885,0.3585015813768752
17886,0.3550091697014327
17890,0.4233394959514854
17897,0.3409309786104061
17900,0.30620570506029604
17902,0.4176195704521386
17903,0.43036704420597693
17908,0.4179555873986558
17914,0.46322126448349893
17915,0.42274756100479544
17916,0.36393953735186924
17920,0.29328260204560846
17921,0.38505648178037233
17924,0.45001702759810536
17925,0.4353727306941087
17926,0.3089393150422939
17928,0.3586672578956731
17930,0.2716809864508488
17932,0.31549141472750863
17933,0.3375608263145496
17939,0.38630859561773945
17941,0.4764031116786797
17943,0.3641075948215795
17947,0.3484652543642193
17948,0.44186751519046175
17950,0.3143742543859232
17956,0.3289671137528283
17959,0.2867319307492722
17970,0.3939812995284938
17973,0.4114186507163848
17974,0.4698469068430968
17975,0.3350030210711694
17976,0.41506165080241303
17980,0.35972770837065826
17986,0.49096592609870937
17987,0.3674423934763899
17990,0.3386426528157671
17994,0.42276592718622735
17999,0.3579231003426392
18002,0.3624441562889958
18003,0.3119038499924921
18005,0.38795690913284386
18007,0.3303778046661152
18013,0.38525770236218376
18015,0.31352961792286504
18016,0.3022671857720836
18018,0.3469468322695262
18019,0.3729447834421702
18026,0.3682042324880699
18030,0.45026441566037306
18032,0.45947751502406026
18035,0.428437053736505
18039,0.39116141926949405
18042,0.3376065750946167
18044,0.4234455998410935
18045,0.35293018359303246
18046,0.43388350077358434
18052,0.44056109616995587
18054,0.4410389504774627
18055,0.45142266646965723
18059,0.3044248933623328
18066,0.5164078140410421
18072,0.44256718450649485
18073,0.36771772563504335
18077,0.41921922958382724
18081,0.3376805777123126
18083,0.2909350397032603
18084,0.4259114706189432
18085,0.36907444988793564
18086,0.3228403666124352
18087,0.4539681925923411
18092,0.38258551007940383
18093,0.3325638672637111
18095,0.302064809209735
18097,0.37355887681679134
18100,0.40275465326149834
18101,0.40338753140521383
18103,0.40637855142761503
18104,0.45809198197753936
18105,0.32978420114436163
18109,0.33934250934702886
18110,0.43962226951732297
18113,0.4009302642681143
18117,0.35661610952025086
18119,0.39317081728454406
18126,0.5042400891106739
18127,0.33040768594518616
18128,0.33905993830920633
18129,0.44262809549322896
18130,0.38905776314606266
18137,0.5363279301046638
18142,0.3636478032130337
18144,0.35306373656986095
18145,0.30283457888762455
18146,0.29472952872843033
18149,0.4367818767155643
18152,0.3096506023711033
18153,0.3508210678266799
18154,0.3356377490313011
18155,0.40187048694404465
18156,0.4461921387857389
18161,0.5151930473257733
18163,0.3821872078358385
18165,0.37558779608973325
18166,0.3510191623474658
18168,0.36336675633075527
18172,0.3135045937373736
18174,0.43051684785145417
18176,0.3673579492376713
18177,0.4240643544154819
18179,0.4553157939806545
18181,0.5389515104778045
18182,0.3058169702087746
18183,0.4730492682713034
18187,0.3606374182285027
18188,0.3186456840833019
18189,0.4453394695950797
18194,0.40325293166084397
18196,0.433919036547823
18197,0.34775690866547576
18198,0.338811317393253
18199,0.3930061967926452
18201,0.4014054250590967
18205,0.39852408178332643
18206,0.34769218303474836
18207,0.3330917310622305
18210,0.294574090155782
18212,0.35666018383399894
18214,0.3083248778867653
18215,0.35355326508226026
18216,0.34832199939593733
18220,0.4483315497575273
18221,0.4248279700357751
18222,0.294486080871723
18223,0.5495065592785775
18227,0.3222682998098072
18228,0.519273888660765
18229,0.35619582442989134
18232,0.40766883147648725
18234,0.5093340962646544
18239,0.33111545556952243
18243,0.37207241135352787
18244,0.347899544358221
18245,0.4042127877855979
18246,0.346975610986401
18248,0.3936871051012233
18250,0.48030372797599463
18253,0.489924658503
18254,0.2921965913172439
18256,0.30589603002531074
18257,0.3935354955302971
18263,0.3927385652838187
18264,0.3217025679100949
18266,0.35640852703148374
18267,0.3350363661191028
18268,0.3750203179779644
18269,0.3734566656986321
18270,0.4353208729396971
18271,0.408660194505981
18272,0.2967785732880507
18276,0.4052267378569908
18277,0.43399112155180236
18280,0.3398233958174852
18282,0.3187670034989443
18285,0.36450263488570706
18288,0.44115555947146956
18295,0.3478859036375452
18298,0.49842668005089996
18300,0.34028958854137853
18301,0.3478868610134917
18302,0.31038900793146285
18304,0.440252339178894
18305,0.30732675498248885
18306,0.35284057923415363
18307,0.3620549877541031
18308,0.3379608628820157
18309,0.286945403251297
18311,0.3756612034424709
18313,0.3921364845692019
18314,0.4744785177414041
18318,0.5355413194226619
18320,0.34213453002985184
18321,0.43921438777422983
18330,0.4323628811495721
18334,0.36101353624667204
18336,0.3381316416472102
18337,0.4502778626848523
18338,0.35947650302478656
18339,0.3713698938283461
18341,0.3813258774252011
18347,0.3981084073620953
18354,0.3351138201874141
18355,0.2909786943718006
18356,0.508723641898802
18358,0.29205199353755307
18360,0.5098793773966149
18361,0.3833842468889484
18363,0.43935877190543854
18364,0.44558862626901635
18367,0.38262596689057515
18380,0.3275703226689146
18383,0.3834989206634515
18384,0.44903188010169537
18385,0.38163666698416376
18387,0.46790603902656935
18390,0.3506359542664586
18391,0.42684803475739813
18392,0.3549478507680622
18395,0.40666764247504994
18396,0.4303015949190245
18397,0.3469415744447164
18399,0.4049042913331906
18400,0.3420415756603151
18403,0.48236275634007775
18404,0.36768796857290775
18406,0.3582059655953857
18407,0.4463866244931819
18413,0.3575974550090505
18415,0.38895577914192586
18417,0.4343490921018966
18420,0.3593262242886734
18422,0.3641312663983643
18425,0.44898725925386374
18426,0.5149191338275118
18427,0.2831991300289355
18428,0.3623237506397335
18429,0.393025171299182
18430,0.31454415842769096
18431,0.3937818022527261
18432,0.4058571414615247
18433,0.5545001655126335
18435,0.3348458567109691
18436,0.3229370746672121
18437,0.34900674761103645
18439,0.2939892776545295
18444,0.30903191992873724
18446,0.3752615206080603
18448,0.3821911177186001
18455,0.35108338329081445
18457,0.3220051209328612
18459,0.40682741623295793
18463,0.40538037161008444
18464,0.29024834485127493
18467,0.3415680955760953
18469,0.3652718970587989
18471,0.3559429721960166
18475,0.3415965329782135
18476,0.2874351889088902
18477,0.2962347180456201
18483,0.42948277089563314
18488,0.4579873231455608
18489,0.36135684366518545
18490,0.3533436045640924
18492,0.4626500293823789
18493,0.26671157172549265
18494,0.44428292679502773
18498,0.3992480260408048
18502,0.44038731063061115
18503,0.335374410498412
18504,0.36496768393626944
18506,0.3768978318254399
18507,0.4232392964066907
18508,0.3285066467899707
18512,0.3080818722664927
18515,0.33583994276026885
18517,0.4663185465825711
18518,0.3949108715108408
18520,0.4237641721439769
18521,0.37374359665836715
18522,0.3547574495148799
18523,0.4128263307961245
18524,0.3194054533949082
18530,0.3231488255071128
18531,0.35862515691828434
18532,0.2733683234926776
18533,0.35145256543154985
18534,0.4091361112274494
18540,0.4202102632682028
18542,0.3222208397510257
18543,0.32550429669499775
18544,0.447558592753206
18547,0.3412300955303277
18549,0.3679873674456145
18552,0.5386261173950427
18553,0.41453146792867324
18555,0.43610693288536756
18558,0.4572838573619943
18565,0.3804232118383159
18568,0.42010780431223277
18572,0.30600081684660535
18575,0.4802613471288651
18576,0.42610772046200424
18579,0.37302533941402743
18581,0.4369388250110832
18583,0.3374764840722111
18584,0.31857546697052647
18585,0.291097337918054
18590,0.33293506545914636
18594,0.35077215620311086
18595,0.35257501883106146
18598,0.3805343724777709
18600,0.36959425800538576
18601,0.4165672810267549
18602,0.35034903836009784
18603,0.46951542018158493
18604,0.38257507666650525
18610,0.41690696117793935
18611,0.4268923379414544
18615,0.41242776858015956
18617,0.3302892702374968
18619,0.5062118676784606
18623,0.293841344293287
18630,0.3555101663458055
18631,0.46824553547397635
18632,0.30686918461595325
18633,0.3681781827814589
18638,0.43193144616955836
18639,0.31666060520811484
18640,0.33646819056768373
18641,0.3453575710203021
18645,0.4237141823423238
18648,0.33092932314221285
18649,0.365282593916057
18651,0.41236270285981663
18653,0.3248130159448583
18656,0.5359355066094169
18657,0.47490200065177474
18658,0.33364664375685954
18659,0.377317733977953
18661,0.324228394772439
18663,0.4629881573395796
18668,0.39172257641875935
18669,0.31383915512848226
18671,0.45402977552408613
18672,0.3338604548441526
18673,0.3644465121600912
18679,0.4169998928474279
18689,0.43440383711835123
18690,0.434814983225496
18692,0.4452093275594147
18694,0.30310782036426104
18695,0.40884379481910954
18698,0.402708967553132
18699,0.4173840822124941
18704,0.4541578263435684
18706,0.3883448332754789
18709,0.5129795200144445
18712,0.4899160927248937
18713,0.44348318706077905
18717,0.4274196616669618
18719,0.519694049263241
18724,0.35275267971582414
18725,0.3867931902069854
18728,0.44725127270642495
18729,0.3253034658863402
18732,0.44449034074628685
18733,0.31076237360792525
18734,0.4074505908813963
18735,0.49075854771764227
18736,0.5102752798525048
18739,0.3886263432266444
18740,0.44223464602958623
18742,0.42421457676999047
18743,0.4669846539667947
18749,0.3400359198688285
18750,0.3919299007570101
18751,0.3491847222379844
18755,0.3408238481467214
18756,0.3643783663404192
18759,0.44041030146457905
18760,0.48134040646790166
18762,0.4539486707409602
18765,0.3779713914651734
18766,0.4098990997870782
18769,0.3706785781158036
18772,0.4018454392447202
18773,0.33547420841033315
18774,0.36210027661954447
18778,0.3839958396779615
18780,0.33425171015785915
18782,0.3173212820019522
18784,0.4073580715358919
18785,0.4600283715824648
18786,0.4152723039378066
18801,0.2873203155506429
18804,0.3263488202716633
18807,0.45360379988501903
18810,0.3714001656559058
18811,0.3588815878620015
18815,0.34878895074253013
18816,0.40504395496797413
18818,0.4428824836347554
18819,0.41754839227542284
18820,0.45793256307500063
18821,0.4407546148358212
18822,0.3924746912613753
18825,0.35603734835774004
18827,0.3711127895640706
18831,0.38157373023770885
18832,0.47135262245608606
18834,0.41396882618109
18836,0.48678291219312164
18837,0.34485410757815693
18840,0.4015871098928795
18842,0.39355625080012663
18847,0.4189884673864301
18849,0.3586957544435975
18852,0.4045073271187333
18854,0.4093774544751684
18855,0.3055314899509386
18857,0.31285491385841124
18859,0.4402872905892945
18860,0.36826583104781896
18861,0.41978751071302506
18862,0.3540427296306417
18864,0.37284690502497897
18868,0.4198506548021209
18870,0.4472961878608394
18871,0.37083583056792724
18874,0.34600450106107955
18880,0.44252754011936785
18882,0.4186879938964731
18884,0.34816462143047483
18889,0.4374706738859998
18892,0.4344153946849216
18894,0.4167003469337246
18895,0.4246951637077996
18897,0.49499721270900227
18898,0.3342156270248398
18900,0.5543298246249452
18902,0.41179243324692427
18907,0.42916024548029486
18909,0.5030584536486482
18910,0.43103804559313735
18914,0.4504355841977892
18917,0.3748022909517934
18918,0.3783541985308574
18921,0.482458423409496
18924,0.36095315546519763
18925,0.3023510524874779
18927,0.45222786679272486
18928,0.3615163739466496
18929,0.3700671496266956
18930,0.36688518598522535
18932,0.48022034280967296
18935,0.31090856732288313
18938,0.3863602380058019
18940,0.4164800674311038
18941,0.4233139213902599
18942,0.43624071624597294
18944,0.34247540444185537
18946,0.484554100218673
18949,0.3700273949947471
18954,0.3971398730276294
18956,0.415498183141562
18957,0.3292268602040739
18959,0.4565536996636216
18960,0.31509709976104444
18962,0.351225156489845
18963,0.4093269698930167
18964,0.48510279065187656
18965,0.41939661500169984
18967,0.25495355149544413
18969,0.3750387573567612
18971,0.3064195609353584
18973,0.3550578641139429
18977,0.37580106937247654
18978,0.4170195328648086
18981,0.4617714917550488
18982,0.36912465505846015
18983,0.39123209242500473
18984,0.31211465458916826
18985,0.36923890650117713
18986,0.49688684904961067
18987,0.32316314177829875
18988,0.4179267290722799
18991,0.4363513645004044
18992,0.3764476766598335
18993,0.35366893856377596
18994,0.4650323630147142
18995,0.32408577954404927
18997,0.30491652226422383
18999,0.2880118348290203
19002,0.2976345241608348
19004,0.35925079060736864
19005,0.3602016667834794
19007,0.3887828804643758
19010,0.4595879948663526
19012,0.39063918496500705
19014,0.3974106013115994
19016,0.35026327927694334
19017,0.5404982575524903
19018,0.3708664105519304
19019,0.41529868615116433
19022,0.3545000831879724
19023,0.4788714562467065
19024,0.3212054564287423
19028,0.41237117679229124
19029,0.3043061727728363
19030,0.31873431262290075
19031,0.4057904246430005
19034,0.431427866964159
19035,0.3287947259604922
19036,0.5319511217866546
19037,0.4058008140639716
19038,0.44919113412425254
19040,0.42640664307766196
19042,0.33678826867807315
19043,0.28867650291932395
19044,0.43300630077792696
19047,0.44514361183954954
19048,0.36493735621994483
19049,0.3934365449784849
19051,0.42206393570479717
19053,0.37691225170690984
19054,0.48990134949787945
19056,0.34181897126719585
19057,0.46517811026417
19058,0.4130108126775482
19059,0.4412417978529097
19060,0.4200111024460009
19062,0.4288968782759814
19064,0.38763515836532003
19071,0.45292375313204425
19078,0.31742601453809033
19079,0.3628474632940067
19080,0.43347069676248007
19081,0.38420329676440496
19085,0.33165854953126866
19088,0.43676423304133766
19089,0.4336439652523824
19090,0.35792306161836884
19091,0.44309726871499633
19092,0.3835199904339608
19094,0.28874804273011895
19099,0.44677236398530534
19100,0.4198631234234648
19101,0.3195804028656605
19103,0.36360810135548094
19104,0.36795956339703584
19106,0.43892265589591745
19107,0.49528855177696873
19108,0.4265057094655776
19109,0.3007372151385963
19111,0.4712999363130391
19112,0.3793524624461941
19113,0.4259524000426076
19114,0.395085437164899
19116,0.501069005775064
19117,0.4210863613706297
19121,0.4156818173254912
19125,0.3588541087732478
19127,0.37705172611647647
19128,0.34709867470142297
19136,0.35935703135616537
19137,0.333211647388439
19142,0.4802525532821935
19143,0.3540862247733154
19144,0.36197419570828065
19146,0.3542782685653422
19147,0.37205257778118594
19152,0.35831799574281137
19154,0.35879499194670816
19157,0.3549460549320609
19160,0.42983672520648236
19161,0.4198074294902833
19162,0.3296477149408927
19165,0.3549789695369763
19167,0.2884334983473387
19168,0.401825419466475
19171,0.4297582988049321
19172,0.4033268640965846
19173,0.30382682936228855
19174,0.34011171697169573
19176,0.3839807381623349
19177,0.4844598861156537
19178,0.3441598306773335
19179,0.4066736328045875
19180,0.3040536859621965
19182,0.4187146705799525
19184,0.3644855460050996
19185,0.38663253702261935
19187,0.37896386463624
19189,0.4402253859134011
19191,0.28672717064268644
19193,0.45716264914566834
19194,0.455765221821984
19197,0.5452123070662559
19198,0.38705225888557926
19200,0.390960452932473
19202,0.39341527266291343
19204,0.4616242592095483
19205,0.30584334784133455
19206,0.353222734394328
19212,0.2968996977985847
19213,0.2987989023568592
19214,0.5484386462258241
19222,0.4513438379743444
19223,0.5208276645775771
19225,0.33324261585421333
19228,0.3668737531627274
19230,0.41380606975110923
19236,0.3637157346374283
19240,0.4518580643060039
19241,0.44429873713036394
19242,0.4382497228112117
19243,0.41898310034056563
19244,0.356773678675623
19248,0.37705296748260947
19249,0.5512091292362618
19250,0.44727049334877483
19251,0.49447342041063236
19254,0.43512426321160164
19255,0.4252139263285142
19258,0.3624177022871067
19259,0.3670983680605024
19260,0.521338880958354
19261,0.3461194674526408
19262,0.3106017778332524
19264,0.38549686291856106
19265,0.5138621579496345
19266,0.41396778113466376
19270,0.33581923962480764
19271,0.35546967024775333
19274,0.3381994273230453
19275,0.36546167969413446
19276,0.31799211516258824
19278,0.34234586178947496
19280,0.3039119751481354
19282,0.44500451590948537
19287,0.5042933242545105
19288,0.34970345803077685
19290,0.4131954983932312
19293,0.4734300861833171
19295,0.3863981507823672
19298,0.3498120003820808
19299,0.40877404306851367
19300,0.3085162877820763
19301,0.29943104504701645
19304,0.383806797651818
19305,0.3841335720812203
19306,0.30010690399004997
19309,0.42517853580274123
19310,0.3415573793080845
19311,0.5108941813339642
19313,0.38003030993812664
19317,0.4595227426238131
19320,0.4762281719073156
19322,0.28456108798398466
19324,0.40779019717434084
19325,0.40371463202019314
19326,0.5105767481043212
19328,0.44380353887438645
19330,0.4856838569767044
19331,0.5535041016413171
19332,0.3318138245382555
19334,0.38262454243475447
19337,0.29250820474140754
19338,0.4333462190016739
19340,0.3103677646384883
19341,0.29036175726637564
19342,0.38995325007312914
19343,0.4074292892030095
19347,0.39622497288426645
19348,0.45387645108681585
19349,0.3049491219385785
19354,0.4231824809919428
19356,0.35521662424625305
19357,0.33425719190301345
19358,0.3942305041542131
19361,0.3053789492317696
19362,0.36184444120992154
19365,0.3981867185161021
19366,0.33636038213630287
19367,0.480964966908142
19369,0.3078361836390028
19372,0.29756365923316563
19376,0.3466713617892008
19377,0.39073042642286276
19382,0.3580716215596875
19383,0.44297052950592225
19384,0.5332561141777161
19385,0.3174525105852918
19386,0.3863178515063828
19388,0.3873930365094248
19392,0.4446525269184248
19393,0.5000599103697918
19394,0.43036479209299505
19395,0.5066611085167426
19396,0.421654746910434
19397,0.33915917447086036
19399,0.4836942661226362
19400,0.454219356932818
19402,0.4494007564418604
19403,0.4027256624198695
19404,0.288007428851923
19405,0.30514192960271413
19406,0.3496381736237995
19408,0.40926912679372324
19412,0.4339978810898114
19414,0.2956553848033819
19419,0.3849145875631319
19421,0.444656192628247
19424,0.3065921737017571
19429,0.510962172141381
19431,0.4832542076161051
19432,0.3865186504277159
19434,0.30543153344659635
19435,0.30178831760523156
19436,0.46630532818267123
19438,0.4089227734054059
19439,0.4291656492433025
19441,0.31098344301777187
19442,0.40285711607384295
19443,0.44006406720448765
19447,0.3635360129574435
19448,0.35590490213897974
19449,0.4038561890826922
19450,0.41663052303872095
19452,0.3721912265920549
19455,0.5041693736880883
19458,0.3488833607568121
19459,0.4549665896961127
19460,0.3640649896846794
19461,0.36873545766821714
19462,0.3892671618322895
19463,0.3498849252962948
19468,0.32183813700037645
19469,0.3132497436309021
19470,0.5369088607686825
19471,0.402393867134914
19472,0.35513360828717033
19474,0.49383865329257515
19475,0.3409261809433582
19477,0.43883209058089107
19478,0.4496261707136612
19479,0.46249164866849346
19482,0.3922067062938826
19484,0.4740699772282522
19487,0.42262377744968305
19492,0.3698867933138089
19495,0.4065073557821312
19502,0.40453983213511097
19505,0.4018315404555717
19506,0.3590886340151059
19507,0.3174976076319746
19510,0.2944805514368125
19511,0.5247898325818557
19512,0.35371731538646045
19515,0.3890583162662872
19520,0.3222212565855795
19521,0.4366917826703414
19526,0.46007126395757525
19527,0.3613607810231308
19531,0.423148156883524
19532,0.3190221151204474
19534,0.409985025423386
19538,0.4612319317871287
19539,0.31877611245044146
19542,0.33935577981532083
19543,0.28293475270610724
19545,0.4117213468012355
19546,0.3952272747080745
19548,0.43808729038650474
19550,0.43788481312541294
19552,0.47761423568599304
19553,0.27520892225737514
19554,0.3931360022946901
19555,0.43870517314888396
19556,0.431398034273602
19557,0.358459551382979
19561,0.39538688744049344
19563,0.5158145957479868
19570,0.40263342329343416
19572,0.3398236996503969
19574,0.4319359894516739
19578,0.3188223129462846
19579,0.4292443690391777
19582,0.4092447802740836
19586,0.3907793840035966
19587,0.39048328636039037
19589,0.3955195078589502
19590,0.30704916233578144
19592,0.30046187632772875
19594,0.39804111496527567
19596,0.3363419844050166
19599,0.2807733162654821
19600,0.35313743118545765
19603,0.3016197903041781
19604,0.39109313092487824
19605,0.4251370037344524
19607,0.40549313396906916
19616,0.2933449337379674
19618,0.28526262634404687
19619,0.3070795096568958
19620,0.35210108705270876
19623,0.3878309204391832
19624,0.45248121382403733
19625,0.3648888730197362
19626,0.3639497712215521
19628,0.38060040295807623
19629,0.40326919496547264
19631,0.28256699475794966
19633,0.39768902286986246
19634,0.33487635134634763
19635,0.45118705288621314
19636,0.41765077966334
19637,0.34603601705379883
19639,0.4691127585290559
19643,0.40322562394657935
19644,0.38571965550696746
19645,0.458096290513676
19647,0.4179543391317487
19649,0.38747393041605727
19650,0.4520740255174446
19652,0.379341949880774
19653,0.4251446976208508
19656,0.3415699312608681
19660,0.3978751167831036
19663,0.4536906093395689
19664,0.4691840584648345
19666,0.4040408498050469
19668,0.3664286836258649
19671,0.43497503163154405
19672,0.4349658126872783
19674,0.3956504679792927
19675,0.33794254731279544
19676,0.41248200623703424
19678,0.4094512142275623
19679,0.3853979708098192
19680,0.44256094181420935
19681,0.42873039412187874
19682,0.3346442675316399
19683,0.4305310191003802
19684,0.3422728565033287
19686,0.33673924874352246
19687,0.3914930384895891
19691,0.3630220493314054
19692,0.3484353781350314
19698,0.3040412326195662
19699,0.33810812732308043
19700,0.3299324239940921
19702,0.3355833520265113
19706,0.32393036947494463
19707,0.49333017188408845
19708,0.3495965300411058
19709,0.4349050881506424
19710,0.4361297607376592
19711,0.3745061379851881
19713,0.4068884552561139
19714,0.3871171073338242
19716,0.39322737505011574
19718,0.30575354068045024
19719,0.46283294207382014
19720,0.34308466952851113
19724,0.29640075986110814
19726,0.4014330483397784
19727,0.34306229527183085
19728,0.29726701494538543
19729,0.3907006592701465
19731,0.3787843337044069
19733,0.4634866141728715
19735,0.36344313638089687
19736,0.375119624990935
19743,0.453058743627936
19744,0.4191813418424971
19746,0.2949291744175735
19748,0.47351370766858636
19750,0.3854314609428146
19751,0.36044012997830366
19753,0.34321434183003047
19754,0.3089737885160881
19758,0.4592132840955513
19760,0.46201821044405994
19766,0.3528365086034673
19769,0.37774360378003224
19770,0.4025524662328933
19775,0.4123379594763394
19778,0.354802861070574
19779,0.30581856433996096
19781,0.3818021790691781
19782,0.43668114631459154
19783,0.34295302709152414
19784,0.365105731099772
19785,0.48742837697138136
19788,0.5049792554192881
19790,0.438901083797065
19791,0.3576012883883534
19792,0.3307064876806544
19793,0.43295331846002655
19795,0.39514131288421717
19797,0.49568021017261893
19802,0.36174592912629744
19803,0.3854126668439819
19805,0.4017383266204842
19806,0.41488650009204925
19810,0.5406137475621674
19813,0.3885875377660928
19818,0.47000807895767244
19819,0.44607289611793766
19820,0.43158798284401206
19824,0.5279586916030206
19828,0.4109897984716258
19830,0.3731855061562912
19831,0.42598028901987134
19832,0.4519860315984531
19833,0.5445994279973865
19834,0.37135710421759704
19835,0.3505926688179198
19836,0.3723999943430078
19838,0.375573639872972
19839,0.4347784163721905
19841,0.4472483298397393
19843,0.3984710442122529
19844,0.4258940031065178
19845,0.4237222607092107
19847,0.44326882956716224
19848,0.5014369046085677
19851,0.38350998974366496
19853,0.4436171485192908
19855,0.3920154231250362
19857,0.49093977468283384
19858,0.3790955862228175
19861,0.42278444816827326
19867,0.49414494725099817
19868,0.38630636842577126
19871,0.2940983435389252
19875,0.3727379730340251
19878,0.35220757361464783
19879,0.41748728010599534
19881,0.4352747640225709
19882,0.36438515407577365
19883,0.43290482925647905
19884,0.4738984042738701
19887,0.48913574026380324
19889,0.3224283950758483
19890,0.4419161459789678
19893,0.34844893552869427
19894,0.515544979275528
19896,0.3160392652043797
19898,0.4998894527501532
19900,0.5146039808926473
19901,0.41170621295721865
19904,0.49085910548680745
19906,0.5117357278416776
19914,0.37511426894574534
19916,0.36742732503575454
19920,0.5008029837579723
19921,0.3970696420644964
19922,0.40645086261171953
19924,0.4893108393154777
19925,0.3594338323739754
19926,0.5267611096674285
19935,0.3594618765077415
19937,0.49042613162218524
19938,0.3671680599289258
19941,0.43115663230756845
19943,0.3438330243466526
19946,0.43543978071829537
19949,0.3385661773380491
19953,0.41967887912627205
19955,0.5088680864975133
19957,0.38054942006834147
19958,0.46643334360051414
19959,0.48799313869979627
19960,0.39221979567656895
19963,0.4092846253587287
19964,0.4014190565293447
19965,0.45726595741218223
19966,0.49019785746073347
19967,0.2904401093565957
19968,0.4369239272790109
19969,0.34162518259359165
19970,0.3301730432614922
19972,0.2939477984728412
19973,0.3218890140398755
19974,0.31096854352706194
19975,0.34320413322337884
19977,0.5119841729183482
19983,0.3506517718538621
19984,0.3153762528244772
19986,0.4421302800665919
19987,0.42788673027594726
19988,0.4369483256131085
19989,0.4140237227503883
19993,0.30198364071232625
19995,0.36948210530358805
19996,0.46464991172886144
20001,0.4283446071811202
20003,0.3220900357368209
20004,0.3966153341952829
20011,0.48648822977853406
20016,0.29469361236904
20019,0.4464447631562707
20020,0.43769089159187624
20024,0.36728535740332263
20025,0.4106438876156895
20027,0.39605989623055876
20030,0.4270971532410104
20031,0.3058684900005499
20032,0.35625021183933403
20034,0.3401316885820042
20035,0.32674756509508684
20037,0.36479925020629395
20039,0.29092147228113985
20040,0.40778486760505855
20041,0.32172000724324595
20042,0.38346723887186995
20043,0.4383187356115805
20045,0.35498252584042445
20047,0.44015060554597435
20048,0.4256058006502916
20049,0.34882184913913017
20051,0.4288246749767002
20053,0.3464966337001502
20055,0.36866430994916477
20057,0.49099476303637973
20058,0.4322147752765939
20061,0.5274620973774661
20065,0.40137320426226686
20066,0.33676795758254213
20067,0.40836414910995184
20068,0.2784175128441176
20070,0.4463790266867994
20072,0.385215470135949
20073,0.518589748705759
20075,0.4739000775884262
20077,0.3266730836642744
20078,0.2905539880075836
20079,0.3484368605275687
20083,0.33576934563118976
20084,0.32584190022698906
20085,0.3995039886032837
20086,0.3414720176773824
20088,0.28694117564933685
20089,0.37594401641134667
20090,0.3180404814295565
20091,0.505749373248662
20094,0.3733549396543819
20096,0.38872923719194247
20098,0.33848745389710566
20100,0.4916158163766232
20102,0.5445483572712022
20103,0.4376566930450166
20104,0.36796271080173176
20106,0.3468092230614291
20108,0.562439545354247
20110,0.4755399690622857
20117,0.4964987427676053
20118,0.4717506573000895
20119,0.45364245953972826
20120,0.4656486161264807
20126,0.3638479793108377
20127,0.37018836708618613
20133,0.39514327192329907
20138,0.33261424463061284
20141,0.38834415431500785
20145,0.4402398444340579
20146,0.3692235226688846
20148,0.32757850100389985
20150,0.34891754396499336
20151,0.40105547368616
20152,0.4196775489168724
20156,0.3275369528350064
20158,0.4114513467944246
20160,0.35503542707852426
20161,0.3895071702759022
20162,0.4501018628605136
20164,0.5188812252250943
20167,0.3048177136067677
20169,0.39369996327879286
20170,0.3920676138676432
20171,0.43406278969696754
20172,0.3397202287258995
20174,0.3259239359957604
20175,0.34458462517261984
20178,0.3272928902554339
20181,0.33761020880805714
20184,0.30531082363892276
20187,0.4002139724204497
20189,0.33361915813633714
20190,0.3593511807016131
20191,0.31668137879281516
20192,0.3484275133637653
20193,0.41040426769386207
20197,0.49735255001239076
20198,0.37760343750550646
20199,0.36744137940585775
20201,0.41358380114713966
20202,0.29102869857482333
20203,0.35432941801799683
20204,0.4628536126330889
20205,0.5181431702186705
20208,0.3595421115947166
20210,0.30468446910739394
20211,0.3977146071403761
20212,0.41152464575024505
20213,0.4430031787475145
20214,0.42923134702770693
20217,0.41066812338233416
20218,0.3717703805262527
20220,0.34708946510412053
20221,0.32914444349874583
20225,0.42855528947958815
20226,0.4428955152849522
20229,0.38940377227303175
20234,0.35003974175668673
20238,0.4091446763426652
20241,0.34647529719137693
20242,0.44420239222612545
20243,0.485367320200342
20245,0.39767377166283957
20248,0.4426439328138091
20250,0.3071595415961879
20251,0.5005443685468208
20252,0.4293717286058072
20255,0.35845450159583997
20256,0.3089515937430629
20259,0.3649981458009018
20260,0.40767147958586675
20261,0.4382528087516197
20262,0.3260092874864518
20263,0.322394652435402
20265,0.3976756309735303
20266,0.4640926198234488
20269,0.3203687380279588
20270,0.3666991863148216
20274,0.33774660203541607
20276,0.307135086283902
20277,0.4612443631128296
20278,0.33762029515714354
20282,0.36569429916095264
20285,0.36454886400169456
20286,0.49405312454207684
20287,0.39869236193878493
20288,0.4345362569968303
20291,0.4411323056210152
20292,0.44009164947875523
20293,0.4406440280506272
20296,0.44007641354922894
20300,0.3570210018543147
20302,0.3674724452042738
20303,0.41476758788144247
20305,0.48246680995368635
20306,0.48405648786269245
20309,0.3270665562107464
20314,0.3760854665857805
20315,0.37919183785042343
20316,0.3651312122655429
20317,0.36471699577399663
20318,0.4115090978875394
20319,0.3071203304937989
20320,0.4472850560750523
20323,0.3128313563076647
20324,0.3203940249524607
20325,0.3616791860569012
20326,0.39522228555114347
20327,0.35767715983595244
20330,0.3206884765839877
20331,0.32659384252936235
20342,0.4194631952256755
20343,0.4294718107833044
20345,0.33211410561634985
20347,0.3439158754959171
20348,0.3317398574860486
20352,0.3295760521575555
20354,0.3343003177315363
20355,0.43660089506523236
20356,0.4589812098173844
20357,0.3400218952838277
20359,0.2852409560634432
20361,0.42205876219811594
20363,0.34456874384506264
20365,0.42331753200022354
20367,0.42591387144951476
20370,0.3510000408001342
20372,0.3111744701626085
20373,0.4583225710745486
20375,0.3903872242811188
20376,0.41950675011839855
20379,0.34743904159478056
20380,0.3508093526629832
20383,0.3690093412143745
20384,0.5157317247540247
20385,0.2798818006582564
20386,0.34940693429907815
20387,0.4525380178964881
20389,0.39047582883880294
20391,0.40589754054445243
20392,0.40325530056996134
20395,0.3076696371208835
20396,0.3882596410341829
20398,0.5171528575197916
20401,0.3749140556444768
20403,0.4221315477988672
20404,0.4578399433922333
20406,0.40082541235314884
20407,0.41793369730043173
20409,0.3791009712008106
20411,0.34320056031481194
20412,0.3902838462295509
20418,0.4401626871527705
20419,0.4153854459777927
20420,0.34551062299477714
20423,0.29398064297563165
20430,0.4542564969186327
20432,0.31239680557581123
20433,0.4127297899354621
20434,0.49081499223572594
20437,0.3885009344391917
20438,0.4406374286786358
20439,0.29996626950381533
20440,0.3039708702775161
20442,0.30142944425609414
20444,0.48112937969057057
20446,0.379193435239339
20449,0.4044106744898066
20452,0.42599347959720485
20454,0.32380212882212733
20455,0.3378999812193412
20456,0.3401221464062513
20458,0.4323561964330199
20462,0.411091209077264
20464,0.39771203291496776
20465,0.3227846662734515
20467,0.39894723876213467
20468,0.3272319294912202
20472,0.38653442675532645
20473,0.2906344382716596
20475,0.2952555967721809
20477,0.4350096155470493
20482,0.42668083761751496
20483,0.4355538253476259
20486,0.5066264939569056
20487,0.4329691756625786
20490,0.3470121078680861
20491,0.4147644605504936
20494,0.40163920894970906
20495,0.38546753501492526
20496,0.3611004901651789
20497,0.3250795821747537
20498,0.3895289044171889
20499,0.3428522764968412
20507,0.3336821249988568
20508,0.36883734159285453
20509,0.41261193727781986
20510,0.32202364868890326
20511,0.4679718609686204
20512,0.4316599159114593
20513,0.5284556063109531
20517,0.36776547313974356
20518,0.4666408269890423
20522,0.3828058027863318
20525,0.41634748764745405
20526,0.3788473181876949
20531,0.3203597762155191
20534,0.386954323668074
20536,0.35306419335148226
20540,0.433227979679765
20544,0.36790819949975484
20546,0.42486039138429704
20548,0.3497471567572889
20549,0.44213941096539927
20550,0.34319723735135427
20551,0.32517195115667236
20552,0.42406680224143173
20553,0.28703779457855
20555,0.3441323426448429
20559,0.480865640598508
20560,0.39109501232598376
20561,0.4778130584572605
20562,0.3644880040259483
20563,0.39053591555442596
20565,0.45479306275148373
20567,0.39300280073079163
20568,0.4017292562636313
20569,0.4044055586723049
20572,0.37139432910388076
20580,0.4353877183652579
20582,0.42127501097723674
20584,0.48276578564014794
20585,0.43887582409184484
20588,0.30888224541770676
20591,0.3810557939778849
20596,0.44040257550012774
20597,0.31844606934285286
20600,0.3452278443821362
20602,0.45936836894921773
20606,0.4114181042545422
20609,0.3878897337873144
20610,0.4097637334238658
20611,0.39149450833187055
20613,0.3320805811068107
20616,0.3176520791722989
20619,0.3606648410870919
20622,0.3433913405233649
20627,0.32223315178979134
20630,0.5093584405348758
20631,0.34679720843644063
20637,0.3640808681913925
20641,0.38696309072837487
20643,0.45246892102205455
20645,0.4095305295432635
20647,0.3439646687494099
20650,0.4549977254515739
20651,0.3286680719793365
20653,0.4379380614589845
20654,0.3782774861120444
20655,0.3126221353528112
20656,0.48508703054368246
20657,0.29937780126614777
20659,0.35496236192092356
20661,0.47714163789072034
20662,0.3562972676514293
20663,0.3999286502769405
20666,0.3079869650759675
20667,0.3717488785376346
20668,0.4132862494066067
20669,0.5071588603027692
20673,0.36817763671949066
20675,0.40753117757934854
20676,0.524820469207283
20677,0.3867721395598436
20681,0.3001114420687639
20684,0.3093280348299183
20686,0.39993401541865453
20687,0.4289098101813979
20689,0.29676891996561516
20690,0.32817100191015014
20691,0.39042765127832346
20692,0.3790236705213147
20694,0.31487808348727486
20695,0.36788003826158194
20696,0.40902900329943975
20698,0.33321077342204314
20700,0.4460421751955711
20703,0.4102847670233707
20704,0.5215977538961293
20705,0.3531104428862744
20706,0.4518172223416263
20707,0.46231330653932945
20710,0.4744480126553859
20711,0.4225733775882023
20712,0.31356367911573474
20713,0.4373959731843111
20714,0.41814864042539746
20715,0.3271337787177855
20716,0.5150611028728885
20722,0.42467229001205153
20724,0.4464029401848022
20726,0.3811133613808593
20728,0.43274856998140515
20729,0.3727031509343936
20730,0.35566013322758894
20734,0.38776768543140294
20735,0.3158584533571546
20736,0.33505966392982905
20737,0.39777322121821773
20738,0.42970089981606074
20742,0.4434541007857875
20743,0.4719586498638744
20744,0.3318388213592848
20745,0.3918806852794781
20746,0.35990413098485907
20751,0.3227383930437477
20754,0.3718674793455318
20756,0.3517659380724841
20758,0.45122143156283223
20759,0.37520117466891073
20760,0.4671467757313983
20761,0.3347512284865583
20762,0.33410013874283995
20763,0.35821299339314694
20764,0.35862282673236917
20767,0.4322810872753617
20769,0.35407497517863523
20770,0.42025073726795137
20773,0.4178577327947714
20775,0.385957244289903
20776,0.3119520768392672
20777,0.3706973490225441
20778,0.40185410173701114
20782,0.31890340281584995
20783,0.34616157370492195
20784,0.4085818890616637
20786,0.35969460106176726
20787,0.43155561202689346
20788,0.3449572848494039
20789,0.418081999548137
20790,0.37065458922769795
20791,0.5235365852131342
20800,0.4675970823153522
20801,0.32734488733481676
20804,0.40762539836281436
20807,0.5450889486591117
20809,0.39122779147919023
20810,0.4674345280385747
20812,0.5278156952184753
20814,0.33509732061792474
20815,0.3646311313017408
20818,0.34924136387326776
20819,0.491624369555117
20820,0.37576993177752954
20821,0.4612591246730762
20823,0.3818891411468349
20826,0.4563655981401971
20827,0.49546408610523657
20828,0.3985967339949081
20829,0.3354792955986514
20830,0.480306898662237
20831,0.3380095908370892
20833,0.36427564297406034
20835,0.30540432318267535
20836,0.3785034563821787
20837,0.5110154392042939
20838,0.41496426337636705
20841,0.401617839870674
20842,0.43719677931986445
20843,0.357654362884802
20844,0.31791584330168593
20845,0.3553795009205587
20849,0.42894337540935434
20850,0.32305696302184717
20851,0.36209206004590205
20852,0.3948928826154294
20853,0.37307552626198404
20854,0.30672541113742186
20855,0.45970128811466415
20857,0.32247037645026105
20859,0.43430289262151817
20861,0.3358001592847713
20863,0.39382570478981827
20864,0.5045838415385515
20865,0.35241617872078224
20866,0.4167769921344406
20867,0.4823028444261922
20868,0.3261719096104512
20869,0.43469982951305797
20872,0.4178342310271473
20874,0.33937355982634004
20875,0.435044662837379
20876,0.31042460979522524
20878,0.38511211558968983
20879,0.40244831250581314
20880,0.36971767176682685
20882,0.5036173106068088
20883,0.3048877412564714
20885,0.26883304939782404
20886,0.329880736839337
20887,0.43917717203236945
20888,0.3758468832186514
20889,0.3042093267718653
20891,0.32265282097805825
20892,0.37181495214992305
20893,0.3849433274969596
20896,0.37285196895416334
20897,0.3579516029590247
20899,0.4054597301043416
20900,0.46378936680855964
20901,0.4383022943925369
20902,0.35596556706671156
20903,0.3753932844617252
20905,0.3124485524145282
20906,0.4767832337726046
20911,0.38937747237515274
20912,0.4870468769113633
20913,0.4383023514850069
20915,0.3487658380612099
20916,0.5186281753776776
20917,0.4464834207500635
20921,0.312769673565245
20924,0.327823573862332
20925,0.4436564712213321
20926,0.3958085749957047
20930,0.3627494926069149
20932,0.42438543588403993
20933,0.32452236829083003
20935,0.4667243723520828
20937,0.34899903657847353
20940,0.5185612383135908
20941,0.31280832412457454
20943,0.35189884540484073
20944,0.36381040394408126
20946,0.30524899086875357
20947,0.35054037519990516
20949,0.39695795651925797
20950,0.3157120517241311
20955,0.2912654955643624
20957,0.36658645918678867
20958,0.3871650415906466
20960,0.45545547414015275
20965,0.4095804117936165
20973,0.44125428438763675
20975,0.27826709343943545
20976,0.49519920124081923
20984,0.4934497733760948
20985,0.3019038265918433
20991,0.4733100390321705
20994,0.46283489422137886
20997,0.37834942030012725
20998,0.3270201477075307
21003,0.3927385171654237
21004,0.45620374996304364
21006,0.3553963129165171
21008,0.3339885167985765
21009,0.34228692913823106
21010,0.36201258405278175
21013,0.4553984647968145
21014,0.44443285037734975
21016,0.39734623047087114
21017,0.36483886187929876
21021,0.334044795703582
21023,0.3425026436208751
21024,0.36593975855612243
21025,0.4065877178771128
21027,0.3711443988189362
21029,0.42028535187439026
21030,0.3681923747321711
21031,0.28282884950957776
21032,0.486178891858141
21033,0.4548844486034891
21034,0.39519931842116124
21035,0.307708141244715
21038,0.3738164480284837
21039,0.3035957110538747
21042,0.3825049438497619
21046,0.3662114211214571
21047,0.33728008065900184
21050,0.4356181973200482
21051,0.423174702627535
21052,0.41383932174557403
21054,0.3412227471533763
21056,0.4696724609352523
21057,0.4076278594868048
21058,0.3601436610963173
21059,0.39397365228055636
21060,0.28782855810955893
21063,0.40129957121211385
21066,0.40750470875305544
21074,0.3784798195067306
21076,0.34544957777384583
21077,0.3922004732584787
21078,0.3128611658868043
21080,0.3538282338290844
21084,0.3479433654243308
21090,0.3774419913059187
21093,0.45264104393375876
21094,0.4238310667129761
21095,0.4086036092538585
21096,0.39474480742101364
21097,0.4337217614335057
21098,0.4028168872376153
21099,0.37044689895478355
21102,0.4341849334591451
21103,0.39870543371040235
21104,0.3814426732974641
21105,0.4075607902369547
21106,0.37514247062080025
21107,0.45152069006709367
21108,0.3914118601861521
21109,0.36817668565018585
21114,0.32654573713145346
21119,0.43646756746482396
21120,0.34751947251534104
21121,0.44465303915969057
21125,0.47099965180255127
21128,0.38577618997822677
21129,0.4377607736766542
21130,0.3616907278639426
21131,0.3542617324420452
21133,0.37924353182042575
21134,0.3392153703762383
21135,0.3896922497625501
21137,0.3574697623304462
21138,0.3578102592071456
21139,0.3640501449167804
21140,0.42437803458461454
21141,0.39040580953187143
21142,0.41285029244305244
21143,0.3157090137057709
21144,0.32966382979669295
21146,0.29861255091740435
21147,0.4534076447301485
21149,0.41128890875071233
21150,0.4274887965584472
21152,0.45539106166945215
21153,0.37722721713163054
21155,0.4307780516202021
21158,0.34512988940453804
21159,0.3177529194082802
21161,0.41908448019978406
21162,0.29691616610133253
21163,0.5036918998663147
21166,0.3791597545115886
21167,0.556728361661224
21173,0.2778615424502483
21174,0.3440462575270811
21177,0.35329777174565036
21178,0.33873099872224705
21180,0.40951164948776325
21181,0.39617047427743834
21182,0.3286656582863556
21183,0.4054762218715483
21184,0.28500795239530646
21186,0.39049244939292416
21187,0.37947364215958196
21188,0.357328681471459
21189,0.4021747467368313
21192,0.4326267550024069
21193,0.44137275553793076
21196,0.3714003799140997
21198,0.4138753641899841
21199,0.40609712301312384
21200,0.5072561344001161
21204,0.42206748337531436
21206,0.35977843589887193
21207,0.38056588371099714
21208,0.45102709990618806
21210,0.3627866879784991
21211,0.36049340062479357
21212,0.30527225879565656
21213,0.336250007279023
21214,0.3712939028537415
21216,0.4330509404881703
21217,0.403667400513957
21218,0.45078174795768233
21219,0.33977310793479226
21220,0.43979676074188484
21223,0.41518694567267417
21224,0.42906960632610613
21226,0.46367995356312136
21227,0.33742611381888926
21229,0.3561994375773328
21231,0.4345919509230604
21232,0.4470714534009405
21233,0.4208239608175595
21237,0.39724887386817614
21240,0.32623000930649354
21245,0.4299923405213237
21246,0.41878249992165695
21248,0.397185632428452
21251,0.29407588080167313
21252,0.3803420444159718
21254,0.38689590006877644
21256,0.4301855049835816
21257,0.4507709315147983
21258,0.4578171701948967
21259,0.5077527905983126
21260,0.40904411263096985
21262,0.3362390338844088
21263,0.4099292815905441
21264,0.5091185938954527
21265,0.3985385708840646
21268,0.3251743136657372
21269,0.38237016015872394
21271,0.484693716899447
21272,0.4427017854935189
21274,0.4193321941622278
21276,0.3342635332110278
21279,0.40607007724845495
21281,0.32301358991682916
21283,0.3692958806094734
21285,0.41856438406005475
21288,0.317376792631465
21289,0.3546272867418985
21291,0.40044808732116666
21292,0.3648447742034247
21294,0.5486924164588326
21296,0.3604506755497468
21299,0.3833509009901031
21300,0.427213276575069
21304,0.4006886979767739
21306,0.40303880184918844
21307,0.4747775483732509
21309,0.4324859002661391
21312,0.4494114958896521
21314,0.4254143136064206
21315,0.39453358235858615
21316,0.4366540412899827
21317,0.3561549072205157
21318,0.34188571658970573
21319,0.46455969675699277
21320,0.4132812232885648
21321,0.38975892770804565
21322,0.37142913509167863
21323,0.4504781759255325
21324,0.3625362404313745
21326,0.4859504881552955
21327,0.4012649708571127
21328,0.3586877097451952
21330,0.3321903377356557
21331,0.3666951798636021
21332,0.42012950517538966
21333,0.34827114011392835
21334,0.45806949679656184
21339,0.3598106203511127
21340,0.32934197841364043
21342,0.3134584662558912
21344,0.4512964165889347
21345,0.47152504481965357
21346,0.47819940556197243
21347,0.3873888828284548
21348,0.3380222784827226
21349,0.39606378602505815
21350,0.43386802584580697
21352,0.3384673697302484
21355,0.276192676553548
21359,0.46988582777856047
21361,0.3243621069138009
21362,0.373904865473719
21364,0.365221084748849
21366,0.32565822895688223
21367,0.45120149499553813
21368,0.36742806787162047
21374,0.35720055857215144
21379,0.3447464200664567
21380,0.27884280293431113
21382,0.27903600965879494
21383,0.33539381574280286
21385,0.292655522894112
21388,0.4571811163403126
21391,0.39445188256285413
21393,0.32376163778365474
21394,0.4179498996340818
21395,0.38925145358720775
21398,0.3777764743591783
21399,0.39514652123390887
21400,0.4732095454274443
21401,0.37163888656819194
21402,0.3658367676069587
21403,0.4411218663995486
21404,0.2996408240045343
21406,0.34653930059310417
21409,0.3570770968830788
21410,0.3668760563366279
21412,0.3875113997876803
21413,0.333141970705274
21414,0.5076578629238263
21415,0.4399371421858177
21417,0.2912909024690216
21418,0.4644550854597461
21419,0.4109960465350068
21420,0.4763850066221372
21421,0.4743477753170009
21422,0.35140882987111693
21423,0.2938816912543767
21426,0.3972739023042112
21429,0.310245983098553
21432,0.3141458535293442
21433,0.4355430461215027
21434,0.37147748881897746
21435,0.3154094637888358
21436,0.2911359566141007
21437,0.33106906572898864
21438,0.3490285216425578
21443,0.44061486578883735
21445,0.4326633906428786
21446,0.30076015800200756
21448,0.5362873693528346
21450,0.2949951730021366
21451,0.31418480013596084
21452,0.3545120313291959
21453,0.42875484146121573
21455,0.4578734404161623
21456,0.4462140729397933
21458,0.30143183369627014
21459,0.32229006698018703
21463,0.3790993801672601
21464,0.5114838341327167
21466,0.4139005618433726
21468,0.40744660278331424
21470,0.30277538744125493
21473,0.4030744141527117
21474,0.3339403530788628
21476,0.34890888291896616
21478,0.32566074476039075
21479,0.38946095970139355
21482,0.35429342926913754
21486,0.3140887169402114
21487,0.4159701224345255
21488,0.33359488246264624
21489,0.2882104259689258
21490,0.3823833493231269
21492,0.5124874243615852
21493,0.5071158269851591
21495,0.4178819083002879
21499,0.46768498519963464
21500,0.2982954328599877
21503,0.3821747541520522
21504,0.49703017211626405
21511,0.3500828765178199
21513,0.4264991235721542
21514,0.36192639372765045
21515,0.44266898697680396
21516,0.3660599202039518
21517,0.31720430407946454
21519,0.4183982428899814
21521,0.41746152908346124
21522,0.5307693164514178
21525,0.46507841458714083
21526,0.41062110918480804
21527,0.31631811378980607
21529,0.4403072200344941
21530,0.45975282135075324
21531,0.4607683336478847
21532,0.4040811089967494
21533,0.35070279124795717
21534,0.4476962284848971
21538,0.3442719534202467
21540,0.3507621835823578
21542,0.3772945372600812
21544,0.3530644437707101
21545,0.3480231127603017
21547,0.3627069659733922
21548,0.32550707344538415
21551,0.3529339556000064
21552,0.5483302124943678
21556,0.3606932958893951
21557,0.3267059288734847
21558,0.4553565126300107
21559,0.47192909600212674
21560,0.2989458005312532
21563,0.43315922439111587
21567,0.42670538281510517
21568,0.3030181607131318
21570,0.4097051622420016
21575,0.3153411818859888
21576,0.47253840264271096
21577,0.3492102643604557
21579,0.32386012642678574
21580,0.31140954005042615
21581,0.3300046529247126
21582,0.3419651241675426
21586,0.41388937300620854
21588,0.4383831598086744
21589,0.3995216058678065
21590,0.36596247934594683
21592,0.43567791316261656
21593,0.39768672023572527
21594,0.5205298747763433
21595,0.33583128728636535
21596,0.4387711089291892
21597,0.4255015821011522
21599,0.3226139498534674
21600,0.318655887618501
21604,0.36905130540211883
21605,0.36714847355627256
21606,0.41036314126478024
21607,0.4411925430096753
21608,0.441164194218371
21611,0.35570072995198193
21612,0.497497565535343
21613,0.4949345399725077
21614,0.39226439342352437
21617,0.29746233618075735
21618,0.30767165780139344
21621,0.4033537109176906
21623,0.43937305984003805
21624,0.39351906647935914
21625,0.5478992614715509
21626,0.4258108909785828
21634,0.3882086847435937
21636,0.42193918975141076
21638,0.49816105593133087
21641,0.331232349793616
21643,0.478008795078416
21645,0.27717217570837577
21646,0.34244468269987166
21649,0.3439207292594991
21650,0.4086725376203142
21651,0.3960956912314033
21652,0.37089120657711966
21653,0.3790644944012596
21654,0.42813030317189993
21659,0.32479768777155144
21660,0.37123015252329195
21661,0.34925002725612714
21664,0.37949462678094337
21665,0.30649126875796895
21666,0.5444111596660237
21669,0.3489165861768386
21671,0.3207339244625457
21673,0.43353659828933994
21675,0.3799667041066769
21676,0.3657830489021249
21677,0.4118058613724913
21678,0.363627857197005
21680,0.3464032877523848
21681,0.42133989679560474
21683,0.44532475974047747
21684,0.3621927111374216
21685,0.3411781597507907
21686,0.36964964702065267
21688,0.3503732764548451
21689,0.4511584213526203
21690,0.4345022084954653
21692,0.40288723863216797
21693,0.2926764072477735
21694,0.3547667914999876
21695,0.3606193983715728
21696,0.34518386612329593
21697,0.3930467580396337
21698,0.3932362815119022
21699,0.32942109682977894
21705,0.3325513017201525
21709,0.44274652317379226
21710,0.43949505721802123
21711,0.5064989168823983
21714,0.33961445876705026
21715,0.40934161285432574
21716,0.34441460594496365
21719,0.39430142878890756
21721,0.4724669765617457
21723,0.500580551374712
21727,0.35279000225886437
21728,0.37033847616345433
21729,0.3611405806254553
21730,0.3036955030188135
21731,0.4561870556228276
21732,0.3456908178788817
21733,0.31730879200161705
21734,0.4115932790748382
21736,0.3976098026018054
21737,0.38748743658159696
21738,0.3693688931799782
21739,0.44068264674626284
21741,0.44989533333755705
21742,0.5083707227222442
21745,0.4241806975490132
21746,0.4153132132202792
21747,0.4539790533563039
21750,0.41610323484672485
21751,0.33460833697359155
21754,0.42556181340469207
21756,0.38724274464267805
21757,0.39367600182768553
21758,0.4624353997917205
21760,0.3291521715626055
21765,0.38016439853266604
21767,0.3426509560613271
21768,0.4444582840306528
21769,0.44134956794572
21770,0.3457287690970216
21771,0.33797269581146716
21772,0.43384836311838215
21773,0.41568107370496393
21774,0.510839654696635
21775,0.3930380159420338
21780,0.42368209078777797
21781,0.3439233062276353
21782,0.49285741012450407
21790,0.35327440965899837
21791,0.5186864279282812
21792,0.4297365479997861
21793,0.46708196302608745
21794,0.3351035100044804
21796,0.3594284903901841
21798,0.448233565170483
21799,0.3564927047351506
21800,0.41372514883120337
21802,0.35008681676989417
21803,0.4002907812042143
21804,0.4120620876131985
21805,0.30666250603976086
21806,0.3853017534664412
21807,0.3614414787603005
21808,0.29687533949972433
21812,0.3625079038862402
21813,0.36585906179796934
21816,0.423952953660907
21817,0.30627285632693446
21819,0.44746981363233274
21821,0.3545919629995861
21823,0.4930525226117629
21826,0.3748651064748313
21827,0.34611411921073376
21828,0.3332305863748964
21829,0.41833754582889343
21831,0.2989603335546047
21833,0.36352810682157793
21836,0.3787631837062704
21837,0.5387883021481645
21838,0.3954009580006355
21839,0.3581040734828766
21840,0.29985465180134285
21844,0.2995094329571087
21846,0.3951761469684694
21847,0.46650723181593196
21848,0.3825089582845618
21851,0.4874958330507701
21852,0.36720006633098956
21853,0.39379388890751166
21855,0.34555781595118
21856,0.3381209821502316
21859,0.46487771751364515
21862,0.29237318006801916
21864,0.34944860779216014
21866,0.455233144215493
21867,0.3311753349830518
21868,0.34888353373460623
21869,0.38457423832987847
21870,0.4427818143460509
21871,0.49781434180767087
21872,0.4176778997725083
21873,0.39440742245450294
21874,0.3475748629841961
21876,0.4408149710993074
21877,0.3773132105291234
21879,0.4546382697048817
21882,0.4714206002398918
21885,0.36601770280000406
21886,0.39457789383178077
21887,0.3883436371113182
21888,0.5419721659627609
21889,0.3075106078987599
21890,0.3000125006051176
21893,0.3707128208741868
21894,0.3111162979745831
21895,0.30433662691406044
21896,0.453236370642872
21899,0.4818104600577914
21900,0.42092660450863734
21901,0.35040707602475535
21903,0.3193376850298445
21905,0.3675310406507996
21906,0.3442696899488147
21908,0.33431793221770184
21910,0.36099458968318343
21911,0.3453759361644913
21913,0.4459220283209631
21914,0.30922963905522255
21916,0.35174906231735387
21918,0.35581294857453294
21919,0.3051823440744139
21921,0.3761994162833495
21923,0.34329115838209434
21925,0.36786696990471596
21926,0.47531386125347685
21927,0.418565435173008
21928,0.34885147102683534
21930,0.4889301708012427
21931,0.35663384714915886
21934,0.5048454761212802
21935,0.3895389964609026
21936,0.5241957061914758
21937,0.3486495773674113
21938,0.462843379067158
21939,0.4906466573082565
21941,0.27944490247101167
21942,0.406333662802488
21945,0.40135989668175315
21946,0.3431973089087332
21947,0.49316214705744144
21948,0.4614470201429618
21952,0.3948925309835492
21953,0.41099634344525376
21957,0.4582608616746682
21958,0.35331366238344875
21959,0.43391366284206934
21961,0.4045968207962739
21962,0.28981550593951866
21963,0.4174419269978247
21964,0.4354221660898834
21967,0.43649054951699356
21969,0.3191047855571237
21970,0.38153781330154857
21971,0.3545056014902371
21973,0.5521993039773931
21974,0.3064390217961426
21980,0.37316974324901364
21981,0.35300082760813817
21983,0.4154639159261655
21984,0.4159636862282381
21985,0.3261118957057941
21986,0.43210637587072237
21990,0.4106132118635108
21991,0.3620528093367293
21992,0.3277422602025364
21994,0.447422494354377
21995,0.30149403639628397
21996,0.29703853775536043
21997,0.39025713885132957
21998,0.44434774483858297
21999,0.28368155551702556
22002,0.36871372908564404
22004,0.3043428418754501
22005,0.5142392502951662
22007,0.3868976893292835
22008,0.4493849848333221
22009,0.30507844685925567
22012,0.44864935626743707
22013,0.4178409212147312
22015,0.34415623040709503
22016,0.4386504266372349
22017,0.3050823544222194
22019,0.4216400734787778
22020,0.4600052593929342
22021,0.33691373170853806
22022,0.4236392279355862
22023,0.424622170982117
22025,0.4931416317813945
22027,0.4221617753790383
22028,0.3084350242231567
22033,0.3716539573863755
22034,0.3949557560936006
22035,0.34775800078937885
22036,0.3370885403181413
22038,0.35341408710235805
22039,0.4495273252766445
22042,0.3720861907668953
22044,0.3935404095471959
22045,0.35925927501130694
22048,0.5207271431831715
22049,0.38499746565661574
22051,0.36136938389096174
22052,0.44057622371549504
22053,0.37526165447652327
22054,0.35130816416396643
22055,0.44397866624030263
22056,0.48321223839192734
22058,0.31194975369474776
22059,0.4158174343730838
22061,0.3278275353341435
22062,0.4233587553806615
22065,0.39546371693488175
22066,0.3388542154219277
22068,0.3445326208920338
22069,0.41735140661978365
22074,0.5000949230563307
22076,0.41413277553669603
22077,0.41422744563087055
22078,0.4111433167916189
22079,0.3922099799994098
22080,0.40381594597726556
22082,0.40442755164688976
22084,0.45252474462262937
22085,0.3946418763397898
22086,0.35957367573205823
22090,0.45698794484532895
22091,0.3678906624050699
22093,0.32706459617232275
22095,0.31717816673609944
22098,0.3486395840887292
22099,0.3645988233060791
22100,0.2977972067862299
22101,0.4270518787018645
22102,0.545788984429087
22103,0.3425359673315019
22106,0.4307605185457765
22107,0.3643317255571201
22111,0.4607603261419787
22112,0.3822288848479776
22116,0.3613186963240105
22121,0.363133977066499
22123,0.3113442957515739
22124,0.4262926138172704
22125,0.3088065538036417
22126,0.40009381576946573
22127,0.32180278559574554
22130,0.3621527151545893
22131,0.44804076776763146
22132,0.38846699732602935
22134,0.45571820931220713
22135,0.4264041848472304
22136,0.3282610219281283
22137,0.35648597578944596
22141,0.4727083061882125
22143,0.3212402043873181
22146,0.40075257627672367
22147,0.3394804156991365
22148,0.45647955319924316
22149,0.2964801897350878
22151,0.41035194898131516
22152,0.3845552267240272
22153,0.3032584124077399
22154,0.3469635712851274
22156,0.521442050943122
22158,0.4075237076735169
22159,0.4209929415055892
22160,0.28980065166639735
22161,0.34304030030605615
22163,0.28965196374202506
22164,0.3736549979517354
22166,0.44281565431231235
22167,0.31578011807547735
22168,0.4563285652445185
22169,0.5102135151911574
22172,0.3717406370616234
22175,0.37824032730502194
22176,0.29687447329046895
22177,0.3214620712830936
22178,0.5154652397587878
22181,0.3467703561261466
22182,0.35758840640204714
22183,0.35393193385163285
22184,0.3524899016872153
22186,0.5055145643431235
22187,0.4296598946009284
22190,0.5323969850106977
22193,0.37481372298629867
22194,0.3853660014243093
22195,0.5089249364901248
22196,0.36631659511820247
22197,0.36178482236015713
22198,0.35228588710431064
22199,0.44887008286095514
22200,0.3022981305878612
22202,0.50477537660177
22203,0.3010836011035162
22204,0.3789926618721994
22205,0.26927091025754585
22206,0.4560191963148336
22208,0.3152246038466931
22210,0.3431193528511227
22212,0.4959970539586432
22214,0.4138737846569554
22216,0.3485243355845249
22219,0.3242129032035653
22222,0.4367490562096668
22223,0.5135386366041156
22224,0.3916829362059145
22225,0.42707204910151775
22226,0.30954628366814263
22227,0.48079595593996866
22229,0.3454950449268834
22231,0.3794359565841091
22233,0.388850542712556
22234,0.4593904339557644
22235,0.4355465980198227
22236,0.40909328195576344
22237,0.4422386544663486
22240,0.28874630375778226
22241,0.5025522190501729
22242,0.4606193614299295
22243,0.40931420267707225
22245,0.46605255631486536
22248,0.4442039396107775
22249,0.3093227574804746
22250,0.5293018818679703
22251,0.37597879033443204
22252,0.3311498045702895
22253,0.37196365733593295
22254,0.3096527374684059
22255,0.3815314774559672
22257,0.4211550158222836
22260,0.44417725299234456
22262,0.35630045697456675
22263,0.41685038102774086
22264,0.5051928791898105
22265,0.36055006469454165
22267,0.48533618921907545
22268,0.4490477211439977
22269,0.3105530227869843
22271,0.29899970664372444
22272,0.36674913105469886
22273,0.29640176969344606
22274,0.4370574349684443
22275,0.40989235571751903
22277,0.5591256699229339
22282,0.4251249154998723
22283,0.45516188422819714
22284,0.38651091201446897
22286,0.4154833157202972
22287,0.3232576393643161
22288,0.4354020822005429
22289,0.3180528386917025
22290,0.34386939563454755
22291,0.4328046882616314
22292,0.33919507922496067
22293,0.45200024237694714
22295,0.34789905884983996
22296,0.5309745612050086
22297,0.3651099465631983
22298,0.35878211552360834
22299,0.3033671568964243
22300,0.33239774169946756
22302,0.337862361972888
22303,0.33944268495038266
22305,0.32780042642070434
22306,0.417362259571532
22307,0.38385595395313793
22308,0.3093198391333556
22309,0.3667643300212307
22312,0.4731770788513868
22313,0.2939850862751847
22314,0.4894374677180806
22315,0.4467037175033905
22316,0.3881968177194186
22317,0.33823669889945324
22318,0.4530617396624212
22319,0.4214316212949774
22320,0.40697433929541127
22322,0.42635980766547726
22323,0.4498077379170251
22324,0.4464386655617023
22328,0.44870812835388285
22329,0.3455973788577611
22330,0.4030958657494834
22331,0.4275062873509478
22332,0.3214358863319415
22333,0.3723575699066217
22334,0.38052796138648753
22335,0.41470661750772936
22336,0.4028954754936915
22338,0.41111836420177317
22339,0.40496856276751186
22341,0.3661194744946697
22342,0.4580467525727944
22343,0.47854646553836816
22344,0.4099589543712121
22345,0.5582252209541015
22346,0.41497715413668196
22350,0.31049393165717754
22351,0.36853289447387544
22353,0.3457009379820095
22354,0.45148056157863536
22355,0.4217185733114722
22358,0.4074768364855904
22362,0.3663948326418023
22365,0.3992795205972454
22366,0.4473716200861944
22368,0.30702164139079485
22369,0.390537948317261
22370,0.3890375835873442
22371,0.39277752517381814
22372,0.4659527280658142
22373,0.35305736562585693
22374,0.29419670649114105
22375,0.36101646493191
22376,0.5014174393486727
22377,0.4807499378749042
22378,0.36571411245745256
22379,0.425765889444482
22382,0.3573679003965298
22386,0.5252935230190481
22387,0.40268403790890295
22388,0.2968431949772421
22390,0.42914092174385543
22391,0.3648777995870919
22392,0.348975840502519
22393,0.39205025758146694
22394,0.40920554726351865
22395,0.5248135271714296
22397,0.4539563075065196
22399,0.5504460625977953
22401,0.2990530089895088
22402,0.4265828874625934
22403,0.3426110337912731
22405,0.3487748167430427
22406,0.3491741078612723
22407,0.4490698562125091
22408,0.4103789433658215
22409,0.36419367773318173
22410,0.3515881995079274
22411,0.5048164796481421
22413,0.4927102189392501
22415,0.4392251305450233
22416,0.4091467783159169
22419,0.46673380737257814
22422,0.44203464046163626
22424,0.47102563309413426
22425,0.4777400786048214
22426,0.4264626609736844
22427,0.48163210897749614
22428,0.34306593934882257
22429,0.5021889750944412
22430,0.3211607174474289
22431,0.433633580860673
22432,0.3662194690101607
22433,0.30243507013019894
22436,0.2947758912515796
22437,0.30040072491785585
22438,0.36648371941768687
22439,0.3187840700404898
22440,0.4313237990166679
22441,0.34061827071217105
22442,0.32786452021083634
22443,0.4046199781058954
22444,0.28897697964027846
22446,0.28905380224728394
22447,0.4454221170912014
22448,0.3764364093386018
22449,0.4270354299034674
22450,0.38968145566829776
22451,0.4557340062584408
22452,0.3760877076605139
22454,0.34967806937357987
22455,0.5498006133325868
22457,0.41492771003596446
22459,0.4445977110292178
22460,0.3943451080065261
22461,0.39002934788833626
22462,0.5335565183834422
22464,0.3700179299651478
22465,0.2949020838668498
22466,0.32805824989340077
22470,0.4425590114716843
22474,0.5136844800456669
22476,0.31749034202005083
22477,0.38650102802067793
22479,0.49493696303547424
22480,0.49556582668159704
22482,0.402716752559272
22485,0.3348389706680117
22486,0.5278958681214525
22487,0.40675240791084505
22488,0.4369309786286991
22489,0.3111911453316369
22492,0.44392332632328674
22493,0.4917166744020405
22495,0.52272082070811
22497,0.41663850404907377
22499,0.4250588227957429
22500,0.3532979895231807
22502,0.4116705796861666
22507,0.4091794111641239
22508,0.29977684679988065
22510,0.3351615784850007
22512,0.4903335729545152
22513,0.30010112365532826
22515,0.40155256339424095
22518,0.44972393836193286
22519,0.3501847772918421
22520,0.379725528533536
22521,0.4111101453772557
22523,0.39794306133020485
22524,0.5352821853871602
22525,0.40239215234833103
22526,0.49829804101544006
22527,0.35555353068110224
22528,0.35495431370896463
22529,0.29159730924076593
22530,0.5156428010399532
22531,0.345768048383922
22533,0.4415068919606195
22538,0.36910495415285555
22540,0.29205063353628996
22542,0.43580780532105684
22544,0.37102338759252773
22546,0.3970355812222486
22547,0.5198496588071794
22549,0.3625195354006939
22550,0.40762576116949106
22551,0.4782488237939996
22552,0.425208409745117
22553,0.31672459008316445
22554,0.4088660295415521
22558,0.35484310700208993
22560,0.3250092760219112
22561,0.3049351379756534
22562,0.37268606205666027
22563,0.5091564103828486
22564,0.3775638073365165
22565,0.4235838177244461
22566,0.3566233827633958
22567,0.41095527128385423
22570,0.358596804939242
22573,0.41636245889272694
22577,0.4479732020985672
22580,0.3817639755876727
22581,0.3856136373951359
22583,0.3986116271112495
22584,0.39048075151864786
22585,0.3658829606905378
22587,0.329563028056893
22588,0.30211546504375053
22591,0.43365235885667425
22592,0.31226386991592614
22593,0.4224296901405991
22595,0.4159118143212977
22596,0.3557664744907489
22597,0.4976473267640041
22598,0.47760262079826177
22599,0.2900538096054361
22600,0.38987210250288645
22601,0.46022181555479824
22602,0.37866914395879275
22603,0.40362911478960556
22604,0.4386123706457991
22605,0.5141413504617507
22606,0.4016137738698422
22607,0.3291470661973893
22608,0.3429069182806726
22609,0.3487462176698913
22610,0.4719222880480487
22611,0.37722220401084045
22612,0.4014415297374386
22613,0.48951007418262454
22614,0.39319176635771413
22615,0.4387960438672843
22618,0.30722800403110506
22621,0.3239490015652792
22622,0.38261083491786335
22624,0.43024281559228184
22626,0.3867329425523392
22627,0.5091728989146889
22628,0.3079382208026182
22629,0.42209479405906447
22630,0.4642434599369079
22631,0.32163291091322654
22633,0.337509152209828
22634,0.3435761099074817
22635,0.3883088106168288
22637,0.3080586681473957
22639,0.5268645217870749
22641,0.3691907289615021
22642,0.4494306158003365
22643,0.3913696800572221
22644,0.5506026640315629
22646,0.3937935163745438
22647,0.38657016004059774
22648,0.3894529450698186
22650,0.440514954222499
22652,0.3208371370771305
22653,0.36583366232785414
22655,0.4652968797087576
22657,0.35935320337743776
22658,0.31407319858603244
22662,0.3934088028833693
22663,0.372846954037383
22664,0.4460197030568349
22665,0.5011858448047005
22666,0.4847260490423826
22668,0.4400243828796951
22669,0.38557007064672966
22670,0.44422658071816523
22671,0.45405620657554396
22672,0.29136987990895774
22673,0.36842754460954064
22676,0.43650570100076835
22678,0.4012511417883457
22682,0.3320730839503796
22683,0.34473244427013505
22684,0.3794880075438939
22685,0.37164085482055603
22686,0.3911862137026115
22687,0.43701316478682917
22688,0.3263238879838169
22690,0.4637119033660365
22691,0.386069494071955
22692,0.2901537501087652
22694,0.4766516351273323
22695,0.34592816413800165
22696,0.32555693536082225
22697,0.507042174322867
22699,0.5373918554495772
22702,0.5055764859081424
22704,0.34367795752875174
22705,0.4023262238339588
22706,0.5490067765817177
22709,0.36319320880166633
22711,0.38357710813917434
22712,0.3489853458280057
22714,0.3540590182796256
22715,0.36592282203896526
22716,0.31792313130133265
22717,0.3715589140983414
22718,0.3193161569608292
22720,0.41280244054738624
22721,0.3917099835918705
22724,0.29746393215947203
22725,0.3693397849141363
22726,0.4558465898936002
22728,0.3644287881290893
22729,0.3683493088450121
22730,0.5323335352353535
22732,0.38673037000361
22733,0.35609491056613796
22734,0.4102474991512938
22735,0.3944723602479594
22736,0.3888635767482043
22737,0.45605780068385393
22738,0.38557813713919453
22739,0.48599142055998096
22740,0.4637001750976576
22742,0.400380598773545
22743,0.4933511867666152
22745,0.2934196232508914
22746,0.3980420108129457
22748,0.5463562479814111
22749,0.3541195793038485
22751,0.292237391368045
22752,0.3769310186989172
22753,0.4731681275330361
22756,0.4265379895813459
22757,0.3134558808124926
22758,0.334942371977956
22759,0.2904799904528355
22762,0.4422890619403345
22763,0.4181600705944788
22764,0.3247109259413549
22766,0.37096769134816066
22768,0.34110728360346776
22769,0.3654172819133298
22770,0.3598932975807796
22772,0.4740823985592156
22773,0.3730818492958223
22775,0.40892584709612173
22776,0.341150521991394
22777,0.3756706524507581
22779,0.42357393472732907
22780,0.39588034953158313
22781,0.5143205184486468
22783,0.35009697610579643
22784,0.44994355178756673
22786,0.4025086142830338
22789,0.4227876696532399
22791,0.37004358276462795
22793,0.38915171213232524
22794,0.42189691216491354
22795,0.44414263545559585
22796,0.39964167894476843
22798,0.43808813629780635
22800,0.29884320065121633
22801,0.44019835383280254
22802,0.466710884643272
22804,0.3020601170747986
22808,0.349264666818781
22810,0.42270173769263514
22811,0.349193783701362
22812,0.3388949738296161
22813,0.33966490039684066
22814,0.4348490286385799
22816,0.4217115723020455
22818,0.3609240441365921
22820,0.4345712062271666
22821,0.39001861735221005
22823,0.4692124487189416
22824,0.5078348141288411
22825,0.40869540598086074
22826,0.4966711135102662
22828,0.4490041876061376
22829,0.441566956178505
22830,0.43722490121604873
22831,0.5072610090570935
22832,0.40067298671952445
22833,0.2865079743335047
22836,0.38678409645180056
22839,0.3648587129264916
22840,0.3989179934581239
22841,0.43868995250144693
22842,0.35307580814931916
22845,0.36655977639004883
22846,0.30905510822772425
22847,0.4023776564557499
22848,0.3165523105363279
22851,0.3520755664202834
22853,0.33148365431783
22855,0.3838438065848147
22859,0.34317738427596545
22860,0.5151223255199816
22861,0.3416831070503344
22862,0.3881375456233137
22864,0.3601151054805293
22865,0.30666776699308695
22870,0.5181262770025892
22871,0.3916201882413548
22873,0.35282354029111646
22874,0.46997278710247115
22875,0.42861804028950895
22876,0.3725652594757245
22877,0.4081547696204649
22878,0.30792259305266095
22879,0.3937179096274236
22880,0.4416832960066964
22882,0.2825293266805814
22883,0.5109604293552973
22884,0.3500163517964274
22886,0.3045493464042513
22887,0.372889410330254
22888,0.4079948147224098
22889,0.42935486450946464
22890,0.3921531530071396
22891,0.3170647752154775
22894,0.31183580983472153
22897,0.3860660496459488
22898,0.34375781971179037
22899,0.3686556910191636
22900,0.3187639525008976
22901,0.2812740007194831
22904,0.40217584640407317
22905,0.4095604194918872
22906,0.4436772719257192
22907,0.38478300493258927
22908,0.3483124821957868
22909,0.35129237176441225
22910,0.44579085805243723
22911,0.4998909965743932
22913,0.4600088162823435
22915,0.41952694734667345
22918,0.35666206272755974
22919,0.4987480999214568
22921,0.4984956844251023
22922,0.3101414210253818
22923,0.32730446363297583
22925,0.37401524550203474
22926,0.28233311711559667
22927,0.5124806424449919
22928,0.41229037762933324
22929,0.40207231518313613
22930,0.3463455574953976
22933,0.3181003175602041
22934,0.42147519501572217
22935,0.3314825589444488
22936,0.48283568930918574
22937,0.5150148867154267
22938,0.4984594165403745
22940,0.3179759097852386
22941,0.5261068666997415
22943,0.3629203037218065
22945,0.3355186696355716
22946,0.3622468928366827
22947,0.36239181532970277
22948,0.5107017271211597
22949,0.4511497567930083
22950,0.48916468239098093
22951,0.36154647907125687
22952,0.39544591524325995
22953,0.42715624290633253
22954,0.5003794222508882
22955,0.5253202923946821
22957,0.519631783192778
22958,0.5224772039175299
22959,0.28862677197765985
22961,0.41578344126634437
22962,0.35663079461641106
22963,0.36004783970862625
22964,0.4161403982621819
22965,0.37923801604772195
22966,0.385681304476544
22967,0.43354344952645074
22968,0.5278418293819684
22969,0.3411594995368094
22970,0.3490724006577004
22971,0.40725885986762733
22972,0.4322744958970825
22973,0.5511118322406453
22974,0.3607783490428072
22976,0.3350381095845604
22977,0.466496553288894
22978,0.34601492785010535
22980,0.3145210630993577
22981,0.29373680933020646
22983,0.3660940392455976
22986,0.3440793814473866
22988,0.552217030300573
22989,0.3947773559464484
22990,0.41365094736235525
22992,0.33012449272199745
22993,0.420458872894425
22995,0.36596206313177626
22996,0.4034421572016616
22997,0.3491683708475463
22998,0.4131566592746216
23002,0.5261115177641045
23003,0.3626062687842101
23005,0.3091153775917449
23006,0.34769156178745014
23007,0.32621916696468767
23008,0.388598948339136
23010,0.380983829581072
23011,0.30241283738780916
23012,0.4395448750319638
23013,0.3901679446774635
23014,0.34620873029475696
23015,0.3650853066140785
23020,0.413035213098599
23021,0.3716670835951936
23022,0.3780655336572889
23023,0.356941879186972
23025,0.4120286088425945
23028,0.5034102905630672
23031,0.5003795694409089
23032,0.40489395400882017
23033,0.36729067739557303
23034,0.4254781823363773
23035,0.43490103092828797
23036,0.4206457033397424
23037,0.2923869817380113
23039,0.3987299486898268
23040,0.3595276827492433
23041,0.3573224493225781
23043,0.3140152139668094
23046,0.3713514028371881
23048,0.38887447018767524
23051,0.43972540210471467
23052,0.35902641788165274
23053,0.438084019421645
23055,0.44475220917851166
23056,0.32697489498431503
23059,0.4759008148229371
23060,0.43283198923267024
23062,0.37652079350439666
23063,0.30116530192720153
23065,0.3317068250365452
23066,0.3546880176853979
23067,0.41379064503281954
23070,0.4402756547522174
23072,0.36529523639025785
23073,0.3558252889447555
23074,0.3026126663178618
23075,0.3166620030654137
23078,0.37416172402481995
23079,0.3911059776641309
23080,0.45116625037598884
23081,0.30559625218595776
23082,0.5251747892379789
23084,0.3020922961901012
23087,0.300418679930635
23088,0.45124597923393933
23089,0.46117810846692364
23090,0.36836901163031155
23095,0.2933473013635639
23097,0.3887838639414325
23098,0.31175680121429084
23099,0.3486313271676986
23100,0.4040345044439732
23101,0.4140487959758877
23102,0.40426057234380575
23103,0.4218810363281108
23105,0.2829572463123294
23106,0.41255344469229693
23108,0.3999719436622612
23109,0.5241576699237909
23110,0.3351484462024051
23111,0.3556306872743844
23112,0.30430863390607055
23113,0.4352291589410761
23114,0.4154117951408462
23115,0.5176826865458728
23116,0.34998743476278293
23118,0.34052301827059395
23119,0.3461335003240773
23120,0.4317862258129157
23122,0.40520774290636624
23123,0.37914170680239545
23124,0.3367197628442045
23125,0.2921281449654481
23126,0.3998200300887357
23128,0.4463343100665771
23129,0.48453704039546186
23131,0.34928253528879366
23132,0.37204361978567924
23133,0.46416904576945117
23134,0.45179585687172585
23135,0.333447375077711
23136,0.338898076305222
23137,0.425374446840226
23139,0.4258130575574776
23142,0.3573977184447653
23143,0.41575662235066957
23146,0.45036008601714167
23147,0.4473114014237136
23148,0.3935151476117379
23149,0.3195461422216115
23151,0.3171227609199549
23152,0.3403789907936669
23153,0.4230934236906662
23154,0.44712217691304496
23156,0.48787842877485477
23157,0.32134336474709757
23158,0.30975939042917155
23161,0.49819546848395285
23162,0.43983838173759193
23163,0.3670759413836434
23164,0.36360066326630003
23166,0.4583630433766012
23167,0.38716969552028635
23168,0.3394853736314867
23169,0.3521030578361898
23170,0.3535035231251192
23171,0.44813411524539737
23172,0.4058638599589749
23173,0.38815477375386465
23174,0.37019262965170313
23176,0.49736141343289353
23177,0.3541760038613564
23178,0.3533091637769896
23179,0.33582750361016955
23180,0.4499479333763031
23181,0.4262613349400771
23182,0.45913523578573234
23183,0.48737053752558546
23184,0.3555843346960785
23185,0.498695874340137
23186,0.3076325840846025
23187,0.3684841420064964
23188,0.41252119894893646
23191,0.30009452794082203
23192,0.3531107416676882
23193,0.3586879271316873
23194,0.40258190336284694
23196,0.34706270051459237
23197,0.3581418606955949
23198,0.5018081146733221
23199,0.35368159671138083
23201,0.42081229072302706
23202,0.4322875367035735
23203,0.37377152786562445
23204,0.3385445720513268
23205,0.38792365445537236
23206,0.3503945684001996
23207,0.3807619750021782
23209,0.41863760420058804
23211,0.4245202369980761
23212,0.4363882908764968
23214,0.37426220796692533
23215,0.3000037951125092
23216,0.4040386052244718
23218,0.371473175768829
23219,0.34124695050686016
23220,0.4316359568909304
23221,0.3559253724062776
23222,0.3961691310129952
23224,0.4054815914765313
23225,0.42858669586160664
23227,0.39300745814069393
23228,0.3825728020193311
23229,0.5366991576498265
23230,0.3397157699185196
23231,0.433596781254052
23233,0.5221820696151471
23234,0.4233649135963757
23236,0.3435167488365942
23238,0.30401852796752826
23239,0.30048718995340234
23240,0.3453893778215618
23241,0.3576309022953862
23242,0.5345576453727925
23245,0.4839510097785807
23246,0.34940064929350567
23248,0.3380372432241885
23249,0.45345726578923506
23250,0.4379263878640976
23251,0.449590995353566
23254,0.49898761119782087
23255,0.4180951094202749
23257,0.4397292993519394
23258,0.5028739311710259
23259,0.46277508007589985
23260,0.44683057100190327
23262,0.3998596812944518
23264,0.3307258057177303
23267,0.3955349813327983
23270,0.5377994179910502
23271,0.4854735125868639
23273,0.4681025243192544
23274,0.29081800137499136
23275,0.3305217807924845
23276,0.38823133389819126
23277,0.4179831721633094
23278,0.3540291188331948
23280,0.46779418783416943
23282,0.48633831056095483
23283,0.4323397204192287
23284,0.3905104730246753
23286,0.32877800277331204
23287,0.41126446113781745
23288,0.31765762882044746
23289,0.4002019962855976
23291,0.3143454469117984
23293,0.3541981413091973
23294,0.33891697134847154
23295,0.3657231937280404
23297,0.4243519519464267
23298,0.4192494119665037
23299,0.3904106855234664
23304,0.3966578387229029
23305,0.41451380844688784
23306,0.3554445994726922
23307,0.37089961780020375
23309,0.37841303869257265
23310,0.4499457115752715
23311,0.4606033375454875
23313,0.31029162379045183
23314,0.4187027773821449
23315,0.3313832308486922
23318,0.30616025002842107
23319,0.32694308081161094
23320,0.3617026609195414
23321,0.32274067054012934
23322,0.36552745935806413
23323,0.4497911192675747
23325,0.3422222040070414
23326,0.46863465912560814
23328,0.4121213602921885
23332,0.3123272406238477
23333,0.3150239419682648
23334,0.5457706794371167
23335,0.35547357076839037
23336,0.400025461533407
23338,0.28425054615562895
23339,0.4186940378791519
23340,0.5129114801377762
23343,0.3133270519390872
23344,0.4437187788570603
23346,0.34758500079094284
23347,0.44672639509747214
23348,0.3720411679138706
23349,0.42582787156516877
23351,0.487587952735136
23352,0.38871165365935445
23353,0.5151002881730026
23354,0.30162593109930447
23356,0.509110881726221
23357,0.4323587195052486
23359,0.36011186871704765
23361,0.41781040560634397
23364,0.406563552018254
23365,0.29919904695073707
23366,0.5088044019299663
23367,0.2786419935617983
23368,0.4347895605803542
23369,0.3790763772692612
23371,0.4544412237758857
23372,0.42648215491206537
23373,0.41403720182598197
23377,0.429639998962525
23378,0.3710009291232959
23385,0.35286441021861054
23387,0.37361687362432944
23388,0.38894325942051333
23392,0.36881369567686095
23394,0.3963781617675729
23395,0.37441919730692036
23397,0.529011543747193
23398,0.3744772714543525
23399,0.4294558931983654
23401,0.29444403058706425
23402,0.438768485570036
23404,0.3898428907384819
23407,0.4337560950852498
23409,0.4075905665166389
23410,0.4557172427210606
23411,0.301368401713609
23412,0.37541821541645276
23413,0.44739481524198765
23415,0.40136369314775167
23416,0.40667581266117653
23417,0.3537426157371246
23419,0.36927294868365945
23421,0.3674268592935722
23422,0.33287484694135344
23423,0.4336498944482398
23426,0.43117683411777646
23427,0.397223136150195
23428,0.34974242882908363
23430,0.4761112490608834
23431,0.40397820041555904
23432,0.38853477639856343
23433,0.317211938826194
23435,0.35860049285879037
23436,0.41115166572136436
23438,0.4831844562889392
23439,0.4675576308671765
23440,0.36341860659106606
23441,0.3827347223774486
23442,0.3151726322184052
23443,0.39747540672409243
23444,0.42450218184074573
23447,0.30932595174881644
23450,0.3656973052393841
23452,0.3892842296605245
23453,0.40958381829120205
23454,0.35420507793965234
23455,0.35441761934994387
23456,0.4232794871963252
23457,0.4447593398218763
23459,0.4150288194301111
23462,0.46331884488405245
23463,0.34893720539773243
23466,0.3753363216044091
23468,0.5151701364010333
23469,0.42115557011096655
23470,0.3617990480104426
23471,0.4270156135026748
23472,0.41952996001378823
23473,0.39072343727418074
23474,0.41675579824056963
23476,0.4382668141933279
23477,0.35847079578029195
23478,0.4273935831777766
23479,0.41853467838296365
23480,0.386569753549777
23481,0.41198834011049984
23482,0.3538459575676762
23483,0.3581582948699952
23484,0.42550380911495317
23486,0.3437831104171134
23487,0.35735101620223353
23488,0.34317404792878314
23489,0.28973198461615457
23490,0.3901699592618749
23492,0.3370699532016872
23493,0.34222896164208444
23494,0.45706061715094903
23495,0.42659164439140357
23496,0.4323946746331606
23497,0.4470203412643782
23498,0.3443626227744135
23499,0.30018003224837875
23500,0.3773448170230846
23501,0.2934479150937663
23504,0.5294300216812297
23505,0.33306109135826373
23506,0.38552618045059084
23507,0.3785193952228347
23508,0.42309231236361067
23509,0.5251976732379137
23514,0.39007667462196244
23515,0.368213648883162
23516,0.35754022038907374
23517,0.5016652624434962
23519,0.4063100316075377
23520,0.28973721755401216
23521,0.32309215104564964
23523,0.35035271344639424
23524,0.4058006921302622
23525,0.4368495861642556
23526,0.401052647227867
23528,0.4220717141139629
23529,0.4306376702914749
23530,0.3698767343856937
23531,0.505053264669217
23532,0.4216072471688429
23533,0.39459937618000107
23534,0.28751162848852824
23535,0.37304331236674426
23538,0.3580675282768874
23540,0.38154971902357654
23542,0.3485111676435981
23544,0.36642472855199815
23550,0.4045343596252565
23551,0.47008428242684863
23552,0.3765487150068411
23553,0.37883620903584253
23554,0.3763274647449667
23556,0.4628604415943876
23557,0.4418611657714451
23560,0.38679697504793026
23561,0.34496726437638214
23564,0.40285988353234026
23565,0.5616965459353414
23566,0.3990531670711138
23568,0.49534953813804483
23569,0.35455063166542927
23571,0.3885810421958245
23572,0.30655218521487215
23573,0.3187474230341246
23574,0.41918987837971305
23575,0.36433491878677693
23576,0.4269699730558579
23577,0.47342896017580194
23578,0.3608038440800078
23581,0.3981210305609186
23582,0.453371434930784
23583,0.39939285988877676
23584,0.28491831685677393
23585,0.3837892300828323
23586,0.4112533314553912
23590,0.28997485673149315
23592,0.31925709090181936
23593,0.33383642206442127
23596,0.41625807137703136
23598,0.397600276831915
23599,0.284854762992755
23602,0.45874311650101035
23603,0.47985100687132204
23604,0.44927193580561026
23606,0.40273395859100236
23607,0.33241716844335806
23608,0.3669345292608828
23609,0.4073795048327652
23610,0.4921391331231332
23611,0.3297809752218971
23612,0.35747051333492214
23614,0.33085915346692424
23615,0.3619560729319419
23616,0.3134634677401906
23618,0.4234731949185956
23619,0.44776100016116765
23621,0.40028794811874663
23622,0.3592999355865642
23625,0.4360263285981627
23626,0.44731145530841665
23629,0.41647536244191863
23632,0.36321740861198765
23633,0.43501128389696864
23634,0.36290308025915663
23636,0.43667455400120725
23642,0.45243720667191945
23643,0.315876705680518
23645,0.4124930816594098
23646,0.52701566458556
23647,0.380879876393971
23649,0.4775237875245882
23651,0.356518671244942
23652,0.3021318126024939
23653,0.33364941978389157
23654,0.5237049351945047
23655,0.34894482331263305
23656,0.41352621915066995
23659,0.39321436441557694
23661,0.4251523821490396
23662,0.4259664882366898
23663,0.48126255075264296
23664,0.45301297990663186
23665,0.36462970132997685
23666,0.5097835171073042
23667,0.4005407663599845
23668,0.37264813323079904
23669,0.505523253766627
23670,0.3520409747896201
23671,0.43414333384112885
23673,0.3046013070628083
23674,0.286695652595278
23675,0.4167064635899955
23676,0.3863780683170929
23679,0.3705337823031046
23680,0.43895912093743844
23681,0.3601772109197014
23684,0.47862994598115827
23686,0.4536378639174098
23687,0.3161067520239524
23688,0.3000567451413413
23689,0.48021990014526145
23692,0.5087770219766274
23693,0.35615878222861463
23694,0.38263843249083396
23696,0.3422706782753763
23697,0.27963933484151765
23698,0.4486699559821885
23700,0.3291150739443892
23701,0.43556973750058353
23703,0.4224966672777807
23704,0.32597388717582504
23706,0.4473122383734813
23707,0.3654123401794166
23711,0.4585901376566359
23713,0.47749462997681
23714,0.35784982906662877
23716,0.41233834094061833
23719,0.3028288561373706
23721,0.300240498890437
23722,0.3058483267214713
23723,0.5163441268502097
23724,0.36733155004847945
23726,0.3431741692494454
23728,0.28665785752600514
23729,0.4383488311690501
23730,0.49303343054935733
23731,0.31928044840617004
23733,0.2945240550254328
23735,0.4437393496303892
23736,0.3299572360655628
23737,0.3112612401964898
23738,0.4484068405901187
23740,0.4733013523577243
23742,0.41438174352379575
23743,0.36090440637712506
23744,0.325663522621761
23745,0.4569866668506764
23748,0.5367165627264495
23749,0.43731985510577637
23751,0.4555794740431293
23752,0.3774208537391137
23753,0.30048495645392104
23754,0.43666994578190294
23755,0.3211004142764434
23756,0.32423086780506344
23758,0.3741599165526964
23759,0.35791724438434974
23760,0.4552783222015502
23761,0.454072419227097
23763,0.29960545471367167
23764,0.46019402303678036
23765,0.4540468978671806
23767,0.36067667651904983
23768,0.4094023074257003
23769,0.3991756503018816
23771,0.428440584701941
23772,0.2828841563117637
23773,0.34958019904656884
23774,0.5293394113803916
23775,0.3066307620365782
23776,0.4492687470590851
23777,0.4125919091717736
23779,0.32211237014712824
23780,0.3473049770560511
23782,0.3340021501615739
23783,0.37000836523089525
23785,0.39911544380876196
23788,0.47944509141246355
23790,0.46081341889164645
23791,0.34876943715859654
23793,0.48817918130786614
23794,0.40003528881316364
23795,0.48026025326563193
23796,0.3644461130817819
23797,0.39747647663685653
23798,0.31383495944725814
23799,0.4017682023540186
23800,0.34234188013817834
23801,0.3571308112171295
23803,0.3890296652705654
23804,0.3714745714317391
23806,0.34900989438986935
23807,0.44960763376535595
23808,0.2984125785332227
23809,0.37761855931391447
23810,0.3551400983700052
23815,0.512818793877796
23816,0.45627666361704833
23818,0.33170892293613685
23819,0.4079374987263207
23821,0.3840783414726994
23823,0.35825738201289825
23824,0.4199254370668367
23825,0.4425659140092106
23829,0.33233361467242034
23830,0.4375224569057472
23831,0.40329730416840176
23832,0.36427047739630164
23833,0.4557028678699161
23835,0.36431911042165205
23836,0.3584185703597634
23837,0.3682086333226185
23839,0.359431658887338
23843,0.3999153402721493
23844,0.45776574531045194
23846,0.45137142464146424
23847,0.2956373263735662
23848,0.377452141623357
23852,0.3842526244047413
23853,0.3363139363100503
23854,0.2787181439294625
23856,0.3107627292446562
23858,0.3944418437804695
23859,0.4927659360052053
23861,0.4058817928497804
23863,0.42529973761116635
23864,0.3543658984822687
23865,0.34374273292447843
23866,0.40215006927569513
23867,0.3633580329323581
23868,0.31107019065172603
23869,0.2843938251712823
23872,0.4707508504777262
23875,0.3267890828875959
23876,0.4210210141301379
23878,0.30253184979562175
23879,0.3000851339365913
23880,0.44467577522464036
23881,0.476112418508473
23883,0.4978259970757757
23884,0.411913760230766
23885,0.4196913963443935
23889,0.4007380595162151
23890,0.43213301978965984
23891,0.4217450240437329
23892,0.44622412409439977
23893,0.5276789414590037
23894,0.40545617047812826
23895,0.32867879353545537
23896,0.42133243296100903
23897,0.30439768159154673
23898,0.437227173532445
23899,0.4379038624492235
23900,0.2804804395554102
23901,0.4452837047523714
23904,0.5053810076662076
23906,0.46682497176887716
23908,0.4037124177213036
23909,0.4466294850694033
23910,0.3058103603934514
23911,0.42068410764404635
23912,0.44063121810220474
23913,0.447645200351929
23914,0.5093460839243762
23915,0.4288519518242168
23916,0.27905516411435366
23917,0.45326688969468504
23918,0.3318995905691862
23919,0.3744289764349795
23920,0.28255487631958753
23921,0.42375496734914003
23922,0.45785753717159083
23923,0.39477541723743526
23924,0.4248349607955367
23926,0.309511210771246
23928,0.48124561061866616
23929,0.4203648095815922
23930,0.334951286593391
23931,0.3573373977255989
23932,0.3520570296327885
23933,0.35523020517617376
23935,0.5076232319968489
23936,0.35555597140206496
23937,0.33593360679997397
23938,0.48305876769305356
23939,0.43285375182264973
23940,0.4620448231651859
23941,0.43179883105585054
23942,0.46822678416076285
23943,0.34182833378806876
23945,0.44723831745869336
23946,0.32023763047050674
23947,0.412937998765705
23948,0.43766132981210476
23949,0.5473873957005361
23950,0.3539449714050678
23951,0.3771846827160426
23953,0.43671639623659586
23955,0.40541378623433416
23956,0.36623706170410736
23957,0.34833808571525393
23958,0.31473554470877496
23959,0.4147051416542993
23960,0.3628808314483173
23961,0.3939575037817243
23962,0.3768531974953722
23963,0.4061205984425259
23965,0.32372181884886264
23966,0.3483488721430797
23967,0.43405823465775234
23968,0.3354733206826339
23969,0.32903969324116156
23970,0.5333677794783896
23971,0.3530086754450715
23972,0.5131596626927933
23973,0.44354400723473636
23974,0.4565336441764733
23975,0.31570224366109534
23977,0.34318013496343286
23978,0.36365487213353354
23979,0.3671313130855791
23980,0.491683378930747
23981,0.3501420927868217
23982,0.3829214390987593
23983,0.28468420559621616
23984,0.3184523820522317
23985,0.3922157262991602
23987,0.44258278566688447
23989,0.39475669947649455
23990,0.47351953523095114
23991,0.43892782829681115
23992,0.4043343936084436
23993,0.42034053602307364
23994,0.35017471152975455
23995,0.48962265309015274
23996,0.38809802314498326
23998,0.4410379326364853
23999,0.2938508712155283
24000,0.3787734390030593
24001,0.5056738045745516
24002,0.5450324888496572
24003,0.35645358056144766
24004,0.3327340986105245
24005,0.46586219186243794
24006,0.36035422929041416
24007,0.3481317173376379
24008,0.4009489348376971
24010,0.4299064948289203
24012,0.3442705387319537
24014,0.4187880143804003
24015,0.3755832054381804
24016,0.4287589312014876
24018,0.34776763953994533
24019,0.4290953372357992
24020,0.36348770656823676
24021,0.33381896561719665
24022,0.5042774926252809
24024,0.41039125061682696
24026,0.3813474067127253
24028,0.3568419136828729
24029,0.39102421796757225
24030,0.49528403805596277
24031,0.47219060624599124
24033,0.3217385213566207
24034,0.5139370356755327
24035,0.3662596895281292
24036,0.4267918731313274
24038,0.41343529584198135
24039,0.4529475329596555
24040,0.2885426821166665
24041,0.4740808801616883
24043,0.36978902263127716
24045,0.5118292979148036
24046,0.40442060599033225
24047,0.4166524989320536
24048,0.4481876873758317
24049,0.5173769699200026
24050,0.5499352096495318
24053,0.30056026567836824
24054,0.35760241357995154
24055,0.45651180711449046
24057,0.334875886594839
24059,0.45796265339184145
24060,0.4375797326632847
24061,0.35750654616495714
24062,0.3241036645708612
24063,0.5249250343407822
24064,0.4036905515875948
24065,0.37002409455759194
24066,0.3566733390571504
24067,0.3379420412977463
24068,0.42402822629414383
24070,0.5554288131024148
24071,0.3412289170683333
24072,0.3944550884626567
24073,0.3502906532182408
24076,0.28350568844502777
24077,0.3797592359837636
24078,0.2916754017525237
24079,0.33028391626929055
24080,0.44324840874743854
24081,0.38859410944899614
24082,0.29519596969137474
24083,0.3414373011580494
24085,0.3598696712609396
24086,0.51923513315534
24087,0.3751594325809695
24088,0.4514698669857147
24089,0.3186922556180768
24090,0.5587469056703163
24092,0.35216444564185406
24093,0.44664629587954074
24094,0.42521691391254435
24096,0.36731671122804505
24097,0.4500770008748769
24098,0.5049218050760398
24099,0.3603218941986765
24100,0.39920946471421714
24101,0.41541097096422985
24102,0.41315182504360054
24103,0.34290177691724844
24104,0.34847716961724456
24105,0.3253304044801911
24106,0.4451569482373942
24107,0.41874337489468644
24108,0.29554857302715104
24109,0.4262723826074933
24110,0.3235941277689587
24111,0.3926327090171939
24112,0.35978446909792944
24113,0.31508613734951685
24114,0.3916417926738802
24115,0.3891030559962713
24116,0.36399870310759497
24117,0.5380198351130693
24118,0.3396910029127857
24119,0.43553034389886897
24120,0.3355574002491019
24122,0.3177151836308541
24123,0.4212161462070723
24124,0.3518395203899926
24126,0.4400599990864035
24127,0.45663944552818725
24128,0.4187184080837649
24129,0.3402507452015932
24130,0.36359212740578184
24131,0.39656726340645126
24132,0.47651198228530645
24133,0.34666580547883113
24135,0.49352637988246656
24136,0.3202842877701477
24137,0.4116969813505257
24138,0.43534407859148777
24139,0.4074813696923036
24140,0.35832148062171787
24141,0.44321519461584735
24143,0.3844004737500266
24144,0.3045493595686343
24145,0.454487712005197
24146,0.39713138821479865
24147,0.4918327230938376
24148,0.45636577333356476
24149,0.3648516547613498
24150,0.5415607981519566
24151,0.3043316538726362
24152,0.4246716155367674
24153,0.34759111241833485
24154,0.5092707555854242
24155,0.3626434132728186
24156,0.3701843759449236
24157,0.45320968225976666
24158,0.43950649409685083
24159,0.47212599406910305
24160,0.38545101414084826
24161,0.32980778822375306
24162,0.42563424081512236
24163,0.3607401402675031
24166,0.5223559825644117
24167,0.3859621137467279
24168,0.43913916406280523
24169,0.46309297450462084
24172,0.43426261559479085
24173,0.35470960829763615
24174,0.2978816496021727
24177,0.3751142826565513
24178,0.5100149959088853
24180,0.3865814349176475
24181,0.4083076570688588
24182,0.44797188449030634
24183,0.4411163208568499
24184,0.4220354368951931
24185,0.41769768736779833
24187,0.42148506133571806
24189,0.35147698765036395
24190,0.44980577779158737
24191,0.46444688222379243
24193,0.34015853429513626
24195,0.47517196543450674
24196,0.38727113176755495
24198,0.43177362934273666
24200,0.50354140668648
24201,0.36838879898001453
24203,0.3671361437403119
24204,0.4391338216586634
24206,0.3933790844769763
24207,0.5077420854932629
24208,0.3710798089429103
24209,0.35157216154053217
24210,0.297462179312911
24212,0.298956915433077
24213,0.48507565181840256
24214,0.47129760883129246
24215,0.5046300600729862
24216,0.38971412702558134
24219,0.3692115978020809
24220,0.4167007681741062
24223,0.43656413155810797
24224,0.36192240744543525
24225,0.31666415629632994
24226,0.39977298190395866
24227,0.36645498749216876
24228,0.2962406292682481
24229,0.47330245909331425
24230,0.37086157682652143
24231,0.42942905286831384
24232,0.3434950831149278
24233,0.35998808764663076
24234,0.37188966294640985
24235,0.311458762827846
24236,0.429467862121268
24237,0.3820015317879817
24239,0.4446134209380628
24241,0.37904452659607407
24242,0.4035334234137728
24244,0.5452692935555524
24245,0.4764440754676705
24246,0.4355624363040529
24248,0.4831542509594381
24249,0.3497268603032483
24250,0.3659038240404011
24251,0.360224263969046
24252,0.42089035391966767
24253,0.36266405077201297
24255,0.4799829090342238
24257,0.38225528441908657
24259,0.2837001756280059
24260,0.3603390511805371
24261,0.3929910236198502
24263,0.45039507908025384
24264,0.29562145204850054
24265,0.40660117651013244
24266,0.4245238960812588
24267,0.44088703493271325
24268,0.4250409672133464
24270,0.4923691750339539
24271,0.40844749487407594
24272,0.3744754953686136
24274,0.3262645870241833
24275,0.3631055816226415
24277,0.3813646083428288
24278,0.371050419666733
24280,0.2935581279292508
24281,0.443122210293376
24283,0.39685723542832774
24286,0.49418511136743537
24287,0.35737827540054007
24288,0.44377371790432624
24289,0.3855956964416452
24291,0.3297371149733713
24292,0.5130038621233718
24293,0.305060216842286
24295,0.4115425507001795
24296,0.42660828791232946
24297,0.3237416309625282
24298,0.39638010375081456
24299,0.47100326377288404
24300,0.4122429018114686
24301,0.39285603427767124
24302,0.39934524953241257
24303,0.5252202317690786
24304,0.44416255463796306
24305,0.4178677721239469
24306,0.39337578009470353
24307,0.32151163611734906
24308,0.5039092241997404
24309,0.3518562205262478
24310,0.39565706162734765
24311,0.4093569702265396
24312,0.41993801348400156
24313,0.3237696760221326
24314,0.28268784921598683
24315,0.35599144433853375
24316,0.29338227499367603
24318,0.329103703888482
24319,0.41214770172971427
24320,0.3147011055808947
24321,0.3246440812962317
24322,0.532770914079867
24323,0.49921886526723874
24324,0.37503419472670996
24325,0.5227174137460451
24327,0.42157922886430116
24329,0.42672248798119483
24330,0.46220631437468834
24331,0.37082163992985556
24332,0.44656342747849337
24333,0.44372929781687076
24334,0.36318326732266265
24335,0.3816597562746129
24338,0.43547798604731225
24339,0.28766597595689325
24340,0.3946830145435364
24343,0.4384671829514749
24344,0.3323746604888829
24345,0.37879152254933635
24346,0.392509844013787
24348,0.3988563911561008
24349,0.30197945124036357
24351,0.4097277676552096
24352,0.3182181256672998
24353,0.36568395411815485
24354,0.459506576473851
24355,0.4620878261332749
24356,0.44355348444603365
24357,0.34441034528815456
24358,0.4913943045876302
24359,0.34461918744512215
24361,0.43533748896706487
24362,0.5387759615020064
24363,0.3515515914429631
24364,0.36570200131285013
24365,0.4860394505770451
24367,0.4384659562580619
24368,0.3021421679021277
24369,0.35416900856656924
24372,0.40056340094148296
24373,0.3343788662053743
24374,0.28627508133705915
24375,0.42740191250518483
24377,0.479263771235119
24378,0.3520097870846449
24379,0.5236208288345907
24380,0.3392992241236071
24381,0.44941091925148685
24382,0.3778650446514075
24383,0.41359256376739173
24384,0.3398313795653013
24385,0.41639988659852456
24386,0.35894114220790607
24387,0.3141270202493138
24388,0.4167268084599401
24389,0.31297897817403547
24390,0.42167715574587483
24392,0.2899615161165486
24394,0.3919446384770817
24395,0.5006904222007483
24396,0.5483688738065648
24398,0.5456303679039464
24399,0.29518392769600843
24400,0.2898752618002723
24401,0.28367451249618986
24402,0.3087271598110273
24403,0.35287178677410586
24404,0.3158847254723984
24405,0.47346399320463234
24406,0.47521211549511827
24407,0.3584596378260241
24408,0.40269084633995433
24409,0.419689865446176
24410,0.3562713807726589
24411,0.33994340843151716
24412,0.286797193321508
24413,0.2916820143044911
24414,0.42881406296016644
24416,0.464513633964983
24417,0.47638410795940134
24419,0.35866308844628586
24420,0.2726032031939052
24421,0.4673792429491821
24422,0.3331799062679613
24425,0.4646680618699858
24426,0.39666762490501645
24427,0.43276639450468807
24429,0.41115157058701657
24432,0.3154947568006123
24433,0.4019069864985119
24434,0.46098340831008405
24435,0.5360372421130781
24436,0.3456876978147891
24437,0.31041527613068054
24439,0.3001426666046285
24440,0.3902988607708667
24441,0.49053877989329464
24442,0.4348279237952676
24443,0.3637782702279303
24444,0.3689160095236228
24445,0.3317614842157092
24446,0.4939003251573446
24447,0.4764841430421434
24449,0.40732264372541616
24450,0.3363608515186338
24451,0.4493571314756462
24452,0.4223339102942494
24453,0.31951967323784086
24454,0.4133735006798051
24456,0.4510336540727329
24457,0.32517822171157784
24458,0.31441031954945864
24459,0.30702330927645183
24460,0.3646653662289422
24461,0.40260453103833405
24462,0.3909064563672442
24464,0.4011111350463551
24465,0.44255460218795994
24466,0.37039332915133566
24467,0.3391968796169445
24468,0.3923600655261154
24469,0.3134537353029978
24474,0.432492899429387
24475,0.3086625402916404
24476,0.42787021640956185
24477,0.3990068349060662
24478,0.49562643272209234
24480,0.4388987175902255
24481,0.32588256813644073
24483,0.4195814296032841
24484,0.29522480229351616
24485,0.4513125370460166
24486,0.48675328922508393
24487,0.42565641545495647
24488,0.35867705158548074
24489,0.3020632429992061
24491,0.36214303047980073
24492,0.3735665338339379
24494,0.3113841959749939
24496,0.4203926510192542
24497,0.3971482398176026
24499,0.3746935026478964
24501,0.3525278063263723
24502,0.39235679994607287
24503,0.4654111939347379
24504,0.4401476753202924
24505,0.35169084312755494
24506,0.44270114501395574
24507,0.4481921827435788
24508,0.3391801576555259
24509,0.40307383704413746
24510,0.41032460719400404
24511,0.36291285003939594
24512,0.4062754388595543
24513,0.39666098279988327
24514,0.37707027964399453
24515,0.37882314065225775
24517,0.5026431066253741
24518,0.35825309712384196
24520,0.4068526680677834
24521,0.4287832492300519
24523,0.5053482745480768
24524,0.3078828959958468
24526,0.3799631206044246
24527,0.4130758641060227
24528,0.2902079704567
24530,0.32525649366435355
24531,0.4699383088857858
24532,0.5031821417811556
24533,0.41569109158914275
24534,0.3998072723797073
24535,0.37569987415591855
24536,0.4262226646151561
24538,0.4003430851554579
24539,0.29557497951619593
24540,0.46808556515281907
24541,0.3847091428233192
24543,0.4807079446003628
24544,0.3449202844151824
24546,0.4189393265182352
24547,0.35278689330782464
24548,0.3480736575536968
24549,0.45128760650347366
24550,0.5182890587064894
24551,0.33335246219507547
24552,0.42898186021065565
24554,0.47561328084509397
24555,0.49347797823344064
24556,0.3144603836264877
24558,0.31447449919025255
24559,0.5289181545375912
24560,0.3017866689890344
24561,0.35831541069113754
24562,0.4628872872159397
24563,0.36368508878733635
24564,0.4631701538490345
24567,0.27649055454519156
24568,0.3137382314315633
24569,0.510955343219994
24570,0.39311851565086064
24571,0.41952990545209756
24572,0.4506674647360766
24573,0.42035341451144853
24575,0.46967632284754823
24576,0.37930521088605507
24577,0.44755102232225036
24578,0.4945425152097671
24579,0.33624978229974384
24581,0.30578363570267364
24582,0.447175776102251
24583,0.441773507653622
24587,0.3003036465390728
24588,0.3934805756317783
24589,0.49216715617290285
24591,0.31034805659005305
24592,0.284123933811876
24593,0.29606061126828176
24594,0.41470279034501395
24595,0.4005262335651394
24596,0.4327379319457139
24597,0.32014074278220744
24599,0.3471698793747451
24600,0.5157778116373714
24601,0.3552656986216147
24603,0.48635794936591664
24604,0.4169176234758469
24605,0.35154570780937566
24608,0.29697991501046855
24609,0.5228901744903118
24610,0.373779327286018
24613,0.5495594751945029
24614,0.5098258547356298
24615,0.3592225943186622
24616,0.34570784859381626
24618,0.3109957344793513
24619,0.41690786685686093
24620,0.37682815107376816
24621,0.36157524540088437
24622,0.3642114488270384
24623,0.45531967461662554
24624,0.4545638293330752
24625,0.43391094177505274
24628,0.4066888642115166
24629,0.42958471905873685
24630,0.3835901839931216
24631,0.41009538389042177
24632,0.36528712333653063
24633,0.40456897318900353
24634,0.45665687440294583
24635,0.48876380535097413
24636,0.38117278491082424
24637,0.48778936499354464
24638,0.37835686270039715
24639,0.43047894791442515
24640,0.4418860204772678
24641,0.32754544380490214
24642,0.3683171158795404
24643,0.37420612073542897
24644,0.36428344835604437
24645,0.3916942916291818
24646,0.35093914996231157
24647,0.291407969359317
24648,0.45567671093647377
24649,0.3004744048962726
24650,0.4540855620892881
24651,0.3689661774506155
24652,0.32551379289121657
24653,0.5054762080416936
24654,0.49015694797076503
24655,0.5409094241439505
24656,0.3478081185344223
24657,0.4372264167082827
24658,0.3514765009569967
24659,0.4383223197175595
24660,0.4437342047433745
24661,0.4136583115275622
24662,0.3152712112542848
24663,0.4389848809138801
24664,0.42033173266325186
24665,0.36689773248986624
24666,0.29297854933477346
24667,0.3141430163625521
24668,0.4691278630219879
24669,0.3758252027751434
24670,0.5325180674350133
24671,0.3755950339432127
24672,0.4846642274060114
24673,0.37377141173996237
24674,0.3116890616259578
24675,0.31524709073965407
24676,0.3476504871262265
24677,0.45747955584661804
24678,0.3125783185961706
24679,0.4249244547468162
24680,0.2941603314343827
24681,0.34384477091404647
24682,0.353480342625033
24683,0.46161429247787406
24684,0.47403050437136096
24685,0.3811972912389991
24686,0.4312705729506145
24687,0.4516794857820986
24688,0.3668900286422423
24689,0.3513656475808694
24690,0.41050140079296144
24691,0.3348628103580418
24692,0.333985104475516
24693,0.4110387501525063
24694,0.29316908067661474
24695,0.40326209350639564
24696,0.43369962165864157
24697,0.3497720212774071
24698,0.42600296610821514
24699,0.27281560357102136
24700,0.38886736379619036
24701,0.5260914796381828
24702,0.5021599826015551
24703,0.37727590252038434
24704,0.46355886599622925
24705,0.45256676273092467
24706,0.4667970082232968
24707,0.3476790703323247
24708,0.3940858554954818
24709,0.3495927293296588
24710,0.42170983134795764
24711,0.44683160939267913
24712,0.42709305402450104
24713,0.37962029601681907
24714,0.39649468431110935
24715,0.29356645485463806
24716,0.4502676392613089
24717,0.36543426993493155
24718,0.42013059823752463
24719,0.368141170239366
24720,0.4147219256515522
24721,0.5070780080047245
24722,0.3725148900220605
24723,0.30262691934694674
24724,0.3370044155857757
24725,0.5038524184118669
24726,0.4360983629717652
24727,0.40025817295973143
24728,0.31799933133095254
24729,0.3137930739301958
24730,0.40897599332996337
24731,0.2903791484317517
24732,0.48890858399908693
24733,0.3428247648042317
24734,0.40100851239379814
24735,0.37665752975356726
24736,0.5163622189892683
24737,0.4283147970092226
24738,0.37734320207640304
24739,0.46988843484817316
24740,0.44922585482436084
24741,0.3872712127398317
24742,0.497336615302081
24743,0.36568995046504715
24744,0.3106600079930497
24745,0.35708699478535594
24746,0.43058793734808404
24747,0.36566064759734956
24748,0.3792588662051311
24749,0.5099203643476024
24750,0.3852741055149802
24751,0.336823546970968
24752,0.3457518546959564
24753,0.30407774637878654
24754,0.48343906945474985
24755,0.5285270455836618
24756,0.5264363139106396
24757,0.44504272401358
24758,0.30685435136507666
24759,0.3509095256169112
24760,0.526071063798403
24761,0.43064373383664756
24762,0.308607675054391
24763,0.3541305308691859
24764,0.3205486650452879
24765,0.3014056222073952
24766,0.42645280376156114
24767,0.4684092866029722
24768,0.4776502756645917
24769,0.35704652966449685
24770,0.4115179692636292
24771,0.46670967415383935
24772,0.4372424711574158
24773,0.3308653801530443
24774,0.4618185165609779
24775,0.4012209181280415
24776,0.5083186114970453
24777,0.2919758527594933
24778,0.4421184162581659
24779,0.33663808897945097
24780,0.4357220599340672
24781,0.41611559443126844
24782,0.33147002181314983
24783,0.3873234812531752
24784,0.4606435955870637
24785,0.4456158928268559
24786,0.4457812167930927
24787,0.32309178432509855
24788,0.48586657154912255
24789,0.33982582881467244
24790,0.42375358622308207
24791,0.43679257784599285
24792,0.4132718316016816
24793,0.46180905605936373
24794,0.3612583783091266
24795,0.4260136947213324
24796,0.37679602984723476
24797,0.4243118475763933
24798,0.3320825422490172
24799,0.4193679178025269
24800,0.42518270777038
24801,0.48517266915686363
24802,0.5185764052290736
24803,0.37557052521047696
24804,0.38928991086984516
24805,0.44706872145030024
24806,0.37584981285119956
24807,0.40399581913220667
24808,0.425797090667385
24809,0.48859371544761515
24810,0.5319585790111713
24811,0.5536318068258183
24812,0.32743849909889006
24813,0.3672908927311115
24814,0.43926776803905043
24815,0.3782877298027995
24816,0.3929771892437278
24817,0.4024667704901169
24818,0.3551584087878601
24819,0.37316414892228145
24820,0.3734704318754731
24821,0.5321528023997925
24822,0.3394418873656761
24823,0.4542940184069139
24824,0.31023222984234716
24825,0.42908147248990886
24826,0.3325424381936004
24827,0.4859152863883381
24828,0.5301152193565568
24829,0.32562297053157946
24830,0.4373655599099056
24831,0.4890000462657981
24832,0.3601964812857706
24833,0.27802042342168204
24834,0.45033690142110266
24835,0.4136259466565982
24836,0.3791202748707535
24837,0.3790525135208885
24838,0.3688054442580421
24839,0.40456128453706247
24840,0.43249513393904715
24841,0.3946762891315525
24842,0.3491052143887768
24843,0.3561874207545659
24844,0.43269387849502977
24845,0.42700875246741554
24846,0.41739971390432573
24847,0.4403047442199805
24848,0.38173412156824627
24849,0.43159593509780103
24850,0.35917421758619084
24851,0.4075470323882687
24852,0.4320957250733695
24853,0.4474592206295151
24854,0.33570993342027533
24855,0.40598418731782615
24856,0.3516944228931609
24857,0.4705006935078638
24858,0.3712446508238953
24859,0.49308981727014684
24860,0.398127638265372
24861,0.43396053396517886
24862,0.41183403471447433
24863,0.40355936689061367
24864,0.5100213783890755
24865,0.32211688067428285
24866,0.3983900650200144
24867,0.36702164523476666
24868,0.3359100655823831
24869,0.43374076109718473
24870,0.30278817744527425
24871,0.3751304892094574
24872,0.4970676756227121
24873,0.4800898553619911
24874,0.42090912772836125
24875,0.3497205798553837
24876,0.40404276043694876
24877,0.3928337315395814
24878,0.3954094654225125
24879,0.3175688714382561
24880,0.30877080128287665
24881,0.4417290581820473
24882,0.4461394678374651
24883,0.40731558616418867
24884,0.4404226386905849
24885,0.43493794429950283
24886,0.44772333098008793
24887,0.3241790641509714
24888,0.3536017072152948
24889,0.2919158799243157
24890,0.40077093706307154
24891,0.32595064581880556
24892,0.4389214652361858
24893,0.4397643288260031
24894,0.43750220773696413
24895,0.33111429831906497
24896,0.4343455344098805
24897,0.4045312557876612
24898,0.43411556288370917
24899,0.4259616050495146
24900,0.34094660097440443
24901,0.4744625228838954
24902,0.3282548743137916
24903,0.4451247695488629
24904,0.36996155399352965
24905,0.43726089446394056
24906,0.2861209691373303
24907,0.3447106916268541
24908,0.3327003630681804
24909,0.2992823407693782
24910,0.3542428680102418
24911,0.4706094276265332
24912,0.30808231158676835
24913,0.3737118447541404
24914,0.349002181460408
24915,0.3916183493402539
24916,0.32133282452652273
24917,0.4207277528350325
24918,0.3431180653781303
24919,0.4861983267199801
24920,0.31095519939558114
24921,0.4268856154508
24922,0.34624465613984334
24923,0.5089655211013349
24924,0.38210891347546194
24925,0.4098589433303716
24926,0.3758849137065356
24927,0.4127561492915217
24928,0.40823694670836985
24929,0.49041069042246366
24930,0.5085746366703217
24931,0.4059847793933091
24932,0.3387864202422018
24933,0.453045213289798
24934,0.3920313700922861
24935,0.3443271121123036
24936,0.5198828599264581
24937,0.4423349160296555
24938,0.30707149301684267
24939,0.3307122433513146
24940,0.47481521539555077
24941,0.3996349082580891
24942,0.5246296892260492
24943,0.3409587173554797
24944,0.46705252739414854
24945,0.44875375823813096
24946,0.35056931087371174
24947,0.5309041623958191
24948,0.3471233392343573
24949,0.33880700433559313
24950,0.3691979479787229
24951,0.4354195104132955
24952,0.3438267473448885
24953,0.5362621343400555
24954,0.439318740013922
24955,0.4345839982285501
24956,0.438430851377042
24957,0.37851914657003655
24958,0.375359346407631
24959,0.35134358461056203
24960,0.4066083314796129
24961,0.34693550878589924
24962,0.45478301115153896
24963,0.4181854324336322
24964,0.39889604575140225
24965,0.5298711749006657
24966,0.3799480437277445
24967,0.3531052283787862
24968,0.4032396503177832
24969,0.4673858737148776
24970,0.48053135845587924
24971,0.4149863840752227
24972,0.34276949296127185
24973,0.4677831784144243
24974,0.46296633838773593
24975,0.38786029548299433
24976,0.39400887447356503
24977,0.41103429673548303
24978,0.41211813187375057
24979,0.3517397439058886
24980,0.3458166365472192
24981,0.3288369955892519
24982,0.49283556678780394
24983,0.36253199942021297
24984,0.4337430455180108
24985,0.4295886575867462
24986,0.32978950260270756
24987,0.4591100831936017
24988,0.42895820242357957
24989,0.38584431095093946
24990,0.45601352375624926
24991,0.46214535796335016
24992,0.35547396809410486
24993,0.47814150477086675
24994,0.4381005283383866
24995,0.42571950917950063
24996,0.2964986666519314
24997,0.32757799031060103
24998,0.4532327275849077
24999,0.36895009360069786
25000,0.43951023172945386
25001,0.3095830214611631
25002,0.3855546988498467
25003,0.44260924468054624
25004,0.4626406423823426
25005,0.34729081868713174
25006,0.48486197170870665
25007,0.29574531065713916
25008,0.34446905448009557
25009,0.5063645161160939
25010,0.4361196617722164
25011,0.4390162422498104
25012,0.2939814854013256
25013,0.4493307700416888
25014,0.363498098303536
25015,0.326299913439863
25016,0.36228769230947333
25017,0.5417374247412311
25018,0.3547003885847536
25019,0.44007810684319876
25020,0.3093599456312456
25021,0.4583215609829554
25022,0.3357319208311717
25023,0.35910053364426064
25024,0.42072803143333587
25025,0.4284281063632186
25026,0.4118937587061729
25027,0.4200406117965671
25028,0.33043136224253716
25029,0.3733794338362977
25030,0.3652336629843621
25031,0.5126698673533752
25032,0.4142105031559483
25033,0.3585000313784618
25034,0.32194878225229706
25035,0.3962253591244859
25036,0.3693131184630917
25037,0.5352542145139846
25038,0.3898915147472289
25039,0.4147403526009633
25040,0.3374284598986101
25041,0.5151343822777655
25042,0.42716817084192094
25043,0.3175631536446543
25044,0.39518646777618227
25045,0.46834989827002155
25046,0.3957267099594492
25047,0.34520978509978434
25048,0.4016159136402841
25049,0.518083696802483
25050,0.3811992437254482
25051,0.3231503350427819
25052,0.42783139712321394
25053,0.3762721788289657
25054,0.5074714099498727
25055,0.3726849776023968
25056,0.4851768628081578
25057,0.4715653467427373
25058,0.3520717839060705
25059,0.41269515195236006
25060,0.44882228391395884
25061,0.31169934965043045
25062,0.4459720880318884
25063,0.4427141963124206
25064,0.4819293717155042
25065,0.3596805072806771
25066,0.44967399626534815
25067,0.34648646892811436
25068,0.4694762969085636
25069,0.4667360447527762
25070,0.46563917978356906
25071,0.34185484312183606
25072,0.433067160374511
25073,0.40869835712670316
25074,0.3874565625641233
25075,0.49118601676222906
25076,0.3612629036914211
25077,0.44843873614189134
25078,0.30629498889785856
25079,0.425856284578421
25080,0.5401987443926174
25081,0.42229553116195817
25082,0.3682318474841319
25083,0.34705993758564185
25084,0.3838140918485014
25085,0.4406250566312046
25086,0.41638570760525523
25087,0.4285066379775695
25088,0.42465465217213827
25089,0.37551138733510087
25090,0.34375699206629706
25091,0.42919161991824284
25092,0.4278857381281831
25093,0.41659294364884536
25094,0.45456321197539173
25095,0.5209151475724907
25096,0.41818049518351996
25097,0.44569859312818844
25098,0.45004058573317407
25099,0.35214548779293375
25100,0.44915908087553286
25101,0.437474610131417
25102,0.3828496239537976
25103,0.5265583835232717
25104,0.386744300363523
25105,0.34703796194530895
25106,0.4401478059619449
25107,0.36401809003393804
25108,0.4615597737916069
25109,0.37350447833307
25110,0.37898892131604284
25111,0.31071209746575956
25112,0.3844604497234382
25113,0.31630661255117215
25114,0.43618182895809526
25115,0.49834419367029803
25116,0.41830542228098616
25117,0.3877506971104866
25118,0.3330654227903721
25119,0.362593336378399
25120,0.3283180879235388
25121,0.3577152798914891
25122,0.4911039762828971
25123,0.44388747906875586
25124,0.4060031168143694
25125,0.3995792743751824
25126,0.49430716979295924
25127,0.3628077562040144
25128,0.51814786449551
25129,0.4697549813070869
25130,0.40716228977525176
25131,0.304738368911497
25132,0.36435771975851117
25133,0.39333935689744487
25134,0.2955633892997663
25135,0.3374599338952059
25136,0.42438346962045165
25137,0.3116916197446848
25138,0.4041453604021904
25139,0.333522114635401
25140,0.3722146625552717
25141,0.37624443570300037
25142,0.39198798031982646
25143,0.3212741754555884
25144,0.3157680033696247
25145,0.45023333736192667
25146,0.36350585502720406
25147,0.40486095729375493
25148,0.39605716270319763
25149,0.49085959610972857
25150,0.2889293367204868
25151,0.4181183595553097
25152,0.29550388955715223
25153,0.3552324789689901
25154,0.463423587336141
25155,0.3991171559623156
25156,0.44124049723554604
25157,0.3603560288262533
25158,0.3458524599859777
25159,0.39254964137528964
25160,0.4062778843939692
25161,0.5331409562306301
25162,0.38666597362314953
25163,0.3953153730870585
25164,0.34880893244786376
25165,0.3642543835469034
25166,0.36956849308808226
25167,0.4079474011936503
25168,0.4631549209224866
25169,0.4481621667345737
25170,0.46502160865094266
25171,0.4649842605537029
25172,0.29172675351944083
25173,0.39770050850739286
25174,0.4305707429687289
25175,0.45024370814587317
25176,0.33184907786492734
25177,0.42288941954030485
25178,0.3338998420340995
25179,0.39822449057005244
25180,0.43288257264197555
25181,0.34463717204710353
25182,0.4324257909803484
25183,0.3628971480334289
25184,0.4358459287389844
25185,0.45198294489931373
25186,0.4867294704780457
25187,0.3450141375575177
25188,0.3994209732735893
25189,0.33315014290323314
25190,0.4622060544539265
25191,0.5001514279672649
25192,0.5228640286524353
25193,0.43708991895870286
25194,0.3279432334205828
25195,0.43516899541588216
25196,0.39871407109159884
25197,0.37273466775744685
25198,0.42307370353688356
25199,0.4504275354076204
25200,0.39859879964794226
25201,0.3934715365777531
25202,0.3350776683907163
25203,0.30287021580201506
25204,0.3052459913786546
25205,0.4846654294558313
25206,0.32689081363717665
25207,0.41251360311062635
25208,0.39786455131001125
25209,0.36703388723859265
25210,0.43825270123273435
25211,0.4236383541254516
25212,0.4214869341054054
25213,0.3032260548691628
25214,0.4366887577914961
25215,0.394480285318555
25216,0.38333629600029695
25217,0.3068289636989222
25218,0.37477162674538944
25219,0.4696695689766061
25220,0.4499026004506635
25221,0.4808525584450212
25222,0.5188130671799344
25223,0.4937337211665589
25224,0.34614053066406947
25225,0.4412558044087826
25226,0.4432561999727192
25227,0.3123513534507568
25228,0.4942091803277725
25229,0.37106250736912294
25230,0.38165723206278995
25231,0.32900044569035236
25232,0.4088812389992345
25233,0.47830290888141713
25234,0.4028550824189743
25235,0.4265407402047446
25236,0.5082383660500277
25237,0.38687790362439306
25238,0.4068517365156387
25239,0.47483666605033475
25240,0.47026190724142664
25241,0.3102963491820745
25242,0.43507616457855514
25243,0.41834053755836215
25244,0.5170037854839168
25245,0.45487090681937464
25246,0.41908795570832713
25247,0.43530652753598426
25248,0.3666373215732384
25249,0.43584445654723253
25250,0.29285560585635056
25251,0.41030107782894926
25252,0.4932510260879552
25253,0.33511425015834234
25254,0.49331795015969115
25255,0.45717071560874933
25256,0.35928271689673785
25257,0.45724736215179584
25258,0.41500608814632306
25259,0.4008121246062846
25260,0.44506552026011886
25261,0.44712202536007145
25262,0.42806570154624024
25263,0.3878707964704685
25264,0.35105369629945343
25265,0.3908295376786763
25266,0.36796714118944374
25267,0.3646484019822377
25268,0.31849493232514997
25269,0.36831109663388406
25270,0.38128426661072096
25271,0.4187868080096249
25272,0.30925602335548574
25273,0.40594907429377064
25274,0.4257491588325767
25275,0.38202920067556023
25276,0.3314029290821615
25277,0.3195838172116945
25278,0.32856125049882356
25279,0.5377582167967985
25280,0.4178698772077903
25281,0.39502317524527064
25282,0.4706051040841403
25283,0.5349427959032894
25284,0.3862709302240608
25285,0.3880116310359648
25286,0.39230190637417534
25287,0.37235680831125106
25288,0.3877689721185776
25289,0.42913570676519575
25290,0.34277443989642575
25291,0.30007293705238647
25292,0.3705779694008037
25293,0.3527552334505502
25294,0.49511699630948797
25295,0.4018048750266053
25296,0.46136318720843184
25297,0.4222094157401937
25298,0.39222854206214935
25299,0.4667817476207492
25300,0.40988962529853334
25301,0.4223624003333832
25302,0.37670972910900874
25303,0.4185361833892356
25304,0.36932938878196536
25305,0.477735640402644
25306,0.42174810328450507
25307,0.2824977847773375
25308,0.31599874845319487
25309,0.35347906089573145
25310,0.386684940368367
25311,0.5428784792157036
25312,0.35954050312314023
25313,0.44215457765952904
25314,0.45693042917982757
25315,0.3958245480420017
25316,0.3129361511680009
25317,0.3359977445050506
25318,0.37488539474079835
25319,0.3296269146228573
25320,0.33041796820333075
25321,0.42290816172483564
25322,0.41028292856833626
25323,0.44729636440426485
25324,0.49503485619322213
25325,0.3757633311418865
25326,0.4204818784683599
25327,0.3716001714093596
25328,0.48408765307312157
25329,0.3265824136814039
25330,0.4368868661057607
25331,0.3522992443931175
25332,0.4597857548963697
25333,0.3380687314132448
25334,0.47903691057499054
25335,0.337028303980462
25336,0.4107074899536896
25337,0.507103633381222
25338,0.27523671803118527
25339,0.3228074577667015
25340,0.3827076300487071
25341,0.42079452614848234
25342,0.29141294383181815
25343,0.4206500766432032
25344,0.46702084248058107
25345,0.4117389734315154
25346,0.4499017898097979
25347,0.4422569264891733
25348,0.47278508586649487
25349,0.3446414517156034
25350,0.5280158112907679
25351,0.34365764304005536
25352,0.440426034916267
25353,0.4421022542435276
25354,0.3253742130928623
25355,0.42616535912326
25356,0.36860173235232496
25357,0.33581619584367917
25358,0.47774248666936814
25359,0.5366538815700197
25360,0.39376573278967386
25361,0.34321939391551143
25362,0.3142089575443987
25363,0.31351855025537484
25364,0.3594576381373518
25365,0.3516505882188092
25366,0.4363097293415486
25367,0.4205128765686594
25368,0.3318776369035734
25369,0.33173097559760684
25370,0.4287979360855075
25371,0.3963943567108413
25372,0.35975171274595097
25373,0.4439420642390063
25374,0.46788632371327565
25375,0.4904867505825882
25376,0.4295015155075521
25377,0.5474877395462203
25378,0.3126444351335865
25379,0.3195306947909683
25380,0.43738055375456225
25381,0.36583130662774144
25382,0.3899558726460633
25383,0.45421281703332794
25384,0.4231292085668883
25385,0.36767060299760496
25386,0.4129220243735707
25387,0.2957158141929488
25388,0.525876548457635
25389,0.3114820947408001
25390,0.5172480346277428
25391,0.3005324510337285
25392,0.38861120478412103
25393,0.37743906744833333
25394,0.3907256856564743
25395,0.4341559037590722
25396,0.3846959721841199
25397,0.39807844916499563
25398,0.45377780471429374
25399,0.43924975302423624
25400,0.3834920149536087
25401,0.4093105101492894
25402,0.45013533235020964
25403,0.4636075465872114
25404,0.3318671944266037
25405,0.3203582114355814
25406,0.3422424309186887
25407,0.34428569354815314
25408,0.44779353195230603
25409,0.420117466570453
25410,0.5484230631938083
25411,0.33467527666900443
25412,0.4579053574931122
25413,0.36927048627391146
25414,0.4422297558359395
25415,0.44960343909419315
25416,0.40561616924008836
25417,0.3488357370676791
25418,0.4121526499466643
25419,0.4435395965314929
25420,0.3678602785385818
25421,0.3412103591399692
25422,0.522567833446449
25423,0.5068098259735404
25424,0.5089157542163253
25425,0.34443242232534615
25426,0.4663737783731213
25427,0.3920747275112238
25428,0.4783867994554769
25429,0.39648309004915944
25430,0.35064722110004937
25431,0.5451238459987109
25432,0.498666554977131
25433,0.5217849945119655
25434,0.4405781492980981
25435,0.4392336536327581
25436,0.4267221728483353
25437,0.4161529476123407
25438,0.32802174084012853
25439,0.3174926867072442
25440,0.4262386982119725
25441,0.3447989324426648
25442,0.3602834615518986
25443,0.3261593305284333
25444,0.4876345734501228
25445,0.35145217851450383
25446,0.5160009437544342
25447,0.3498925441901139
25448,0.36843620272858146
25449,0.4292051105878405
25450,0.36876067959958797
25451,0.4165884768733514
25452,0.3722305141263858
25453,0.37727725584783456
25454,0.41242127515988386
25455,0.3567021975886801
25456,0.43977482720701516
25457,0.3040932950889046
25458,0.33758057579065776
25459,0.41338195317709325
25460,0.4178834558259944
25461,0.3212579375345397
25462,0.3546577179628619
25463,0.3705229041628747
25464,0.41173350173355105
25465,0.43929151136550926
25466,0.480235288636297
25467,0.3591948038244409
25468,0.37595232303865883
25469,0.3832850862978215
25470,0.3400405987632369
25471,0.3632100288779951
25472,0.3240700757106324
25473,0.37726724011856655
25474,0.31120562412553787
25475,0.30182529584771145
25476,0.35846123116139744
25477,0.4493568526532641
25478,0.34188017109377716
25479,0.5127359487144189
25480,0.4560053223352098
25481,0.44626197087990455
25482,0.41671106724673385
25483,0.290190219206004
25484,0.4419874905947126
25485,0.4694283382403559
25486,0.31677013268229415
25487,0.45545473149796195
25488,0.49142938741822045
25489,0.3222716196724136
25490,0.35074515479143087
25491,0.3326259892526494
25492,0.3444641502388439
25493,0.4390728084494013
25494,0.3769701663105488
25495,0.35391711766507994
25496,0.4135011175530308
25497,0.3994420286609921
25498,0.38675844228404566
25499,0.49454654988787344
25500,0.44532247596740304
25501,0.47349915610772925
25502,0.5168252318452126
25503,0.4515588591222043
25504,0.41107894386424604
25505,0.3530898144340506
25506,0.3851741552828804
25507,0.2877690602984711
25508,0.4211669724963309
25509,0.3873140008124144
25510,0.5211156601453678
25511,0.3876757385287213
25512,0.41021694067997716
25513,0.36440165017534526
25514,0.35687494583134827
25515,0.42387996433518915
25516,0.5295453819905349
25517,0.3423860063168053
25518,0.48592874560427846
25519,0.3933920045850759
25520,0.41165540170682696
25521,0.42638883721048176
25522,0.45206427170055574
25523,0.39288367305999117
25524,0.31468512738654114
25525,0.3152089627674845
25526,0.3515626168783391
25527,0.30174635401728445
25528,0.3321635249044125
25529,0.41538358459390595
25530,0.3595525960108028
25531,0.3993584620157113
25532,0.352626374568131
25533,0.3164468429802179
25534,0.39608902036277405
25535,0.38227930427220663
25536,0.3701602795951158
25537,0.4033392748579972
25538,0.33056988736998333
25539,0.5286846977519502
25540,0.43416886454667636
25541,0.2940436378777287
25542,0.4219204493375741
25543,0.37906577049747747
25544,0.32404583813751686
25545,0.446686302494367
25546,0.36882231235645496
25547,0.37988893839753823
25548,0.3502528213519489
25549,0.37456436370274276
25550,0.49633330685564453
25551,0.33941722491379767
25552,0.40915542673785216
25553,0.48451789857391153
25554,0.3287481656638189
25555,0.2929668275502743
25556,0.4066141034856093
25557,0.47356150479664677
25558,0.3655141305804907
25559,0.3867039997607706
25560,0.4338402662654712
25561,0.3884703970817198
25562,0.41045950132225045
25563,0.3613202311222283
25564,0.28721606277728606
25565,0.36743030090586726
25566,0.3806512056730774
25567,0.35439731151348974
25568,0.30538096678117443
25569,0.3841259874475972
25570,0.35752565164570904
25571,0.4895351311476475
25572,0.3292258784786084
25573,0.35389792167061496
25574,0.3410817560646637
25575,0.4541687399016535
25576,0.3589512498818326
25577,0.3441177111335286
25578,0.4080807166899688
25579,0.3117989577950495
25580,0.378046899528259
25581,0.39900852895667105
25582,0.2969236007505258
25583,0.3318120427840728
25584,0.5083880421500434
25585,0.4601019270865577
25586,0.3771072284209026
25587,0.3337464438481823
25588,0.5093893562628304
25589,0.4101423953768322
25590,0.3105825878428074
25591,0.3883745856187564
25592,0.31824348988216644
25593,0.44820999347978363
25594,0.3553209140295903
25595,0.3815987123414926
25596,0.3481362451463804
25597,0.43759017496113045
25598,0.4397798461227056
25599,0.31689123948335235
25600,0.4287374212628853
25601,0.27953637757541433
25602,0.45032536287048136
25603,0.3606770747330381
25604,0.3893715094732102
25605,0.34990047915430544
25606,0.3824918153084054
25607,0.3495384685220577
25608,0.3573466426195748
25609,0.3652029603381836
25610,0.2905195412568019
25611,0.45685564897365244
25612,0.3417466137483839
25613,0.4407959595539754
25614,0.44953739704832285
25615,0.288358687533944
25616,0.3805054698935793
25617,0.473747927885462
25618,0.4616253803379615
25619,0.4365682613634568
25620,0.42458748513410455
25621,0.296891570218174
25622,0.4179445173490249
25623,0.40489428434671626
25624,0.4285066884027264
25625,0.38584045422480673
25626,0.45105597342217324
25627,0.41865796152521917
25628,0.292744249885735
25629,0.31675094661898084
25630,0.3031444379325764
25631,0.4945432805276135
25632,0.31421070820886415
25633,0.3290226186475194
25634,0.29901723982716655
25635,0.2766495885178284
25636,0.37722414002193366
25637,0.40405846070860696
25638,0.3771533312796562
25639,0.37483534778774696
25640,0.38523619515064544
25641,0.4315572497109318
25642,0.46671759389091116
25643,0.45197875257703396
25644,0.4224548396157947
25645,0.4151019556845004
25646,0.42459646186454597
25647,0.4479881504245874
25648,0.3868334472597665
25649,0.3095787718061598
25650,0.4339675757934585
25651,0.5370946551456035
25652,0.49785652935477887
25653,0.362206680367307
25654,0.5246306636553386
25655,0.4270443718848923
25656,0.5382937120632204
25657,0.38981080109334376
25658,0.32023713871518517
25659,0.3063295232538881
25660,0.32316042964775415
25661,0.39950357302870154
25662,0.41105539384818635
25663,0.33481095292842444
25664,0.3609085187311638
25665,0.34666481113619296
25666,0.3603514261775127
25667,0.5024621956217792
25668,0.37835621115817114
25669,0.3863032181156521
25670,0.4325300126014454
25671,0.3753784581714724
25672,0.5292687712731465
25673,0.36752946226705957
25674,0.2851733392942737
25675,0.3016819344267779
25676,0.30327314487989554
25677,0.332168857359228
25678,0.532215019561647
25679,0.4359655702109553
25680,0.3590083466948652
25681,0.4054942873090802
25682,0.459390796861288
25683,0.558751329740031
25684,0.4031848752562864
25685,0.3274021194562988
25686,0.4443657761112243
25687,0.35746915583600436
25688,0.4833875050789229
25689,0.4030881098556233
25690,0.3768530505175782
25691,0.31963181079627184
25692,0.4282013772951506
25693,0.4173209604401788
25694,0.3968197732741895
25695,0.4287476090120867
25696,0.32951814272585894
25697,0.4184100454190402
25698,0.3392967755555459
25699,0.31897660664841704
25700,0.36965042105916984
25701,0.4039538384013053
25702,0.4367770944615847
25703,0.42957617584494945
25704,0.39113104371328655
25705,0.4318128247864179
25706,0.37201897128176115
25707,0.3691468487672146
25708,0.3358410365761376
25709,0.349351330918744
25710,0.3079657494201323
25711,0.4617302568482926
25712,0.4501018059590374
25713,0.44264949962774663
25714,0.3617892447174755
25715,0.457383691171666
25716,0.35379845117963754
25717,0.29419148593873645
25718,0.45308364680765734
25719,0.5362519256282576
25720,0.4904786569698513
25721,0.40465826905357294
25722,0.4944788425114296
25723,0.3264165615167068
25724,0.3020111341585057
25725,0.28055373293705593
25726,0.34382269294419815
25727,0.28906577979000053
25728,0.351394374571025
25729,0.29065496669421587
25730,0.4253210450749308
25731,0.43719588508412316
25732,0.3196139608626403
25733,0.29814852434389855
25734,0.45363669758034175
25735,0.3542835851916111
25736,0.4184969511056873
25737,0.5133171779350446
25738,0.37841548300171524
25739,0.3097329929363047
25740,0.4440348331739093
25741,0.35545524415281626
25742,0.41572114906774826
25743,0.3452715521006807
25744,0.4301717387139016
25745,0.33359399663722294
25746,0.47300825635493005
25747,0.3407518550602596
25748,0.416771863126788
25749,0.47517480028530024
25750,0.4125704538196064
25751,0.5060339766238576
25752,0.357232694505603
25753,0.4202012110714163
25754,0.3865098530303521
25755,0.33414687549731903
25756,0.463088847715638
25757,0.48568688312849523
25758,0.31663226165779856
25759,0.33363339723374574
25760,0.302695022886424
25761,0.34956484775856855
25762,0.36641108860520555
25763,0.4433964728992069
25764,0.3770805115360528
25765,0.4529156419055754
25766,0.3771834180314837
25767,0.5446429037852086
25768,0.33320806152724713
25769,0.41841286405494105
25770,0.3572752755607753
25771,0.3664135802346292
25772,0.3507015506020544
25773,0.3819225576119845
25774,0.4627699721317507
25775,0.42898195228669933
25776,0.3460424312086379
25777,0.3274893468421649
25778,0.44204928897422613
25779,0.4507001772873057
25780,0.42783750309719193
25781,0.371089096948388
25782,0.4149893762424762
25783,0.45281056193837976
25784,0.43865090947976404
25785,0.3661944196496345
25786,0.3430600764307154
25787,0.30697036959706336
25788,0.44043234438577467
25789,0.4157081929820802
25790,0.420173955677741
25791,0.3992280494483439
25792,0.42593365926579646
25793,0.4369576659100322
25794,0.3650740689761307
25795,0.45964106294477597
25796,0.37060489644885974
25797,0.5518909543860621
25798,0.33905523589501485
25799,0.409682118303238
25800,0.49425351541994655
25801,0.3989387256474138
25802,0.35361108522863094
25803,0.45729058425410135
25804,0.32073104689112064
25805,0.35794775492051484
25806,0.405471340047762
25807,0.5002692147726266
25808,0.4152803511785366
25809,0.3575560532908267
25810,0.5222237281818005
25811,0.3257585072524725
25812,0.34990071943015844
25813,0.3797681051701367
25814,0.41724977679170955
25815,0.3192287632215258
25816,0.3599156036531337
25817,0.4508790837002035
25818,0.4139960547894489
25819,0.5083646089172957
25820,0.41497074709609033
25821,0.3028212173790655
25822,0.31557429335582715
25823,0.41459079200266497
25824,0.34927554418531687
25825,0.5488017185285132
25826,0.36879760565262365
25827,0.31531690370860066
25828,0.35164142211339816
25829,0.36074380861255145
25830,0.3259841441960765
25831,0.4232932648024989
25832,0.4367572588980226
25833,0.3236512733519605
25834,0.4161531800726962
25835,0.4494320650603788
25836,0.4469884032577694
25837,0.34992219711140626
25838,0.4414823889793836
25839,0.40738561817884444
25840,0.3417531428940843
25841,0.4570232754007254
25842,0.37743484836808894
25843,0.41277239049692727
25844,0.4180736828446904
25845,0.47356270557255753
25846,0.41251562538139225
25847,0.35840482752589536
25848,0.4038272460190397
25849,0.3511395028890327
25850,0.40925932718052593
25851,0.29710014739558144
25852,0.40885136713657194
25853,0.3497259370163443
25854,0.41024194151627397
25855,0.4177008675249273
25856,0.40783899505351784
25857,0.49988813830191253
25858,0.46066571963441516
25859,0.2948826975749491
25860,0.4115660446025781
25861,0.5347305466484013
25862,0.5352826616198177
25863,0.3541984587227627
25864,0.33956294014887467
25865,0.3446463809396045
25866,0.46905198725423375
25867,0.3107134150261186
25868,0.3628718401529439
25869,0.34938457575099036
25870,0.41935111125181623
25871,0.47692007712525375
25872,0.45310137599037925
25873,0.45860430406772884
25874,0.35523733778444827
25875,0.331539514778644
25876,0.37379412954833136
25877,0.3730871438008235
25878,0.30014290396733034
25879,0.4986853322139342
25880,0.39475758356631835
25881,0.3577560492112139
25882,0.4116959472262646
25883,0.4089772443099961
25884,0.35624898146035894
25885,0.4339512648660765
25886,0.45663224505193706
25887,0.45121181189027554
25888,0.3841857410465262
25889,0.40514069806027053
25890,0.3847799009854548
25891,0.3443541814296298
25892,0.3912836119039618
25893,0.48632597940549316
25894,0.5124456678912729
25895,0.37747260632916135
25896,0.46581598900633475
25897,0.4523279920678197
25898,0.4267629767875423
25899,0.4292026732615287
25900,0.335132089168618
25901,0.41270173391768045
25902,0.32974403215201487
25903,0.3500345427590749
25904,0.4471459868062359
25905,0.4033374110478921
25906,0.39538800247877715
25907,0.4091193503017254
25908,0.33596504329123045
25909,0.490700709625689
25910,0.3314624556776117
25911,0.422176124036951
25912,0.4088267913276755
25913,0.4992410812479264
25914,0.42649431103037094
25915,0.3165106695307587
25916,0.4651144446478521
25917,0.5135788652329538
25918,0.3446681307190776
25919,0.47861509969607324
25920,0.29921771826786087
25921,0.34604999140729314
25922,0.2895133019499706
25923,0.42780619051271995
25924,0.3933259070977842
25925,0.4121525215204842
25926,0.4551891213212867
25927,0.32619342557182146
25928,0.3167208917561689
25929,0.3345711206302118
25930,0.44875014082077447
25931,0.3044737539568667
25932,0.38063775271426387
25933,0.41910647771479476
25934,0.4116111980539658
25935,0.43243830262108096
25936,0.4630989013512615
25937,0.32124699906871024
25938,0.33687740541017513
25939,0.49007399427527404
25940,0.4419986586973909
25941,0.34338501405706673
25942,0.34538878832123115
25943,0.370217619534525
25944,0.4087071087814254
25945,0.3078941067982963
25946,0.37698443637301055
25947,0.4589900932901786
25948,0.4368396202350511
25949,0.5192786633494841
25950,0.3879455584991195
25951,0.44272134841215816
25952,0.4045893968817922
25953,0.41411903545396084
25954,0.3020786307990493
25955,0.5284613599073666
25956,0.5408205697226354
25957,0.3514534477016396
25958,0.38925293307470715
25959,0.40721548205626107
25960,0.4264110293771485
25961,0.3124228125387292
25962,0.36842886455577395
25963,0.3684210169768671
25964,0.49515319218177095
25965,0.43075643537065295
25966,0.303262503967457
25967,0.49461987811806213
25968,0.3702128836153037
25969,0.3592015014902675
25970,0.4214015810368441
25971,0.3498159212785512
25972,0.5064419836394894
25973,0.4394638205359739
25974,0.5245441895407715
25975,0.3347210859413202
25976,0.4390951027342769
25977,0.46858839139543135
25978,0.5167137268755816
25979,0.40847182318892983
25980,0.3762830271227151
25981,0.5228847913289243
25982,0.3620103725049141
25983,0.442802433025449
25984,0.3600984786243286
25985,0.4812660954703935
25986,0.3892051832124616
25987,0.32081277031900085
25988,0.39270753171621936
25989,0.3391590039030654
25990,0.34651677565147243
25991,0.4916384281308099
25992,0.3132471234229953
25993,0.35416407490896157
25994,0.40207921335090435
25995,0.34161671245986924
25996,0.44485488643440896
25997,0.43904989675167094
25998,0.3878322578535002
25999,0.4786993157788785
26000,0.40480912895114207
26001,0.30571017009766693
26002,0.35516783978715794
26003,0.29547632545952407
26004,0.3587127875462322
26005,0.4053609494870748
26006,0.4029962151985218
26007,0.3448250280988239
26008,0.5071489489183535
26009,0.41299544212776884
26010,0.4958345796191881
26011,0.34226680073859084
26012,0.3612950051021788
26013,0.44600451527791907
26014,0.31235408542724774
26015,0.4350016673202151
26016,0.41327238396027205
26017,0.4447549332378145
26018,0.3624662811422967
26019,0.34162311915989313
26020,0.4103128670537169
26021,0.3593328526173392
26022,0.4456327479177468
26023,0.3420317219337138
26024,0.3462588847916556
26025,0.4067009027119861
26026,0.4443307663977446
26027,0.4523858489636403
26028,0.29382692103444585
26029,0.2906461430398607
26030,0.3659806899892435
26031,0.42530664881472297
26032,0.5455204401533547
26033,0.2986954369808801
26034,0.38098422087563494
26035,0.3437867097524927
26036,0.3254898789473575
26037,0.36551043360955965
26038,0.36636648268714966
26039,0.4349599672391282
26040,0.45063608149980794
26041,0.384617787705588
26042,0.31681299080415676
26043,0.35395768862496596
26044,0.36381298496645975
26045,0.4112298512641594
26046,0.41949309103190957
26047,0.450848067951124
26048,0.416041209274191
26049,0.39587266676167554
26050,0.3803024673135684
26051,0.36126633778102346
26052,0.35851179125400584
26053,0.456645249472638
26054,0.42128716717774295
26055,0.3877906712404865
26056,0.4550001263503959
26057,0.33610480961108835
26058,0.4372558830975178
26059,0.3475565748625564
26060,0.43206827535347
26061,0.34802030834590836
26062,0.3980323917103067
26063,0.40834654450737345
26064,0.36780744967250806
26065,0.47784667225369626
26066,0.3592254125477444
26067,0.3521388295436692
26068,0.43767178332204715
26069,0.39278246123070465
26070,0.4244076230799611
26071,0.33634795253902466
26072,0.45558752173426853
26073,0.4478619544949249
26074,0.49184676960579615
26075,0.36092516791035606
26076,0.3733507188842534
26077,0.4431632119429907
26078,0.4453123704920214
26079,0.4332695243353728
26080,0.5232166494691639
26081,0.37122367333335204
26082,0.3924530879926711
26083,0.3308910673326249
26084,0.40806451847217373
26085,0.3579861212804807
26086,0.3683402655118189
26087,0.41255651696581397
26088,0.32785596743452117
26089,0.4124031344898657
26090,0.43287431864280257
26091,0.34950663739600907
26092,0.4300136673916477
26093,0.3616938918098472
26094,0.4375896830397694
26095,0.4345315489749012
26096,0.3990657894757848
26097,0.5065157485528542
26098,0.5739328105906094
26099,0.44829850729310716
26100,0.36554580061363073
26101,0.4125891604578093
26102,0.3671500622916664
26103,0.34957260022822695
26104,0.45794942945160594
26105,0.36534593093798234
26106,0.3480129862470524
26107,0.3808119209773345
26108,0.35526097832842374
26109,0.37654274998902587
26110,0.369761699015763
26111,0.32937102348343594
26112,0.3081991642747985
26113,0.26865291532331553
26114,0.5302233239014732
26115,0.34964529910607967
26116,0.31629511049296277
26117,0.42351186198477087
26118,0.4332669151436584
26119,0.46456325048484765
26120,0.5544420555998569
26121,0.3350384178615881
26122,0.35069335348605174
26123,0.36877815363472877
26124,0.43734504221515613
26125,0.4369226853165641
26126,0.36602998418539395
26127,0.3234018649022655
26128,0.3478318965910889
26129,0.3460536818422858
26130,0.3349096928270135
26131,0.5283395364410998
26132,0.4367310983749364
26133,0.5230326125197176
26134,0.3956558986500916
26135,0.3746189730327369
26136,0.32256525928919044
26137,0.43170776559114515
26138,0.3828693321283974
26139,0.31691334318506326
26140,0.5136502219392763
26141,0.37353611739317244
26142,0.46947583455108877
26143,0.4065199038346728
26144,0.48650194433348914
26145,0.39281218218451686
26146,0.5071913522710327
26147,0.4571080710214984
26148,0.4399231567428838
26149,0.4040840459835373
26150,0.4375054617784231
26151,0.4681822560790652
26152,0.39162180345258746
26153,0.3075755979658985
26154,0.3411684441146408
26155,0.4459823087438384
26156,0.3209961506754079
26157,0.38070118617200666
26158,0.4216873004485099
26159,0.4238399997589311
26160,0.29287183339746203
26161,0.50291865181207
26162,0.3937622299722514
26163,0.3834620943976886
26164,0.5175197808751743
26165,0.38700518709690157
26166,0.39515816830515627
26167,0.33117176823029804
26168,0.5610446566221259
26169,0.3647125569795129
26170,0.3995551874943059
26171,0.47372255455709983
26172,0.3477340614822544
26173,0.35481287337533607
26174,0.4829030945915092
26175,0.4656864972133596
26176,0.48512354041452815
26177,0.42605744169580917
26178,0.27516375295391543
26179,0.4753445172136059
26180,0.36556897823138923
26181,0.2935856927396489
26182,0.535081665896411
26183,0.3592012666201893
26184,0.4303182176870664
26185,0.4874813089265794
26186,0.43217415158381056
26187,0.4327942466954071
26188,0.5233841045669795
26189,0.3174995411680104
26190,0.39380581570261186
26191,0.33209728459647375
26192,0.34442449422986776
26193,0.39774111882234336
26194,0.31196150956591917
26195,0.33014438227426657
26196,0.41034232995469155
26197,0.3234332730681693
26198,0.41855680641724663
26199,0.3792542715986299
26200,0.4788901811201751
26201,0.4018885837674971
26202,0.48384146951239515
26203,0.43102443994770295
26204,0.2909584010466214
26205,0.4955100000129007
26206,0.3525506606224697
26207,0.4752828504092042
26208,0.5249882725905891
26209,0.3942003984968933
26210,0.4510965712551169
26211,0.5505008903322972
26212,0.28668601666378063
26213,0.4155968348847241
26214,0.5504872721918137
26215,0.3799756219515084
26216,0.4658420951737465
26217,0.42707875394215444
26218,0.3262003469354637
26219,0.4843979140495268
26220,0.3543374656941608
26221,0.35188555517677467
26222,0.5045900058979678
26223,0.3327668833938828
26224,0.38791757643932234
26225,0.3103221623556045
26226,0.36333310438245126
26227,0.3844520382498891
26228,0.33568252268400023
26229,0.5511439486058393
26230,0.3985599331526203
26231,0.42000772413597
26232,0.4402771615103331
26233,0.36837427644235937
26234,0.36475982387614053
26235,0.44555689021412836
26236,0.3644553119889048
26237,0.353440313480562
26238,0.34400352477726487
26239,0.47037601366509496
26240,0.3564837923564874
26241,0.3641557611878658
26242,0.3571817018725196
26243,0.5273359604613039
26244,0.44444490411245374
26245,0.36154418648891523
26246,0.3948234047673057
26247,0.41597982520574084
26248,0.435952690271524
26249,0.4799381411246702
26250,0.3577032196705734
26251,0.3338823220876489
26252,0.36407745917418394
26253,0.3899176861718389
26254,0.4279252893798469
26255,0.43960053758187406
26256,0.4156121395486954
26257,0.3673843143199365
26258,0.44590600949236703
26259,0.48849973575564254
26260,0.4026492382436693
26261,0.49353484265441094
26262,0.41945536551218615
26263,0.45642354649515615
26264,0.4084584861889497
26265,0.36320312236037794
26266,0.36379559649396853
26267,0.5218198396503503
26268,0.3858931251863503
26269,0.29472984139381037
26270,0.46803652937414775
26271,0.390044914141645
26272,0.5547625596673064
26273,0.4326528221240952
26274,0.36908777795423203
26275,0.37915535054082106
26276,0.37308675645171213
26277,0.48808708872729073
26278,0.43710548724990433
26279,0.3515692772040255
26280,0.4828264539820697
26281,0.4498210128237804
26282,0.43173101727350627
26283,0.4726720719476074
26284,0.374483047159069
26285,0.3640137548507097
26286,0.30332791819923716
26287,0.38870085225647905
26288,0.4710156562686528
26289,0.3659687989668974
26290,0.3762514208456511
26291,0.44528907557719627
26292,0.457089146701819
26293,0.4590192019379407
26294,0.5089246994537504
26295,0.33310023513151454
26296,0.42505015804908775
26297,0.29825838381734376
26298,0.38390879159621966
26299,0.30195114382433663
26300,0.33415662330328094
26301,0.3361040850924837
26302,0.37322626556627975
26303,0.37733685977388554
26304,0.40466300636171476
26305,0.36388145096295416
26306,0.33245063198912655
26307,0.3879781664920945
26308,0.48959512130925176
26309,0.43058945131648335
26310,0.46078685716666823
26311,0.5383938809952622
26312,0.4254870968830602
26313,0.4218899966958859
26314,0.3952668085923749
26315,0.4648877268069904
26316,0.31306348526553757
26317,0.5430577100430073
26318,0.43758599512813395
26319,0.43911294870859907
26320,0.4389502567737998
26321,0.4438518382779009
26322,0.4122821898638098
26323,0.5538622785123343
26324,0.31617951119923565
26325,0.4730893039872964
26326,0.33818971869333486
26327,0.31150379358397584
26328,0.35389222867579556
26329,0.3163354089843705
26330,0.43514508825974313
26331,0.5504093835560531
26332,0.34922254091667726
26333,0.35963229038046834
26334,0.3340296777935999
26335,0.37959505721737213
26336,0.5018235553827562
26337,0.2932234340129092
26338,0.367742517754736
26339,0.42236872620838034
26340,0.29008780202716034
26341,0.2929435689527287
26342,0.4372851569249974
26343,0.3766255503201248
26344,0.3543347732511489
26345,0.5184522149753952
26346,0.4487563610142178
26347,0.3999257478456202
26348,0.41069247620369564
26349,0.4400352288043213
26350,0.35755402854712093
26351,0.38972197818229654
26352,0.44109976550302166
26353,0.34844277385682754
26354,0.3639388228668202
26355,0.4668819525567599
26356,0.4354703609532495
26357,0.3690404026037724
26358,0.4261694511312599
26359,0.3311819568196314
26360,0.5396576399048936
26361,0.3159750768820434
26362,0.346964159300148
26363,0.32758159756739225
26364,0.5271585209384679
26365,0.37365063400487913
26366,0.42520757261394526
26367,0.4206944245003934
26368,0.4652261554911922
26369,0.41421039901268747
26370,0.35340197161980974
26371,0.35932228459026716
26372,0.46142622106642106
26373,0.35263174515501694
26374,0.4177585188700697
26375,0.3575287409109151
26376,0.31388608341037516
26377,0.35141765363923205
26378,0.2919091928934981
26379,0.333160016117486
26380,0.3688421782988746
26381,0.4345238276676147
26382,0.4796719836206693
26383,0.48576803795757223
26384,0.33401761892297926
26385,0.4953216885541724
26386,0.4402877836304209
26387,0.48918143222843297
26388,0.32066244240165204
26389,0.39954149389498533
26390,0.44745314709262807
26391,0.29608192136320555
26392,0.44675299652077344
26393,0.42735422673573503
26394,0.37406535308637956
26395,0.41169456977968644
26396,0.32880520710469446
26397,0.34447814468160154
26398,0.34123077913309285
26399,0.4483950300107819
26400,0.3198540887600175
26401,0.31869168577873347
26402,0.49248529492285553
26403,0.4450289481184737
26404,0.4583464691521528
26405,0.31350814685898704
26406,0.35086901765392364
26407,0.31151434097750863
26408,0.4354913169632677
26409,0.5086714298263735
26410,0.311675047782342
26411,0.42776336439674323
26412,0.3306289597401531
26413,0.48008810423311665
26414,0.5115578452441075
26415,0.39447095281470007
26416,0.5141839748825124
26417,0.39058349308049733
26418,0.4303217049360895
26419,0.5447532456746623
26420,0.34899760281214254
26421,0.4144342424915044
26422,0.31478157537352514
26423,0.32761204987750936
26424,0.5074827623166328
26425,0.4392301945923313
26426,0.3903347943068629
26427,0.3609449693859008
26428,0.3407476311984364
26429,0.341906573522678
26430,0.435584032127031
26431,0.2870311558441781
26432,0.3546821292920372
26433,0.41656368777447256
26434,0.3685937975079215
26435,0.3918129319388923
26436,0.3639793996941141
26437,0.45670772016400407
26438,0.4586484027576963
26439,0.36666204699458604
26440,0.3568385677523368
26441,0.3660263074119933
26442,0.44175911256054545
26443,0.422287703707811
26444,0.35227501636768416
26445,0.40328155881046257
26446,0.3865212224723913
26447,0.42846925915878714
26448,0.3595930276656942
26449,0.3561297794235566
26450,0.3773688616816775
26451,0.514811282425492
26452,0.4040712474261447
26453,0.5519225818980927
26454,0.43180392753292196
26455,0.32711377984757517
26456,0.4083497676728052
26457,0.31493898012298677
26458,0.4258286493588922
26459,0.4123974453123273
26460,0.40978408952755807
26461,0.5690867138908896
26462,0.3914302081773928
26463,0.41271900404033035
26464,0.4204430024520218
26465,0.3704960028775062
26466,0.5325248277531349
26467,0.501521443675226
